target_day,period,hour_business,target_spread,predicted_spread,month,training_last_day
2026-01-01,1_8,1,-208.474,-1.1274632390046284,2026-01,2025-12-30
2026-01-01,1_8,2,-232.75900000000001,1.6572969843336356,2026-01,2025-12-30
2026-01-01,1_8,3,-195.00799999999998,2.0033423778719053,2026-01,2025-12-30
2026-01-01,1_8,4,-190.85200000000003,1.6234448130293744,2026-01,2025-12-30
2026-01-01,1_8,5,-190.12400000000002,-0.2699185566702796,2026-01,2025-12-30
2026-01-01,1_8,6,-164.30200000000002,-0.9685481574272492,2026-01,2025-12-30
2026-01-01,1_8,7,-79.555,-1.11500235854963,2026-01,2025-12-30
2026-01-01,1_8,8,-47.58300000000003,1.3030562074313894,2026-01,2025-12-30
2026-01-01,9_16,9,-66.74799999999999,4.5804491983647155,2026-01,2025-12-30
2026-01-01,9_16,10,84.934,22.22276344783712,2026-01,2025-12-30
2026-01-01,9_16,11,80.0,75.8756833488494,2026-01,2025-12-30
2026-01-01,9_16,12,36.0,84.43121942529237,2026-01,2025-12-30
2026-01-01,9_16,13,27.5,81.10647972874104,2026-01,2025-12-30
2026-01-01,9_16,14,27.0,80.47902082819911,2026-01,2025-12-30
2026-01-01,9_16,15,87.75,61.13864904456073,2026-01,2025-12-30
2026-01-01,9_16,16,266.453,-10.170778821570845,2026-01,2025-12-30
2026-01-01,17_24,17,260.218,-9.632688966150502,2026-01,2025-12-30
2026-01-01,17_24,18,340.721,-7.817987208740301,2026-01,2025-12-30
2026-01-01,17_24,19,285.962,-6.34056277407399,2026-01,2025-12-30
2026-01-01,17_24,20,299.637,-7.499892314751287,2026-01,2025-12-30
2026-01-01,17_24,21,199.335,-5.556391932114922,2026-01,2025-12-30
2026-01-01,17_24,22,-51.363999999999976,-5.937342388835028,2026-01,2025-12-30
2026-01-01,17_24,23,-46.11900000000003,-1.730334675882741,2026-01,2025-12-30
2026-01-01,17_24,24,-20.84899999999999,-3.981897317470628,2026-01,2025-12-30
2026-01-02,1_8,1,-87.94900000000001,5.260247409273038,2026-01,2025-12-31
2026-01-02,1_8,2,84.39699999999999,6.964897584472682,2026-01,2025-12-31
2026-01-02,1_8,3,-141.461,4.70066701738279,2026-01,2025-12-31
2026-01-02,1_8,4,-20.456000000000017,2.1858026228205607,2026-01,2025-12-31
2026-01-02,1_8,5,6.048000000000002,1.930018244043126,2026-01,2025-12-31
2026-01-02,1_8,6,36.42599999999999,4.596597948226514,2026-01,2025-12-31
2026-01-02,1_8,7,33.50300000000004,4.900158110441111,2026-01,2025-12-31
2026-01-02,1_8,8,-36.32299999999998,-0.14862853701247064,2026-01,2025-12-31
2026-01-02,9_16,9,-87.32100000000003,11.469639614146828,2026-01,2025-12-31
2026-01-02,9_16,10,164.913,27.352781696874768,2026-01,2025-12-31
2026-01-02,9_16,11,103.56,29.14095636489165,2026-01,2025-12-31
2026-01-02,9_16,12,80.0,35.98363357893025,2026-01,2025-12-31
2026-01-02,9_16,13,58.28,30.290588505987092,2026-01,2025-12-31
2026-01-02,9_16,14,80.0,22.667081422505955,2026-01,2025-12-31
2026-01-02,9_16,15,125.336,1.4922440698723025,2026-01,2025-12-31
2026-01-02,9_16,16,5.220000000000027,-9.53039847893644,2026-01,2025-12-31
2026-01-02,17_24,17,-124.06799999999998,-16.640738268961407,2026-01,2025-12-31
2026-01-02,17_24,18,-75.46199999999999,-17.82063157099588,2026-01,2025-12-31
2026-01-02,17_24,19,-17.022999999999968,-17.020023397445538,2026-01,2025-12-31
2026-01-02,17_24,20,-57.553,-18.306955262842195,2026-01,2025-12-31
2026-01-02,17_24,21,-59.196000000000026,-14.314321387685052,2026-01,2025-12-31
2026-01-02,17_24,22,-55.557000000000016,-13.681335706028788,2026-01,2025-12-31
2026-01-02,17_24,23,28.43599999999998,-10.819501561702086,2026-01,2025-12-31
2026-01-02,17_24,24,251.583,-6.820118381853695,2026-01,2025-12-31
2026-01-03,1_8,1,424.864,2.543122039555885,2026-01,2026-01-01
2026-01-03,1_8,2,430.0,2.6416353310699208,2026-01,2026-01-01
2026-01-03,1_8,3,446.81,3.4810560153533046,2026-01,2026-01-01
2026-01-03,1_8,4,439.5,0.531712748462431,2026-01,2026-01-01
2026-01-03,1_8,5,439.5,6.5335763248524295,2026-01,2026-01-01
2026-01-03,1_8,6,440.0,8.331601429350282,2026-01,2026-01-01
2026-01-03,1_8,7,455.0,8.816839965014637,2026-01,2026-01-01
2026-01-03,1_8,8,394.021,1.3411523170761426,2026-01,2026-01-01
2026-01-03,9_16,9,200.83999999999997,4.917075798419706,2026-01,2026-01-01
2026-01-03,9_16,10,67.887,42.430686318781255,2026-01,2026-01-01
2026-01-03,9_16,11,48.233000000000004,33.41819095363023,2026-01,2026-01-01
2026-01-03,9_16,12,-150.706,34.78923912010471,2026-01,2026-01-01
2026-01-03,9_16,13,92.76599999999999,28.292086138416185,2026-01,2026-01-01
2026-01-03,9_16,14,167.223,21.646157076955753,2026-01,2026-01-01
2026-01-03,9_16,15,75.404,27.36790679847746,2026-01,2026-01-01
2026-01-03,9_16,16,-84.755,1.8143321075166128,2026-01,2026-01-01
2026-01-03,17_24,17,-19.918000000000006,-11.503168921225594,2026-01,2026-01-01
2026-01-03,17_24,18,-22.486999999999966,-10.815414144662945,2026-01,2026-01-01
2026-01-03,17_24,19,-18.952999999999975,-9.509827175087093,2026-01,2026-01-01
2026-01-03,17_24,20,-19.34400000000005,-8.686413017330803,2026-01,2026-01-01
2026-01-03,17_24,21,-29.379999999999995,-9.264216720330412,2026-01,2026-01-01
2026-01-03,17_24,22,-26.759000000000015,-10.806720297139423,2026-01,2026-01-01
2026-01-03,17_24,23,-31.14100000000002,-8.93377460998209,2026-01,2026-01-01
2026-01-03,17_24,24,-30.454000000000008,-8.492197451842992,2026-01,2026-01-01
2026-01-04,1_8,1,20.088000000000022,-20.13239743139565,2026-01,2026-01-02
2026-01-04,1_8,2,23.836000000000013,-20.735137419122218,2026-01,2026-01-02
2026-01-04,1_8,3,36.894000000000005,-19.00138790455999,2026-01,2026-01-02
2026-01-04,1_8,4,33.053,-20.38951794775713,2026-01,2026-01-02
2026-01-04,1_8,5,28.90100000000001,-19.517081991084545,2026-01,2026-01-02
2026-01-04,1_8,6,31.341999999999985,-16.359354281068025,2026-01,2026-01-02
2026-01-04,1_8,7,37.817999999999984,-12.59336373738249,2026-01,2026-01-02
2026-01-04,1_8,8,28.132000000000005,-12.881943578738332,2026-01,2026-01-02
2026-01-04,9_16,9,62.64299999999997,157.99147040884174,2026-01,2026-01-02
2026-01-04,9_16,10,84.5,205.91138099332403,2026-01,2026-01-02
2026-01-04,9_16,11,71.80700000000002,222.5672354825021,2026-01,2026-01-02
2026-01-04,9_16,12,52.716999999999985,221.96470566484493,2026-01,2026-01-02
2026-01-04,9_16,13,50.22399999999999,191.906932917699,2026-01,2026-01-02
2026-01-04,9_16,14,45.56299999999999,208.07505442648352,2026-01,2026-01-02
2026-01-04,9_16,15,-11.303999999999974,196.08976849709651,2026-01,2026-01-02
2026-01-04,9_16,16,10.824999999999989,167.28857881346818,2026-01,2026-01-02
2026-01-04,17_24,17,16.59899999999999,48.59110129558135,2026-01,2026-01-02
2026-01-04,17_24,18,45.367999999999995,35.84605360176825,2026-01,2026-01-02
2026-01-04,17_24,19,47.553,30.6579693075819,2026-01,2026-01-02
2026-01-04,17_24,20,48.877999999999986,13.805172452206511,2026-01,2026-01-02
2026-01-04,17_24,21,53.65300000000002,11.062270607060976,2026-01,2026-01-02
2026-01-04,17_24,22,51.49599999999998,7.5196653000512805,2026-01,2026-01-02
2026-01-04,17_24,23,48.82600000000002,4.018709855051843,2026-01,2026-01-02
2026-01-04,17_24,24,52.83300000000003,9.251156158743617,2026-01,2026-01-02
2026-01-05,1_8,1,109.29699999999997,-8.399363960284514,2026-01,2026-01-03
2026-01-05,1_8,2,119.20599999999999,-8.670843182391383,2026-01,2026-01-03
2026-01-05,1_8,3,100.21600000000001,-3.142881005790281,2026-01,2026-01-03
2026-01-05,1_8,4,129.031,19.31305096634277,2026-01,2026-01-03
2026-01-05,1_8,5,154.131,33.40653434157593,2026-01,2026-01-03
2026-01-05,1_8,6,146.947,32.074675581153464,2026-01,2026-01-03
2026-01-05,1_8,7,154.95100000000002,29.088231715870744,2026-01,2026-01-03
2026-01-05,1_8,8,69.65899999999999,6.712480906945484,2026-01,2026-01-03
2026-01-05,9_16,9,3.3980000000000246,-4.549553255803786,2026-01,2026-01-03
2026-01-05,9_16,10,40.53699999999998,50.32681185194143,2026-01,2026-01-03
2026-01-05,9_16,11,86.39599999999999,62.53674938239411,2026-01,2026-01-03
2026-01-05,9_16,12,167.092,59.7829149179753,2026-01,2026-01-03
2026-01-05,9_16,13,361.609,59.12000991262216,2026-01,2026-01-03
2026-01-05,9_16,14,368.189,58.709735079044194,2026-01,2026-01-03
2026-01-05,9_16,15,383.17900000000003,61.00590327634206,2026-01,2026-01-03
2026-01-05,9_16,16,47.593999999999994,0.9341020205329578,2026-01,2026-01-03
2026-01-05,17_24,17,35.82299999999998,-8.197610695810875,2026-01,2026-01-03
2026-01-05,17_24,18,81.30200000000002,-10.125867192693622,2026-01,2026-01-03
2026-01-05,17_24,19,71.334,-10.295366604563045,2026-01,2026-01-03
2026-01-05,17_24,20,65.20600000000002,-7.241081105382939,2026-01,2026-01-03
2026-01-05,17_24,21,55.10000000000002,-8.734785560802989,2026-01,2026-01-03
2026-01-05,17_24,22,53.30799999999999,-9.346661494117345,2026-01,2026-01-03
2026-01-05,17_24,23,62.49400000000003,-10.679191828053332,2026-01,2026-01-03
2026-01-05,17_24,24,67.17700000000002,-8.285147578958606,2026-01,2026-01-03
2026-01-06,1_8,1,2.8319999999999936,7.486776296109461,2026-01,2026-01-04
2026-01-06,1_8,2,17.136000000000024,8.191247128210552,2026-01,2026-01-04
2026-01-06,1_8,3,4.178999999999974,11.873638239822414,2026-01,2026-01-04
2026-01-06,1_8,4,18.44999999999999,15.88057950675567,2026-01,2026-01-04
2026-01-06,1_8,5,23.610000000000014,15.536093412685995,2026-01,2026-01-04
2026-01-06,1_8,6,28.218999999999994,17.776614322675226,2026-01,2026-01-04
2026-01-06,1_8,7,27.338000000000022,18.82447991172173,2026-01,2026-01-04
2026-01-06,1_8,8,-0.9630000000000223,18.30360320512871,2026-01,2026-01-04
2026-01-06,9_16,9,-75.20400000000001,7.941478064693064,2026-01,2026-01-04
2026-01-06,9_16,10,-109.524,65.2912710518993,2026-01,2026-01-04
2026-01-06,9_16,11,-124.82299999999998,93.54243761757209,2026-01,2026-01-04
2026-01-06,9_16,12,-210.95,84.39459859983204,2026-01,2026-01-04
2026-01-06,9_16,13,-251.108,96.28759028040587,2026-01,2026-01-04
2026-01-06,9_16,14,-200.53999999999996,80.5063846391178,2026-01,2026-01-04
2026-01-06,9_16,15,-125.02100000000002,72.97243504969278,2026-01,2026-01-04
2026-01-06,9_16,16,-18.93900000000002,17.41567562129297,2026-01,2026-01-04
2026-01-06,17_24,17,-8.672000000000025,2.5940888544891965,2026-01,2026-01-04
2026-01-06,17_24,18,12.786000000000001,3.3473106935020835,2026-01,2026-01-04
2026-01-06,17_24,19,-15.032000000000039,11.64039286411386,2026-01,2026-01-04
2026-01-06,17_24,20,-24.206999999999994,11.783424170518062,2026-01,2026-01-04
2026-01-06,17_24,21,0.12599999999997635,13.006201066267545,2026-01,2026-01-04
2026-01-06,17_24,22,5.242000000000019,9.54901940843535,2026-01,2026-01-04
2026-01-06,17_24,23,27.418000000000006,8.850599406536029,2026-01,2026-01-04
2026-01-06,17_24,24,259.383,7.342729870748529,2026-01,2026-01-04
2026-01-07,1_8,1,106.554,63.70605294351889,2026-01,2026-01-05
2026-01-07,1_8,2,24.090999999999994,94.20031950686746,2026-01,2026-01-05
2026-01-07,1_8,3,213.493,102.1287887148275,2026-01,2026-01-05
2026-01-07,1_8,4,173.318,95.06077424995723,2026-01,2026-01-05
2026-01-07,1_8,5,200.0,89.58218163103201,2026-01,2026-01-05
2026-01-07,1_8,6,190.023,87.07934670333762,2026-01,2026-01-05
2026-01-07,1_8,7,69.12200000000001,75.54287150107254,2026-01,2026-01-05
2026-01-07,1_8,8,9.462999999999965,57.391881003315824,2026-01,2026-01-05
2026-01-07,9_16,9,-105.63900000000001,34.00171739035058,2026-01,2026-01-05
2026-01-07,9_16,10,112.788,74.88625262223539,2026-01,2026-01-05
2026-01-07,9_16,11,174.3,87.55381053407457,2026-01,2026-01-05
2026-01-07,9_16,12,95.205,110.53386770430468,2026-01,2026-01-05
2026-01-07,9_16,13,137.5,114.48802685388264,2026-01,2026-01-05
2026-01-07,9_16,14,110.09,106.24576192582077,2026-01,2026-01-05
2026-01-07,9_16,15,210.16899999999998,80.09494998346183,2026-01,2026-01-05
2026-01-07,9_16,16,10.34699999999998,9.013543414467497,2026-01,2026-01-05
2026-01-07,17_24,17,-69.67899999999997,6.376711381231346,2026-01,2026-01-05
2026-01-07,17_24,18,-42.09300000000002,12.075238047118614,2026-01,2026-01-05
2026-01-07,17_24,19,-58.795000000000016,14.04139964855065,2026-01,2026-01-05
2026-01-07,17_24,20,-57.235000000000014,13.380174142047847,2026-01,2026-01-05
2026-01-07,17_24,21,-59.50799999999998,10.325108079876058,2026-01,2026-01-05
2026-01-07,17_24,22,-56.706999999999994,9.199956340211052,2026-01,2026-01-05
2026-01-07,17_24,23,-75.21499999999997,10.723745634184539,2026-01,2026-01-05
2026-01-07,17_24,24,-82.80000000000001,10.216311346357129,2026-01,2026-01-05
2026-01-08,1_8,1,-77.606,15.442175878218753,2026-01,2026-01-06
2026-01-08,1_8,2,-79.99900000000002,35.23033808008598,2026-01,2026-01-06
2026-01-08,1_8,3,-121.84100000000001,34.48717696612169,2026-01,2026-01-06
2026-01-08,1_8,4,-102.37200000000001,32.568458877646144,2026-01,2026-01-06
2026-01-08,1_8,5,-92.113,35.61187961286409,2026-01,2026-01-06
2026-01-08,1_8,6,-86.95600000000002,35.76492222187031,2026-01,2026-01-06
2026-01-08,1_8,7,-91.12900000000002,35.96464899147612,2026-01,2026-01-06
2026-01-08,1_8,8,-122.82899999999995,12.890196993799771,2026-01,2026-01-06
2026-01-08,9_16,9,-167.82600000000002,-13.818189751767568,2026-01,2026-01-06
2026-01-08,9_16,10,-77.11399999999998,-5.967077722715411,2026-01,2026-01-06
2026-01-08,9_16,11,-215.738,1.4743768967961666,2026-01,2026-01-06
2026-01-08,9_16,12,6.972999999999999,14.160954197992856,2026-01,2026-01-06
2026-01-08,9_16,13,41.669,17.081240483697556,2026-01,2026-01-06
2026-01-08,9_16,14,36.422,10.959691094434223,2026-01,2026-01-06
2026-01-08,9_16,15,54.606,2.4327430870517324,2026-01,2026-01-06
2026-01-08,9_16,16,-108.93400000000003,-1.1484083006890098,2026-01,2026-01-06
2026-01-08,17_24,17,-132.85500000000002,-6.8647280158427275,2026-01,2026-01-06
2026-01-08,17_24,18,155.062,-2.7143564861431466,2026-01,2026-01-06
2026-01-08,17_24,19,307.709,-2.117933837729885,2026-01,2026-01-06
2026-01-08,17_24,20,154.72899999999998,-2.026644476467748,2026-01,2026-01-06
2026-01-08,17_24,21,184.532,2.98190794959534,2026-01,2026-01-06
2026-01-08,17_24,22,210.066,2.967959673026404,2026-01,2026-01-06
2026-01-08,17_24,23,130.0,5.452083210799795,2026-01,2026-01-06
2026-01-08,17_24,24,123.64,6.083581938113376,2026-01,2026-01-06
2026-01-09,1_8,1,31.022,29.41397021193947,2026-01,2026-01-07
2026-01-09,1_8,2,-138.831,52.20885172906141,2026-01,2026-01-07
2026-01-09,1_8,3,-120.153,66.430874397911,2026-01,2026-01-07
2026-01-09,1_8,4,-65.39699999999999,63.22147471897673,2026-01,2026-01-07
2026-01-09,1_8,5,74.99,64.9820957758024,2026-01,2026-01-07
2026-01-09,1_8,6,80.0,45.316599828148725,2026-01,2026-01-07
2026-01-09,1_8,7,100.0,53.60905813928088,2026-01,2026-01-07
2026-01-09,1_8,8,223.33,42.36138724571519,2026-01,2026-01-07
2026-01-09,9_16,9,-263.727,22.55447284583492,2026-01,2026-01-07
2026-01-09,9_16,10,-288.787,32.459466957730534,2026-01,2026-01-07
2026-01-09,9_16,11,-133.492,49.67171436841715,2026-01,2026-01-07
2026-01-09,9_16,12,5.741,46.05622792620511,2026-01,2026-01-07
2026-01-09,9_16,13,9.0,55.22661112761043,2026-01,2026-01-07
2026-01-09,9_16,14,9.0,50.43908218276137,2026-01,2026-01-07
2026-01-09,9_16,15,30.0,25.658516997595413,2026-01,2026-01-07
2026-01-09,9_16,16,-40.981,4.031746227402061,2026-01,2026-01-07
2026-01-09,17_24,17,-340.88,-8.994547919415252,2026-01,2026-01-07
2026-01-09,17_24,18,81.101,-12.90986556968222,2026-01,2026-01-07
2026-01-09,17_24,19,-53.178,-3.215915137000771,2026-01,2026-01-07
2026-01-09,17_24,20,-25.159000000000006,8.452120823434297,2026-01,2026-01-07
2026-01-09,17_24,21,153.5,5.982041293892578,2026-01,2026-01-07
2026-01-09,17_24,22,130.0,8.867394569449825,2026-01,2026-01-07
2026-01-09,17_24,23,80.0,5.284494467576552,2026-01,2026-01-07
2026-01-09,17_24,24,50.0,6.849186274507134,2026-01,2026-01-07
2026-01-10,1_8,1,52.8,33.32040402512842,2026-01,2026-01-08
2026-01-10,1_8,2,50.375,41.375511695057966,2026-01,2026-01-08
2026-01-10,1_8,3,50.0,31.91185753332045,2026-01,2026-01-08
2026-01-10,1_8,4,27.5,27.368260417377858,2026-01,2026-01-08
2026-01-10,1_8,5,20.0,34.62220474808876,2026-01,2026-01-08
2026-01-10,1_8,6,33.93,34.13297582168658,2026-01,2026-01-08
2026-01-10,1_8,7,56.690000000000005,39.92207662082749,2026-01,2026-01-08
2026-01-10,1_8,8,157.126,23.26102766922306,2026-01,2026-01-08
2026-01-10,9_16,9,210.921,25.730214958931825,2026-01,2026-01-08
2026-01-10,9_16,10,80.0,63.694295188133744,2026-01,2026-01-08
2026-01-10,9_16,11,0.5499999999999972,63.71301717153856,2026-01,2026-01-08
2026-01-10,9_16,12,-4.209999999999994,55.256970999584354,2026-01,2026-01-08
2026-01-10,9_16,13,1.0,78.32462332448195,2026-01,2026-01-08
2026-01-10,9_16,14,1.0,72.12645415878389,2026-01,2026-01-08
2026-01-10,9_16,15,2.5,75.5346708029451,2026-01,2026-01-08
2026-01-10,9_16,16,170.29000000000002,20.247795484746646,2026-01,2026-01-08
2026-01-10,17_24,17,-17.166999999999973,29.25367560147175,2026-01,2026-01-08
2026-01-10,17_24,18,-40.20100000000002,-14.735438212533534,2026-01,2026-01-08
2026-01-10,17_24,19,-83.20399999999995,-14.471069294768942,2026-01,2026-01-08
2026-01-10,17_24,20,-63.69799999999998,-14.157559269034918,2026-01,2026-01-08
2026-01-10,17_24,21,-50.166,-9.855277820651892,2026-01,2026-01-08
2026-01-10,17_24,22,-120.26299999999998,-0.7117935004463153,2026-01,2026-01-08
2026-01-10,17_24,23,-155.44,16.785826954336187,2026-01,2026-01-08
2026-01-10,17_24,24,138.97,21.0940068592244,2026-01,2026-01-08
2026-01-11,1_8,1,52.3,35.99309595480748,2026-01,2026-01-09
2026-01-11,1_8,2,54.875,29.092910972229294,2026-01,2026-01-09
2026-01-11,1_8,3,55.0,34.62313617291039,2026-01,2026-01-09
2026-01-11,1_8,4,50.0,31.744798259596685,2026-01,2026-01-09
2026-01-11,1_8,5,53.5,35.03183027166431,2026-01,2026-01-09
2026-01-11,1_8,6,54.0,39.14462174646342,2026-01,2026-01-09
2026-01-11,1_8,7,54.0,47.10259124703815,2026-01,2026-01-09
2026-01-11,1_8,8,-46.79400000000001,28.196078174947978,2026-01,2026-01-09
2026-01-11,9_16,9,-56.468999999999994,-0.8100444995998329,2026-01,2026-01-09
2026-01-11,9_16,10,82.655,18.659414896459875,2026-01,2026-01-09
2026-01-11,9_16,11,5.5,30.23847284807591,2026-01,2026-01-09
2026-01-11,9_16,12,5.0,35.37908902674102,2026-01,2026-01-09
2026-01-11,9_16,13,5.0,33.28064740241954,2026-01,2026-01-09
2026-01-11,9_16,14,5.0,29.539228387497577,2026-01,2026-01-09
2026-01-11,9_16,15,29.5,28.50729887939906,2026-01,2026-01-09
2026-01-11,9_16,16,51.54900000000001,-7.908305539725657,2026-01,2026-01-09
2026-01-11,17_24,17,-209.264,-11.700415335316267,2026-01,2026-01-09
2026-01-11,17_24,18,-194.704,-10.737966252549649,2026-01,2026-01-09
2026-01-11,17_24,19,-212.25800000000004,-7.752585993589353,2026-01,2026-01-09
2026-01-11,17_24,20,-244.70799999999997,-8.645166722962308,2026-01,2026-01-09
2026-01-11,17_24,21,-259.41600000000005,4.1340312202178735,2026-01,2026-01-09
2026-01-11,17_24,22,-37.36400000000003,32.29398308300841,2026-01,2026-01-09
2026-01-11,17_24,23,251.42,46.722167870007475,2026-01,2026-01-09
2026-01-11,17_24,24,175.65,50.27942958661342,2026-01,2026-01-09
2026-01-12,1_8,1,30.0,14.950271798554294,2026-01,2026-01-10
2026-01-12,1_8,2,25.625,19.51482579367927,2026-01,2026-01-10
2026-01-12,1_8,3,20.0,25.98293678381938,2026-01,2026-01-10
2026-01-12,1_8,4,20.125,32.850620842797355,2026-01,2026-01-10
2026-01-12,1_8,5,-0.9750000000000014,32.13650730349939,2026-01,2026-01-10
2026-01-12,1_8,6,19.0,33.61200782381211,2026-01,2026-01-10
2026-01-12,1_8,7,19.0,42.02028719858097,2026-01,2026-01-10
2026-01-12,1_8,8,28.144000000000005,27.455415470899222,2026-01,2026-01-10
2026-01-12,9_16,9,-186.29199999999997,18.897142531023288,2026-01,2026-01-10
2026-01-12,9_16,10,57.197,45.07076410568897,2026-01,2026-01-10
2026-01-12,9_16,11,4.221999999999994,44.212385210641635,2026-01,2026-01-10
2026-01-12,9_16,12,5.0,45.823280146366315,2026-01,2026-01-10
2026-01-12,9_16,13,5.0,49.85741019077042,2026-01,2026-01-10
2026-01-12,9_16,14,5.0,46.847378766062,2026-01,2026-01-10
2026-01-12,9_16,15,90.149,62.906198344335024,2026-01,2026-01-10
2026-01-12,9_16,16,-277.17,20.600270260742395,2026-01,2026-01-10
2026-01-12,17_24,17,-203.64,-5.500844206528519,2026-01,2026-01-10
2026-01-12,17_24,18,76.38999999999999,-7.374296015467128,2026-01,2026-01-10
2026-01-12,17_24,19,36.709,-4.549132230508681,2026-01,2026-01-10
2026-01-12,17_24,20,66.85399999999998,-6.167227289896783,2026-01,2026-01-10
2026-01-12,17_24,21,75.618,-8.216960290360136,2026-01,2026-01-10
2026-01-12,17_24,22,-35.19,-7.4834381988509096,2026-01,2026-01-10
2026-01-12,17_24,23,-206.18600000000004,-4.348613376730923,2026-01,2026-01-10
2026-01-12,17_24,24,-267.07899999999995,-5.5333473115350795,2026-01,2026-01-10
2026-01-13,1_8,1,-63.36700000000002,25.156161046587137,2026-01,2026-01-11
2026-01-13,1_8,2,-99.63299999999998,26.3653667754366,2026-01,2026-01-11
2026-01-13,1_8,3,-92.02000000000004,22.6250763022992,2026-01,2026-01-11
2026-01-13,1_8,4,-63.71799999999999,28.862086075180464,2026-01,2026-01-11
2026-01-13,1_8,5,-35.694999999999965,32.83617651293434,2026-01,2026-01-11
2026-01-13,1_8,6,-56.815999999999974,35.1371664470845,2026-01,2026-01-11
2026-01-13,1_8,7,-37.12099999999998,34.820699166678224,2026-01,2026-01-11
2026-01-13,1_8,8,-52.160000000000025,18.43557781916876,2026-01,2026-01-11
2026-01-13,9_16,9,-89.28399999999999,21.12550770863228,2026-01,2026-01-11
2026-01-13,9_16,10,4.13300000000001,68.62016029263128,2026-01,2026-01-11
2026-01-13,9_16,11,-34.212999999999994,56.891236899967616,2026-01,2026-01-11
2026-01-13,9_16,12,-91.4,63.901669813360996,2026-01,2026-01-11
2026-01-13,9_16,13,-35.964,58.15769103305712,2026-01,2026-01-11
2026-01-13,9_16,14,-37.205000000000005,72.7703007778873,2026-01,2026-01-11
2026-01-13,9_16,15,-203.109,78.80195450954803,2026-01,2026-01-11
2026-01-13,9_16,16,-18.714,32.86426151675747,2026-01,2026-01-11
2026-01-13,17_24,17,38.73200000000003,-19.48253886089871,2026-01,2026-01-11
2026-01-13,17_24,18,115.21300000000002,-15.956518228411277,2026-01,2026-01-11
2026-01-13,17_24,19,138.663,-7.506246293682695,2026-01,2026-01-11
2026-01-13,17_24,20,140.709,-3.3221664115640417,2026-01,2026-01-11
2026-01-13,17_24,21,117.654,-6.199593127509682,2026-01,2026-01-11
2026-01-13,17_24,22,65.368,-2.221379218608525,2026-01,2026-01-11
2026-01-13,17_24,23,49.389999999999986,-1.5721661453306284,2026-01,2026-01-11
2026-01-13,17_24,24,45.16,5.510157353519609,2026-01,2026-01-11
2026-01-14,1_8,1,17.884000000000015,12.551705062815863,2026-01,2026-01-12
2026-01-14,1_8,2,9.939000000000021,12.44441471648922,2026-01,2026-01-12
2026-01-14,1_8,3,3.4529999999999745,3.1458200065563693,2026-01,2026-01-12
2026-01-14,1_8,4,5.115000000000009,2.5400003614462943,2026-01,2026-01-12
2026-01-14,1_8,5,4.416999999999973,6.612853409807917,2026-01,2026-01-12
2026-01-14,1_8,6,3.052000000000021,5.049946472204389,2026-01,2026-01-12
2026-01-14,1_8,7,42.021000000000015,5.286688914982131,2026-01,2026-01-12
2026-01-14,1_8,8,55.29000000000002,3.8335227701648447,2026-01,2026-01-12
2026-01-14,9_16,9,41.75799999999998,16.52191859327651,2026-01,2026-01-12
2026-01-14,9_16,10,3.8770000000000095,62.333175012387535,2026-01,2026-01-12
2026-01-14,9_16,11,-30.072000000000003,76.69502546027498,2026-01,2026-01-12
2026-01-14,9_16,12,-38.78899999999999,110.77393338643876,2026-01,2026-01-12
2026-01-14,9_16,13,-104.33100000000002,113.82972866096758,2026-01,2026-01-12
2026-01-14,9_16,14,-194.322,100.66647873840365,2026-01,2026-01-12
2026-01-14,9_16,15,-271.06199999999995,91.06440699857325,2026-01,2026-01-12
2026-01-14,9_16,16,-223.72500000000002,42.078021359335736,2026-01,2026-01-12
2026-01-14,17_24,17,-158.13199999999995,9.420822197515804,2026-01,2026-01-12
2026-01-14,17_24,18,27.746000000000038,20.315971921173084,2026-01,2026-01-12
2026-01-14,17_24,19,15.735000000000014,22.965025596340638,2026-01,2026-01-12
2026-01-14,17_24,20,3.097000000000037,19.117549001135362,2026-01,2026-01-12
2026-01-14,17_24,21,1.1920000000000073,15.422250441332666,2026-01,2026-01-12
2026-01-14,17_24,22,11.168000000000006,17.46198217527045,2026-01,2026-01-12
2026-01-14,17_24,23,-29.023000000000025,21.913926449430917,2026-01,2026-01-12
2026-01-14,17_24,24,-32.85899999999998,25.220049928588463,2026-01,2026-01-12
2026-01-15,1_8,1,-59.632000000000005,-9.043997874142729,2026-01,2026-01-13
2026-01-15,1_8,2,-82.20400000000001,-10.768600552251298,2026-01,2026-01-13
2026-01-15,1_8,3,-23.064999999999998,-14.558336324564936,2026-01,2026-01-13
2026-01-15,1_8,4,35.06299999999999,-21.463656307292815,2026-01,2026-01-13
2026-01-15,1_8,5,9.34499999999997,-22.27891974064649,2026-01,2026-01-13
2026-01-15,1_8,6,11.329999999999984,-22.141105886430097,2026-01,2026-01-13
2026-01-15,1_8,7,25.418000000000006,-22.594029890302938,2026-01,2026-01-13
2026-01-15,1_8,8,-24.908999999999992,-22.937929823828572,2026-01,2026-01-13
2026-01-15,9_16,9,-72.33699999999999,-25.964492550332313,2026-01,2026-01-13
2026-01-15,9_16,10,60.831999999999994,19.286844651557967,2026-01,2026-01-13
2026-01-15,9_16,11,97.63,-0.6249736605664435,2026-01,2026-01-13
2026-01-15,9_16,12,55.267,-29.10284031246523,2026-01,2026-01-13
2026-01-15,9_16,13,10.0,-18.74447719479295,2026-01,2026-01-13
2026-01-15,9_16,14,10.0,-19.63620457101915,2026-01,2026-01-13
2026-01-15,9_16,15,13.441999999999993,20.291073031471917,2026-01,2026-01-13
2026-01-15,9_16,16,-65.91099999999997,-8.800045727177917,2026-01,2026-01-13
2026-01-15,17_24,17,-1.4080000000000155,11.191810113912904,2026-01,2026-01-13
2026-01-15,17_24,18,423.323,35.093186958610644,2026-01,2026-01-13
2026-01-15,17_24,19,330.0,39.52406982333484,2026-01,2026-01-13
2026-01-15,17_24,20,334.14,38.56578463213399,2026-01,2026-01-13
2026-01-15,17_24,21,314.97,56.705008844826196,2026-01,2026-01-13
2026-01-15,17_24,22,283.25,50.44144031626221,2026-01,2026-01-13
2026-01-15,17_24,23,199.135,42.12711995950746,2026-01,2026-01-13
2026-01-15,17_24,24,201.62,29.842842213272085,2026-01,2026-01-13
2026-01-16,1_8,1,235.658,29.849361555631123,2026-01,2026-01-14
2026-01-16,1_8,2,237.5,30.372294454833828,2026-01,2026-01-14
2026-01-16,1_8,3,242.88,23.84979770440234,2026-01,2026-01-14
2026-01-16,1_8,4,245.0,20.639398261889397,2026-01,2026-01-14
2026-01-16,1_8,5,249.315,24.013570245085788,2026-01,2026-01-14
2026-01-16,1_8,6,250.94,20.780642825433507,2026-01,2026-01-14
2026-01-16,1_8,7,335.5,24.7093078767126,2026-01,2026-01-14
2026-01-16,1_8,8,487.5,5.730046357516513,2026-01,2026-01-14
2026-01-16,9_16,9,99.14499999999998,2.8380638726111713,2026-01,2026-01-14
2026-01-16,9_16,10,-356.11400000000003,19.60881385669613,2026-01,2026-01-14
2026-01-16,9_16,11,-599.8140000000001,18.628876358013,2026-01,2026-01-14
2026-01-16,9_16,12,-678.782,11.929010434435922,2026-01,2026-01-14
2026-01-16,9_16,13,-695.472,1.9724983693643359,2026-01,2026-01-14
2026-01-16,9_16,14,-625.008,2.443969701165744,2026-01,2026-01-14
2026-01-16,9_16,15,-80.624,8.527260936487354,2026-01,2026-01-14
2026-01-16,9_16,16,-58.277,9.838390129846724,2026-01,2026-01-14
2026-01-16,17_24,17,-178.75799999999998,32.57450757003687,2026-01,2026-01-14
2026-01-16,17_24,18,-48.40199999999999,41.30928574723239,2026-01,2026-01-14
2026-01-16,17_24,19,-252.63700000000003,35.162438778517476,2026-01,2026-01-14
2026-01-16,17_24,20,-318.92,31.868240508260925,2026-01,2026-01-14
2026-01-16,17_24,21,-309.653,56.27012845710915,2026-01,2026-01-14
2026-01-16,17_24,22,-328.557,52.25870334664387,2026-01,2026-01-14
2026-01-16,17_24,23,-379.39599999999996,52.95557495414261,2026-01,2026-01-14
2026-01-16,17_24,24,-363.5,50.242364467962645,2026-01,2026-01-14
2026-01-17,1_8,1,-149.687,-10.983469518038644,2026-01,2026-01-15
2026-01-17,1_8,2,-141.3,-6.621028833553143,2026-01,2026-01-15
2026-01-17,1_8,3,-141.558,-4.255037221879543,2026-01,2026-01-15
2026-01-17,1_8,4,-163.536,-5.455277763644525,2026-01,2026-01-15
2026-01-17,1_8,5,-157.728,-4.359496488180598,2026-01,2026-01-15
2026-01-17,1_8,6,-88.309,-3.5623804329438227,2026-01,2026-01-15
2026-01-17,1_8,7,-80.68299999999999,3.733557092040735,2026-01,2026-01-15
2026-01-17,1_8,8,100.43999999999998,0.7885075156010992,2026-01,2026-01-15
2026-01-17,9_16,9,19.986999999999995,21.535262927336362,2026-01,2026-01-15
2026-01-17,9_16,10,146.072,51.52798840139053,2026-01,2026-01-15
2026-01-17,9_16,11,124.112,49.158088577851906,2026-01,2026-01-15
2026-01-17,9_16,12,39.911,39.60558578752714,2026-01,2026-01-15
2026-01-17,9_16,13,-32.977,25.864999122141157,2026-01,2026-01-15
2026-01-17,9_16,14,-164.958,32.261976869821034,2026-01,2026-01-15
2026-01-17,9_16,15,-191.67000000000002,25.023691813809567,2026-01,2026-01-15
2026-01-17,9_16,16,-214.22000000000003,22.773519214014694,2026-01,2026-01-15
2026-01-17,17_24,17,-130.52499999999998,-4.38787780221426,2026-01,2026-01-15
2026-01-17,17_24,18,-223.37599999999998,23.76756161037293,2026-01,2026-01-15
2026-01-17,17_24,19,-200.99100000000004,47.094908958177285,2026-01,2026-01-15
2026-01-17,17_24,20,-176.64700000000005,49.94124267988241,2026-01,2026-01-15
2026-01-17,17_24,21,-172.88500000000005,46.40972622689007,2026-01,2026-01-15
2026-01-17,17_24,22,-177.97500000000002,31.77167596795438,2026-01,2026-01-15
2026-01-17,17_24,23,-204.87,29.015163267509106,2026-01,2026-01-15
2026-01-17,17_24,24,-207.046,26.903526644423767,2026-01,2026-01-15
2026-01-18,1_8,1,-67.096,10.358633303270384,2026-01,2026-01-16
2026-01-18,1_8,2,-65.22200000000004,10.441634993352835,2026-01,2026-01-16
2026-01-18,1_8,3,-57.78000000000003,6.705447808142963,2026-01,2026-01-16
2026-01-18,1_8,4,-64.19899999999996,3.6427380847913327,2026-01,2026-01-16
2026-01-18,1_8,5,-74.69399999999996,4.008448618710747,2026-01,2026-01-16
2026-01-18,1_8,6,-59.762,15.876712409472287,2026-01,2026-01-16
2026-01-18,1_8,7,-75.969,71.19322306623904,2026-01,2026-01-16
2026-01-18,1_8,8,-29.01800000000003,26.61726961184352,2026-01,2026-01-16
2026-01-18,9_16,9,-20.60300000000001,78.64626848554771,2026-01,2026-01-16
2026-01-18,9_16,10,-391.01,147.038039881543,2026-01,2026-01-16
2026-01-18,9_16,11,-488.83399999999995,175.0147991490077,2026-01,2026-01-16
2026-01-18,9_16,12,-724.5070000000001,167.28993573419257,2026-01,2026-01-16
2026-01-18,9_16,13,-489.86400000000003,160.27741424579798,2026-01,2026-01-16
2026-01-18,9_16,14,-475.56399999999996,152.3421026354171,2026-01,2026-01-16
2026-01-18,9_16,15,-363.658,114.6566660938022,2026-01,2026-01-16
2026-01-18,9_16,16,-48.428999999999974,60.13636173148844,2026-01,2026-01-16
2026-01-18,17_24,17,-41.75599999999997,-9.411626326118457,2026-01,2026-01-16
2026-01-18,17_24,18,-58.40299999999996,8.238249910493819,2026-01,2026-01-16
2026-01-18,17_24,19,-93.05199999999996,7.506299615821127,2026-01,2026-01-16
2026-01-18,17_24,20,-102.91100000000003,4.237484213434108,2026-01,2026-01-16
2026-01-18,17_24,21,-117.00899999999999,1.485999570957643,2026-01,2026-01-16
2026-01-18,17_24,22,-89.85600000000002,5.526838631719295,2026-01,2026-01-16
2026-01-18,17_24,23,108.66,18.12154930636537,2026-01,2026-01-16
2026-01-18,17_24,24,6.364999999999995,13.999691670404587,2026-01,2026-01-16
2026-01-19,1_8,1,68.841,27.009687126436013,2026-01,2026-01-17
2026-01-19,1_8,2,-199.33999999999997,18.321154395962893,2026-01,2026-01-17
2026-01-19,1_8,3,49.806,22.20006975253365,2026-01,2026-01-17
2026-01-19,1_8,4,-132.03000000000003,18.860032121585654,2026-01,2026-01-17
2026-01-19,1_8,5,-318.789,27.07500753649773,2026-01,2026-01-17
2026-01-19,1_8,6,-332.031,37.03001664872007,2026-01,2026-01-17
2026-01-19,1_8,7,-22.186,45.7025617962003,2026-01,2026-01-17
2026-01-19,1_8,8,93.73600000000002,41.812307487319586,2026-01,2026-01-17
2026-01-19,9_16,9,-157.45800000000003,45.37225744316659,2026-01,2026-01-17
2026-01-19,9_16,10,-202.63999999999993,97.97069292643243,2026-01,2026-01-17
2026-01-19,9_16,11,-202.79200000000003,78.6408135676078,2026-01,2026-01-17
2026-01-19,9_16,12,-286.35400000000004,47.67115686036117,2026-01,2026-01-17
2026-01-19,9_16,13,-264.01099999999997,48.81389919005552,2026-01,2026-01-17
2026-01-19,9_16,14,-193.337,43.23020818275243,2026-01,2026-01-17
2026-01-19,9_16,15,-199.33099999999996,42.48194014505345,2026-01,2026-01-17
2026-01-19,9_16,16,-140.21399999999994,12.33280970407216,2026-01,2026-01-17
2026-01-19,17_24,17,9.125999999999976,-76.46333105690887,2026-01,2026-01-17
2026-01-19,17_24,18,44.80899999999997,-76.68975476297612,2026-01,2026-01-17
2026-01-19,17_24,19,57.317999999999984,-78.88431543694264,2026-01,2026-01-17
2026-01-19,17_24,20,118.39200000000005,-74.75538569475583,2026-01,2026-01-17
2026-01-19,17_24,21,-79.06,-69.36149789009039,2026-01,2026-01-17
2026-01-19,17_24,22,17.081999999999994,-75.42599527882396,2026-01,2026-01-17
2026-01-19,17_24,23,-32.331999999999994,-77.98043556760503,2026-01,2026-01-17
2026-01-19,17_24,24,15.672000000000025,-77.59086472173912,2026-01,2026-01-17
2026-01-20,1_8,1,84.791,-11.698324498106068,2026-01,2026-01-18
2026-01-20,1_8,2,64.52699999999999,-8.922016649808775,2026-01,2026-01-18
2026-01-20,1_8,3,53.43199999999996,-8.264329434548554,2026-01,2026-01-18
2026-01-20,1_8,4,73.695,-8.054258309405327,2026-01,2026-01-18
2026-01-20,1_8,5,114.21699999999998,-8.62698326300443,2026-01,2026-01-18
2026-01-20,1_8,6,104.37299999999999,-6.731856904255675,2026-01,2026-01-18
2026-01-20,1_8,7,116.35700000000003,-6.997628371538636,2026-01,2026-01-18
2026-01-20,1_8,8,57.08499999999998,-8.063859634936398,2026-01,2026-01-18
2026-01-20,9_16,9,35.36700000000002,-17.12438441443132,2026-01,2026-01-18
2026-01-20,9_16,10,-23.408999999999992,1.892622907791294,2026-01,2026-01-18
2026-01-20,9_16,11,-113.75,-10.918973046286556,2026-01,2026-01-18
2026-01-20,9_16,12,-115.52999999999997,-17.38063229863791,2026-01,2026-01-18
2026-01-20,9_16,13,66.114,-38.82563697948791,2026-01,2026-01-18
2026-01-20,9_16,14,-75.61700000000002,-21.734092709778157,2026-01,2026-01-18
2026-01-20,9_16,15,-0.7749999999999773,-22.30044260283634,2026-01,2026-01-18
2026-01-20,9_16,16,15.36099999999999,10.877154603262706,2026-01,2026-01-18
2026-01-20,17_24,17,79.30099999999999,-32.19864476762002,2026-01,2026-01-18
2026-01-20,17_24,18,64.59799999999996,-10.036112690891201,2026-01,2026-01-18
2026-01-20,17_24,19,52.13799999999998,-19.042448901825132,2026-01,2026-01-18
2026-01-20,17_24,20,69.85700000000003,-18.51726856243735,2026-01,2026-01-18
2026-01-20,17_24,21,32.80599999999998,-17.933571813033527,2026-01,2026-01-18
2026-01-20,17_24,22,76.719,-30.33100340746083,2026-01,2026-01-18
2026-01-20,17_24,23,52.966999999999985,-32.84735183385901,2026-01,2026-01-18
2026-01-20,17_24,24,68.334,-33.19265681679688,2026-01,2026-01-18
2026-01-21,1_8,1,4.5639999999999645,-4.232968907060302,2026-01,2026-01-19
2026-01-21,1_8,2,-0.65300000000002,-4.8851748467611,2026-01,2026-01-19
2026-01-21,1_8,3,-23.447000000000003,4.110802827773034,2026-01,2026-01-19
2026-01-21,1_8,4,-10.319000000000017,0.7862042344540668,2026-01,2026-01-19
2026-01-21,1_8,5,-19.132000000000005,-4.511214894584117,2026-01,2026-01-19
2026-01-21,1_8,6,-12.262,5.786445361492085,2026-01,2026-01-19
2026-01-21,1_8,7,-10.514999999999986,7.708927485238762,2026-01,2026-01-19
2026-01-21,1_8,8,-19.397999999999968,7.181132807467293,2026-01,2026-01-19
2026-01-21,9_16,9,-9.622000000000014,-31.82223473500692,2026-01,2026-01-19
2026-01-21,9_16,10,-123.64499999999998,-20.11893964953418,2026-01,2026-01-19
2026-01-21,9_16,11,-233.87599999999998,-28.870085022550523,2026-01,2026-01-19
2026-01-21,9_16,12,-24.409999999999997,-30.565828337742253,2026-01,2026-01-19
2026-01-21,9_16,13,63.626,-39.5926314036894,2026-01,2026-01-19
2026-01-21,9_16,14,74.06700000000001,-42.56492899978517,2026-01,2026-01-19
2026-01-21,9_16,15,180.372,-30.44991172946411,2026-01,2026-01-19
2026-01-21,9_16,16,2.1070000000000277,-21.827098065794527,2026-01,2026-01-19
2026-01-21,17_24,17,20.680000000000007,-15.497115609178511,2026-01,2026-01-19
2026-01-21,17_24,18,1.839999999999975,18.37117923157511,2026-01,2026-01-19
2026-01-21,17_24,19,14.533999999999992,22.550972824338185,2026-01,2026-01-19
2026-01-21,17_24,20,31.862000000000023,20.798698586005617,2026-01,2026-01-19
2026-01-21,17_24,21,19.687999999999988,20.89552936466921,2026-01,2026-01-19
2026-01-21,17_24,22,15.175999999999988,7.969369314698685,2026-01,2026-01-19
2026-01-21,17_24,23,-7.5260000000000105,0.09740016082773231,2026-01,2026-01-19
2026-01-21,17_24,24,-12.637,4.766582023052008,2026-01,2026-01-19
2026-01-22,1_8,1,-23.576999999999998,43.78349345803937,2026-01,2026-01-20
2026-01-22,1_8,2,-24.829000000000008,52.773811258394666,2026-01,2026-01-20
2026-01-22,1_8,3,-57.834,47.37478857006599,2026-01,2026-01-20
2026-01-22,1_8,4,-54.27199999999999,49.94807221235863,2026-01,2026-01-20
2026-01-22,1_8,5,-19.04000000000002,53.38654955856103,2026-01,2026-01-20
2026-01-22,1_8,6,-18.428000000000054,45.72526242095439,2026-01,2026-01-20
2026-01-22,1_8,7,-35.527000000000044,50.7563294006523,2026-01,2026-01-20
2026-01-22,1_8,8,-42.666,49.600102896748034,2026-01,2026-01-20
2026-01-22,9_16,9,8.377999999999986,-8.64991854465084,2026-01,2026-01-20
2026-01-22,9_16,10,-115.19200000000001,-15.161612200601088,2026-01,2026-01-20
2026-01-22,9_16,11,-207.68400000000003,-36.891613318400985,2026-01,2026-01-20
2026-01-22,9_16,12,-3.8339999999999996,-29.182349616020275,2026-01,2026-01-20
2026-01-22,9_16,13,95.0,-24.547560659241945,2026-01,2026-01-20
2026-01-22,9_16,14,93.5,-36.71828103127466,2026-01,2026-01-20
2026-01-22,9_16,15,176.043,-23.532316768364414,2026-01,2026-01-20
2026-01-22,9_16,16,102.87100000000001,-4.6155771205382,2026-01,2026-01-20
2026-01-22,17_24,17,-34.769000000000005,8.628719745265617,2026-01,2026-01-20
2026-01-22,17_24,18,-20.613999999999976,11.412595590092685,2026-01,2026-01-20
2026-01-22,17_24,19,-50.214999999999975,27.967176511254685,2026-01,2026-01-20
2026-01-22,17_24,20,-38.44499999999999,28.153873128893885,2026-01,2026-01-20
2026-01-22,17_24,21,-43.252999999999986,23.197096743241687,2026-01,2026-01-20
2026-01-22,17_24,22,-55.908000000000015,26.39546156484731,2026-01,2026-01-20
2026-01-22,17_24,23,-63.00200000000001,22.28352345645225,2026-01,2026-01-20
2026-01-22,17_24,24,-55.113,27.603502380212664,2026-01,2026-01-20
2026-01-23,1_8,1,20.685000000000002,28.981500107166976,2026-01,2026-01-21
2026-01-23,1_8,2,24.129999999999995,38.19521965072149,2026-01,2026-01-21
2026-01-23,1_8,3,18.173000000000002,39.35083940515922,2026-01,2026-01-21
2026-01-23,1_8,4,34.480999999999995,19.2692323714581,2026-01,2026-01-21
2026-01-23,1_8,5,41.34899999999999,35.94946740135859,2026-01,2026-01-21
2026-01-23,1_8,6,18.74799999999999,7.35494305799936,2026-01,2026-01-21
2026-01-23,1_8,7,18.995000000000005,30.8170297646128,2026-01,2026-01-21
2026-01-23,1_8,8,-14.634999999999991,11.213336962235232,2026-01,2026-01-21
2026-01-23,9_16,9,-218.68100000000004,-13.892612248462415,2026-01,2026-01-21
2026-01-23,9_16,10,-9.795999999999992,-38.180457517335775,2026-01,2026-01-21
2026-01-23,9_16,11,-117.18299999999999,-24.735290261917232,2026-01,2026-01-21
2026-01-23,9_16,12,-110.936,-2.7356945793948246,2026-01,2026-01-21
2026-01-23,9_16,13,80.0,-0.2184748453238402,2026-01,2026-01-21
2026-01-23,9_16,14,-133.551,11.760666696957813,2026-01,2026-01-21
2026-01-23,9_16,15,-221.425,13.232563636025246,2026-01,2026-01-21
2026-01-23,9_16,16,-31.781999999999982,8.337694119398225,2026-01,2026-01-21
2026-01-23,17_24,17,-76.93900000000002,1.2771732436842371,2026-01,2026-01-21
2026-01-23,17_24,18,-36.315,-1.0912673550789254,2026-01,2026-01-21
2026-01-23,17_24,19,-19.468000000000018,5.005642796350847,2026-01,2026-01-21
2026-01-23,17_24,20,-72.15100000000001,2.527618443064081,2026-01,2026-01-21
2026-01-23,17_24,21,-39.45800000000003,2.556161914211533,2026-01,2026-01-21
2026-01-23,17_24,22,-2.9569999999999936,3.8945131657138488,2026-01,2026-01-21
2026-01-23,17_24,23,-103.96400000000006,1.5003093938476235,2026-01,2026-01-21
2026-01-23,17_24,24,-50.815,1.1121500534766406,2026-01,2026-01-21
2026-01-24,1_8,1,27.161,-12.774589759788945,2026-01,2026-01-22
2026-01-24,1_8,2,28.50200000000001,-13.790929723758008,2026-01,2026-01-22
2026-01-24,1_8,3,22.348000000000013,-11.872240759264045,2026-01,2026-01-22
2026-01-24,1_8,4,33.17900000000003,-13.506023729321257,2026-01,2026-01-22
2026-01-24,1_8,5,33.74799999999999,-12.93012674773927,2026-01,2026-01-22
2026-01-24,1_8,6,41.274,-9.16690542921125,2026-01,2026-01-22
2026-01-24,1_8,7,53.24399999999997,-12.125804285240775,2026-01,2026-01-22
2026-01-24,1_8,8,56.495000000000005,-10.57204776018191,2026-01,2026-01-22
2026-01-24,9_16,9,38.678999999999974,20.4673506698977,2026-01,2026-01-22
2026-01-24,9_16,10,186.20499999999998,11.05797910804253,2026-01,2026-01-22
2026-01-24,9_16,11,176.887,-16.72690208550667,2026-01,2026-01-22
2026-01-24,9_16,12,28.122,39.68944240140197,2026-01,2026-01-22
2026-01-24,9_16,13,80.0,45.12529732048987,2026-01,2026-01-22
2026-01-24,9_16,14,21.25,63.52921782253067,2026-01,2026-01-22
2026-01-24,9_16,15,171.94,55.66215482645479,2026-01,2026-01-22
2026-01-24,9_16,16,24.286,38.16999951984733,2026-01,2026-01-22
2026-01-24,17_24,17,56.48599999999999,-14.841119765319348,2026-01,2026-01-22
2026-01-24,17_24,18,83.322,-5.215598790310153,2026-01,2026-01-22
2026-01-24,17_24,19,58.48000000000002,-10.239353208707687,2026-01,2026-01-22
2026-01-24,17_24,20,46.752999999999986,-17.24185761811837,2026-01,2026-01-22
2026-01-24,17_24,21,-12.432999999999993,-18.84077366628186,2026-01,2026-01-22
2026-01-24,17_24,22,-2.396000000000015,-14.157559664015599,2026-01,2026-01-22
2026-01-24,17_24,23,29.120000000000005,-16.519808179978423,2026-01,2026-01-22
2026-01-24,17_24,24,51.86499999999995,-19.159855553466727,2026-01,2026-01-22
2026-01-25,1_8,1,27.93900000000002,1.662086596520118,2026-01,2026-01-23
2026-01-25,1_8,2,47.684000000000026,7.230329559453265,2026-01,2026-01-23
2026-01-25,1_8,3,56.85899999999998,7.45884550617868,2026-01,2026-01-23
2026-01-25,1_8,4,229.637,8.335094892287545,2026-01,2026-01-23
2026-01-25,1_8,5,228.45600000000002,11.265537288538491,2026-01,2026-01-23
2026-01-25,1_8,6,273.077,19.685118028480257,2026-01,2026-01-23
2026-01-25,1_8,7,321.5,28.072963969310614,2026-01,2026-01-23
2026-01-25,1_8,8,272.772,30.801790777830202,2026-01,2026-01-23
2026-01-25,9_16,9,166.133,0.28704232660003004,2026-01,2026-01-23
2026-01-25,9_16,10,408.5,-9.007434481918118,2026-01,2026-01-23
2026-01-25,9_16,11,410.0,-25.01428119430118,2026-01,2026-01-23
2026-01-25,9_16,12,323.375,13.376079916597863,2026-01,2026-01-23
2026-01-25,9_16,13,314.375,59.17348709619944,2026-01,2026-01-23
2026-01-25,9_16,14,116.28999999999999,34.868323441817346,2026-01,2026-01-23
2026-01-25,9_16,15,44.815,52.01131652848755,2026-01,2026-01-23
2026-01-25,9_16,16,82.56400000000002,31.96085180381096,2026-01,2026-01-23
2026-01-25,17_24,17,37.67099999999999,-4.650821828512222,2026-01,2026-01-23
2026-01-25,17_24,18,66.91899999999998,10.799908846099518,2026-01,2026-01-23
2026-01-25,17_24,19,105.02800000000002,7.700778207935769,2026-01,2026-01-23
2026-01-25,17_24,20,60.86499999999995,14.570649047095582,2026-01,2026-01-23
2026-01-25,17_24,21,-7.86099999999999,16.255734153322596,2026-01,2026-01-23
2026-01-25,17_24,22,-84.142,13.689768707773716,2026-01,2026-01-23
2026-01-25,17_24,23,60.91300000000001,13.114191103845377,2026-01,2026-01-23
2026-01-25,17_24,24,101.47300000000001,2.8381350657071995,2026-01,2026-01-23
2026-01-26,1_8,1,84.86200000000002,-34.83715294400262,2026-01,2026-01-24
2026-01-26,1_8,2,113.57,-32.599607680222555,2026-01,2026-01-24
2026-01-26,1_8,3,95.406,-34.742533952867966,2026-01,2026-01-24
2026-01-26,1_8,4,95.74599999999998,-32.78787502912889,2026-01,2026-01-24
2026-01-26,1_8,5,88.89600000000002,-34.2339154536664,2026-01,2026-01-24
2026-01-26,1_8,6,90.79899999999998,-31.90110146401332,2026-01,2026-01-24
2026-01-26,1_8,7,100.41399999999999,-33.410005221599924,2026-01,2026-01-24
2026-01-26,1_8,8,131.598,-26.26473942719623,2026-01,2026-01-24
2026-01-26,9_16,9,-263.45000000000005,101.66191158727248,2026-01,2026-01-24
2026-01-26,9_16,10,-761.3019999999999,69.69684108874364,2026-01,2026-01-24
2026-01-26,9_16,11,-775.1220000000001,63.313071238153526,2026-01,2026-01-24
2026-01-26,9_16,12,-655.962,70.64420346615039,2026-01,2026-01-24
2026-01-26,9_16,13,-113.269,69.71901407102814,2026-01,2026-01-24
2026-01-26,9_16,14,-70.19799999999998,59.96566129275323,2026-01,2026-01-24
2026-01-26,9_16,15,-124.50000000000003,66.36481376099897,2026-01,2026-01-24
2026-01-26,9_16,16,31.834000000000003,66.54436391476308,2026-01,2026-01-24
2026-01-26,17_24,17,5.403999999999996,14.106813363543647,2026-01,2026-01-24
2026-01-26,17_24,18,-54.75,29.84226870876993,2026-01,2026-01-24
2026-01-26,17_24,19,14.588999999999999,25.559084752976386,2026-01,2026-01-24
2026-01-26,17_24,20,32.61400000000003,26.169095554121668,2026-01,2026-01-24
2026-01-26,17_24,21,72.22199999999998,18.841039703336968,2026-01,2026-01-24
2026-01-26,17_24,22,43.90199999999999,15.288423851503634,2026-01,2026-01-24
2026-01-26,17_24,23,79.36700000000002,20.12755669521457,2026-01,2026-01-24
2026-01-26,17_24,24,87.15499999999997,22.035301985405912,2026-01,2026-01-24
2026-01-27,1_8,1,40.04399999999998,3.7255816597746922,2026-01,2026-01-25
2026-01-27,1_8,2,32.53199999999998,3.9251141451085787,2026-01,2026-01-25
2026-01-27,1_8,3,36.69200000000001,3.3534788963211963,2026-01,2026-01-25
2026-01-27,1_8,4,46.39100000000002,5.023096362306326,2026-01,2026-01-25
2026-01-27,1_8,5,26.762999999999977,6.2557736021157035,2026-01,2026-01-25
2026-01-27,1_8,6,29.85899999999998,6.9465188583774236,2026-01,2026-01-25
2026-01-27,1_8,7,43.21199999999999,7.232675742914675,2026-01,2026-01-25
2026-01-27,1_8,8,28.682999999999993,2.777730055075697,2026-01,2026-01-25
2026-01-27,9_16,9,-45.101,32.419930184692674,2026-01,2026-01-25
2026-01-27,9_16,10,23.168999999999983,81.42896314266292,2026-01,2026-01-25
2026-01-27,9_16,11,-46.50800000000001,76.90958024514019,2026-01,2026-01-25
2026-01-27,9_16,12,-103.769,61.322800563295395,2026-01,2026-01-25
2026-01-27,9_16,13,-16.62,77.34248119569497,2026-01,2026-01-25
2026-01-27,9_16,14,-258.493,67.161952840746,2026-01,2026-01-25
2026-01-27,9_16,15,-135.262,78.6977307708645,2026-01,2026-01-25
2026-01-27,9_16,16,-0.3129999999999882,46.2071225075254,2026-01,2026-01-25
2026-01-27,17_24,17,39.164999999999964,33.46110850546443,2026-01,2026-01-25
2026-01-27,17_24,18,64.25200000000001,41.78745573655878,2026-01,2026-01-25
2026-01-27,17_24,19,73.69,38.713375744150156,2026-01,2026-01-25
2026-01-27,17_24,20,39.30599999999998,36.637996616879065,2026-01,2026-01-25
2026-01-27,17_24,21,41.666,28.65928491407759,2026-01,2026-01-25
2026-01-27,17_24,22,33.733000000000004,26.795055165410034,2026-01,2026-01-25
2026-01-27,17_24,23,57.85899999999998,24.19965669990401,2026-01,2026-01-25
2026-01-27,17_24,24,58.495000000000005,26.249330545409734,2026-01,2026-01-25
2026-01-28,1_8,1,14.852999999999952,11.120756358266918,2026-01,2026-01-26
2026-01-28,1_8,2,18.40100000000001,15.601188944200059,2026-01,2026-01-26
2026-01-28,1_8,3,21.408999999999992,16.16513994110856,2026-01,2026-01-26
2026-01-28,1_8,4,28.656000000000006,18.00208847139795,2026-01,2026-01-26
2026-01-28,1_8,5,32.14299999999997,17.494622976768834,2026-01,2026-01-26
2026-01-28,1_8,6,24.310000000000002,21.756504561578325,2026-01,2026-01-26
2026-01-28,1_8,7,35.69799999999998,28.948599071850968,2026-01,2026-01-26
2026-01-28,1_8,8,57.41399999999999,20.36860574953947,2026-01,2026-01-26
2026-01-28,9_16,9,82.75299999999999,45.65065002481342,2026-01,2026-01-26
2026-01-28,9_16,10,41.41899999999998,59.50086503923898,2026-01,2026-01-26
2026-01-28,9_16,11,-8.765000000000043,59.41349515084147,2026-01,2026-01-26
2026-01-28,9_16,12,-75.269,55.385740687259904,2026-01,2026-01-26
2026-01-28,9_16,13,-183.582,56.757286943983594,2026-01,2026-01-26
2026-01-28,9_16,14,-69.702,54.84018360394146,2026-01,2026-01-26
2026-01-28,9_16,15,-23.706999999999994,35.91108838935535,2026-01,2026-01-26
2026-01-28,9_16,16,19.071000000000026,28.785491025606696,2026-01,2026-01-26
2026-01-28,17_24,17,53.507000000000005,21.187390447205978,2026-01,2026-01-26
2026-01-28,17_24,18,152.993,38.952909870810196,2026-01,2026-01-26
2026-01-28,17_24,19,74.34199999999998,37.170933315135564,2026-01,2026-01-26
2026-01-28,17_24,20,53.70600000000002,37.807456164138145,2026-01,2026-01-26
2026-01-28,17_24,21,47.53800000000001,31.697968401662436,2026-01,2026-01-26
2026-01-28,17_24,22,45.60300000000001,35.07376547631212,2026-01,2026-01-26
2026-01-28,17_24,23,34.045000000000016,42.20182976494163,2026-01,2026-01-26
2026-01-28,17_24,24,31.312999999999988,41.542721860442064,2026-01,2026-01-26
2026-01-29,1_8,1,0.8770000000000095,6.905822035452233,2026-01,2026-01-27
2026-01-29,1_8,2,-3.887999999999977,6.559496404411486,2026-01,2026-01-27
2026-01-29,1_8,3,-12.410000000000025,5.767003962774075,2026-01,2026-01-27
2026-01-29,1_8,4,-8.164999999999964,7.189167742768968,2026-01,2026-01-27
2026-01-29,1_8,5,-9.014999999999986,7.312698367486684,2026-01,2026-01-27
2026-01-29,1_8,6,-10.089999999999975,13.603014928165061,2026-01,2026-01-27
2026-01-29,1_8,7,-31.40300000000002,20.49839320971844,2026-01,2026-01-27
2026-01-29,1_8,8,20.415999999999997,19.19178905822437,2026-01,2026-01-27
2026-01-29,9_16,9,122.89100000000002,32.81437206599882,2026-01,2026-01-27
2026-01-29,9_16,10,174.776,29.49858190949173,2026-01,2026-01-27
2026-01-29,9_16,11,115.161,17.864225617665856,2026-01,2026-01-27
2026-01-29,9_16,12,67.88600000000002,26.668956845154547,2026-01,2026-01-27
2026-01-29,9_16,13,65.43299999999999,21.87368697202429,2026-01,2026-01-27
2026-01-29,9_16,14,47.87299999999999,9.989457877799277,2026-01,2026-01-27
2026-01-29,9_16,15,44.509000000000015,37.33241620968707,2026-01,2026-01-27
2026-01-29,9_16,16,41.761000000000024,37.84101890055875,2026-01,2026-01-27
2026-01-29,17_24,17,42.30099999999999,22.59410089871379,2026-01,2026-01-27
2026-01-29,17_24,18,60.778999999999996,33.71989979015841,2026-01,2026-01-27
2026-01-29,17_24,19,43.226999999999975,36.97679183171121,2026-01,2026-01-27
2026-01-29,17_24,20,38.077,40.84490402093093,2026-01,2026-01-27
2026-01-29,17_24,21,34.0,32.52003580973069,2026-01,2026-01-27
2026-01-29,17_24,22,35.435,36.579558845593304,2026-01,2026-01-27
2026-01-29,17_24,23,5.928999999999974,39.87534647524937,2026-01,2026-01-27
2026-01-29,17_24,24,10.947000000000003,31.688188865274686,2026-01,2026-01-27
2026-01-30,1_8,1,-13.961999999999989,-0.8957848060480237,2026-01,2026-01-28
2026-01-30,1_8,2,-24.776999999999987,1.53490741990329,2026-01,2026-01-28
2026-01-30,1_8,3,3.084000000000003,0.11613963118688521,2026-01,2026-01-28
2026-01-30,1_8,4,-16.97399999999999,4.727878277390673,2026-01,2026-01-28
2026-01-30,1_8,5,8.896999999999991,1.8220994920368125,2026-01,2026-01-28
2026-01-30,1_8,6,-7.240000000000009,13.584548134463208,2026-01,2026-01-28
2026-01-30,1_8,7,28.766999999999996,27.459523726824607,2026-01,2026-01-28
2026-01-30,1_8,8,29.40100000000001,17.81373022069121,2026-01,2026-01-28
2026-01-30,9_16,9,287.709,41.286032817813314,2026-01,2026-01-28
2026-01-30,9_16,10,190.228,34.72329374675735,2026-01,2026-01-28
2026-01-30,9_16,11,482.823,-3.9997967044795724,2026-01,2026-01-28
2026-01-30,9_16,12,574.77,-26.46726196071719,2026-01,2026-01-28
2026-01-30,9_16,13,516.8399999999999,-7.987401248017119,2026-01,2026-01-28
2026-01-30,9_16,14,252.56700000000004,-20.379594612769367,2026-01,2026-01-28
2026-01-30,9_16,15,75.286,-11.14020883477367,2026-01,2026-01-28
2026-01-30,9_16,16,61.59299999999996,19.16175903579293,2026-01,2026-01-28
2026-01-30,17_24,17,70.05600000000004,19.089094971316605,2026-01,2026-01-28
2026-01-30,17_24,18,93.505,56.886703546384574,2026-01,2026-01-28
2026-01-30,17_24,19,74.38999999999999,48.59754568461393,2026-01,2026-01-28
2026-01-30,17_24,20,72.291,26.985951584097883,2026-01,2026-01-28
2026-01-30,17_24,21,65.69900000000001,19.17787880158437,2026-01,2026-01-28
2026-01-30,17_24,22,49.019000000000005,22.822758297205922,2026-01,2026-01-28
2026-01-30,17_24,23,56.11700000000002,25.336599980252554,2026-01,2026-01-28
2026-01-30,17_24,24,55.285000000000025,29.938297013279477,2026-01,2026-01-28
2026-01-31,1_8,1,49.34800000000001,1.6532054209378517,2026-01,2026-01-29
2026-01-31,1_8,2,47.809000000000026,3.739060881680208,2026-01,2026-01-29
2026-01-31,1_8,3,22.245000000000005,3.3878830734805914,2026-01,2026-01-29
2026-01-31,1_8,4,23.86099999999999,1.4675190725130156,2026-01,2026-01-29
2026-01-31,1_8,5,29.427999999999997,-0.6034915044856708,2026-01,2026-01-29
2026-01-31,1_8,6,12.951000000000022,8.237236018520676,2026-01,2026-01-29
2026-01-31,1_8,7,62.59300000000002,9.842888735549408,2026-01,2026-01-29
2026-01-31,1_8,8,39.06700000000001,7.127334123988053,2026-01,2026-01-29
2026-01-31,9_16,9,39.49400000000003,41.30998010197953,2026-01,2026-01-29
2026-01-31,9_16,10,9.799999999999955,42.22587566606408,2026-01,2026-01-29
2026-01-31,9_16,11,25.286999999999978,30.067751099011385,2026-01,2026-01-29
2026-01-31,9_16,12,-34.605999999999995,31.28280189212643,2026-01,2026-01-29
2026-01-31,9_16,13,-107.31899999999996,35.84320264164439,2026-01,2026-01-29
2026-01-31,9_16,14,-101.21799999999999,40.13953144743403,2026-01,2026-01-29
2026-01-31,9_16,15,-93.05399999999997,41.34613780169447,2026-01,2026-01-29
2026-01-31,9_16,16,-51.721000000000004,44.8822600806749,2026-01,2026-01-29
2026-01-31,17_24,17,41.70100000000002,7.065824953707892,2026-01,2026-01-29
2026-01-31,17_24,18,57.581999999999994,34.56008748700524,2026-01,2026-01-29
2026-01-31,17_24,19,53.09299999999996,37.5957629648992,2026-01,2026-01-29
2026-01-31,17_24,20,49.492999999999995,38.02057839547676,2026-01,2026-01-29
2026-01-31,17_24,21,55.536,32.76975533410033,2026-01,2026-01-29
2026-01-31,17_24,22,50.76899999999995,37.8856520516583,2026-01,2026-01-29
2026-01-31,17_24,23,48.920000000000016,33.57560976856265,2026-01,2026-01-29
2026-01-31,17_24,24,39.96800000000002,33.44113573754927,2026-01,2026-01-29
2026-02-01,1_8,1,0.22199999999998,-0.8950945512624473,2026-02,2026-01-30
2026-02-01,1_8,2,5.4459999999999695,0.6206083208144433,2026-02,2026-01-30
2026-02-01,1_8,3,10.637,-3.400834758652359,2026-02,2026-01-30
2026-02-01,1_8,4,0.07699999999999818,-2.8679176327783797,2026-02,2026-01-30
2026-02-01,1_8,5,5.968000000000018,-1.1989437939301801,2026-02,2026-01-30
2026-02-01,1_8,6,10.95799999999997,3.020320514644694,2026-02,2026-01-30
2026-02-01,1_8,7,98.076,11.618573867561178,2026-02,2026-01-30
2026-02-01,1_8,8,-22.84299999999996,19.760445346432242,2026-02,2026-01-30
2026-02-01,9_16,9,-83.46699999999998,10.988688854213464,2026-02,2026-01-30
2026-02-01,9_16,10,-261.641,22.634782730168272,2026-02,2026-01-30
2026-02-01,9_16,11,-466.179,-5.764262761579608,2026-02,2026-01-30
2026-02-01,9_16,12,-489.704,-14.899459027783292,2026-02,2026-01-30
2026-02-01,9_16,13,-486.397,-24.339584431606063,2026-02,2026-01-30
2026-02-01,9_16,14,-433.755,-34.48404957471801,2026-02,2026-01-30
2026-02-01,9_16,15,-350.422,-18.335825887403686,2026-02,2026-01-30
2026-02-01,9_16,16,-225.17700000000002,-7.364789942555311,2026-02,2026-01-30
2026-02-01,17_24,17,-36.5,4.303851836144431,2026-02,2026-01-30
2026-02-01,17_24,18,-56.914999999999964,23.416454188091425,2026-02,2026-01-30
2026-02-01,17_24,19,-61.233000000000004,25.690909841837115,2026-02,2026-01-30
2026-02-01,17_24,20,-50.351999999999975,25.729644175899168,2026-02,2026-01-30
2026-02-01,17_24,21,-26.232000000000028,21.58459835910298,2026-02,2026-01-30
2026-02-01,17_24,22,-38.266999999999996,19.42340449139025,2026-02,2026-01-30
2026-02-01,17_24,23,-50.524,18.423946226050894,2026-02,2026-01-30
2026-02-01,17_24,24,-77.55899999999997,7.477582475726388,2026-02,2026-01-30
2026-02-02,1_8,1,-5.677999999999997,8.068135363888565,2026-02,2026-01-31
2026-02-02,1_8,2,-3.1070000000000277,4.365506551515799,2026-02,2026-01-31
2026-02-02,1_8,3,-29.829999999999984,7.636410469455233,2026-02,2026-01-31
2026-02-02,1_8,4,-14.367999999999995,7.118141998714957,2026-02,2026-01-31
2026-02-02,1_8,5,-47.855999999999995,9.298459273667717,2026-02,2026-01-31
2026-02-02,1_8,6,-14.0,13.055648791648332,2026-02,2026-01-31
2026-02-02,1_8,7,-24.504999999999995,11.024434068850079,2026-02,2026-01-31
2026-02-02,1_8,8,-29.60899999999998,10.501961266885825,2026-02,2026-01-31
2026-02-02,9_16,9,-57.420000000000016,23.953856388030573,2026-02,2026-01-31
2026-02-02,9_16,10,-133.06599999999997,19.24856034965168,2026-02,2026-01-31
2026-02-02,9_16,11,-158.31400000000002,12.480237782140529,2026-02,2026-01-31
2026-02-02,9_16,12,145.301,-1.2890236808361604,2026-02,2026-01-31
2026-02-02,9_16,13,130.5,4.240122088779007,2026-02,2026-01-31
2026-02-02,9_16,14,131.625,6.07291116493787,2026-02,2026-01-31
2026-02-02,9_16,15,213.95,10.675582555210424,2026-02,2026-01-31
2026-02-02,9_16,16,306.79200000000003,29.905033353500603,2026-02,2026-01-31
2026-02-02,17_24,17,-17.19799999999998,-0.8415116843230062,2026-02,2026-01-31
2026-02-02,17_24,18,-4.413999999999987,24.050894950577835,2026-02,2026-01-31
2026-02-02,17_24,19,25.098000000000013,23.157682121863246,2026-02,2026-01-31
2026-02-02,17_24,20,38.149,20.062010296720825,2026-02,2026-01-31
2026-02-02,17_24,21,23.80000000000001,11.312996887488703,2026-02,2026-01-31
2026-02-02,17_24,22,31.227000000000032,2.390610433163822,2026-02,2026-01-31
2026-02-02,17_24,23,1.3770000000000095,8.638418104138113,2026-02,2026-01-31
2026-02-02,17_24,24,4.211999999999989,9.83448693020421,2026-02,2026-01-31
2026-02-03,1_8,1,-33.54399999999998,-9.633144762954531,2026-02,2026-02-01
2026-02-03,1_8,2,-32.93099999999998,-10.39244354712508,2026-02,2026-02-01
2026-02-03,1_8,3,-4.661000000000001,-6.288619839125745,2026-02,2026-02-01
2026-02-03,1_8,4,20.620000000000005,-4.216215166919076,2026-02,2026-02-01
2026-02-03,1_8,5,49.28499999999997,-6.079515639448731,2026-02,2026-02-01
2026-02-03,1_8,6,56.30499999999995,-2.740014758005476,2026-02,2026-02-01
2026-02-03,1_8,7,108.53899999999999,8.225139759012272,2026-02,2026-02-01
2026-02-03,1_8,8,-13.432000000000016,16.60592013692582,2026-02,2026-02-01
2026-02-03,9_16,9,125.34300000000002,15.990772442131393,2026-02,2026-02-01
2026-02-03,9_16,10,325.0,19.08680515469504,2026-02,2026-02-01
2026-02-03,9_16,11,220.32299999999998,11.327670371593204,2026-02,2026-02-01
2026-02-03,9_16,12,-28.35,-13.04700316778961,2026-02,2026-02-01
2026-02-03,9_16,13,60.943,-31.128011222686823,2026-02,2026-02-01
2026-02-03,9_16,14,46.275,-34.47716278340169,2026-02,2026-02-01
2026-02-03,9_16,15,204.64100000000002,-23.011624575631227,2026-02,2026-02-01
2026-02-03,9_16,16,143.321,0.6717389601274768,2026-02,2026-02-01
2026-02-03,17_24,17,-26.40300000000002,-2.640731958673399,2026-02,2026-02-01
2026-02-03,17_24,18,30.456999999999994,5.113445536996345,2026-02,2026-02-01
2026-02-03,17_24,19,-15.305999999999983,7.863661635543554,2026-02,2026-02-01
2026-02-03,17_24,20,21.237000000000023,13.0372191266119,2026-02,2026-02-01
2026-02-03,17_24,21,-19.387999999999977,16.88088203523313,2026-02,2026-02-01
2026-02-03,17_24,22,-66.82799999999997,18.271001637115248,2026-02,2026-02-01
2026-02-03,17_24,23,-76.07799999999997,23.026179394584563,2026-02,2026-02-01
2026-02-03,17_24,24,112.458,19.577346903077245,2026-02,2026-02-01
2026-02-04,1_8,1,150.06900000000002,39.43505056143878,2026-02,2026-02-02
2026-02-04,1_8,2,-26.105999999999995,36.63449017522628,2026-02,2026-02-02
2026-02-04,1_8,3,-59.97999999999999,36.765333150074376,2026-02,2026-02-02
2026-02-04,1_8,4,123.858,37.57416602823983,2026-02,2026-02-02
2026-02-04,1_8,5,-36.596000000000004,33.72731543367631,2026-02,2026-02-02
2026-02-04,1_8,6,66.03399999999999,35.020831151047076,2026-02,2026-02-02
2026-02-04,1_8,7,213.75,40.993950800607486,2026-02,2026-02-02
2026-02-04,1_8,8,235.94,0.17422138496656114,2026-02,2026-02-02
2026-02-04,9_16,9,-104.12200000000001,0.4881329593870245,2026-02,2026-02-02
2026-02-04,9_16,10,-244.015,-23.837894385730827,2026-02,2026-02-02
2026-02-04,9_16,11,-9.325000000000003,-40.0010863471345,2026-02,2026-02-02
2026-02-04,9_16,12,-15.56,-37.34647158098998,2026-02,2026-02-02
2026-02-04,9_16,13,-116.672,-54.698862806636164,2026-02,2026-02-02
2026-02-04,9_16,14,-252.839,-61.18506330613302,2026-02,2026-02-02
2026-02-04,9_16,15,-305.701,-63.916640873565484,2026-02,2026-02-02
2026-02-04,9_16,16,-220.50799999999998,-41.141690483973434,2026-02,2026-02-02
2026-02-04,17_24,17,-234.81799999999998,-19.169402673495647,2026-02,2026-02-02
2026-02-04,17_24,18,-66.11099999999999,-15.978387131475873,2026-02,2026-02-02
2026-02-04,17_24,19,-52.12900000000002,-8.660023710312267,2026-02,2026-02-02
2026-02-04,17_24,20,-61.596000000000004,-6.909207128739166,2026-02,2026-02-02
2026-02-04,17_24,21,-76.20299999999997,-10.208301727054101,2026-02,2026-02-02
2026-02-04,17_24,22,-74.43700000000001,-10.69617888563631,2026-02,2026-02-02
2026-02-04,17_24,23,-140.21800000000002,-12.650000419434901,2026-02,2026-02-02
2026-02-04,17_24,24,-94.54999999999995,-13.836005039134594,2026-02,2026-02-02
2026-02-05,1_8,1,-94.154,6.747717100117104,2026-02,2026-02-03
2026-02-05,1_8,2,-66.93299999999999,5.397036073952244,2026-02,2026-02-03
2026-02-05,1_8,3,-22.523000000000025,5.496192607274696,2026-02,2026-02-03
2026-02-05,1_8,4,-54.125999999999976,7.854009763304005,2026-02,2026-02-03
2026-02-05,1_8,5,-21.265999999999963,8.365953549237581,2026-02,2026-02-03
2026-02-05,1_8,6,-22.973000000000013,5.271926909249686,2026-02,2026-02-03
2026-02-05,1_8,7,-32.11699999999996,4.736652352731096,2026-02,2026-02-03
2026-02-05,1_8,8,-148.01,-4.5761346556579925,2026-02,2026-02-03
2026-02-05,9_16,9,87.86000000000001,4.499922292691997,2026-02,2026-02-03
2026-02-05,9_16,10,234.558,18.53512212234713,2026-02,2026-02-03
2026-02-05,9_16,11,78.997,-3.366667773927852,2026-02,2026-02-03
2026-02-05,9_16,12,-150.388,13.781797831656405,2026-02,2026-02-03
2026-02-05,9_16,13,8.771,15.743370186877563,2026-02,2026-02-03
2026-02-05,9_16,14,30.0,12.229356614038537,2026-02,2026-02-03
2026-02-05,9_16,15,30.0,25.53869435230946,2026-02,2026-02-03
2026-02-05,9_16,16,109.375,17.397101834064095,2026-02,2026-02-03
2026-02-05,17_24,17,273.0,40.51029667219318,2026-02,2026-02-03
2026-02-05,17_24,18,120.816,34.72331923090916,2026-02,2026-02-03
2026-02-05,17_24,19,-70.45999999999998,22.341717500414212,2026-02,2026-02-03
2026-02-05,17_24,20,-101.964,27.047328785193052,2026-02,2026-02-03
2026-02-05,17_24,21,-167.765,25.523864356499963,2026-02,2026-02-03
2026-02-05,17_24,22,-97.67499999999998,26.958971228182957,2026-02,2026-02-03
2026-02-05,17_24,23,-202.038,26.352933211003958,2026-02,2026-02-03
2026-02-05,17_24,24,-227.666,28.252562053258526,2026-02,2026-02-03
2026-02-06,1_8,1,-306.237,39.17574553260214,2026-02,2026-02-04
2026-02-06,1_8,2,-215.509,29.440704229415523,2026-02,2026-02-04
2026-02-06,1_8,3,107.566,18.279468089470782,2026-02,2026-02-04
2026-02-06,1_8,4,-161.584,31.451270820363924,2026-02,2026-02-04
2026-02-06,1_8,5,-217.956,34.67647945573757,2026-02,2026-02-04
2026-02-06,1_8,6,-59.260000000000005,58.72666844356939,2026-02,2026-02-04
2026-02-06,1_8,7,64.496,61.313273637172514,2026-02,2026-02-04
2026-02-06,1_8,8,-160.54899999999998,67.5611180816549,2026-02,2026-02-04
2026-02-06,9_16,9,82.904,-48.27502737578179,2026-02,2026-02-04
2026-02-06,9_16,10,268.94,-73.40673121142255,2026-02,2026-02-04
2026-02-06,9_16,11,235.989,-66.0746680544017,2026-02,2026-02-04
2026-02-06,9_16,12,166.303,-64.99201051068924,2026-02,2026-02-04
2026-02-06,9_16,13,222.416,-49.93209098816912,2026-02,2026-02-04
2026-02-06,9_16,14,-110.642,-53.98372201387143,2026-02,2026-02-04
2026-02-06,9_16,15,-64.15900000000005,-56.28821713077483,2026-02,2026-02-04
2026-02-06,9_16,16,-41.48599999999999,-60.01411523277133,2026-02,2026-02-04
2026-02-06,17_24,17,-33.84800000000001,-24.206622269706635,2026-02,2026-02-04
2026-02-06,17_24,18,-57.422000000000025,-19.348893569036104,2026-02,2026-02-04
2026-02-06,17_24,19,-119.19200000000001,-19.773087330528472,2026-02,2026-02-04
2026-02-06,17_24,20,-209.17200000000003,-19.279051146592877,2026-02,2026-02-04
2026-02-06,17_24,21,30.86700000000002,-24.250888014045742,2026-02,2026-02-04
2026-02-06,17_24,22,16.716000000000008,-19.987239647583404,2026-02,2026-02-04
2026-02-06,17_24,23,10.180999999999983,-26.6212248178137,2026-02,2026-02-04
2026-02-06,17_24,24,20.13299999999998,-18.387015104982744,2026-02,2026-02-04
2026-02-07,1_8,1,4.168999999999983,-8.622003127549869,2026-02,2026-02-05
2026-02-07,1_8,2,17.196000000000026,-12.434177422405233,2026-02,2026-02-05
2026-02-07,1_8,3,7.682999999999993,-7.29414126644587,2026-02,2026-02-05
2026-02-07,1_8,4,28.024,-5.863349377072287,2026-02,2026-02-05
2026-02-07,1_8,5,26.452999999999975,-4.354870880500546,2026-02,2026-02-05
2026-02-07,1_8,6,30.158000000000015,-9.427787535874389,2026-02,2026-02-05
2026-02-07,1_8,7,20.312000000000012,-15.244311209421253,2026-02,2026-02-05
2026-02-07,1_8,8,0.9499999999999886,-20.916194373278458,2026-02,2026-02-05
2026-02-07,9_16,9,-52.06900000000002,-62.91051772751695,2026-02,2026-02-05
2026-02-07,9_16,10,-150.79199999999997,-73.19993837883305,2026-02,2026-02-05
2026-02-07,9_16,11,1.0329999999999977,-48.62397752134463,2026-02,2026-02-05
2026-02-07,9_16,12,64.921,-33.23965558372612,2026-02,2026-02-05
2026-02-07,9_16,13,78.023,-36.143525130305555,2026-02,2026-02-05
2026-02-07,9_16,14,67.593,-42.910691817810545,2026-02,2026-02-05
2026-02-07,9_16,15,79.5,-45.76371153737382,2026-02,2026-02-05
2026-02-07,9_16,16,128.0,-60.216022372132784,2026-02,2026-02-05
2026-02-07,17_24,17,317.794,-0.5378948534522424,2026-02,2026-02-05
2026-02-07,17_24,18,39.353999999999985,-9.916184502767065,2026-02,2026-02-05
2026-02-07,17_24,19,31.80000000000001,-16.3424596030645,2026-02,2026-02-05
2026-02-07,17_24,20,64.67399999999998,-13.27302519784464,2026-02,2026-02-05
2026-02-07,17_24,21,59.17500000000001,-19.966336038032583,2026-02,2026-02-05
2026-02-07,17_24,22,66.34500000000003,-16.01113090932359,2026-02,2026-02-05
2026-02-07,17_24,23,24.812999999999988,-15.047244964582998,2026-02,2026-02-05
2026-02-07,17_24,24,45.37099999999998,-19.360872646344802,2026-02,2026-02-05
2026-02-08,1_8,1,-16.063999999999965,-10.801806448717235,2026-02,2026-02-06
2026-02-08,1_8,2,0.49900000000002365,-8.603711773160311,2026-02,2026-02-06
2026-02-08,1_8,3,-7.476999999999975,-10.495611151593216,2026-02,2026-02-06
2026-02-08,1_8,4,9.435000000000002,-3.36152861048705,2026-02,2026-02-06
2026-02-08,1_8,5,11.494000000000028,-1.7982526892058903,2026-02,2026-02-06
2026-02-08,1_8,6,48.19100000000003,-4.476659643240358,2026-02,2026-02-06
2026-02-08,1_8,7,-2.0960000000000036,-5.657740940721031,2026-02,2026-02-06
2026-02-08,1_8,8,-18.798999999999978,-4.942494614633786,2026-02,2026-02-06
2026-02-08,9_16,9,166.911,1.3675216375485353,2026-02,2026-02-06
2026-02-08,9_16,10,165.0,-1.9528621807918602,2026-02,2026-02-06
2026-02-08,9_16,11,46.125,-2.910789790353646,2026-02,2026-02-06
2026-02-08,9_16,12,29.5,-1.8538811534840276,2026-02,2026-02-06
2026-02-08,9_16,13,38.0,11.220337220348206,2026-02,2026-02-06
2026-02-08,9_16,14,37.0,30.43500863276577,2026-02,2026-02-06
2026-02-08,9_16,15,36.0,23.148446248891908,2026-02,2026-02-06
2026-02-08,9_16,16,109.0,9.176554851725648,2026-02,2026-02-06
2026-02-08,17_24,17,219.02999999999997,-14.44111812259729,2026-02,2026-02-06
2026-02-08,17_24,18,63.791,-31.098058832572654,2026-02,2026-02-06
2026-02-08,17_24,19,91.45100000000002,-30.255612022611025,2026-02,2026-02-06
2026-02-08,17_24,20,44.863,-30.188042215425398,2026-02,2026-02-06
2026-02-08,17_24,21,64.70800000000003,-24.219298561429405,2026-02,2026-02-06
2026-02-08,17_24,22,3.548999999999978,-27.986174205572866,2026-02,2026-02-06
2026-02-08,17_24,23,-39.535000000000025,-28.274781029474976,2026-02,2026-02-06
2026-02-08,17_24,24,108.339,-17.143362797568525,2026-02,2026-02-06
2026-02-09,1_8,1,237.276,26.554663182879054,2026-02,2026-02-07
2026-02-09,1_8,2,280.2,31.169224453429674,2026-02,2026-02-07
2026-02-09,1_8,3,245.0,35.982356648176875,2026-02,2026-02-07
2026-02-09,1_8,4,259.0,28.901774366998676,2026-02,2026-02-07
2026-02-09,1_8,5,235.0,36.491258245014116,2026-02,2026-02-07
2026-02-09,1_8,6,233.5,72.70575750345027,2026-02,2026-02-07
2026-02-09,1_8,7,230.0,81.78754142500831,2026-02,2026-02-07
2026-02-09,1_8,8,105.44200000000001,60.354738665729634,2026-02,2026-02-07
2026-02-09,9_16,9,176.80200000000002,13.696659497428398,2026-02,2026-02-07
2026-02-09,9_16,10,130.0,6.340969559813181,2026-02,2026-02-07
2026-02-09,9_16,11,70.395,-11.275528129505696,2026-02,2026-02-07
2026-02-09,9_16,12,64.315,-12.673759367995048,2026-02,2026-02-07
2026-02-09,9_16,13,66.425,-18.344685300131513,2026-02,2026-02-07
2026-02-09,9_16,14,108.385,-31.575604705242313,2026-02,2026-02-07
2026-02-09,9_16,15,180.0,-11.214398713169109,2026-02,2026-02-07
2026-02-09,9_16,16,320.48,-28.27706866711983,2026-02,2026-02-07
2026-02-09,17_24,17,38.15499999999997,-7.594344057693296,2026-02,2026-02-07
2026-02-09,17_24,18,139.81099999999998,-0.9098727186905509,2026-02,2026-02-07
2026-02-09,17_24,19,35.446000000000026,-11.313569068104215,2026-02,2026-02-07
2026-02-09,17_24,20,48.923,-10.3204277890715,2026-02,2026-02-07
2026-02-09,17_24,21,51.42599999999999,-13.916170136001064,2026-02,2026-02-07
2026-02-09,17_24,22,-9.781999999999982,-12.733062460095002,2026-02,2026-02-07
2026-02-09,17_24,23,-7.397000000000048,-12.251768522657741,2026-02,2026-02-07
2026-02-09,17_24,24,-77.33299999999997,-8.17640771911891,2026-02,2026-02-07
2026-02-10,1_8,1,-110.87700000000001,-23.968798239737755,2026-02,2026-02-08
2026-02-10,1_8,2,-96.506,-26.675063440547376,2026-02,2026-02-08
2026-02-10,1_8,3,-57.298,-24.728592735412736,2026-02,2026-02-08
2026-02-10,1_8,4,-39.511000000000024,-24.385239733935126,2026-02,2026-02-08
2026-02-10,1_8,5,-8.40300000000002,-23.739093614218138,2026-02,2026-02-08
2026-02-10,1_8,6,-2.8450000000000273,-20.127653926033634,2026-02,2026-02-08
2026-02-10,1_8,7,-4.692999999999984,-21.527113393831325,2026-02,2026-02-08
2026-02-10,1_8,8,55.697,-27.317374780193777,2026-02,2026-02-08
2026-02-10,9_16,9,52.956999999999994,-4.433382330173077,2026-02,2026-02-08
2026-02-10,9_16,10,49.673,-25.7738437273129,2026-02,2026-02-08
2026-02-10,9_16,11,26.190999999999974,-58.23069865168169,2026-02,2026-02-08
2026-02-10,9_16,12,-148.416,-38.96088314126591,2026-02,2026-02-08
2026-02-10,9_16,13,-239.128,-37.932029959294276,2026-02,2026-02-08
2026-02-10,9_16,14,-227.062,-36.35396788711511,2026-02,2026-02-08
2026-02-10,9_16,15,-114.61099999999999,-54.99169775491043,2026-02,2026-02-08
2026-02-10,9_16,16,13.163000000000011,-31.684507500099247,2026-02,2026-02-08
2026-02-10,17_24,17,46.39699999999999,7.530135267179673,2026-02,2026-02-08
2026-02-10,17_24,18,69.62700000000001,23.53526353222991,2026-02,2026-02-08
2026-02-10,17_24,19,66.178,19.419126284944557,2026-02,2026-02-08
2026-02-10,17_24,20,61.30500000000001,23.517803585353843,2026-02,2026-02-08
2026-02-10,17_24,21,16.247000000000014,15.63020920453079,2026-02,2026-02-08
2026-02-10,17_24,22,-53.548,15.777058442986554,2026-02,2026-02-08
2026-02-10,17_24,23,-9.990000000000009,-2.7302271445137083,2026-02,2026-02-08
2026-02-10,17_24,24,1.3879999999999768,-9.897464324447508,2026-02,2026-02-08
2026-02-11,1_8,1,-27.197000000000003,-6.599145862227062,2026-02,2026-02-09
2026-02-11,1_8,2,-10.786000000000001,-6.958202163760846,2026-02,2026-02-09
2026-02-11,1_8,3,-15.786999999999978,-6.316864752197384,2026-02,2026-02-09
2026-02-11,1_8,4,-18.47399999999999,-7.603723794063857,2026-02,2026-02-09
2026-02-11,1_8,5,2.7620000000000005,-5.812416482599773,2026-02,2026-02-09
2026-02-11,1_8,6,2.6170000000000186,-1.5748381147203976,2026-02,2026-02-09
2026-02-11,1_8,7,15.213000000000022,-1.8785185506625064,2026-02,2026-02-09
2026-02-11,1_8,8,-43.73199999999997,-5.18705714826309,2026-02,2026-02-09
2026-02-11,9_16,9,10.229000000000042,-22.917253588292585,2026-02,2026-02-09
2026-02-11,9_16,10,113.575,-18.464290270461515,2026-02,2026-02-09
2026-02-11,9_16,11,73.566,-20.678259366265713,2026-02,2026-02-09
2026-02-11,9_16,12,29.007000000000005,-0.18674170313765165,2026-02,2026-02-09
2026-02-11,9_16,13,28.912999999999997,2.387089638754116,2026-02,2026-02-09
2026-02-11,9_16,14,30.0,-7.213889638280448,2026-02,2026-02-09
2026-02-11,9_16,15,30.25,-37.911919961457556,2026-02,2026-02-09
2026-02-11,9_16,16,87.0,-31.35621639054938,2026-02,2026-02-09
2026-02-11,17_24,17,217.195,-18.51961058317057,2026-02,2026-02-09
2026-02-11,17_24,18,62.971000000000004,-8.242462982678532,2026-02,2026-02-09
2026-02-11,17_24,19,43.139999999999986,-6.711336073366937,2026-02,2026-02-09
2026-02-11,17_24,20,15.470000000000027,-3.9867845856755295,2026-02,2026-02-09
2026-02-11,17_24,21,3.257000000000005,-3.944678752489152,2026-02,2026-02-09
2026-02-11,17_24,22,-8.12700000000001,-3.8298039082973205,2026-02,2026-02-09
2026-02-11,17_24,23,-41.730999999999995,3.0790014076689833,2026-02,2026-02-09
2026-02-11,17_24,24,-33.702,-1.5502421851236294,2026-02,2026-02-09
2026-02-12,1_8,1,27.781000000000006,23.481158653787322,2026-02,2026-02-10
2026-02-12,1_8,2,157.013,34.18735300954566,2026-02,2026-02-10
2026-02-12,1_8,3,-118.37700000000001,35.45116328816242,2026-02,2026-02-10
2026-02-12,1_8,4,216.135,43.19440073700466,2026-02,2026-02-10
2026-02-12,1_8,5,-56.536,27.54713478500253,2026-02,2026-02-10
2026-02-12,1_8,6,190.502,30.39223768256939,2026-02,2026-02-10
2026-02-12,1_8,7,281.21299999999997,51.58420708877403,2026-02,2026-02-10
2026-02-12,1_8,8,132.317,50.8887775284269,2026-02,2026-02-10
2026-02-12,9_16,9,94.675,33.29979001578143,2026-02,2026-02-10
2026-02-12,9_16,10,23.4,39.51746501083752,2026-02,2026-02-10
2026-02-12,9_16,11,10.0,23.7153408846198,2026-02,2026-02-10
2026-02-12,9_16,12,17.375,20.548595904540303,2026-02,2026-02-10
2026-02-12,9_16,13,10.0,27.15042577145059,2026-02,2026-02-10
2026-02-12,9_16,14,10.0,22.57339897634447,2026-02,2026-02-10
2026-02-12,9_16,15,10.0,14.053256271490774,2026-02,2026-02-10
2026-02-12,9_16,16,69.5,17.706695068914538,2026-02,2026-02-10
2026-02-12,17_24,17,164.454,5.4300585710020615,2026-02,2026-02-10
2026-02-12,17_24,18,78.255,-9.566890569758012,2026-02,2026-02-10
2026-02-12,17_24,19,26.621000000000038,-4.2026806249839135,2026-02,2026-02-10
2026-02-12,17_24,20,140.14800000000002,-3.5716580739435573,2026-02,2026-02-10
2026-02-12,17_24,21,19.627999999999986,-7.507210693986892,2026-02,2026-02-10
2026-02-12,17_24,22,118.18200000000002,-14.122641208102436,2026-02,2026-02-10
2026-02-12,17_24,23,91.33499999999998,-11.343389523529428,2026-02,2026-02-10
2026-02-12,17_24,24,58.045000000000016,-4.210012475372424,2026-02,2026-02-10
2026-02-13,1_8,1,-22.764999999999986,-11.200827816691165,2026-02,2026-02-11
2026-02-13,1_8,2,-32.03899999999999,-8.860048976019025,2026-02,2026-02-11
2026-02-13,1_8,3,10.413999999999987,-13.980240125935577,2026-02,2026-02-11
2026-02-13,1_8,4,-4.468000000000018,-9.450467274317289,2026-02,2026-02-11
2026-02-13,1_8,5,44.99000000000001,-9.024817810982647,2026-02,2026-02-11
2026-02-13,1_8,6,3.9669999999999845,-0.4988775481003051,2026-02,2026-02-11
2026-02-13,1_8,7,8.485000000000014,0.8740160584238578,2026-02,2026-02-11
2026-02-13,1_8,8,-97.88400000000001,-7.439069771457007,2026-02,2026-02-11
2026-02-13,9_16,9,-4.866000000000014,7.828560068859632,2026-02,2026-02-11
2026-02-13,9_16,10,11.0,7.4823498115357205,2026-02,2026-02-11
2026-02-13,9_16,11,9.5,-1.1555910160011653,2026-02,2026-02-11
2026-02-13,9_16,12,9.5,-3.223737327711733,2026-02,2026-02-11
2026-02-13,9_16,13,9.5,-2.613432840803222,2026-02,2026-02-11
2026-02-13,9_16,14,9.5,-12.121343674622594,2026-02,2026-02-11
2026-02-13,9_16,15,9.5,-15.675792825499016,2026-02,2026-02-11
2026-02-13,9_16,16,9.5,-3.2736961519768717,2026-02,2026-02-11
2026-02-13,17_24,17,-33.04000000000002,23.197003236805777,2026-02,2026-02-11
2026-02-13,17_24,18,19.151999999999987,12.795432433659482,2026-02,2026-02-11
2026-02-13,17_24,19,49.738,-1.0110843340582052,2026-02,2026-02-11
2026-02-13,17_24,20,49.247000000000014,-3.1516613633919093,2026-02,2026-02-11
2026-02-13,17_24,21,27.86700000000002,-6.681025106396775,2026-02,2026-02-11
2026-02-13,17_24,22,-15.778999999999996,-17.014022367225618,2026-02,2026-02-11
2026-02-13,17_24,23,67.74000000000001,-16.68395103860518,2026-02,2026-02-11
2026-02-13,17_24,24,189.168,-21.141343703633844,2026-02,2026-02-11
2026-02-14,1_8,1,179.623,85.38377160501842,2026-02,2026-02-12
2026-02-14,1_8,2,180.0,90.90382723490109,2026-02,2026-02-12
2026-02-14,1_8,3,20.655,83.6092812499634,2026-02,2026-02-12
2026-02-14,1_8,4,180.0,97.68038792813667,2026-02,2026-02-12
2026-02-14,1_8,5,180.0,94.82646780455482,2026-02,2026-02-12
2026-02-14,1_8,6,176.35,107.97900126063578,2026-02,2026-02-12
2026-02-14,1_8,7,113.83,119.38943403398514,2026-02,2026-02-12
2026-02-14,1_8,8,142.227,114.10888124654838,2026-02,2026-02-12
2026-02-14,9_16,9,11.0,119.9522084723603,2026-02,2026-02-12
2026-02-14,9_16,10,5.0,106.97073404278393,2026-02,2026-02-12
2026-02-14,9_16,11,1.125,99.80645231083643,2026-02,2026-02-12
2026-02-14,9_16,12,5.0,91.15734539213807,2026-02,2026-02-12
2026-02-14,9_16,13,5.0,90.20139054538078,2026-02,2026-02-12
2026-02-14,9_16,14,5.0,91.0672340212902,2026-02,2026-02-12
2026-02-14,9_16,15,4.125,88.12588917299692,2026-02,2026-02-12
2026-02-14,9_16,16,5.0,113.16345708456656,2026-02,2026-02-12
2026-02-14,17_24,17,-15.385000000000005,32.31541668885878,2026-02,2026-02-12
2026-02-14,17_24,18,87.63499999999999,34.46466077951558,2026-02,2026-02-12
2026-02-14,17_24,19,55.00999999999999,21.967902367153084,2026-02,2026-02-12
2026-02-14,17_24,20,59.56099999999998,18.164444180035836,2026-02,2026-02-12
2026-02-14,17_24,21,39.525000000000006,11.463579227709035,2026-02,2026-02-12
2026-02-14,17_24,22,-26.736999999999966,7.625754656044439,2026-02,2026-02-12
2026-02-14,17_24,23,-158.902,17.386360105438992,2026-02,2026-02-12
2026-02-14,17_24,24,-177.22000000000003,15.817776770922626,2026-02,2026-02-12
2026-02-15,1_8,1,-387.594,14.478812163035927,2026-02,2026-02-13
2026-02-15,1_8,2,-128.53,13.906729344816245,2026-02,2026-02-13
2026-02-15,1_8,3,-122.28399999999999,17.40470800339378,2026-02,2026-02-13
2026-02-15,1_8,4,1.0,19.71096185860359,2026-02,2026-02-13
2026-02-15,1_8,5,0.5,18.395844028279903,2026-02,2026-02-13
2026-02-15,1_8,6,0.5,20.21380167118494,2026-02,2026-02-13
2026-02-15,1_8,7,0.5,21.712055315005824,2026-02,2026-02-13
2026-02-15,1_8,8,3.125,26.018811977519157,2026-02,2026-02-13
2026-02-15,9_16,9,5.0,94.22085004402697,2026-02,2026-02-13
2026-02-15,9_16,10,0.5,89.2594991463512,2026-02,2026-02-13
2026-02-15,9_16,11,0.5,76.62130793545319,2026-02,2026-02-13
2026-02-15,9_16,12,5.0,81.85285955219953,2026-02,2026-02-13
2026-02-15,9_16,13,2.4170000000000016,70.08329397104085,2026-02,2026-02-13
2026-02-15,9_16,14,0.5,65.69983665780303,2026-02,2026-02-13
2026-02-15,9_16,15,0.5,77.10896692837834,2026-02,2026-02-13
2026-02-15,9_16,16,5.0,78.31767570225108,2026-02,2026-02-13
2026-02-15,17_24,17,-149.031,53.45155337075659,2026-02,2026-02-13
2026-02-15,17_24,18,-24.673999999999978,35.7072815483976,2026-02,2026-02-13
2026-02-15,17_24,19,-1.8179999999999836,28.117371050471842,2026-02,2026-02-13
2026-02-15,17_24,20,40.512,26.4425039046132,2026-02,2026-02-13
2026-02-15,17_24,21,40.759000000000015,20.380927414174682,2026-02,2026-02-13
2026-02-15,17_24,22,38.39100000000002,17.77639174457907,2026-02,2026-02-13
2026-02-15,17_24,23,3.697999999999979,23.948202780040003,2026-02,2026-02-13
2026-02-15,17_24,24,-7.750999999999976,18.61870003960052,2026-02,2026-02-13
2026-02-16,1_8,1,-61.160000000000025,-3.6767022102600233,2026-02,2026-02-14
2026-02-16,1_8,2,-66.03199999999998,-1.2864159143179963,2026-02,2026-02-14
2026-02-16,1_8,3,-116.74100000000001,0.8180905117332795,2026-02,2026-02-14
2026-02-16,1_8,4,-199.918,2.0467590614534013,2026-02,2026-02-14
2026-02-16,1_8,5,-145.005,1.9036387964600825,2026-02,2026-02-14
2026-02-16,1_8,6,-166.954,5.053854547554263,2026-02,2026-02-14
2026-02-16,1_8,7,-45.02699999999999,4.367330359635767,2026-02,2026-02-14
2026-02-16,1_8,8,-39.041,-3.9458530029975014,2026-02,2026-02-14
2026-02-16,9_16,9,128.0,34.498781864845746,2026-02,2026-02-14
2026-02-16,9_16,10,2.0,14.193052087671473,2026-02,2026-02-14
2026-02-16,9_16,11,2.0,19.660354573480323,2026-02,2026-02-14
2026-02-16,9_16,12,2.0,26.621153684875804,2026-02,2026-02-14
2026-02-16,9_16,13,2.0,9.986535062656754,2026-02,2026-02-14
2026-02-16,9_16,14,2.0,-2.175667357364851,2026-02,2026-02-14
2026-02-16,9_16,15,2.0,14.882713804525714,2026-02,2026-02-14
2026-02-16,9_16,16,28.125,5.549323739011363,2026-02,2026-02-14
2026-02-16,17_24,17,77.83200000000002,23.337559041072225,2026-02,2026-02-14
2026-02-16,17_24,18,108.957,23.620050049298303,2026-02,2026-02-14
2026-02-16,17_24,19,109.84899999999999,25.83512212378054,2026-02,2026-02-14
2026-02-16,17_24,20,121.98700000000002,29.943493901727933,2026-02,2026-02-14
2026-02-16,17_24,21,121.72199999999998,18.947019243824506,2026-02,2026-02-14
2026-02-16,17_24,22,159.3,17.842974313432027,2026-02,2026-02-14
2026-02-16,17_24,23,140.055,19.78394931933947,2026-02,2026-02-14
2026-02-16,17_24,24,129.71800000000002,27.985567140620837,2026-02,2026-02-14
2026-02-17,1_8,1,-2.3310000000000173,-3.2573438878690735,2026-02,2026-02-15
2026-02-17,1_8,2,15.855999999999995,-2.1865541582133807,2026-02,2026-02-15
2026-02-17,1_8,3,-3.4540000000000077,-0.5900596022076248,2026-02,2026-02-15
2026-02-17,1_8,4,34.22300000000001,4.225510814136643,2026-02,2026-02-15
2026-02-17,1_8,5,-30.13900000000001,4.445435750917105,2026-02,2026-02-15
2026-02-17,1_8,6,-49.15499999999997,4.25778166644797,2026-02,2026-02-15
2026-02-17,1_8,7,-110.22199999999998,3.3757715098317433,2026-02,2026-02-15
2026-02-17,1_8,8,11.768000000000029,5.435370908364738,2026-02,2026-02-15
2026-02-17,9_16,9,43.333,-4.061488828870179,2026-02,2026-02-15
2026-02-17,9_16,10,2.0,-0.0029055738640499634,2026-02,2026-02-15
2026-02-17,9_16,11,2.0,-5.989252265870739,2026-02,2026-02-15
2026-02-17,9_16,12,2.0,-7.901931347974288,2026-02,2026-02-15
2026-02-17,9_16,13,2.0,-1.2707102414378397,2026-02,2026-02-15
2026-02-17,9_16,14,0.09499999999999886,1.455198002216337,2026-02,2026-02-15
2026-02-17,9_16,15,2.0,1.8220611360423276,2026-02,2026-02-15
2026-02-17,9_16,16,2.0,-12.321062555540806,2026-02,2026-02-15
2026-02-17,17_24,17,196.0,19.634713851939516,2026-02,2026-02-15
2026-02-17,17_24,18,36.91900000000004,19.965769114989868,2026-02,2026-02-15
2026-02-17,17_24,19,53.00600000000003,21.134500067700422,2026-02,2026-02-15
2026-02-17,17_24,20,306.492,19.31556179790249,2026-02,2026-02-15
2026-02-17,17_24,21,250.934,13.582064150560628,2026-02,2026-02-15
2026-02-17,17_24,22,247.029,6.969439112976317,2026-02,2026-02-15
2026-02-17,17_24,23,222.328,3.020501347305209,2026-02,2026-02-15
2026-02-17,17_24,24,105.394,7.941723200847776,2026-02,2026-02-15
2026-02-18,1_8,1,125.43,35.16709047478588,2026-02,2026-02-16
2026-02-18,1_8,2,97.0,38.26612829982772,2026-02,2026-02-16
2026-02-18,1_8,3,118.2,52.00104585903717,2026-02,2026-02-16
2026-02-18,1_8,4,106.32,44.641076661536914,2026-02,2026-02-16
2026-02-18,1_8,5,137.5,4.976724962659359,2026-02,2026-02-16
2026-02-18,1_8,6,274.91700000000003,5.26805399870012,2026-02,2026-02-16
2026-02-18,1_8,7,-13.215000000000003,2.253998610448908,2026-02,2026-02-16
2026-02-18,1_8,8,-157.83800000000002,38.520190530470046,2026-02,2026-02-16
2026-02-18,9_16,9,1.0,9.751034448106852,2026-02,2026-02-16
2026-02-18,9_16,10,1.375,4.0164151451857215,2026-02,2026-02-16
2026-02-18,9_16,11,0.25,-6.742119235131924,2026-02,2026-02-16
2026-02-18,9_16,12,2.0,-7.642303689431784,2026-02,2026-02-16
2026-02-18,9_16,13,1.3499999999999943,-13.534333727043496,2026-02,2026-02-16
2026-02-18,9_16,14,1.0,-17.03603755655422,2026-02,2026-02-16
2026-02-18,9_16,15,1.0,-15.565427705863485,2026-02,2026-02-16
2026-02-18,9_16,16,2.0,-8.360417033959305,2026-02,2026-02-16
2026-02-18,17_24,17,176.92000000000002,65.86513726855644,2026-02,2026-02-16
2026-02-18,17_24,18,-88.25,61.85144325612313,2026-02,2026-02-16
2026-02-18,17_24,19,-91.33299999999997,67.32673896797638,2026-02,2026-02-16
2026-02-18,17_24,20,-44.754999999999995,68.01210668520723,2026-02,2026-02-16
2026-02-18,17_24,21,-77.74900000000002,61.81778035415669,2026-02,2026-02-16
2026-02-18,17_24,22,-60.047000000000025,61.78231244139579,2026-02,2026-02-16
2026-02-18,17_24,23,-120.05700000000002,63.09984454613776,2026-02,2026-02-16
2026-02-18,17_24,24,-116.31400000000002,63.91757226827902,2026-02,2026-02-16
2026-02-19,1_8,1,-214.52,5.030138953231862,2026-02,2026-02-17
2026-02-19,1_8,2,-105.78300000000002,0.8681469208962561,2026-02,2026-02-17
2026-02-19,1_8,3,33.551,0.9654247377218425,2026-02,2026-02-17
2026-02-19,1_8,4,125.0,33.563031175653556,2026-02,2026-02-17
2026-02-19,1_8,5,52.0,24.240017162716693,2026-02,2026-02-17
2026-02-19,1_8,6,80.0,20.89535328584433,2026-02,2026-02-17
2026-02-19,1_8,7,58.736999999999995,26.809924854891758,2026-02,2026-02-17
2026-02-19,1_8,8,50.275,22.57472581258709,2026-02,2026-02-17
2026-02-19,9_16,9,0.04200000000000159,6.2459210109040395,2026-02,2026-02-17
2026-02-19,9_16,10,0.010000000000005116,-1.9993013190793045,2026-02,2026-02-17
2026-02-19,9_16,11,-0.0,-1.1464239434816157,2026-02,2026-02-17
2026-02-19,9_16,12,-0.0,0.5906328810055098,2026-02,2026-02-17
2026-02-19,9_16,13,-0.0,-1.0049580051425893,2026-02,2026-02-17
2026-02-19,9_16,14,-0.0,-0.43470891093267705,2026-02,2026-02-17
2026-02-19,9_16,15,0.010000000000005116,-2.2645054769714204,2026-02,2026-02-17
2026-02-19,9_16,16,0.22499999999999432,-7.8072400107798,2026-02,2026-02-17
2026-02-19,17_24,17,-69.113,85.91131486253214,2026-02,2026-02-17
2026-02-19,17_24,18,-298.49500000000006,81.72491383669019,2026-02,2026-02-17
2026-02-19,17_24,19,-171.776,75.01168763817078,2026-02,2026-02-17
2026-02-19,17_24,20,-128.599,83.48217880385413,2026-02,2026-02-17
2026-02-19,17_24,21,-152.77300000000002,85.48011719610487,2026-02,2026-02-17
2026-02-19,17_24,22,-158.65699999999998,86.43358833775468,2026-02,2026-02-17
2026-02-19,17_24,23,-188.87900000000002,93.02078160254352,2026-02,2026-02-17
2026-02-19,17_24,24,-249.168,93.56177665272,2026-02,2026-02-17
2026-02-20,1_8,1,-52.768,87.44702420284091,2026-02,2026-02-18
2026-02-20,1_8,2,28.429,104.93414520106207,2026-02,2026-02-18
2026-02-20,1_8,3,-254.86700000000002,103.7430778925943,2026-02,2026-02-18
2026-02-20,1_8,4,34.852,120.28748892864506,2026-02,2026-02-18
2026-02-20,1_8,5,55.25,114.17021832710883,2026-02,2026-02-18
2026-02-20,1_8,6,-152.486,104.95631984960096,2026-02,2026-02-18
2026-02-20,1_8,7,-314.795,80.09422486685425,2026-02,2026-02-18
2026-02-20,1_8,8,-132.909,88.92300646897166,2026-02,2026-02-18
2026-02-20,9_16,9,0.22499999999999432,3.5314257967939566,2026-02,2026-02-18
2026-02-20,9_16,10,0.045000000000001705,5.023238834265032,2026-02,2026-02-18
2026-02-20,9_16,11,0.030000000000001137,7.616940687666438,2026-02,2026-02-18
2026-02-20,9_16,12,0.02200000000000557,4.358359507928069,2026-02,2026-02-18
2026-02-20,9_16,13,0.15000000000000568,4.714458633366624,2026-02,2026-02-18
2026-02-20,9_16,14,0.03499999999999659,0.059871722604426005,2026-02,2026-02-18
2026-02-20,9_16,15,0.030000000000001137,3.110158015236281,2026-02,2026-02-18
2026-02-20,9_16,16,0.09199999999999875,0.20834980593618624,2026-02,2026-02-18
2026-02-20,17_24,17,5.25,26.957913841725897,2026-02,2026-02-18
2026-02-20,17_24,18,-76.082,21.11309802765328,2026-02,2026-02-18
2026-02-20,17_24,19,171.33100000000002,22.310230555580077,2026-02,2026-02-18
2026-02-20,17_24,20,32.298,40.70610762100344,2026-02,2026-02-18
2026-02-20,17_24,21,150.153,43.96987794757517,2026-02,2026-02-18
2026-02-20,17_24,22,-276.072,43.94445354528246,2026-02,2026-02-18
2026-02-20,17_24,23,69.0,36.8601007364518,2026-02,2026-02-18
2026-02-20,17_24,24,55.0,34.928972819845825,2026-02,2026-02-18
2026-02-21,1_8,1,15.0,73.89030192641229,2026-02,2026-02-19
2026-02-21,1_8,2,7.375,72.26121571765229,2026-02,2026-02-19
2026-02-21,1_8,3,5.0,74.17872857513629,2026-02,2026-02-19
2026-02-21,1_8,4,2.5,84.00664919114149,2026-02,2026-02-19
2026-02-21,1_8,5,2.0,79.25688787724172,2026-02,2026-02-19
2026-02-21,1_8,6,10.0,76.93883658767705,2026-02,2026-02-19
2026-02-21,1_8,7,15.0,74.63984523425873,2026-02,2026-02-19
2026-02-21,1_8,8,29.685000000000002,77.83176444150904,2026-02,2026-02-19
2026-02-21,9_16,9,0.16200000000000614,-0.7339753211361423,2026-02,2026-02-19
2026-02-21,9_16,10,0.01999999999999602,0.9434999549901664,2026-02,2026-02-19
2026-02-21,9_16,11,0.01999999999999602,3.1129703259929777,2026-02,2026-02-19
2026-02-21,9_16,12,0.01999999999999602,-2.5246900579947034,2026-02,2026-02-19
2026-02-21,9_16,13,0.030000000000001137,1.1120991311216901,2026-02,2026-02-19
2026-02-21,9_16,14,0.01999999999999602,5.88560117134526,2026-02,2026-02-19
2026-02-21,9_16,15,0.01999999999999602,2.826451432944955,2026-02,2026-02-19
2026-02-21,9_16,16,0.06499999999999773,5.333501556111722,2026-02,2026-02-19
2026-02-21,17_24,17,27.5,-8.187487636885423,2026-02,2026-02-19
2026-02-21,17_24,18,-34.28899999999999,-38.52421254909553,2026-02,2026-02-19
2026-02-21,17_24,19,66.78800000000001,-32.370144308183754,2026-02,2026-02-19
2026-02-21,17_24,20,-21.314999999999998,-32.30090983950656,2026-02,2026-02-19
2026-02-21,17_24,21,132.311,-28.349906070195015,2026-02,2026-02-19
2026-02-21,17_24,22,-140.44799999999998,-33.495106085413,2026-02,2026-02-19
2026-02-21,17_24,23,-19.186,-29.95713496093981,2026-02,2026-02-19
2026-02-21,17_24,24,59.639,-33.90643757214148,2026-02,2026-02-19
2026-02-22,1_8,1,1.5,23.865561436039624,2026-02,2026-02-20
2026-02-22,1_8,2,2.0,15.927286856165447,2026-02,2026-02-20
2026-02-22,1_8,3,0.5499999999999972,10.94232212497102,2026-02,2026-02-20
2026-02-22,1_8,4,0.5499999999999972,33.83038408480341,2026-02,2026-02-20
2026-02-22,1_8,5,0.5499999999999972,43.309402480150965,2026-02,2026-02-20
2026-02-22,1_8,6,-31.998000000000005,27.912987566594357,2026-02,2026-02-20
2026-02-22,1_8,7,-1.0180000000000007,22.79046075200358,2026-02,2026-02-20
2026-02-22,1_8,8,2.0,10.385466727153233,2026-02,2026-02-20
2026-02-22,9_16,9,2.0,-6.295030780310124,2026-02,2026-02-20
2026-02-22,9_16,10,2.0,-1.2122205594851614,2026-02,2026-02-20
2026-02-22,9_16,11,2.0,-1.879758686525577,2026-02,2026-02-20
2026-02-22,9_16,12,2.0,-2.079363814143847,2026-02,2026-02-20
2026-02-22,9_16,13,2.0,-0.07421018948834822,2026-02,2026-02-20
2026-02-22,9_16,14,2.0,-0.547995086972691,2026-02,2026-02-20
2026-02-22,9_16,15,2.0,-3.4199340085291676,2026-02,2026-02-20
2026-02-22,9_16,16,2.0,-0.9881218715790725,2026-02,2026-02-20
2026-02-22,17_24,17,261.522,-0.6369535712147636,2026-02,2026-02-20
2026-02-22,17_24,18,-14.615000000000009,-25.515621761822178,2026-02,2026-02-20
2026-02-22,17_24,19,27.649,-33.25862879160653,2026-02,2026-02-20
2026-02-22,17_24,20,53.39500000000004,-19.493069911942563,2026-02,2026-02-20
2026-02-22,17_24,21,96.44799999999998,-36.24218293148867,2026-02,2026-02-20
2026-02-22,17_24,22,119.63600000000002,-13.551906690445081,2026-02,2026-02-20
2026-02-22,17_24,23,88.71999999999997,-17.528646279306617,2026-02,2026-02-20
2026-02-22,17_24,24,47.226999999999975,-18.735113101220477,2026-02,2026-02-20
2026-02-23,1_8,1,-24.33499999999998,0.4085121478862686,2026-02,2026-02-21
2026-02-23,1_8,2,-26.125,7.029024252242483,2026-02,2026-02-21
2026-02-23,1_8,3,-41.62099999999998,10.142021896158754,2026-02,2026-02-21
2026-02-23,1_8,4,104.987,34.43496089809397,2026-02,2026-02-21
2026-02-23,1_8,5,152.383,58.23518949110148,2026-02,2026-02-21
2026-02-23,1_8,6,244.44400000000002,66.3313602908747,2026-02,2026-02-21
2026-02-23,1_8,7,308.099,42.8779645923585,2026-02,2026-02-21
2026-02-23,1_8,8,213.441,22.448384376400274,2026-02,2026-02-21
2026-02-23,9_16,9,-32.53199999999998,-7.1454894481453195,2026-02,2026-02-21
2026-02-23,9_16,10,-96.95100000000002,-10.265663996800846,2026-02,2026-02-21
2026-02-23,9_16,11,-140.888,-6.886854555361254,2026-02,2026-02-21
2026-02-23,9_16,12,-171.485,3.7353177003591567,2026-02,2026-02-21
2026-02-23,9_16,13,-143.93800000000002,-4.672437024480842,2026-02,2026-02-21
2026-02-23,9_16,14,-109.71199999999999,-2.808220599657751,2026-02,2026-02-21
2026-02-23,9_16,15,-96.981,-2.042126394458054,2026-02,2026-02-21
2026-02-23,9_16,16,-128.67399999999998,9.539413262660162,2026-02,2026-02-21
2026-02-23,17_24,17,-134.99399999999997,18.887680075321267,2026-02,2026-02-21
2026-02-23,17_24,18,-164.60500000000002,-6.6276433788165745,2026-02,2026-02-21
2026-02-23,17_24,19,-33.374000000000024,-3.960647180534883,2026-02,2026-02-21
2026-02-23,17_24,20,-88.02499999999998,-0.5062534326582294,2026-02,2026-02-21
2026-02-23,17_24,21,-28.51600000000002,-8.78732989965645,2026-02,2026-02-21
2026-02-23,17_24,22,-14.223000000000013,-1.0993187146487229,2026-02,2026-02-21
2026-02-23,17_24,23,-3.079999999999984,-5.600773548260208,2026-02,2026-02-21
2026-02-23,17_24,24,23.488,-2.4794380476032174,2026-02,2026-02-21
2026-02-24,1_8,1,0.6750000000000114,-15.154120013398716,2026-02,2026-02-22
2026-02-24,1_8,2,-1.3109999999999786,-14.141373921043122,2026-02,2026-02-22
2026-02-24,1_8,3,-6.000999999999976,-11.246252107337712,2026-02,2026-02-22
2026-02-24,1_8,4,1.0299999999999727,-9.690412647735828,2026-02,2026-02-22
2026-02-24,1_8,5,-0.3120000000000118,-2.1961718265000947,2026-02,2026-02-22
2026-02-24,1_8,6,-1.8449999999999704,-3.8752024898117483,2026-02,2026-02-22
2026-02-24,1_8,7,5.5330000000000155,-8.890929780961038,2026-02,2026-02-22
2026-02-24,1_8,8,-21.221000000000004,-11.220543563495152,2026-02,2026-02-22
2026-02-24,9_16,9,-17.937000000000012,27.00093838606499,2026-02,2026-02-22
2026-02-24,9_16,10,-64.26700000000002,31.252087559732303,2026-02,2026-02-22
2026-02-24,9_16,11,132.413,14.741299401000498,2026-02,2026-02-22
2026-02-24,9_16,12,-247.79000000000002,7.885466179490761,2026-02,2026-02-22
2026-02-24,9_16,13,-318.965,6.269844797986131,2026-02,2026-02-22
2026-02-24,9_16,14,-378.365,11.172692474312784,2026-02,2026-02-22
2026-02-24,9_16,15,-316.606,6.170328049970612,2026-02,2026-02-22
2026-02-24,9_16,16,-274.052,3.7600046408412333,2026-02,2026-02-22
2026-02-24,17_24,17,-79.93900000000002,9.402859812696795,2026-02,2026-02-22
2026-02-24,17_24,18,32.00200000000001,-12.237107864814242,2026-02,2026-02-22
2026-02-24,17_24,19,45.309000000000026,13.41318783923261,2026-02,2026-02-22
2026-02-24,17_24,20,39.287000000000035,6.893619290630367,2026-02,2026-02-22
2026-02-24,17_24,21,41.09500000000003,-1.5774407770780434,2026-02,2026-02-22
2026-02-24,17_24,22,-47.75699999999995,-2.8868534454490615,2026-02,2026-02-22
2026-02-24,17_24,23,5.257000000000005,-0.11407863046717397,2026-02,2026-02-22
2026-02-24,17_24,24,5.113999999999976,7.808843318670661,2026-02,2026-02-22
2026-02-25,1_8,1,11.5,-2.950607575026012,2026-02,2026-02-23
2026-02-25,1_8,2,39.615999999999985,-0.7109310652851827,2026-02,2026-02-23
2026-02-25,1_8,3,-6.178999999999974,-0.375842621861651,2026-02,2026-02-23
2026-02-25,1_8,4,-21.97199999999998,3.5279743488834976,2026-02,2026-02-23
2026-02-25,1_8,5,-38.752999999999986,0.9184519915106326,2026-02,2026-02-23
2026-02-25,1_8,6,-12.59699999999998,6.859867307613438,2026-02,2026-02-23
2026-02-25,1_8,7,30.004999999999995,-2.252519819826531,2026-02,2026-02-23
2026-02-25,1_8,8,21.451999999999998,1.601614972135479,2026-02,2026-02-23
2026-02-25,9_16,9,-79.40199999999999,6.8555773288945305,2026-02,2026-02-23
2026-02-25,9_16,10,-184.342,-6.429510994575581,2026-02,2026-02-23
2026-02-25,9_16,11,116.0,-16.04682197141745,2026-02,2026-02-23
2026-02-25,9_16,12,77.301,0.4654247377113152,2026-02,2026-02-23
2026-02-25,9_16,13,21.567999999999998,-1.6525222372461161,2026-02,2026-02-23
2026-02-25,9_16,14,30.0,-4.532483586796431,2026-02,2026-02-23
2026-02-25,9_16,15,11.0,-2.765736807133337,2026-02,2026-02-23
2026-02-25,9_16,16,45.209,0.49614713945776184,2026-02,2026-02-23
2026-02-25,17_24,17,-173.715,19.629551182240128,2026-02,2026-02-23
2026-02-25,17_24,18,-33.79899999999998,-8.554108720096583,2026-02,2026-02-23
2026-02-25,17_24,19,-37.245000000000005,-0.5125115502588233,2026-02,2026-02-23
2026-02-25,17_24,20,-39.73599999999999,0.25842782489805766,2026-02,2026-02-23
2026-02-25,17_24,21,-59.613,-2.038779669874884,2026-02,2026-02-23
2026-02-25,17_24,22,-44.403999999999996,2.1422673680718143,2026-02,2026-02-23
2026-02-25,17_24,23,-6.562000000000012,-0.7766886855926013,2026-02,2026-02-23
2026-02-25,17_24,24,-7.704000000000008,1.071755202577187,2026-02,2026-02-23
2026-02-26,1_8,1,8.997000000000014,-2.005551152263574,2026-02,2026-02-24
2026-02-26,1_8,2,7.733000000000004,1.1989143642395328,2026-02,2026-02-24
2026-02-26,1_8,3,9.754000000000019,5.681353912644044,2026-02,2026-02-24
2026-02-26,1_8,4,8.673000000000002,5.330824852599762,2026-02,2026-02-24
2026-02-26,1_8,5,13.999000000000024,7.886785661834781,2026-02,2026-02-24
2026-02-26,1_8,6,18.716999999999985,7.277471482412498,2026-02,2026-02-24
2026-02-26,1_8,7,21.031999999999982,7.548922449683609,2026-02,2026-02-24
2026-02-26,1_8,8,49.47199999999998,11.33625202923691,2026-02,2026-02-24
2026-02-26,9_16,9,-72.71199999999999,14.366648386617445,2026-02,2026-02-24
2026-02-26,9_16,10,117.61099999999999,32.76135991084451,2026-02,2026-02-24
2026-02-26,9_16,11,153.723,45.74444571540319,2026-02,2026-02-24
2026-02-26,9_16,12,157.281,3.2192778466536858,2026-02,2026-02-24
2026-02-26,9_16,13,65.82100000000003,-6.016922511639018,2026-02,2026-02-24
2026-02-26,9_16,14,71.99000000000001,5.584604179119865,2026-02,2026-02-24
2026-02-26,9_16,15,57.358000000000004,0.06745920058170896,2026-02,2026-02-24
2026-02-26,9_16,16,58.759000000000015,-0.10919278448019754,2026-02,2026-02-24
2026-02-26,17_24,17,50.81900000000002,27.288541641115156,2026-02,2026-02-24
2026-02-26,17_24,18,57.995000000000005,12.643490860618506,2026-02,2026-02-24
2026-02-26,17_24,19,52.492999999999995,9.694680087241668,2026-02,2026-02-24
2026-02-26,17_24,20,56.11900000000003,12.407427029073942,2026-02,2026-02-24
2026-02-26,17_24,21,53.185,9.06195419310848,2026-02,2026-02-24
2026-02-26,17_24,22,49.24799999999999,5.604099814292368,2026-02,2026-02-24
2026-02-26,17_24,23,53.16699999999997,10.920261200238992,2026-02,2026-02-24
2026-02-26,17_24,24,45.96300000000002,13.83003516827294,2026-02,2026-02-24
2026-02-27,1_8,1,-26.887,-3.6846608823226665,2026-02,2026-02-25
2026-02-27,1_8,2,-30.194000000000017,-6.397464606851373,2026-02,2026-02-25
2026-02-27,1_8,3,-31.423999999999978,-1.6325996623985137,2026-02,2026-02-25
2026-02-27,1_8,4,-30.074000000000012,0.11896674000963936,2026-02,2026-02-25
2026-02-27,1_8,5,-41.06999999999999,0.24185924638699788,2026-02,2026-02-25
2026-02-27,1_8,6,-29.083000000000027,4.108505928862406,2026-02,2026-02-25
2026-02-27,1_8,7,-30.668000000000006,5.835891714346835,2026-02,2026-02-25
2026-02-27,1_8,8,-97.24600000000004,0.6206432684800848,2026-02,2026-02-25
2026-02-27,9_16,9,-108.43400000000003,0.25315003072130016,2026-02,2026-02-25
2026-02-27,9_16,10,-196.17,15.879067020311204,2026-02,2026-02-25
2026-02-27,9_16,11,-325.791,1.966470590738962,2026-02,2026-02-25
2026-02-27,9_16,12,-180.721,8.805485280175802,2026-02,2026-02-25
2026-02-27,9_16,13,-38.595,15.186101739524995,2026-02,2026-02-25
2026-02-27,9_16,14,20.0,8.3985973868681,2026-02,2026-02-25
2026-02-27,9_16,15,80.0,1.5109249076226443,2026-02,2026-02-25
2026-02-27,9_16,16,45.677,11.141359157337211,2026-02,2026-02-25
2026-02-27,17_24,17,-69.447,5.598001231337581,2026-02,2026-02-25
2026-02-27,17_24,18,-18.87700000000001,4.614868337308929,2026-02,2026-02-25
2026-02-27,17_24,19,-18.528999999999996,6.430338199042322,2026-02,2026-02-25
2026-02-27,17_24,20,-24.721000000000004,15.11362838892785,2026-02,2026-02-25
2026-02-27,17_24,21,-23.281999999999982,15.204296042197084,2026-02,2026-02-25
2026-02-27,17_24,22,-50.37900000000002,6.848701699089107,2026-02,2026-02-25
2026-02-27,17_24,23,-35.502999999999986,5.782603551881979,2026-02,2026-02-25
2026-02-27,17_24,24,-40.08100000000002,9.506714761937726,2026-02,2026-02-25
2026-02-28,1_8,1,32.548,8.595990932926723,2026-02,2026-02-26
2026-02-28,1_8,2,43.98599999999999,8.988536134762029,2026-02,2026-02-26
2026-02-28,1_8,3,31.74799999999999,8.947199579466648,2026-02,2026-02-26
2026-02-28,1_8,4,29.500999999999976,15.890000474754391,2026-02,2026-02-26
2026-02-28,1_8,5,11.863999999999976,17.80464872525269,2026-02,2026-02-26
2026-02-28,1_8,6,22.201999999999998,20.034157713901706,2026-02,2026-02-26
2026-02-28,1_8,7,14.788999999999987,30.90107138071832,2026-02,2026-02-26
2026-02-28,1_8,8,10.613,20.694310087810816,2026-02,2026-02-26
2026-02-28,9_16,9,1.7679999999999723,-1.8547773019845943,2026-02,2026-02-26
2026-02-28,9_16,10,84.43799999999999,4.384848231863771,2026-02,2026-02-26
2026-02-28,9_16,11,262.455,7.485238455235649,2026-02,2026-02-26
2026-02-28,9_16,12,175.633,5.270330255305187,2026-02,2026-02-26
2026-02-28,9_16,13,280.0,-2.176873832764223,2026-02,2026-02-26
2026-02-28,9_16,14,229.184,-10.565360190453374,2026-02,2026-02-26
2026-02-28,9_16,15,9.98599999999999,2.1508837801279093,2026-02,2026-02-26
2026-02-28,9_16,16,29.97800000000001,0.002912640425151644,2026-02,2026-02-26
2026-02-28,17_24,17,38.17500000000001,10.659942187632684,2026-02,2026-02-26
2026-02-28,17_24,18,69.834,11.179517562751892,2026-02,2026-02-26
2026-02-28,17_24,19,58.59899999999999,19.760723654207734,2026-02,2026-02-26
2026-02-28,17_24,20,64.04599999999999,19.856744696594426,2026-02,2026-02-26
2026-02-28,17_24,21,26.762999999999977,20.69149489217266,2026-02,2026-02-26
2026-02-28,17_24,22,24.014999999999986,7.187683583465426,2026-02,2026-02-26
2026-02-28,17_24,23,20.971000000000004,2.942191859341549,2026-02,2026-02-26
2026-02-28,17_24,24,31.178999999999974,6.775637566056038,2026-02,2026-02-26
2026-03-01,1_8,1,30.98399999999998,-2.481667491884908,2026-03,2026-02-27
2026-03-01,1_8,2,40.73599999999999,-3.081649728993156,2026-03,2026-02-27
2026-03-01,1_8,3,45.60000000000002,-3.310572760528274,2026-03,2026-02-27
2026-03-01,1_8,4,40.853999999999985,-2.561710730982074,2026-03,2026-02-27
2026-03-01,1_8,5,37.80200000000002,-0.20592350237705617,2026-03,2026-02-27
2026-03-01,1_8,6,38.136000000000024,3.082113660606103,2026-03,2026-02-27
2026-03-01,1_8,7,-41.31099999999998,4.140672752812558,2026-03,2026-02-27
2026-03-01,1_8,8,34.956999999999994,5.403297818036615,2026-03,2026-02-27
2026-03-01,9_16,9,-30.379999999999995,-31.637498524489896,2026-03,2026-02-27
2026-03-01,9_16,10,-78.85899999999998,5.304206084115323,2026-03,2026-02-27
2026-03-01,9_16,11,-493.54999999999995,6.922345983285822,2026-03,2026-02-27
2026-03-01,9_16,12,-570.7230000000001,17.15680546639043,2026-03,2026-02-27
2026-03-01,9_16,13,-451.144,29.12374695293528,2026-03,2026-02-27
2026-03-01,9_16,14,-588.87,29.226624260894635,2026-03,2026-02-27
2026-03-01,9_16,15,-238.56399999999996,18.715493336858586,2026-03,2026-02-27
2026-03-01,9_16,16,-16.024,24.83567345917921,2026-03,2026-02-27
2026-03-01,17_24,17,-26.543999999999983,-4.538791756757041,2026-03,2026-02-27
2026-03-01,17_24,18,5.576999999999998,2.834158517386134,2026-03,2026-02-27
2026-03-01,17_24,19,17.685000000000002,-4.628253513976623,2026-03,2026-02-27
2026-03-01,17_24,20,35.92700000000002,-7.414325964561686,2026-03,2026-02-27
2026-03-01,17_24,21,3.879000000000019,-4.562945278226896,2026-03,2026-02-27
2026-03-01,17_24,22,10.766999999999996,-10.145196884435917,2026-03,2026-02-27
2026-03-01,17_24,23,1.8830000000000382,-10.381351663298116,2026-03,2026-02-27
2026-03-01,17_24,24,-5.642999999999972,-4.162763000321149,2026-03,2026-02-27
2026-03-02,1_8,1,-36.988999999999976,2.479990475597567,2026-03,2026-02-28
2026-03-02,1_8,2,-42.5,12.420555794317133,2026-03,2026-02-28
2026-03-02,1_8,3,-178.59300000000002,24.78652514375511,2026-03,2026-02-28
2026-03-02,1_8,4,-188.97199999999998,53.10986924161117,2026-03,2026-02-28
2026-03-02,1_8,5,-88.08699999999999,34.10372312143614,2026-03,2026-02-28
2026-03-02,1_8,6,-85.19799999999998,35.93273645834866,2026-03,2026-02-28
2026-03-02,1_8,7,-49.514999999999986,6.362738094276679,2026-03,2026-02-28
2026-03-02,1_8,8,9.918000000000006,2.8335463460700274,2026-03,2026-02-28
2026-03-02,9_16,9,35.89999999999998,-22.365750849820305,2026-03,2026-02-28
2026-03-02,9_16,10,85.51299999999998,37.4415158103513,2026-03,2026-02-28
2026-03-02,9_16,11,65.30899999999997,94.36985994244073,2026-03,2026-02-28
2026-03-02,9_16,12,26.442000000000007,63.01123807507398,2026-03,2026-02-28
2026-03-02,9_16,13,-36.702,61.18760801678555,2026-03,2026-02-28
2026-03-02,9_16,14,-81.541,50.27967245525286,2026-03,2026-02-28
2026-03-02,9_16,15,-47.16300000000001,27.137554455216495,2026-03,2026-02-28
2026-03-02,9_16,16,-15.117999999999995,22.437832076107856,2026-03,2026-02-28
2026-03-02,17_24,17,13.668999999999983,22.377999009423185,2026-03,2026-02-28
2026-03-02,17_24,18,32.18099999999998,17.32510826465343,2026-03,2026-02-28
2026-03-02,17_24,19,-62.06,12.248447960505914,2026-03,2026-02-28
2026-03-02,17_24,20,-97.65100000000007,16.34082709465186,2026-03,2026-02-28
2026-03-02,17_24,21,-114.894,14.51112588486807,2026-03,2026-02-28
2026-03-02,17_24,22,-35.09699999999998,8.112808882240229,2026-03,2026-02-28
2026-03-02,17_24,23,6.451999999999998,16.62305274479954,2026-03,2026-02-28
2026-03-02,17_24,24,12.26600000000002,17.918141505155422,2026-03,2026-02-28
2026-03-03,1_8,1,3.4630000000000223,1.8952741561437207,2026-03,2026-03-01
2026-03-03,1_8,2,7.985000000000014,-0.21570303755538647,2026-03,2026-03-01
2026-03-03,1_8,3,13.675999999999988,2.8519607162126457,2026-03,2026-03-01
2026-03-03,1_8,4,7.0049999999999955,2.7388421894460775,2026-03,2026-03-01
2026-03-03,1_8,5,19.182000000000016,3.6244929404050206,2026-03,2026-03-01
2026-03-03,1_8,6,20.473000000000013,3.5018718566716465,2026-03,2026-03-01
2026-03-03,1_8,7,19.723000000000013,4.837025631894396,2026-03,2026-03-01
2026-03-03,1_8,8,33.78399999999999,6.70384341822748,2026-03,2026-03-01
2026-03-03,9_16,9,-18.87700000000001,12.711114806120293,2026-03,2026-03-01
2026-03-03,9_16,10,0.5720000000000027,-10.944709128959266,2026-03,2026-03-01
2026-03-03,9_16,11,-79.71800000000002,-18.11013627713929,2026-03,2026-03-01
2026-03-03,9_16,12,-155.24199999999996,-18.686448672918047,2026-03,2026-03-01
2026-03-03,9_16,13,-144.90699999999998,-19.758424801757588,2026-03,2026-03-01
2026-03-03,9_16,14,-124.01299999999998,-11.004716540119711,2026-03,2026-03-01
2026-03-03,9_16,15,-80.52300000000002,-16.68537743297104,2026-03,2026-03-01
2026-03-03,9_16,16,-36.21600000000001,-40.75164861466852,2026-03,2026-03-01
2026-03-03,17_24,17,-2.379000000000019,41.27433075735215,2026-03,2026-03-01
2026-03-03,17_24,18,14.240000000000009,42.38564467738194,2026-03,2026-03-01
2026-03-03,17_24,19,-8.447000000000003,38.71877620828466,2026-03,2026-03-01
2026-03-03,17_24,20,12.999000000000024,31.26240432984939,2026-03,2026-03-01
2026-03-03,17_24,21,5.552000000000021,30.649748737336477,2026-03,2026-03-01
2026-03-03,17_24,22,-28.721000000000004,24.45571431794156,2026-03,2026-03-01
2026-03-03,17_24,23,-101.048,31.837996867176845,2026-03,2026-03-01
2026-03-03,17_24,24,-5.677000000000021,29.12365358958967,2026-03,2026-03-01
2026-03-04,1_8,1,27.620000000000005,7.874629523977661,2026-03,2026-03-02
2026-03-04,1_8,2,30.136000000000024,8.727125854617412,2026-03,2026-03-02
2026-03-04,1_8,3,40.68799999999999,6.677677596921592,2026-03,2026-03-02
2026-03-04,1_8,4,44.0,13.14000443279199,2026-03,2026-03-02
2026-03-04,1_8,5,31.672000000000025,9.697326477937551,2026-03,2026-03-02
2026-03-04,1_8,6,49.50400000000002,10.799085171593642,2026-03,2026-03-02
2026-03-04,1_8,7,23.721000000000004,16.07935323456207,2026-03,2026-03-02
2026-03-04,1_8,8,-6.824000000000012,10.55820021360005,2026-03,2026-03-02
2026-03-04,9_16,9,-412.93899999999996,3.487795535035497,2026-03,2026-03-02
2026-03-04,9_16,10,-612.285,3.6772615728206106,2026-03,2026-03-02
2026-03-04,9_16,11,-733.619,3.4203488238361737,2026-03,2026-03-02
2026-03-04,9_16,12,-473.55899999999997,-0.3224399925122583,2026-03,2026-03-02
2026-03-04,9_16,13,-124.07000000000002,-3.313346755988992,2026-03,2026-03-02
2026-03-04,9_16,14,-90.44,-13.406406708853007,2026-03,2026-03-02
2026-03-04,9_16,15,-47.263000000000034,-22.636117266576807,2026-03,2026-03-02
2026-03-04,9_16,16,-36.77199999999999,-2.4017192466240256,2026-03,2026-03-02
2026-03-04,17_24,17,-34.53899999999999,4.7527477786871195,2026-03,2026-03-02
2026-03-04,17_24,18,32.99000000000001,14.147660024635533,2026-03,2026-03-02
2026-03-04,17_24,19,23.47800000000001,11.701029494599315,2026-03,2026-03-02
2026-03-04,17_24,20,14.361000000000047,10.522418656442193,2026-03,2026-03-02
2026-03-04,17_24,21,-22.221000000000004,11.93534867944522,2026-03,2026-03-02
2026-03-04,17_24,22,-1.6170000000000186,6.488652716747844,2026-03,2026-03-02
2026-03-04,17_24,23,9.31699999999995,6.7617287351637545,2026-03,2026-03-02
2026-03-04,17_24,24,10.399000000000001,10.847615302405256,2026-03,2026-03-02
2026-03-05,1_8,1,-20.19999999999999,-2.110885335093376,2026-03,2026-03-03
2026-03-05,1_8,2,-26.144000000000005,-3.8609771191625493,2026-03,2026-03-03
2026-03-05,1_8,3,-26.841999999999985,1.598176486319707,2026-03,2026-03-03
2026-03-05,1_8,4,-28.322000000000003,10.544727644942588,2026-03,2026-03-03
2026-03-05,1_8,5,-20.403999999999996,3.656435312965988,2026-03,2026-03-03
2026-03-05,1_8,6,-4.8559999999999945,11.926980347718331,2026-03,2026-03-03
2026-03-05,1_8,7,-1.1539999999999964,16.03982957205673,2026-03,2026-03-03
2026-03-05,1_8,8,9.525000000000034,19.31309331525423,2026-03,2026-03-03
2026-03-05,9_16,9,-429.22799999999995,96.14803751744678,2026-03,2026-03-03
2026-03-05,9_16,10,-133.563,156.047517048908,2026-03,2026-03-03
2026-03-05,9_16,11,122.779,163.40707684549542,2026-03,2026-03-03
2026-03-05,9_16,12,194.269,150.2984385435975,2026-03,2026-03-03
2026-03-05,9_16,13,211.07600000000002,149.79192082828536,2026-03,2026-03-03
2026-03-05,9_16,14,191.63600000000002,155.01168739909923,2026-03,2026-03-03
2026-03-05,9_16,15,-95.85000000000002,139.80882740587367,2026-03,2026-03-03
2026-03-05,9_16,16,-5.601999999999975,40.86055110756842,2026-03,2026-03-03
2026-03-05,17_24,17,12.665999999999997,25.045594403541568,2026-03,2026-03-03
2026-03-05,17_24,18,32.49200000000002,28.70891242117954,2026-03,2026-03-03
2026-03-05,17_24,19,47.83099999999996,21.27553181354011,2026-03,2026-03-03
2026-03-05,17_24,20,51.485000000000014,24.79636243687293,2026-03,2026-03-03
2026-03-05,17_24,21,56.00800000000004,23.052533105062043,2026-03,2026-03-03
2026-03-05,17_24,22,56.99800000000005,16.430184254023334,2026-03,2026-03-03
2026-03-05,17_24,23,58.545000000000016,20.830253303819674,2026-03,2026-03-03
2026-03-05,17_24,24,78.68,21.25758122655776,2026-03,2026-03-03
2026-03-06,1_8,1,78.464,-9.69995765576342,2026-03,2026-03-04
2026-03-06,1_8,2,295.297,-1.3525965581471349,2026-03,2026-03-04
2026-03-06,1_8,3,315.323,5.868671698728676,2026-03,2026-03-04
2026-03-06,1_8,4,317.71000000000004,13.149044474924045,2026-03,2026-03-04
2026-03-06,1_8,5,249.531,11.346288273983244,2026-03,2026-03-04
2026-03-06,1_8,6,144.96300000000002,12.57899369983956,2026-03,2026-03-04
2026-03-06,1_8,7,33.244,15.408531932676224,2026-03,2026-03-04
2026-03-06,1_8,8,-113.572,4.455907943074169,2026-03,2026-03-04
2026-03-06,9_16,9,-64.50100000000003,13.770983941693515,2026-03,2026-03-04
2026-03-06,9_16,10,136.533,2.468976585558684,2026-03,2026-03-04
2026-03-06,9_16,11,80.0,2.4000900965350858,2026-03,2026-03-04
2026-03-06,9_16,12,57.375,30.546263926364812,2026-03,2026-03-04
2026-03-06,9_16,13,31.5,36.69633153553398,2026-03,2026-03-04
2026-03-06,9_16,14,49.0,39.18441863398416,2026-03,2026-03-04
2026-03-06,9_16,15,56.989999999999995,32.95560430962139,2026-03,2026-03-04
2026-03-06,9_16,16,138.763,40.22002154487212,2026-03,2026-03-04
2026-03-06,17_24,17,-67.07600000000002,1.1282451174776604,2026-03,2026-03-04
2026-03-06,17_24,18,-75.75800000000004,-0.2952981369648285,2026-03,2026-03-04
2026-03-06,17_24,19,-95.36199999999997,2.4844499486551963,2026-03,2026-03-04
2026-03-06,17_24,20,-44.504999999999995,-0.48658480851707403,2026-03,2026-03-04
2026-03-06,17_24,21,-80.00900000000001,-0.4144672195532269,2026-03,2026-03-04
2026-03-06,17_24,22,-139.15700000000004,-4.645336207309639,2026-03,2026-03-04
2026-03-06,17_24,23,-223.76199999999994,-2.7134644273172315,2026-03,2026-03-04
2026-03-06,17_24,24,-170.54600000000005,-2.774370085054359,2026-03,2026-03-04
2026-03-07,1_8,1,-102.137,-7.440739026105501,2026-03,2026-03-05
2026-03-07,1_8,2,-40.51999999999998,-7.675837337455424,2026-03,2026-03-05
2026-03-07,1_8,3,-22.692999999999984,-8.538800771061902,2026-03,2026-03-05
2026-03-07,1_8,4,-27.062000000000012,-7.3178046101624155,2026-03,2026-03-05
2026-03-07,1_8,5,-25.307000000000016,-8.001511442831758,2026-03,2026-03-05
2026-03-07,1_8,6,-22.449000000000012,-4.770643736701097,2026-03,2026-03-05
2026-03-07,1_8,7,-49.072,-4.913210500523524,2026-03,2026-03-05
2026-03-07,1_8,8,-21.812000000000012,-16.06353858682361,2026-03,2026-03-05
2026-03-07,9_16,9,281.249,-22.004605955688145,2026-03,2026-03-05
2026-03-07,9_16,10,5.875,-20.412735437282002,2026-03,2026-03-05
2026-03-07,9_16,11,5.0,-4.974608239931729,2026-03,2026-03-05
2026-03-07,9_16,12,5.0,-0.19564938821037203,2026-03,2026-03-05
2026-03-07,9_16,13,5.0,5.361207053660106,2026-03,2026-03-05
2026-03-07,9_16,14,5.0,5.455670907081532,2026-03,2026-03-05
2026-03-07,9_16,15,5.0,-12.518537202381587,2026-03,2026-03-05
2026-03-07,9_16,16,136.809,-1.4231120225616491,2026-03,2026-03-05
2026-03-07,17_24,17,-38.59100000000001,-8.139681799101934,2026-03,2026-03-05
2026-03-07,17_24,18,4.529999999999973,-7.543372022053575,2026-03,2026-03-05
2026-03-07,17_24,19,-24.07499999999999,-7.262208246762694,2026-03,2026-03-05
2026-03-07,17_24,20,-46.22500000000002,-6.929394013507114,2026-03,2026-03-05
2026-03-07,17_24,21,-97.483,-0.7056458806809871,2026-03,2026-03-05
2026-03-07,17_24,22,-155.12599999999998,-0.7974351290110341,2026-03,2026-03-05
2026-03-07,17_24,23,-195.02499999999998,-2.6522251268530748,2026-03,2026-03-05
2026-03-07,17_24,24,-169.24599999999998,-0.019803569264095617,2026-03,2026-03-05
2026-03-08,1_8,1,-107.178,-0.2640013980055795,2026-03,2026-03-06
2026-03-08,1_8,2,-105.28399999999999,3.8832798383429834,2026-03,2026-03-06
2026-03-08,1_8,3,-159.93400000000003,8.986508484607239,2026-03,2026-03-06
2026-03-08,1_8,4,-156.663,38.11668297526647,2026-03,2026-03-06
2026-03-08,1_8,5,-168.019,24.245864358403562,2026-03,2026-03-06
2026-03-08,1_8,6,-86.80200000000002,45.941984854856955,2026-03,2026-03-06
2026-03-08,1_8,7,-99.33499999999998,60.82011866207248,2026-03,2026-03-06
2026-03-08,1_8,8,-77.83600000000001,56.898240764003226,2026-03,2026-03-06
2026-03-08,9_16,9,-256.967,-31.720460397316216,2026-03,2026-03-06
2026-03-08,9_16,10,-579.124,-23.645112483188132,2026-03,2026-03-06
2026-03-08,9_16,11,-497.979,-32.49984344724748,2026-03,2026-03-06
2026-03-08,9_16,12,-495.32,-16.139665332236056,2026-03,2026-03-06
2026-03-08,9_16,13,-373.715,-21.102877419596577,2026-03,2026-03-06
2026-03-08,9_16,14,-131.82,-17.73592226916102,2026-03,2026-03-06
2026-03-08,9_16,15,80.0,-41.581376287549205,2026-03,2026-03-06
2026-03-08,9_16,16,-152.719,-40.182604003485636,2026-03,2026-03-06
2026-03-08,17_24,17,-134.29100000000005,-23.520192701419464,2026-03,2026-03-06
2026-03-08,17_24,18,-58.24400000000003,-19.059058808712276,2026-03,2026-03-06
2026-03-08,17_24,19,-0.46800000000001774,-16.600894753547774,2026-03,2026-03-06
2026-03-08,17_24,20,-19.25400000000002,-17.9423906239786,2026-03,2026-03-06
2026-03-08,17_24,21,-147.22299999999996,-17.796346177618492,2026-03,2026-03-06
2026-03-08,17_24,22,-153.14099999999996,-20.287487236158743,2026-03,2026-03-06
2026-03-08,17_24,23,-174.99300000000005,-16.107156808571208,2026-03,2026-03-06
2026-03-08,17_24,24,-127.91999999999996,-11.06944790098197,2026-03,2026-03-06
2026-03-09,1_8,1,-94.07,12.298339650936734,2026-03,2026-03-07
2026-03-09,1_8,2,-17.11700000000002,17.959840096315997,2026-03,2026-03-07
2026-03-09,1_8,3,-63.882000000000005,19.174492139438197,2026-03,2026-03-07
2026-03-09,1_8,4,177.247,56.850673560009334,2026-03,2026-03-07
2026-03-09,1_8,5,85.21000000000001,61.53362341486377,2026-03,2026-03-07
2026-03-09,1_8,6,307.961,65.46456433431071,2026-03,2026-03-07
2026-03-09,1_8,7,-131.48000000000002,46.30973091427797,2026-03,2026-03-07
2026-03-09,1_8,8,121.578,43.8535633283047,2026-03,2026-03-07
2026-03-09,9_16,9,207.921,11.191372454952639,2026-03,2026-03-07
2026-03-09,9_16,10,36.03,-16.968391465006654,2026-03,2026-03-07
2026-03-09,9_16,11,35.0,-13.420605839867571,2026-03,2026-03-07
2026-03-09,9_16,12,6.125,9.013019091049816,2026-03,2026-03-07
2026-03-09,9_16,13,5.25,15.62141519758409,2026-03,2026-03-07
2026-03-09,9_16,14,8.0,9.74219131169505,2026-03,2026-03-07
2026-03-09,9_16,15,5.5,17.83716465245103,2026-03,2026-03-07
2026-03-09,9_16,16,66.57,21.27181760687712,2026-03,2026-03-07
2026-03-09,17_24,17,91.786,-0.11083669349045072,2026-03,2026-03-07
2026-03-09,17_24,18,39.014999999999986,-2.4016811926095825,2026-03,2026-03-07
2026-03-09,17_24,19,22.986999999999966,-2.58182543488786,2026-03,2026-03-07
2026-03-09,17_24,20,35.149,-8.11534840107379,2026-03,2026-03-07
2026-03-09,17_24,21,48.78399999999999,-7.207165548842529,2026-03,2026-03-07
2026-03-09,17_24,22,17.510999999999967,-14.256638369998162,2026-03,2026-03-07
2026-03-09,17_24,23,-48.206999999999994,-12.475472287844461,2026-03,2026-03-07
2026-03-09,17_24,24,-61.226,-6.419270560956238,2026-03,2026-03-07
2026-03-10,1_8,1,-4.384999999999991,-23.495698009939368,2026-03,2026-03-08
2026-03-10,1_8,2,19.480999999999995,-22.725032400893312,2026-03,2026-03-08
2026-03-10,1_8,3,217.76999999999998,-16.558689948841916,2026-03,2026-03-08
2026-03-10,1_8,4,284.339,8.665490629974885,2026-03,2026-03-08
2026-03-10,1_8,5,164.25,10.49186998966013,2026-03,2026-03-08
2026-03-10,1_8,6,181.238,6.0713230231508275,2026-03,2026-03-08
2026-03-10,1_8,7,122.868,13.435886233387416,2026-03,2026-03-08
2026-03-10,1_8,8,230.0,6.828773029960838,2026-03,2026-03-08
2026-03-10,9_16,9,80.0,-36.51450120754436,2026-03,2026-03-08
2026-03-10,9_16,10,5.0,-38.04241192112019,2026-03,2026-03-08
2026-03-10,9_16,11,5.0,-72.0621166455253,2026-03,2026-03-08
2026-03-10,9_16,12,8.0,-68.92300595000513,2026-03,2026-03-08
2026-03-10,9_16,13,8.0,-62.88025423928829,2026-03,2026-03-08
2026-03-10,9_16,14,5.5,-51.0181439959602,2026-03,2026-03-08
2026-03-10,9_16,15,5.5,-56.210731920423676,2026-03,2026-03-08
2026-03-10,9_16,16,80.0,-44.327414584893845,2026-03,2026-03-08
2026-03-10,17_24,17,111.57799999999997,-4.306460345825173,2026-03,2026-03-08
2026-03-10,17_24,18,-6.855000000000018,-26.81052652597309,2026-03,2026-03-08
2026-03-10,17_24,19,70.60300000000001,-23.106557088902036,2026-03,2026-03-08
2026-03-10,17_24,20,16.80000000000001,-21.753519255032142,2026-03,2026-03-08
2026-03-10,17_24,21,73.685,-37.19784271762978,2026-03,2026-03-08
2026-03-10,17_24,22,70.69799999999998,-42.999365435957394,2026-03,2026-03-08
2026-03-10,17_24,23,28.202999999999975,-41.38425051718242,2026-03,2026-03-08
2026-03-10,17_24,24,11.367000000000019,-34.16068994502039,2026-03,2026-03-08
2026-03-11,1_8,1,-105.43200000000002,-22.85314416346636,2026-03,2026-03-09
2026-03-11,1_8,2,-59.089,-17.14990967092811,2026-03,2026-03-09
2026-03-11,1_8,3,-53.07400000000001,-17.233598744605874,2026-03,2026-03-09
2026-03-11,1_8,4,-128.09199999999998,-12.579837905472282,2026-03,2026-03-09
2026-03-11,1_8,5,-108.28300000000002,-8.387602487402438,2026-03,2026-03-09
2026-03-11,1_8,6,-82.95299999999997,-20.017705414880663,2026-03,2026-03-09
2026-03-11,1_8,7,-73.577,-25.1334783388123,2026-03,2026-03-09
2026-03-11,1_8,8,-134.346,-26.42372053139769,2026-03,2026-03-09
2026-03-11,9_16,9,-330.213,-19.667752929792854,2026-03,2026-03-09
2026-03-11,9_16,10,-345.147,-41.71076924512033,2026-03,2026-03-09
2026-03-11,9_16,11,-88.498,-52.77935251351818,2026-03,2026-03-09
2026-03-11,9_16,12,-17.389000000000003,-49.32050620031344,2026-03,2026-03-09
2026-03-11,9_16,13,4.100999999999999,-46.40845650484835,2026-03,2026-03-09
2026-03-11,9_16,14,2.554000000000002,-37.796833456007604,2026-03,2026-03-09
2026-03-11,9_16,15,-90.577,-26.799210397129134,2026-03,2026-03-09
2026-03-11,9_16,16,-430.303,-20.64178046895732,2026-03,2026-03-09
2026-03-11,17_24,17,-305.031,-32.19520089224628,2026-03,2026-03-09
2026-03-11,17_24,18,-89.27800000000002,-28.861375997002455,2026-03,2026-03-09
2026-03-11,17_24,19,-59.80500000000001,-25.30379533520874,2026-03,2026-03-09
2026-03-11,17_24,20,-58.492999999999995,-24.524705453806842,2026-03,2026-03-09
2026-03-11,17_24,21,-51.25999999999999,-31.34139583045507,2026-03,2026-03-09
2026-03-11,17_24,22,-50.786,-48.93534007079608,2026-03,2026-03-09
2026-03-11,17_24,23,-49.146000000000015,-48.32844421913248,2026-03,2026-03-09
2026-03-11,17_24,24,-65.20999999999998,-45.86558337866633,2026-03,2026-03-09
2026-03-12,1_8,1,-49.32900000000001,-12.204391456105826,2026-03,2026-03-10
2026-03-12,1_8,2,8.351999999999975,2.756205062684728,2026-03,2026-03-10
2026-03-12,1_8,3,-6.153999999999996,-13.936079769054379,2026-03,2026-03-10
2026-03-12,1_8,4,-1.995999999999981,-10.410529369416922,2026-03,2026-03-10
2026-03-12,1_8,5,4.350999999999999,-11.98158166430196,2026-03,2026-03-10
2026-03-12,1_8,6,-4.2309999999999945,-8.705021647221237,2026-03,2026-03-10
2026-03-12,1_8,7,-43.863,-12.843046929405297,2026-03,2026-03-10
2026-03-12,1_8,8,-60.06400000000002,17.630028536789673,2026-03,2026-03-10
2026-03-12,9_16,9,-159.74400000000003,11.660921533480128,2026-03,2026-03-10
2026-03-12,9_16,10,104.0,-12.437907060791174,2026-03,2026-03-10
2026-03-12,9_16,11,10.0,-1.480061720013531,2026-03,2026-03-10
2026-03-12,9_16,12,10.0,1.7347288852190876,2026-03,2026-03-10
2026-03-12,9_16,13,10.0,4.414022799628445,2026-03,2026-03-10
2026-03-12,9_16,14,7.0,2.914827779313404,2026-03,2026-03-10
2026-03-12,9_16,15,10.0,-9.196543952372268,2026-03,2026-03-10
2026-03-12,9_16,16,15.811999999999998,7.757706966121081,2026-03,2026-03-10
2026-03-12,17_24,17,-19.420999999999992,23.6184470573842,2026-03,2026-03-10
2026-03-12,17_24,18,-52.52499999999998,-1.474276994278207,2026-03,2026-03-10
2026-03-12,17_24,19,-51.408000000000015,4.155830741619378,2026-03,2026-03-10
2026-03-12,17_24,20,-2.8460000000000036,8.298468393505335,2026-03,2026-03-10
2026-03-12,17_24,21,-7.685999999999979,2.0839203097215946,2026-03,2026-03-10
2026-03-12,17_24,22,-12.797000000000025,-8.830253851536918,2026-03,2026-03-10
2026-03-12,17_24,23,-65.15600000000006,3.5699346308306197,2026-03,2026-03-10
2026-03-12,17_24,24,-91.46600000000001,4.700361878761162,2026-03,2026-03-10
2026-03-13,1_8,1,-132.95100000000002,7.622302812929928,2026-03,2026-03-11
2026-03-13,1_8,2,-56.15700000000004,4.964259296941701,2026-03,2026-03-11
2026-03-13,1_8,3,-110.52199999999999,13.660679287362417,2026-03,2026-03-11
2026-03-13,1_8,4,-26.867999999999995,20.355610091249314,2026-03,2026-03-11
2026-03-13,1_8,5,-8.747000000000014,19.955032179173088,2026-03,2026-03-11
2026-03-13,1_8,6,-6.6440000000000055,11.413566107675937,2026-03,2026-03-11
2026-03-13,1_8,7,-0.47999999999996135,56.93171415612537,2026-03,2026-03-11
2026-03-13,1_8,8,167.79299999999998,115.11024826498173,2026-03,2026-03-11
2026-03-13,9_16,9,180.0,-16.14885145489098,2026-03,2026-03-11
2026-03-13,9_16,10,5.0,-18.700777989150943,2026-03,2026-03-11
2026-03-13,9_16,11,5.0,-20.664802689173648,2026-03,2026-03-11
2026-03-13,9_16,12,5.0,-10.695460619891056,2026-03,2026-03-11
2026-03-13,9_16,13,5.0,-18.76452525792008,2026-03,2026-03-11
2026-03-13,9_16,14,5.0,-9.29459582566464,2026-03,2026-03-11
2026-03-13,9_16,15,-289.685,-27.976212098198243,2026-03,2026-03-11
2026-03-13,9_16,16,-470.672,-31.984873476368872,2026-03,2026-03-11
2026-03-13,17_24,17,-252.082,-19.38936528680275,2026-03,2026-03-11
2026-03-13,17_24,18,-219.14599999999996,-13.252384470988199,2026-03,2026-03-11
2026-03-13,17_24,19,-93.279,-10.605157035113388,2026-03,2026-03-11
2026-03-13,17_24,20,-30.83699999999999,-6.855657502435269,2026-03,2026-03-11
2026-03-13,17_24,21,-33.21199999999999,-14.056228330294667,2026-03,2026-03-11
2026-03-13,17_24,22,-201.75800000000004,-22.401910626158386,2026-03,2026-03-11
2026-03-13,17_24,23,-202.39599999999996,-24.75800443151599,2026-03,2026-03-11
2026-03-13,17_24,24,-207.77499999999998,-32.915794160261484,2026-03,2026-03-11
2026-03-14,1_8,1,12.680000000000007,6.922686000577341,2026-03,2026-03-12
2026-03-14,1_8,2,7.4739999999999895,9.32022293172419,2026-03,2026-03-12
2026-03-14,1_8,3,6.194000000000017,13.68021080618949,2026-03,2026-03-12
2026-03-14,1_8,4,16.98599999999999,8.162061584063789,2026-03,2026-03-12
2026-03-14,1_8,5,24.238999999999976,10.595142585948977,2026-03,2026-03-12
2026-03-14,1_8,6,23.58499999999998,15.236366042621615,2026-03,2026-03-12
2026-03-14,1_8,7,44.422000000000025,9.120057920650844,2026-03,2026-03-12
2026-03-14,1_8,8,81.46199999999999,13.333562434507783,2026-03,2026-03-12
2026-03-14,9_16,9,272.746,-20.137059100911777,2026-03,2026-03-12
2026-03-14,9_16,10,271.615,-32.97309915806463,2026-03,2026-03-12
2026-03-14,9_16,11,261.479,-27.877490920121446,2026-03,2026-03-12
2026-03-14,9_16,12,257.827,-31.511722643545372,2026-03,2026-03-12
2026-03-14,9_16,13,239.00400000000002,-29.814353345227442,2026-03,2026-03-12
2026-03-14,9_16,14,227.94,-2.0462161787657784,2026-03,2026-03-12
2026-03-14,9_16,15,204.753,-5.150320788348842,2026-03,2026-03-12
2026-03-14,9_16,16,34.99799999999999,-4.770089513363785,2026-03,2026-03-12
2026-03-14,17_24,17,28.247000000000014,6.171959744100363,2026-03,2026-03-12
2026-03-14,17_24,18,51.69900000000001,3.009887975631911,2026-03,2026-03-12
2026-03-14,17_24,19,60.59800000000001,8.009295499194586,2026-03,2026-03-12
2026-03-14,17_24,20,60.625,11.065544067745995,2026-03,2026-03-12
2026-03-14,17_24,21,50.761000000000024,3.5145380973910916,2026-03,2026-03-12
2026-03-14,17_24,22,53.20100000000002,2.2432420254892604,2026-03,2026-03-12
2026-03-14,17_24,23,55.988,1.4596790753236395,2026-03,2026-03-12
2026-03-14,17_24,24,60.40499999999997,1.0236866048996878,2026-03,2026-03-12
2026-03-15,1_8,1,53.22000000000003,-11.089584463757392,2026-03,2026-03-13
2026-03-15,1_8,2,59.980999999999995,-3.563826998790866,2026-03,2026-03-13
2026-03-15,1_8,3,19.150999999999954,-2.9912627852312745,2026-03,2026-03-13
2026-03-15,1_8,4,12.499000000000024,0.6960411337489012,2026-03,2026-03-13
2026-03-15,1_8,5,15.343000000000018,-1.9602965464558526,2026-03,2026-03-13
2026-03-15,1_8,6,7.425000000000011,-3.888139173258057,2026-03,2026-03-13
2026-03-15,1_8,7,19.435000000000002,-19.56003709353647,2026-03,2026-03-13
2026-03-15,1_8,8,2.1170000000000186,-14.417360619730928,2026-03,2026-03-13
2026-03-15,9_16,9,244.643,-35.14233191165818,2026-03,2026-03-13
2026-03-15,9_16,10,173.423,-66.47653316462413,2026-03,2026-03-13
2026-03-15,9_16,11,56.174,-56.79136408211034,2026-03,2026-03-13
2026-03-15,9_16,12,20.323,-47.130353492328446,2026-03,2026-03-13
2026-03-15,9_16,13,-8.815,-52.52112685268446,2026-03,2026-03-13
2026-03-15,9_16,14,12.532,-34.87830914320774,2026-03,2026-03-13
2026-03-15,9_16,15,40.72,-41.341727965843326,2026-03,2026-03-13
2026-03-15,9_16,16,119.36099999999999,-30.675496052431715,2026-03,2026-03-13
2026-03-15,17_24,17,-64.99799999999999,-47.61226446750344,2026-03,2026-03-13
2026-03-15,17_24,18,-57.283000000000015,-40.38663064874339,2026-03,2026-03-13
2026-03-15,17_24,19,62.759000000000015,-19.558642733973073,2026-03,2026-03-13
2026-03-15,17_24,20,-147.086,-20.49965272524026,2026-03,2026-03-13
2026-03-15,17_24,21,-109.53999999999996,-29.334249097413263,2026-03,2026-03-13
2026-03-15,17_24,22,-57.93399999999997,-37.755270151115724,2026-03,2026-03-13
2026-03-15,17_24,23,-1.2379999999999427,-36.003608088334005,2026-03,2026-03-13
2026-03-15,17_24,24,-17.610000000000014,-31.160779345443125,2026-03,2026-03-13
2026-03-16,1_8,1,-14.63900000000001,-7.583478693183429,2026-03,2026-03-14
2026-03-16,1_8,2,28.113,-2.5660657008745247,2026-03,2026-03-14
2026-03-16,1_8,3,45.94,1.3603046758722237,2026-03,2026-03-14
2026-03-16,1_8,4,46.35000000000002,-5.168616818419664,2026-03,2026-03-14
2026-03-16,1_8,5,39.891999999999996,-4.714727063327663,2026-03,2026-03-14
2026-03-16,1_8,6,-8.77600000000001,-1.871186261111718,2026-03,2026-03-14
2026-03-16,1_8,7,-199.139,-6.740247820213402,2026-03,2026-03-14
2026-03-16,1_8,8,-155.409,-10.35336349528967,2026-03,2026-03-14
2026-03-16,9_16,9,-146.63,-11.180982500383113,2026-03,2026-03-14
2026-03-16,9_16,10,-58.33699999999999,-20.050036856628154,2026-03,2026-03-14
2026-03-16,9_16,11,-54.59100000000001,-33.277313758226285,2026-03,2026-03-14
2026-03-16,9_16,12,-137.51000000000002,-30.390489128751305,2026-03,2026-03-14
2026-03-16,9_16,13,5.109,-36.88498165911132,2026-03,2026-03-14
2026-03-16,9_16,14,100.0,-24.284655845798834,2026-03,2026-03-14
2026-03-16,9_16,15,11.259999999999991,-26.61438133989235,2026-03,2026-03-14
2026-03-16,9_16,16,-115.19199999999998,-37.45100594696438,2026-03,2026-03-14
2026-03-16,17_24,17,40.886000000000024,3.3652565880982905,2026-03,2026-03-14
2026-03-16,17_24,18,-22.726999999999975,10.155625424973888,2026-03,2026-03-14
2026-03-16,17_24,19,-70.07399999999996,18.941918500435317,2026-03,2026-03-14
2026-03-16,17_24,20,-75.09699999999998,3.9183297185242005,2026-03,2026-03-14
2026-03-16,17_24,21,-154.327,1.4115803187467848,2026-03,2026-03-14
2026-03-16,17_24,22,-115.80999999999995,1.2275539535120517,2026-03,2026-03-14
2026-03-16,17_24,23,-69.56200000000001,-1.434897784747084,2026-03,2026-03-14
2026-03-16,17_24,24,35.69799999999998,-4.438569636608277,2026-03,2026-03-14
2026-03-17,1_8,1,53.09699999999998,-5.066538395296276,2026-03,2026-03-15
2026-03-17,1_8,2,55.49599999999998,0.43518765541224286,2026-03,2026-03-15
2026-03-17,1_8,3,33.5,-0.09085929953918004,2026-03,2026-03-15
2026-03-17,1_8,4,44.233000000000004,-3.090166063320883,2026-03,2026-03-15
2026-03-17,1_8,5,42.19,1.15148496726743,2026-03,2026-03-15
2026-03-17,1_8,6,35.15699999999998,1.9450144308906823,2026-03,2026-03-15
2026-03-17,1_8,7,31.670999999999992,3.320235766492315,2026-03,2026-03-15
2026-03-17,1_8,8,60.860000000000014,2.5050848603789215,2026-03,2026-03-15
2026-03-17,9_16,9,-23.000999999999976,23.532290220542883,2026-03,2026-03-15
2026-03-17,9_16,10,313.745,10.178764506223485,2026-03,2026-03-15
2026-03-17,9_16,11,330.0,12.71530324977015,2026-03,2026-03-15
2026-03-17,9_16,12,327.0,-0.10782951325688185,2026-03,2026-03-15
2026-03-17,9_16,13,295.51,10.777788827128417,2026-03,2026-03-15
2026-03-17,9_16,14,323.5,3.5361420393412963,2026-03,2026-03-15
2026-03-17,9_16,15,133.07500000000002,5.440974908691311,2026-03,2026-03-15
2026-03-17,9_16,16,18.83699999999999,17.909906544409054,2026-03,2026-03-15
2026-03-17,17_24,17,-90.44200000000001,10.894747329848828,2026-03,2026-03-15
2026-03-17,17_24,18,-116.351,14.36997708099125,2026-03,2026-03-15
2026-03-17,17_24,19,-109.89800000000002,33.69998703853422,2026-03,2026-03-15
2026-03-17,17_24,20,-27.783999999999992,16.61147941143305,2026-03,2026-03-15
2026-03-17,17_24,21,-96.87199999999996,11.757889547116426,2026-03,2026-03-15
2026-03-17,17_24,22,-100.09500000000003,5.732174525943614,2026-03,2026-03-15
2026-03-17,17_24,23,-20.487000000000023,3.9125517247437953,2026-03,2026-03-15
2026-03-17,17_24,24,72.02199999999999,2.7992207264428934,2026-03,2026-03-15
2026-03-18,1_8,1,10.327999999999975,-5.8800930554277295,2026-03,2026-03-16
2026-03-18,1_8,2,1.4420000000000073,2.4600924273615328,2026-03,2026-03-16
2026-03-18,1_8,3,-17.13299999999998,2.9964520685059886,2026-03,2026-03-16
2026-03-18,1_8,4,-23.848000000000013,-3.384810987578368,2026-03,2026-03-16
2026-03-18,1_8,5,-36.70999999999998,2.279895545314374,2026-03,2026-03-16
2026-03-18,1_8,6,-40.291,4.317122380314806,2026-03,2026-03-16
2026-03-18,1_8,7,1.6649999999999636,10.899459765624208,2026-03,2026-03-16
2026-03-18,1_8,8,-66.351,7.509207822930715,2026-03,2026-03-16
2026-03-18,9_16,9,-79.45999999999998,13.659300899436541,2026-03,2026-03-16
2026-03-18,9_16,10,-89.88499999999999,4.749937387048322,2026-03,2026-03-16
2026-03-18,9_16,11,-309.551,23.083154023670193,2026-03,2026-03-16
2026-03-18,9_16,12,-342.894,22.79178445611832,2026-03,2026-03-16
2026-03-18,9_16,13,-326.761,7.035506931315192,2026-03,2026-03-16
2026-03-18,9_16,14,9.984000000000002,10.439114641387167,2026-03,2026-03-16
2026-03-18,9_16,15,160.356,-14.593662714188683,2026-03,2026-03-16
2026-03-18,9_16,16,221.04800000000003,7.865981685185299,2026-03,2026-03-16
2026-03-18,17_24,17,19.62299999999999,-12.96962779041369,2026-03,2026-03-16
2026-03-18,17_24,18,-0.6220000000000141,-13.745870105994126,2026-03,2026-03-16
2026-03-18,17_24,19,-67.56799999999998,-5.582146917626862,2026-03,2026-03-16
2026-03-18,17_24,20,50.389999999999986,4.82365289992968,2026-03,2026-03-16
2026-03-18,17_24,21,83.024,14.095173331641154,2026-03,2026-03-16
2026-03-18,17_24,22,30.581999999999994,-13.29549979539705,2026-03,2026-03-16
2026-03-18,17_24,23,26.54000000000002,-25.70052125673507,2026-03,2026-03-16
2026-03-18,17_24,24,61.01999999999998,-22.06983594954451,2026-03,2026-03-16
2026-03-19,1_8,1,-41.59899999999999,-6.941765921801853,2026-03,2026-03-17
2026-03-19,1_8,2,-41.43399999999997,-2.216928578690575,2026-03,2026-03-17
2026-03-19,1_8,3,-12.009999999999991,-13.560518481998665,2026-03,2026-03-17
2026-03-19,1_8,4,-26.46199999999999,-13.852367922079305,2026-03,2026-03-17
2026-03-19,1_8,5,-28.504999999999995,-13.830797559302654,2026-03,2026-03-17
2026-03-19,1_8,6,2.426999999999964,-8.166735711238491,2026-03,2026-03-17
2026-03-19,1_8,7,-23.454000000000008,-6.822747428543248,2026-03,2026-03-17
2026-03-19,1_8,8,205.01899999999998,3.646814827383951,2026-03,2026-03-17
2026-03-19,9_16,9,334.5,23.484338022692235,2026-03,2026-03-17
2026-03-19,9_16,10,80.0,31.09441353476619,2026-03,2026-03-17
2026-03-19,9_16,11,77.875,10.409427027480891,2026-03,2026-03-17
2026-03-19,9_16,12,31.5,9.604997884643563,2026-03,2026-03-17
2026-03-19,9_16,13,35.0,15.834103899488706,2026-03,2026-03-17
2026-03-19,9_16,14,44.5,19.477245764894942,2026-03,2026-03-17
2026-03-19,9_16,15,30.0,11.995139899077005,2026-03,2026-03-17
2026-03-19,9_16,16,80.0,24.129419021011092,2026-03,2026-03-17
2026-03-19,17_24,17,103.80000000000001,-11.617828445346271,2026-03,2026-03-17
2026-03-19,17_24,18,0.6000000000000227,-10.19386526100845,2026-03,2026-03-17
2026-03-19,17_24,19,65.76499999999999,4.543454457256889,2026-03,2026-03-17
2026-03-19,17_24,20,111.45499999999998,-2.7787480666826756,2026-03,2026-03-17
2026-03-19,17_24,21,88.04599999999999,-9.548554457505995,2026-03,2026-03-17
2026-03-19,17_24,22,62.384000000000015,-8.70743521524506,2026-03,2026-03-17
2026-03-19,17_24,23,35.692999999999984,-15.51527529033865,2026-03,2026-03-17
2026-03-19,17_24,24,24.454999999999984,-29.156185318593735,2026-03,2026-03-17
2026-03-20,1_8,1,47.15699999999998,-15.644114618784497,2026-03,2026-03-18
2026-03-20,1_8,2,46.148000000000025,-6.142590029554138,2026-03,2026-03-18
2026-03-20,1_8,3,44.309000000000026,-13.186740937491217,2026-03,2026-03-18
2026-03-20,1_8,4,53.19400000000002,-12.816152433907407,2026-03,2026-03-18
2026-03-20,1_8,5,55.81200000000001,-5.512272583779143,2026-03,2026-03-18
2026-03-20,1_8,6,20.142999999999972,-7.795054139489723,2026-03,2026-03-18
2026-03-20,1_8,7,-114.31100000000004,-14.486438787250183,2026-03,2026-03-18
2026-03-20,1_8,8,26.616999999999962,-12.745466259406864,2026-03,2026-03-18
2026-03-20,9_16,9,-69.46000000000001,14.538034718591103,2026-03,2026-03-18
2026-03-20,9_16,10,30.0,15.05045060084592,2026-03,2026-03-18
2026-03-20,9_16,11,30.0,14.884496422803606,2026-03,2026-03-18
2026-03-20,9_16,12,7.5,8.93405416526385,2026-03,2026-03-18
2026-03-20,9_16,13,5.0,10.4848012168039,2026-03,2026-03-18
2026-03-20,9_16,14,5.0,11.443033701113604,2026-03,2026-03-18
2026-03-20,9_16,15,23.375,4.66739851698502,2026-03,2026-03-18
2026-03-20,9_16,16,70.0,18.086106695755998,2026-03,2026-03-18
2026-03-20,17_24,17,81.779,0.6144336146716546,2026-03,2026-03-18
2026-03-20,17_24,18,65.83999999999997,-13.454451993928831,2026-03,2026-03-18
2026-03-20,17_24,19,80.10300000000001,-13.04880815714193,2026-03,2026-03-18
2026-03-20,17_24,20,72.15300000000002,-19.145291252873573,2026-03,2026-03-18
2026-03-20,17_24,21,68.69600000000003,-11.274131494553998,2026-03,2026-03-18
2026-03-20,17_24,22,15.036000000000001,-11.96131615413775,2026-03,2026-03-18
2026-03-20,17_24,23,5.968999999999994,-22.15603482804918,2026-03,2026-03-18
2026-03-20,17_24,24,18.317000000000007,-21.870393973880983,2026-03,2026-03-18
2026-03-21,1_8,1,-9.086000000000013,-7.71058369025862,2026-03,2026-03-19
2026-03-21,1_8,2,-25.069000000000017,-2.1025046870943433,2026-03,2026-03-19
2026-03-21,1_8,3,-39.762,4.4256909958491475,2026-03,2026-03-19
2026-03-21,1_8,4,-49.206999999999994,5.1608146031580535,2026-03,2026-03-19
2026-03-21,1_8,5,-34.584,3.157236728484124,2026-03,2026-03-19
2026-03-21,1_8,6,-24.88900000000001,1.3089999706575555,2026-03,2026-03-19
2026-03-21,1_8,7,-19.958000000000027,10.892089162076308,2026-03,2026-03-19
2026-03-21,1_8,8,-182.18099999999998,85.7299894104846,2026-03,2026-03-19
2026-03-21,9_16,9,-46.519999999999996,28.138131373961716,2026-03,2026-03-19
2026-03-21,9_16,10,2.0,-0.045616698273088674,2026-03,2026-03-19
2026-03-21,9_16,11,0.5,-4.298175629928856,2026-03,2026-03-19
2026-03-21,9_16,12,0.5,-0.5921267840508346,2026-03,2026-03-19
2026-03-21,9_16,13,0.5,-1.012677069027312,2026-03,2026-03-19
2026-03-21,9_16,14,0.5,1.6473250051191672,2026-03,2026-03-19
2026-03-21,9_16,15,3.0,3.9888345587131613,2026-03,2026-03-19
2026-03-21,9_16,16,54.85,2.1051841554377355,2026-03,2026-03-19
2026-03-21,17_24,17,-152.466,-15.131428285880263,2026-03,2026-03-19
2026-03-21,17_24,18,-55.40199999999999,4.85519045036031,2026-03,2026-03-19
2026-03-21,17_24,19,16.536,20.740472762532267,2026-03,2026-03-19
2026-03-21,17_24,20,1.228999999999985,-29.06446128189879,2026-03,2026-03-19
2026-03-21,17_24,21,-36.358000000000004,8.850499283711725,2026-03,2026-03-19
2026-03-21,17_24,22,-53.43299999999999,3.1575255756202925,2026-03,2026-03-19
2026-03-21,17_24,23,-106.382,-3.291696566171672,2026-03,2026-03-19
2026-03-21,17_24,24,-159.76600000000002,16.610387142015636,2026-03,2026-03-19
2026-03-22,1_8,1,-236.21499999999997,69.04838358104863,2026-03,2026-03-20
2026-03-22,1_8,2,-232.474,77.4476988154869,2026-03,2026-03-20
2026-03-22,1_8,3,-237.926,86.44677923374503,2026-03,2026-03-20
2026-03-22,1_8,4,-221.06799999999998,86.16237162974973,2026-03,2026-03-20
2026-03-22,1_8,5,-180.29700000000003,49.01852513069546,2026-03,2026-03-20
2026-03-22,1_8,6,-164.37099999999998,8.745472228062566,2026-03,2026-03-20
2026-03-22,1_8,7,-101.12700000000001,3.7197788764170863,2026-03,2026-03-20
2026-03-22,1_8,8,-69.39600000000002,-1.8667607743215158,2026-03,2026-03-20
2026-03-22,9_16,9,-98.34100000000001,-5.754296564803086,2026-03,2026-03-20
2026-03-22,9_16,10,-260.273,-30.449375733344528,2026-03,2026-03-20
2026-03-22,9_16,11,27.279,-24.140616261963405,2026-03,2026-03-20
2026-03-22,9_16,12,-297.218,-31.95111014738188,2026-03,2026-03-20
2026-03-22,9_16,13,-297.654,-25.525905186992127,2026-03,2026-03-20
2026-03-22,9_16,14,-308.21,-28.277082825115652,2026-03,2026-03-20
2026-03-22,9_16,15,-361.093,-32.52116256616595,2026-03,2026-03-20
2026-03-22,9_16,16,-268.824,-25.294826996471734,2026-03,2026-03-20
2026-03-22,17_24,17,-99.90800000000002,-9.27250142360359,2026-03,2026-03-20
2026-03-22,17_24,18,-31.20799999999997,-9.895161287173561,2026-03,2026-03-20
2026-03-22,17_24,19,-178.375,8.092020869829232,2026-03,2026-03-20
2026-03-22,17_24,20,-200.83799999999997,15.60220388451583,2026-03,2026-03-20
2026-03-22,17_24,21,-24.751999999999953,11.61547955107776,2026-03,2026-03-20
2026-03-22,17_24,22,-50.134000000000015,-1.7056703898111265,2026-03,2026-03-20
2026-03-22,17_24,23,-40.152000000000044,-5.1275439805376966,2026-03,2026-03-20
2026-03-22,17_24,24,-17.07000000000005,6.639706327919112,2026-03,2026-03-20
2026-03-23,1_8,1,3.1829999999999927,-21.09056714338548,2026-03,2026-03-21
2026-03-23,1_8,2,13.13900000000001,-18.381447056384985,2026-03,2026-03-21
2026-03-23,1_8,3,2.0570000000000164,-18.87869644535322,2026-03,2026-03-21
2026-03-23,1_8,4,-44.21800000000002,-18.09464033197994,2026-03,2026-03-21
2026-03-23,1_8,5,-48.02199999999999,-18.538509598126847,2026-03,2026-03-21
2026-03-23,1_8,6,-64.65199999999999,-14.217025915538539,2026-03,2026-03-21
2026-03-23,1_8,7,-8.918000000000006,-9.613840275936301,2026-03,2026-03-21
2026-03-23,1_8,8,-26.319000000000017,-2.5435010736561647,2026-03,2026-03-21
2026-03-23,9_16,9,-125.11900000000003,-3.2407642358043156,2026-03,2026-03-21
2026-03-23,9_16,10,-283.783,2.8995598295242386,2026-03,2026-03-21
2026-03-23,9_16,11,-310.117,-4.259039318069026,2026-03,2026-03-21
2026-03-23,9_16,12,-299.551,-4.250052794348369,2026-03,2026-03-21
2026-03-23,9_16,13,-56.45,-8.56092755182977,2026-03,2026-03-21
2026-03-23,9_16,14,61.905,-8.32006199614657,2026-03,2026-03-21
2026-03-23,9_16,15,151.5,2.3486923029178652,2026-03,2026-03-21
2026-03-23,9_16,16,-115.947,-2.0881081775251764,2026-03,2026-03-21
2026-03-23,17_24,17,-4.5090000000000146,-2.4088661768518618,2026-03,2026-03-21
2026-03-23,17_24,18,29.968000000000018,-0.3353411584109158,2026-03,2026-03-21
2026-03-23,17_24,19,-112.46199999999999,13.074624123204613,2026-03,2026-03-21
2026-03-23,17_24,20,-112.12300000000005,16.122077230301315,2026-03,2026-03-21
2026-03-23,17_24,21,-56.733000000000004,10.30956495268787,2026-03,2026-03-21
2026-03-23,17_24,22,-53.48399999999998,-5.385591305761466,2026-03,2026-03-21
2026-03-23,17_24,23,-24.17900000000003,-10.786082204181598,2026-03,2026-03-21
2026-03-23,17_24,24,-208.04199999999997,-2.3881351773042248,2026-03,2026-03-21
2026-03-24,1_8,1,-11.379999999999995,-29.284197541997393,2026-03,2026-03-22
2026-03-24,1_8,2,-21.238,-25.847573595347388,2026-03,2026-03-22
2026-03-24,1_8,3,-16.567000000000007,-24.05040726991609,2026-03,2026-03-22
2026-03-24,1_8,4,-3.747000000000014,-26.592559124243593,2026-03,2026-03-22
2026-03-24,1_8,5,5.009999999999991,-25.45251770316473,2026-03,2026-03-22
2026-03-24,1_8,6,22.973000000000013,-24.155516674446577,2026-03,2026-03-22
2026-03-24,1_8,7,-0.9379999999999882,-24.161547565473548,2026-03,2026-03-22
2026-03-24,1_8,8,-11.692999999999984,-23.036886082489833,2026-03,2026-03-22
2026-03-24,9_16,9,-65.35700000000003,4.580122797564349,2026-03,2026-03-22
2026-03-24,9_16,10,95.48,14.81975670122678,2026-03,2026-03-22
2026-03-24,9_16,11,-301.50100000000003,-23.728221585571582,2026-03,2026-03-22
2026-03-24,9_16,12,-176.81799999999998,-30.368079819628502,2026-03,2026-03-22
2026-03-24,9_16,13,87.68299999999999,-33.67002729530639,2026-03,2026-03-22
2026-03-24,9_16,14,80.0,-36.061785107303926,2026-03,2026-03-22
2026-03-24,9_16,15,100.0,-35.34986627314043,2026-03,2026-03-22
2026-03-24,9_16,16,-90.81299999999999,-17.92973830360142,2026-03,2026-03-22
2026-03-24,17_24,17,-84.65899999999999,29.032156453786794,2026-03,2026-03-22
2026-03-24,17_24,18,-31.694999999999993,12.915798300146593,2026-03,2026-03-22
2026-03-24,17_24,19,-4.2409999999999854,3.2849946412673456,2026-03,2026-03-22
2026-03-24,17_24,20,2.0470000000000255,2.533555433544464,2026-03,2026-03-22
2026-03-24,17_24,21,-53.70400000000001,23.17398689297281,2026-03,2026-03-22
2026-03-24,17_24,22,-66.52699999999999,13.36048254593657,2026-03,2026-03-22
2026-03-24,17_24,23,-75.356,22.16406159006879,2026-03,2026-03-22
2026-03-24,17_24,24,-42.75799999999998,29.786058087453956,2026-03,2026-03-22
2026-03-25,1_8,1,27.656999999999982,-17.932125137592397,2026-03,2026-03-23
2026-03-25,1_8,2,24.240999999999985,-15.19124093049307,2026-03,2026-03-23
2026-03-25,1_8,3,19.077999999999975,-6.6588102790497,2026-03,2026-03-23
2026-03-25,1_8,4,18.841000000000008,-2.2951154435306202,2026-03,2026-03-23
2026-03-25,1_8,5,18.709000000000003,-3.6299798443987084,2026-03,2026-03-23
2026-03-25,1_8,6,21.346000000000004,-5.4749409482737565,2026-03,2026-03-23
2026-03-25,1_8,7,8.949000000000012,-9.551052627660066,2026-03,2026-03-23
2026-03-25,1_8,8,26.25400000000002,8.16462272499457,2026-03,2026-03-23
2026-03-25,9_16,9,4.822000000000003,1.8540090548286992,2026-03,2026-03-23
2026-03-25,9_16,10,35.0,6.962863162360238,2026-03,2026-03-23
2026-03-25,9_16,11,5.275000000000006,16.014136099767743,2026-03,2026-03-23
2026-03-25,9_16,12,7.5,-1.7981984597780307,2026-03,2026-03-23
2026-03-25,9_16,13,5.0,14.485436925510715,2026-03,2026-03-23
2026-03-25,9_16,14,5.025000000000006,10.484320463749038,2026-03,2026-03-23
2026-03-25,9_16,15,6.375,2.8979052041589664,2026-03,2026-03-23
2026-03-25,9_16,16,-94.53,18.006393352718263,2026-03,2026-03-23
2026-03-25,17_24,17,-87.28500000000003,20.971815452275035,2026-03,2026-03-23
2026-03-25,17_24,18,29.200999999999965,-4.154428578792611,2026-03,2026-03-23
2026-03-25,17_24,19,50.240999999999985,25.122208216623758,2026-03,2026-03-23
2026-03-25,17_24,20,48.96300000000002,37.285326751922966,2026-03,2026-03-23
2026-03-25,17_24,21,39.94900000000001,5.114731652884913,2026-03,2026-03-23
2026-03-25,17_24,22,39.98200000000003,0.9838585422634888,2026-03,2026-03-23
2026-03-25,17_24,23,18.59499999999997,-6.063291771191852,2026-03,2026-03-23
2026-03-25,17_24,24,4.839999999999975,-15.568925872542623,2026-03,2026-03-23
2026-03-26,1_8,1,-53.466999999999985,-12.933643103095394,2026-03,2026-03-24
2026-03-26,1_8,2,-82.79399999999998,-4.337090897175148,2026-03,2026-03-24
2026-03-26,1_8,3,-83.34300000000002,-6.073534441008434,2026-03,2026-03-24
2026-03-26,1_8,4,-49.13099999999997,-10.555464666429167,2026-03,2026-03-24
2026-03-26,1_8,5,-39.20599999999996,-6.344847235567352,2026-03,2026-03-24
2026-03-26,1_8,6,-37.335999999999956,-13.478352473696688,2026-03,2026-03-24
2026-03-26,1_8,7,-12.536000000000001,-10.417775175017058,2026-03,2026-03-24
2026-03-26,1_8,8,0.5360000000000014,-13.71623318159859,2026-03,2026-03-24
2026-03-26,9_16,9,127.39400000000003,-61.268791768315744,2026-03,2026-03-24
2026-03-26,9_16,10,158.5,-74.22448211011935,2026-03,2026-03-24
2026-03-26,9_16,11,114.08500000000001,-75.5231124546131,2026-03,2026-03-24
2026-03-26,9_16,12,103.5,-65.12954648169371,2026-03,2026-03-24
2026-03-26,9_16,13,62.575,-60.354862809766516,2026-03,2026-03-24
2026-03-26,9_16,14,62.0,-80.55138553505294,2026-03,2026-03-24
2026-03-26,9_16,15,115.013,-66.00612987069857,2026-03,2026-03-24
2026-03-26,9_16,16,143.696,-60.17042470431396,2026-03,2026-03-24
2026-03-26,17_24,17,-27.100000000000023,-35.04414644777229,2026-03,2026-03-24
2026-03-26,17_24,18,-34.264999999999986,-30.864751397531915,2026-03,2026-03-24
2026-03-26,17_24,19,42.71300000000002,-4.669525053277501,2026-03,2026-03-24
2026-03-26,17_24,20,17.875,-2.765548782854691,2026-03,2026-03-24
2026-03-26,17_24,21,14.187000000000012,-22.04991915248825,2026-03,2026-03-24
2026-03-26,17_24,22,-3.9080000000000155,-19.74160552845353,2026-03,2026-03-24
2026-03-26,17_24,23,-3.084000000000003,-31.388927416226114,2026-03,2026-03-24
2026-03-26,17_24,24,-13.254999999999995,-10.543289039730803,2026-03,2026-03-24
2026-03-27,1_8,1,-53.593999999999994,17.678102462342576,2026-03,2026-03-25
2026-03-27,1_8,2,-37.71799999999996,17.04434636769145,2026-03,2026-03-25
2026-03-27,1_8,3,-62.170000000000016,12.385380692586175,2026-03,2026-03-25
2026-03-27,1_8,4,-64.74799999999999,10.104066398141557,2026-03,2026-03-25
2026-03-27,1_8,5,-64.04399999999998,18.459671253845965,2026-03,2026-03-25
2026-03-27,1_8,6,-46.98000000000002,12.260227260161324,2026-03,2026-03-25
2026-03-27,1_8,7,-32.14700000000005,11.71742124792393,2026-03,2026-03-25
2026-03-27,1_8,8,-14.692000000000007,7.098016422428009,2026-03,2026-03-25
2026-03-27,9_16,9,-63.983000000000004,-2.10882252381318,2026-03,2026-03-25
2026-03-27,9_16,10,31.875,-2.3986037014000248,2026-03,2026-03-25
2026-03-27,9_16,11,7.0,8.81183731150061,2026-03,2026-03-25
2026-03-27,9_16,12,5.0,-3.0521946482788755,2026-03,2026-03-25
2026-03-27,9_16,13,5.0,-0.7651317452279405,2026-03,2026-03-25
2026-03-27,9_16,14,5.625,-11.838101394600733,2026-03,2026-03-25
2026-03-27,9_16,15,-158.51600000000002,-25.837360532180597,2026-03,2026-03-25
2026-03-27,9_16,16,-312.269,-45.25236662263278,2026-03,2026-03-25
2026-03-27,17_24,17,-101.99900000000002,13.305634820971049,2026-03,2026-03-25
2026-03-27,17_24,18,-27.00799999999998,14.988517574961001,2026-03,2026-03-25
2026-03-27,17_24,19,-9.500999999999976,-0.0732471114781084,2026-03,2026-03-25
2026-03-27,17_24,20,-29.486999999999966,0.47044275830781923,2026-03,2026-03-25
2026-03-27,17_24,21,-47.69100000000003,16.71016156029577,2026-03,2026-03-25
2026-03-27,17_24,22,-73.97900000000004,31.817044183330527,2026-03,2026-03-25
2026-03-27,17_24,23,-152.495,34.028195524294574,2026-03,2026-03-25
2026-03-27,17_24,24,-203.12199999999996,14.379041005345877,2026-03,2026-03-25
2026-03-28,1_8,1,-157.90400000000005,-15.16385637053868,2026-03,2026-03-26
2026-03-28,1_8,2,-61.230999999999995,-9.50754053739394,2026-03,2026-03-26
2026-03-28,1_8,3,-28.867999999999995,-11.090315663335494,2026-03,2026-03-26
2026-03-28,1_8,4,-21.289999999999964,-11.326192822234065,2026-03,2026-03-26
2026-03-28,1_8,5,-18.01600000000002,-11.823030755206293,2026-03,2026-03-26
2026-03-28,1_8,6,-27.99599999999998,-14.501272549375411,2026-03,2026-03-26
2026-03-28,1_8,7,-40.242999999999995,-17.07660182763804,2026-03,2026-03-26
2026-03-28,1_8,8,-25.985000000000014,-16.560668579877262,2026-03,2026-03-26
2026-03-28,9_16,9,-251.361,1.9069417921080412,2026-03,2026-03-26
2026-03-28,9_16,10,-408.923,-16.397889763386917,2026-03,2026-03-26
2026-03-28,9_16,11,-369.10699999999997,-6.793287836670286,2026-03,2026-03-26
2026-03-28,9_16,12,-240.403,-12.896047078929337,2026-03,2026-03-26
2026-03-28,9_16,13,-115.064,-7.477602907368336,2026-03,2026-03-26
2026-03-28,9_16,14,-298.23699999999997,-7.043595841072872,2026-03,2026-03-26
2026-03-28,9_16,15,-253.59,-15.912533439653348,2026-03,2026-03-26
2026-03-28,9_16,16,-292.774,-17.303517715624363,2026-03,2026-03-26
2026-03-28,17_24,17,-71.49099999999999,17.98040954791488,2026-03,2026-03-26
2026-03-28,17_24,18,-80.17099999999999,5.076567692117997,2026-03,2026-03-26
2026-03-28,17_24,19,-119.67200000000003,7.8701841120316836,2026-03,2026-03-26
2026-03-28,17_24,20,-134.80700000000002,5.6401671789244405,2026-03,2026-03-26
2026-03-28,17_24,21,-49.83800000000002,5.652134636255026,2026-03,2026-03-26
2026-03-28,17_24,22,-61.40300000000002,-5.144265469799662,2026-03,2026-03-26
2026-03-28,17_24,23,-58.218999999999994,-8.303169820244323,2026-03,2026-03-26
2026-03-28,17_24,24,-58.004999999999995,-9.939119805799505,2026-03,2026-03-26
2026-03-29,1_8,1,-94.144,-11.820020925842858,2026-03,2026-03-27
2026-03-29,1_8,2,-115.14200000000005,-14.33550404948698,2026-03,2026-03-27
2026-03-29,1_8,3,-101.61800000000005,-15.782660400914654,2026-03,2026-03-27
2026-03-29,1_8,4,-106.21699999999998,-15.55426615112973,2026-03,2026-03-27
2026-03-29,1_8,5,-108.16300000000001,-10.597817348889878,2026-03,2026-03-27
2026-03-29,1_8,6,-75.18700000000001,-7.67882177687574,2026-03,2026-03-27
2026-03-29,1_8,7,-104.16899999999998,-7.3401465157899075,2026-03,2026-03-27
2026-03-29,1_8,8,-123.75299999999999,23.386219121283712,2026-03,2026-03-27
2026-03-29,9_16,9,-417.682,-5.583523521936141,2026-03,2026-03-27
2026-03-29,9_16,10,-473.55,1.260553599228621,2026-03,2026-03-27
2026-03-29,9_16,11,-295.43,2.713532262485123,2026-03,2026-03-27
2026-03-29,9_16,12,-247.67,2.363187941736308,2026-03,2026-03-27
2026-03-29,9_16,13,-35.419000000000004,-1.3533872034551233,2026-03,2026-03-27
2026-03-29,9_16,14,-87.21,5.160901324489427,2026-03,2026-03-27
2026-03-29,9_16,15,-317.224,-8.815224647276569,2026-03,2026-03-27
2026-03-29,9_16,16,-329.925,-2.071949120752033,2026-03,2026-03-27
2026-03-29,17_24,17,-140.29100000000005,7.804654137413586,2026-03,2026-03-27
2026-03-29,17_24,18,-52.537000000000035,6.889422219614733,2026-03,2026-03-27
2026-03-29,17_24,19,-63.09300000000002,1.1877513532223327,2026-03,2026-03-27
2026-03-29,17_24,20,-194.25,2.9384169179393624,2026-03,2026-03-27
2026-03-29,17_24,21,-110.36599999999999,1.7287708274486597,2026-03,2026-03-27
2026-03-29,17_24,22,-101.78200000000004,3.5432981458062303,2026-03,2026-03-27
2026-03-29,17_24,23,-62.85000000000002,7.760650328304462,2026-03,2026-03-27
2026-03-29,17_24,24,-21.382000000000005,9.946940368994674,2026-03,2026-03-27
2026-03-30,1_8,1,60.87399999999997,6.154839444254249,2026-03,2026-03-28
2026-03-30,1_8,2,48.84000000000003,4.584654185539302,2026-03,2026-03-28
2026-03-30,1_8,3,44.57099999999997,13.575497529459538,2026-03,2026-03-28
2026-03-30,1_8,4,35.39999999999998,17.127183697165417,2026-03,2026-03-28
2026-03-30,1_8,5,33.435,15.292316016707197,2026-03,2026-03-28
2026-03-30,1_8,6,44.843999999999994,20.29516444778501,2026-03,2026-03-28
2026-03-30,1_8,7,56.63499999999999,21.859376986008243,2026-03,2026-03-28
2026-03-30,1_8,8,57.426000000000045,18.227441656662208,2026-03,2026-03-28
2026-03-30,9_16,9,51.166,-47.71355087765443,2026-03,2026-03-28
2026-03-30,9_16,10,174.432,-47.772134339567295,2026-03,2026-03-28
2026-03-30,9_16,11,236.19299999999998,-35.95255238566262,2026-03,2026-03-28
2026-03-30,9_16,12,304.659,-29.806307867777686,2026-03,2026-03-28
2026-03-30,9_16,13,433.474,-36.567455436190606,2026-03,2026-03-28
2026-03-30,9_16,14,242.99999999999997,-42.90512213870206,2026-03,2026-03-28
2026-03-30,9_16,15,37.30599999999998,-54.654766583623335,2026-03,2026-03-28
2026-03-30,9_16,16,3.430999999999983,-46.62015298506861,2026-03,2026-03-28
2026-03-30,17_24,17,66.83999999999997,-15.241952465421093,2026-03,2026-03-28
2026-03-30,17_24,18,89.90100000000001,-0.3012611552481226,2026-03,2026-03-28
2026-03-30,17_24,19,72.47499999999997,-10.88832112246424,2026-03,2026-03-28
2026-03-30,17_24,20,64.89999999999998,-1.6327290179775917,2026-03,2026-03-28
2026-03-30,17_24,21,64.06400000000002,-0.5168981952274541,2026-03,2026-03-28
2026-03-30,17_24,22,59.61099999999999,-10.510426733750613,2026-03,2026-03-28
2026-03-30,17_24,23,71.555,-13.441472169164422,2026-03,2026-03-28
2026-03-30,17_24,24,75.11099999999999,-17.888517959900323,2026-03,2026-03-28
2026-03-31,1_8,1,-19.59699999999998,1.9668804887800957,2026-03,2026-03-29
2026-03-31,1_8,2,74.08800000000002,0.0619260265849183,2026-03,2026-03-29
2026-03-31,1_8,3,70.49799999999999,1.3415810237098247,2026-03,2026-03-29
2026-03-31,1_8,4,72.02499999999998,3.9708958928279534,2026-03,2026-03-29
2026-03-31,1_8,5,76.983,5.3763178241797265,2026-03,2026-03-29
2026-03-31,1_8,6,79.59199999999998,1.0136599419379662,2026-03,2026-03-29
2026-03-31,1_8,7,76.27600000000001,-1.0599851379253857,2026-03,2026-03-29
2026-03-31,1_8,8,93.923,-1.6250641053870383,2026-03,2026-03-29
2026-03-31,9_16,9,21.785999999999973,-68.97829272116263,2026-03,2026-03-29
2026-03-31,9_16,10,-130.223,-83.7370974179584,2026-03,2026-03-29
2026-03-31,9_16,11,-204.444,-67.08026694690349,2026-03,2026-03-29
2026-03-31,9_16,12,-143.451,-79.12003401153818,2026-03,2026-03-29
2026-03-31,9_16,13,-141.247,-90.76959888118755,2026-03,2026-03-29
2026-03-31,9_16,14,-241.667,-68.4705643692753,2026-03,2026-03-29
2026-03-31,9_16,15,-165.64299999999997,-66.34806072028236,2026-03,2026-03-29
2026-03-31,9_16,16,10.738,-59.85649731476358,2026-03,2026-03-29
2026-03-31,17_24,17,74.762,-14.500877708712054,2026-03,2026-03-29
2026-03-31,17_24,18,81.54199999999997,-1.4874729748365685,2026-03,2026-03-29
2026-03-31,17_24,19,94.17700000000002,11.543720701539518,2026-03,2026-03-29
2026-03-31,17_24,20,88.48200000000003,2.094509499291762,2026-03,2026-03-29
2026-03-31,17_24,21,87.91000000000003,-10.479626401259475,2026-03,2026-03-29
2026-03-31,17_24,22,93.06,-4.046824410745421,2026-03,2026-03-29
2026-03-31,17_24,23,104.44299999999998,-4.964923878476513,2026-03,2026-03-29
2026-03-31,17_24,24,106.774,-0.6918418341059646,2026-03,2026-03-29
2026-04-01,1_8,1,-5.9500000000000455,-23.20182863322621,2026-04,2026-03-30
2026-04-01,1_8,2,-27.658999999999992,-16.341540488826006,2026-04,2026-03-30
2026-04-01,1_8,3,-11.84699999999998,-19.27000305323746,2026-04,2026-03-30
2026-04-01,1_8,4,37.787999999999954,-21.9455445609996,2026-04,2026-03-30
2026-04-01,1_8,5,30.81899999999996,-20.132304042526233,2026-04,2026-03-30
2026-04-01,1_8,6,-24.343999999999937,-23.51622593831261,2026-04,2026-03-30
2026-04-01,1_8,7,-1.044999999999959,-19.1928205110988,2026-04,2026-03-30
2026-04-01,1_8,8,-29.841999999999985,-15.945447120884678,2026-04,2026-03-30
2026-04-01,9_16,9,21.974999999999994,-47.19432210913187,2026-04,2026-03-30
2026-04-01,9_16,10,80.0,-22.70861454333862,2026-04,2026-03-30
2026-04-01,9_16,11,60.0,-9.842098130186749,2026-04,2026-03-30
2026-04-01,9_16,12,6.061999999999998,-11.942680136350297,2026-04,2026-03-30
2026-04-01,9_16,13,10.0,-5.575315561523495,2026-04,2026-03-30
2026-04-01,9_16,14,5.0,-4.2729276060489605,2026-04,2026-03-30
2026-04-01,9_16,15,9.875,-14.941485800467508,2026-04,2026-03-30
2026-04-01,9_16,16,107.5,-43.829913850492765,2026-04,2026-03-30
2026-04-01,17_24,17,-96.34100000000001,-23.848972855598273,2026-04,2026-03-30
2026-04-01,17_24,18,-4.015999999999963,-33.881028208559854,2026-04,2026-03-30
2026-04-01,17_24,19,-66.173,-16.93695816301144,2026-04,2026-03-30
2026-04-01,17_24,20,4.298999999999978,-9.627996884774692,2026-04,2026-03-30
2026-04-01,17_24,21,-36.795000000000016,-14.793772641282615,2026-04,2026-03-30
2026-04-01,17_24,22,31.466000000000008,-19.682452551399898,2026-04,2026-03-30
2026-04-01,17_24,23,-9.911000000000058,-13.754867049334532,2026-04,2026-03-30
2026-04-01,17_24,24,12.348999999999933,-17.819211308129113,2026-04,2026-03-30
2026-04-02,1_8,1,4.9809999999999945,-32.665093056279886,2026-04,2026-03-31
2026-04-02,1_8,2,-1.44399999999996,-35.476489670059536,2026-04,2026-03-31
2026-04-02,1_8,3,-32.01800000000003,-35.77424717958167,2026-04,2026-03-31
2026-04-02,1_8,4,-12.347999999999956,-35.21098663993733,2026-04,2026-03-31
2026-04-02,1_8,5,-26.126999999999953,-31.882202652074024,2026-04,2026-03-31
2026-04-02,1_8,6,-24.53800000000001,-31.853879933339353,2026-04,2026-03-31
2026-04-02,1_8,7,-27.489000000000033,-28.875802044260922,2026-04,2026-03-31
2026-04-02,1_8,8,-14.64100000000002,-33.20966197001526,2026-04,2026-03-31
2026-04-02,9_16,9,-175.95499999999998,-32.732002894050495,2026-04,2026-03-31
2026-04-02,9_16,10,-178.413,-59.191870277355406,2026-04,2026-03-31
2026-04-02,9_16,11,20.0,-42.46018778772307,2026-04,2026-03-31
2026-04-02,9_16,12,-72.913,-39.8704237900053,2026-04,2026-03-31
2026-04-02,9_16,13,10.0,-51.7267380277404,2026-04,2026-03-31
2026-04-02,9_16,14,14.5,-67.93402149764135,2026-04,2026-03-31
2026-04-02,9_16,15,-210.233,-109.38188741313833,2026-04,2026-03-31
2026-04-02,9_16,16,-248.058,-86.6781984137877,2026-04,2026-03-31
2026-04-02,17_24,17,-125.54999999999995,-28.14849587735372,2026-04,2026-03-31
2026-04-02,17_24,18,-42.226999999999975,-14.766184943970703,2026-04,2026-03-31
2026-04-02,17_24,19,-42.38300000000004,-12.637593124473053,2026-04,2026-03-31
2026-04-02,17_24,20,-67.85700000000003,-9.07421276232966,2026-04,2026-03-31
2026-04-02,17_24,21,-10.170999999999992,-7.974080023969192,2026-04,2026-03-31
2026-04-02,17_24,22,-6.312000000000012,-6.768459528288312,2026-04,2026-03-31
2026-04-02,17_24,23,3.709000000000003,-6.48157582564777,2026-04,2026-03-31
2026-04-02,17_24,24,-86.04500000000002,-1.2587446283487975,2026-04,2026-03-31
2026-04-03,1_8,1,-97.40800000000002,-18.51846923696421,2026-04,2026-04-01
2026-04-03,1_8,2,-93.02699999999999,-20.58063723592225,2026-04,2026-04-01
2026-04-03,1_8,3,-84.81,-14.059102043482177,2026-04,2026-04-01
2026-04-03,1_8,4,-83.214,-13.094171193535383,2026-04,2026-04-01
2026-04-03,1_8,5,-70.37900000000002,-13.310548181630379,2026-04,2026-04-01
2026-04-03,1_8,6,-88.06700000000001,-7.170532812596937,2026-04,2026-04-01
2026-04-03,1_8,7,-61.14300000000003,-2.0074076269044774,2026-04,2026-04-01
2026-04-03,1_8,8,95.07900000000001,-11.957095476347245,2026-04,2026-04-01
2026-04-03,9_16,9,128.5,-10.957894992046775,2026-04,2026-04-01
2026-04-03,9_16,10,20.0,-7.859135939210019,2026-04,2026-04-01
2026-04-03,9_16,11,11.0,-17.801655692740972,2026-04,2026-04-01
2026-04-03,9_16,12,21.0,-9.981524702196307,2026-04,2026-04-01
2026-04-03,9_16,13,10.0,-12.48282507772571,2026-04,2026-04-01
2026-04-03,9_16,14,10.0,-17.668705565898833,2026-04,2026-04-01
2026-04-03,9_16,15,-24.729,-13.1431986814619,2026-04,2026-04-01
2026-04-03,9_16,16,-373.207,-19.672948816097783,2026-04,2026-04-01
2026-04-03,17_24,17,-283.269,-13.192585719203302,2026-04,2026-04-01
2026-04-03,17_24,18,-137.73699999999997,14.719367547187412,2026-04,2026-04-01
2026-04-03,17_24,19,-166.457,1.399750955684479,2026-04,2026-04-01
2026-04-03,17_24,20,-253.05700000000002,5.607730136178165,2026-04,2026-04-01
2026-04-03,17_24,21,-178.50100000000003,6.390377240088016,2026-04,2026-04-01
2026-04-03,17_24,22,-191.204,-0.3524959581451387,2026-04,2026-04-01
2026-04-03,17_24,23,-165.298,-8.069922383235566,2026-04,2026-04-01
2026-04-03,17_24,24,-114.54399999999998,-7.5697125744773945,2026-04,2026-04-01
2026-04-04,1_8,1,52.05200000000002,-20.02872233635112,2026-04,2026-04-02
2026-04-04,1_8,2,50.295000000000016,-9.177520368535118,2026-04,2026-04-02
2026-04-04,1_8,3,63.797000000000025,-7.91870242128491,2026-04,2026-04-02
2026-04-04,1_8,4,50.886000000000024,-15.94165294475418,2026-04,2026-04-02
2026-04-04,1_8,5,62.410000000000025,-10.852061038459622,2026-04,2026-04-02
2026-04-04,1_8,6,63.791,-13.78588136274742,2026-04,2026-04-02
2026-04-04,1_8,7,53.91399999999999,-6.40233499664717,2026-04,2026-04-02
2026-04-04,1_8,8,177.56900000000002,-1.7400944555200395,2026-04,2026-04-02
2026-04-04,9_16,9,72.25,-21.055145423077324,2026-04,2026-04-02
2026-04-04,9_16,10,7.0,-31.501905622412504,2026-04,2026-04-02
2026-04-04,9_16,11,5.0,-30.878657660286894,2026-04,2026-04-02
2026-04-04,9_16,12,5.0,-37.50713458553276,2026-04,2026-04-02
2026-04-04,9_16,13,5.0,-26.325857793115876,2026-04,2026-04-02
2026-04-04,9_16,14,5.0,-40.69902376585975,2026-04,2026-04-02
2026-04-04,9_16,15,5.0,-50.41606262066117,2026-04,2026-04-02
2026-04-04,9_16,16,113.913,-52.79297136543248,2026-04,2026-04-02
2026-04-04,17_24,17,150.17000000000002,10.353643820106685,2026-04,2026-04-02
2026-04-04,17_24,18,81.69,14.328855409848181,2026-04,2026-04-02
2026-04-04,17_24,19,96.827,43.528083330903556,2026-04,2026-04-02
2026-04-04,17_24,20,88.49700000000001,25.31530972352058,2026-04,2026-04-02
2026-04-04,17_24,21,83.745,33.48227812604417,2026-04,2026-04-02
2026-04-04,17_24,22,77.25599999999997,28.676941288385553,2026-04,2026-04-02
2026-04-04,17_24,23,66.005,26.17139119593674,2026-04,2026-04-02
2026-04-04,17_24,24,68.22699999999998,27.086179922179838,2026-04,2026-04-02
2026-04-05,1_8,1,10.569000000000017,-8.171525951944185,2026-04,2026-04-03
2026-04-05,1_8,2,9.14100000000002,-20.12371545506769,2026-04,2026-04-03
2026-04-05,1_8,3,-34.15699999999998,-12.938572134121939,2026-04,2026-04-03
2026-04-05,1_8,4,-21.411,3.620089611938711,2026-04,2026-04-03
2026-04-05,1_8,5,-11.769999999999982,-1.7087274884771115,2026-04,2026-04-03
2026-04-05,1_8,6,-0.002999999999985903,-3.058877557439486,2026-04,2026-04-03
2026-04-05,1_8,7,208.161,1.1517646882725596,2026-04,2026-04-03
2026-04-05,1_8,8,174.625,-6.495369328452685,2026-04,2026-04-03
2026-04-05,9_16,9,38.125,-6.838375136310389,2026-04,2026-04-03
2026-04-05,9_16,10,5.0,-2.645054369421136,2026-04,2026-04-03
2026-04-05,9_16,11,4.0,3.615717456589465,2026-04,2026-04-03
2026-04-05,9_16,12,4.0,-1.464527869353297,2026-04,2026-04-03
2026-04-05,9_16,13,4.0,-3.4199406172608615,2026-04,2026-04-03
2026-04-05,9_16,14,4.0,-0.7999235947958199,2026-04,2026-04-03
2026-04-05,9_16,15,5.0,-8.73105314632653,2026-04,2026-04-03
2026-04-05,9_16,16,108.125,-4.80306641721347,2026-04,2026-04-03
2026-04-05,17_24,17,158.669,-38.5169072431295,2026-04,2026-04-03
2026-04-05,17_24,18,78.952,-18.986855875972108,2026-04,2026-04-03
2026-04-05,17_24,19,80.298,-11.161273898829517,2026-04,2026-04-03
2026-04-05,17_24,20,133.06400000000002,0.7716816026032526,2026-04,2026-04-03
2026-04-05,17_24,21,90.40800000000002,-26.863869467783754,2026-04,2026-04-03
2026-04-05,17_24,22,95.93599999999998,-25.158117582010508,2026-04,2026-04-03
2026-04-05,17_24,23,85.45600000000002,-33.102564856941626,2026-04,2026-04-03
2026-04-05,17_24,24,81.42200000000003,-15.644893990368505,2026-04,2026-04-03
2026-04-06,1_8,1,38.827,-15.604402588810686,2026-04,2026-04-04
2026-04-06,1_8,2,28.52199999999999,-16.44211588436224,2026-04,2026-04-04
2026-04-06,1_8,3,35.13900000000001,-11.912109310902071,2026-04,2026-04-04
2026-04-06,1_8,4,36.66300000000001,-9.600342855471817,2026-04,2026-04-04
2026-04-06,1_8,5,29.951000000000022,-10.570287103210903,2026-04,2026-04-04
2026-04-06,1_8,6,26.49000000000001,-9.663682973392401,2026-04,2026-04-04
2026-04-06,1_8,7,17.194000000000017,62.05786767682568,2026-04,2026-04-04
2026-04-06,1_8,8,166.5,18.774774665261067,2026-04,2026-04-04
2026-04-06,9_16,9,6.375,6.304688852706109,2026-04,2026-04-04
2026-04-06,9_16,10,4.0,2.1367477949291867,2026-04,2026-04-04
2026-04-06,9_16,11,4.0,-0.2691912872712923,2026-04,2026-04-04
2026-04-06,9_16,12,4.0,0.7652694387432755,2026-04,2026-04-04
2026-04-06,9_16,13,4.0,6.6486575286934215,2026-04,2026-04-04
2026-04-06,9_16,14,4.0,1.3204526676643769,2026-04,2026-04-04
2026-04-06,9_16,15,4.0,-2.1040657051078093,2026-04,2026-04-04
2026-04-06,9_16,16,76.0,-3.9581829824283306,2026-04,2026-04-04
2026-04-06,17_24,17,-400.43600000000004,-4.500421616719743,2026-04,2026-04-04
2026-04-06,17_24,18,-1.9710000000000036,7.735308527823479,2026-04,2026-04-04
2026-04-06,17_24,19,25.413999999999987,-1.0477626645944287,2026-04,2026-04-04
2026-04-06,17_24,20,-105.75900000000001,17.511975281220938,2026-04,2026-04-04
2026-04-06,17_24,21,23.000999999999976,24.43315444082032,2026-04,2026-04-04
2026-04-06,17_24,22,24.221000000000004,31.401029089155756,2026-04,2026-04-04
2026-04-06,17_24,23,21.826999999999998,20.909999559220275,2026-04,2026-04-04
2026-04-06,17_24,24,24.452999999999975,16.741102557200435,2026-04,2026-04-04
2026-04-07,1_8,1,13.076000000000022,-16.36745238318598,2026-04,2026-04-05
2026-04-07,1_8,2,16.394999999999982,-17.640166462555406,2026-04,2026-04-05
2026-04-07,1_8,3,27.25799999999998,-17.90814482009588,2026-04,2026-04-05
2026-04-07,1_8,4,30.25400000000002,-19.194622548080147,2026-04,2026-04-05
2026-04-07,1_8,5,30.46199999999999,-18.51178617745545,2026-04,2026-04-05
2026-04-07,1_8,6,28.464,-14.782361920932109,2026-04,2026-04-05
2026-04-07,1_8,7,26.02199999999999,-10.185813879265899,2026-04,2026-04-05
2026-04-07,1_8,8,178.39700000000002,21.271542267604257,2026-04,2026-04-05
2026-04-07,9_16,9,29.375,0.472735916553479,2026-04,2026-04-05
2026-04-07,9_16,10,10.0,12.75572485032639,2026-04,2026-04-05
2026-04-07,9_16,11,5.0,4.657473748454318,2026-04,2026-04-05
2026-04-07,9_16,12,5.0,-15.640449736920289,2026-04,2026-04-05
2026-04-07,9_16,13,5.0,-15.910271924595973,2026-04,2026-04-05
2026-04-07,9_16,14,5.75,-15.972595546448776,2026-04,2026-04-05
2026-04-07,9_16,15,10.0,-15.204602393479643,2026-04,2026-04-05
2026-04-07,9_16,16,116.56,-19.501202208458164,2026-04,2026-04-05
2026-04-07,17_24,17,9.509999999999991,-1.0220735173937492,2026-04,2026-04-05
2026-04-07,17_24,18,44.980999999999995,11.009281659592048,2026-04,2026-04-05
2026-04-07,17_24,19,56.37099999999998,14.77246596364037,2026-04,2026-04-05
2026-04-07,17_24,20,49.46100000000001,14.37735001431231,2026-04,2026-04-05
2026-04-07,17_24,21,52.252999999999986,11.97592526183849,2026-04,2026-04-05
2026-04-07,17_24,22,48.428,9.889979058187262,2026-04,2026-04-05
2026-04-07,17_24,23,38.20600000000002,2.433223146428725,2026-04,2026-04-05
2026-04-07,17_24,24,30.987000000000023,2.3711955655393804,2026-04,2026-04-05
2026-04-08,1_8,1,-5.115000000000009,13.173325116919326,2026-04,2026-04-06
2026-04-08,1_8,2,0.8349999999999795,-8.454404605042074,2026-04,2026-04-06
2026-04-08,1_8,3,6.370999999999981,-7.702861442207382,2026-04,2026-04-06
2026-04-08,1_8,4,2.0609999999999786,5.1534806857184465,2026-04,2026-04-06
2026-04-08,1_8,5,23.069999999999993,11.745266567273418,2026-04,2026-04-06
2026-04-08,1_8,6,23.857000000000028,-0.0220793232883236,2026-04,2026-04-06
2026-04-08,1_8,7,97.906,27.37845767900419,2026-04,2026-04-06
2026-04-08,1_8,8,56.117000000000004,55.43073312371396,2026-04,2026-04-06
2026-04-08,9_16,9,-184.139,0.5937760479699068,2026-04,2026-04-06
2026-04-08,9_16,10,5.25,-16.821179920056125,2026-04,2026-04-06
2026-04-08,9_16,11,1.0,-11.382097960424323,2026-04,2026-04-06
2026-04-08,9_16,12,-213.528,-9.156952079693445,2026-04,2026-04-06
2026-04-08,9_16,13,-457.196,-9.147027258263963,2026-04,2026-04-06
2026-04-08,9_16,14,-455.002,-15.866679020216637,2026-04,2026-04-06
2026-04-08,9_16,15,-468.313,-7.167941008210388,2026-04,2026-04-06
2026-04-08,9_16,16,-255.032,11.151029495421302,2026-04,2026-04-06
2026-04-08,17_24,17,-358.54600000000005,-56.297425193013225,2026-04,2026-04-06
2026-04-08,17_24,18,30.656000000000006,-41.87621474835104,2026-04,2026-04-06
2026-04-08,17_24,19,44.658000000000015,-45.50583870263818,2026-04,2026-04-06
2026-04-08,17_24,20,25.617999999999995,-33.009910237987675,2026-04,2026-04-06
2026-04-08,17_24,21,27.91500000000002,-33.0918713812976,2026-04,2026-04-06
2026-04-08,17_24,22,32.137,-29.98570054053958,2026-04,2026-04-06
2026-04-08,17_24,23,11.738999999999976,-41.248737646031316,2026-04,2026-04-06
2026-04-08,17_24,24,29.996000000000038,-34.784760848164005,2026-04,2026-04-06
2026-04-09,1_8,1,14.853999999999985,-4.470036651303061,2026-04,2026-04-07
2026-04-09,1_8,2,8.850999999999999,-0.7252531435847215,2026-04,2026-04-07
2026-04-09,1_8,3,-68.46300000000002,1.5767527208071108,2026-04,2026-04-07
2026-04-09,1_8,4,-94.36900000000003,-0.15300293505856405,2026-04,2026-04-07
2026-04-09,1_8,5,-42.30500000000001,4.420177497231286,2026-04,2026-04-07
2026-04-09,1_8,6,19.37299999999999,5.184624161172825,2026-04,2026-04-07
2026-04-09,1_8,7,12.228999999999985,17.52066239282727,2026-04,2026-04-07
2026-04-09,1_8,8,6.192999999999984,22.7676163475943,2026-04,2026-04-07
2026-04-09,9_16,9,22.906999999999982,99.55549570532784,2026-04,2026-04-07
2026-04-09,9_16,10,18.353999999999985,132.46742875895512,2026-04,2026-04-07
2026-04-09,9_16,11,11.346000000000004,137.33621225487897,2026-04,2026-04-07
2026-04-09,9_16,12,-514.393,90.58327642394028,2026-04,2026-04-07
2026-04-09,9_16,13,-346.06100000000004,76.18575740287923,2026-04,2026-04-07
2026-04-09,9_16,14,-389.029,63.279797782621465,2026-04,2026-04-07
2026-04-09,9_16,15,-219.01399999999995,58.086553927342685,2026-04,2026-04-07
2026-04-09,9_16,16,-31.665999999999997,71.71328549678029,2026-04,2026-04-07
2026-04-09,17_24,17,-61.504999999999995,11.707283398106973,2026-04,2026-04-07
2026-04-09,17_24,18,1.7509999999999764,10.739677852351143,2026-04,2026-04-07
2026-04-09,17_24,19,-0.06100000000003547,20.149021715441478,2026-04,2026-04-07
2026-04-09,17_24,20,5.824999999999989,26.241439980197537,2026-04,2026-04-07
2026-04-09,17_24,21,-0.0010000000000331966,19.20574814268687,2026-04,2026-04-07
2026-04-09,17_24,22,7.970000000000027,12.842976358898413,2026-04,2026-04-07
2026-04-09,17_24,23,-1.0889999999999986,11.16630457704891,2026-04,2026-04-07
2026-04-09,17_24,24,-4.527999999999963,10.374127533378983,2026-04,2026-04-07
2026-04-10,1_8,1,-84.18899999999996,-5.734757880021438,2026-04,2026-04-08
2026-04-10,1_8,2,-27.490999999999985,-3.286029820983116,2026-04,2026-04-08
2026-04-10,1_8,3,0.8990000000000009,-1.2723926952114992,2026-04,2026-04-08
2026-04-10,1_8,4,61.07299999999998,-3.780735804403764,2026-04,2026-04-08
2026-04-10,1_8,5,50.375999999999976,-3.3302034190613368,2026-04,2026-04-08
2026-04-10,1_8,6,-35.235000000000014,-4.0928375843964355,2026-04,2026-04-08
2026-04-10,1_8,7,-62.28499999999997,-6.536477353574079,2026-04,2026-04-08
2026-04-10,1_8,8,-88.13400000000001,6.946712015110517,2026-04,2026-04-08
2026-04-10,9_16,9,-133.632,-5.3480407001110395,2026-04,2026-04-08
2026-04-10,9_16,10,-79.514,-5.163645116304557,2026-04,2026-04-08
2026-04-10,9_16,11,8.025000000000006,-2.166346580190888,2026-04,2026-04-08
2026-04-10,9_16,12,10.0,-4.948507937492834,2026-04,2026-04-08
2026-04-10,9_16,13,10.0,-2.3738764754667487,2026-04,2026-04-08
2026-04-10,9_16,14,8.25,12.120508899730645,2026-04,2026-04-08
2026-04-10,9_16,15,30.0,14.505371196889808,2026-04,2026-04-08
2026-04-10,9_16,16,138.32,24.983896134407445,2026-04,2026-04-08
2026-04-10,17_24,17,279.534,19.651879082834064,2026-04,2026-04-08
2026-04-10,17_24,18,4.007000000000005,9.710116575100642,2026-04,2026-04-08
2026-04-10,17_24,19,79.73000000000002,12.197014073842096,2026-04,2026-04-08
2026-04-10,17_24,20,93.61900000000003,13.148842084613209,2026-04,2026-04-08
2026-04-10,17_24,21,121.58499999999998,8.630436371911268,2026-04,2026-04-08
2026-04-10,17_24,22,125.09800000000001,-3.3659156392731115,2026-04,2026-04-08
2026-04-10,17_24,23,119.68900000000002,1.9539714594827242,2026-04,2026-04-08
2026-04-10,17_24,24,107.12900000000002,0.47890639440019905,2026-04,2026-04-08
2026-04-11,1_8,1,107.14100000000002,-13.017701105875847,2026-04,2026-04-09
2026-04-11,1_8,2,109.56299999999999,-10.665121489167396,2026-04,2026-04-09
2026-04-11,1_8,3,98.70299999999997,-17.08361381932225,2026-04,2026-04-09
2026-04-11,1_8,4,39.77699999999999,-16.942032124803255,2026-04,2026-04-09
2026-04-11,1_8,5,27.735000000000014,-13.840292153859338,2026-04,2026-04-09
2026-04-11,1_8,6,-79.05200000000002,-10.93298748433145,2026-04,2026-04-09
2026-04-11,1_8,7,84.5,-5.670248714756895,2026-04,2026-04-09
2026-04-11,1_8,8,219.226,99.24420768730003,2026-04,2026-04-09
2026-04-11,9_16,9,140.0,-34.30683321060842,2026-04,2026-04-09
2026-04-11,9_16,10,80.0,-25.44420029639682,2026-04,2026-04-09
2026-04-11,9_16,11,70.0,-56.723248985641796,2026-04,2026-04-09
2026-04-11,9_16,12,34.188,-69.24785974444968,2026-04,2026-04-09
2026-04-11,9_16,13,33.662,-64.55492720416248,2026-04,2026-04-09
2026-04-11,9_16,14,-259.815,-64.38086594333289,2026-04,2026-04-09
2026-04-11,9_16,15,-291.735,-64.1001966442151,2026-04,2026-04-09
2026-04-11,9_16,16,-262.082,-75.03623191886167,2026-04,2026-04-09
2026-04-11,17_24,17,-106.851,-29.920619157918484,2026-04,2026-04-09
2026-04-11,17_24,18,-32.84000000000003,-25.86611653438222,2026-04,2026-04-09
2026-04-11,17_24,19,-81.98800000000006,-7.906319001104395,2026-04,2026-04-09
2026-04-11,17_24,20,-71.29899999999998,-9.010974425921518,2026-04,2026-04-09
2026-04-11,17_24,21,-52.210000000000036,-7.0201741827106785,2026-04,2026-04-09
2026-04-11,17_24,22,-50.46500000000003,-8.86131296455788,2026-04,2026-04-09
2026-04-11,17_24,23,-46.13099999999997,-10.515744092165942,2026-04,2026-04-09
2026-04-11,17_24,24,-0.4420000000000073,-17.377949643335057,2026-04,2026-04-09
2026-04-12,1_8,1,10.168000000000006,3.4591020585355006,2026-04,2026-04-10
2026-04-12,1_8,2,-1.0219999999999914,6.376970989877109,2026-04,2026-04-10
2026-04-12,1_8,3,1.3220000000000027,9.862048253908563,2026-04,2026-04-10
2026-04-12,1_8,4,5.634999999999991,3.3544468956715447,2026-04,2026-04-10
2026-04-12,1_8,5,-10.855000000000018,0.5340145191841578,2026-04,2026-04-10
2026-04-12,1_8,6,24.999000000000024,2.2431781527516406,2026-04,2026-04-10
2026-04-12,1_8,7,216.045,41.795046254574046,2026-04,2026-04-10
2026-04-12,1_8,8,377.5,52.977300053357915,2026-04,2026-04-10
2026-04-12,9_16,9,172.525,-26.4523373314646,2026-04,2026-04-10
2026-04-12,9_16,10,104.2,-27.06858009532884,2026-04,2026-04-10
2026-04-12,9_16,11,85.625,-30.889546222981373,2026-04,2026-04-10
2026-04-12,9_16,12,70.0,-48.66818542788596,2026-04,2026-04-10
2026-04-12,9_16,13,70.0,-58.780369190238765,2026-04,2026-04-10
2026-04-12,9_16,14,135.625,-42.07312199656951,2026-04,2026-04-10
2026-04-12,9_16,15,93.028,-59.38854638631337,2026-04,2026-04-10
2026-04-12,9_16,16,188.048,-98.07106580782354,2026-04,2026-04-10
2026-04-12,17_24,17,120.00599999999997,-22.661840930876657,2026-04,2026-04-10
2026-04-12,17_24,18,-62.71199999999999,1.0995358939409778,2026-04,2026-04-10
2026-04-12,17_24,19,-64.87400000000002,3.031238815961211,2026-04,2026-04-10
2026-04-12,17_24,20,-78.31399999999996,-2.1162649499725976,2026-04,2026-04-10
2026-04-12,17_24,21,-58.21500000000003,-5.56627378841228,2026-04,2026-04-10
2026-04-12,17_24,22,-63.90700000000004,-5.965703431536406,2026-04,2026-04-10
2026-04-12,17_24,23,-71.03599999999994,-7.26906570257012,2026-04,2026-04-10
2026-04-12,17_24,24,-71.34900000000005,-7.9453638049659725,2026-04,2026-04-10
2026-04-13,1_8,1,-46.117999999999995,-0.16877078586934585,2026-04,2026-04-11
2026-04-13,1_8,2,-13.045999999999992,7.80559478193062,2026-04,2026-04-11
2026-04-13,1_8,3,6.583000000000027,8.037289350135735,2026-04,2026-04-11
2026-04-13,1_8,4,54.012,8.023502488561787,2026-04,2026-04-11
2026-04-13,1_8,5,59.36900000000003,7.492163276222292,2026-04,2026-04-11
2026-04-13,1_8,6,125.49400000000003,17.939890639654053,2026-04,2026-04-11
2026-04-13,1_8,7,85.62699999999995,14.824627698650946,2026-04,2026-04-11
2026-04-13,1_8,8,156.40699999999998,14.618578429766648,2026-04,2026-04-11
2026-04-13,9_16,9,137.07399999999996,-12.001408359279317,2026-04,2026-04-11
2026-04-13,9_16,10,437.129,-25.478425867913096,2026-04,2026-04-11
2026-04-13,9_16,11,348.685,-20.177050571394666,2026-04,2026-04-11
2026-04-13,9_16,12,383.198,-68.56485441745167,2026-04,2026-04-11
2026-04-13,9_16,13,312.753,-83.66285316321617,2026-04,2026-04-11
2026-04-13,9_16,14,330.175,-73.41193850672889,2026-04,2026-04-11
2026-04-13,9_16,15,265.703,-60.917756160409425,2026-04,2026-04-11
2026-04-13,9_16,16,279.576,-54.107906665552164,2026-04,2026-04-11
2026-04-13,17_24,17,76.24200000000002,-5.801199174397982,2026-04,2026-04-11
2026-04-13,17_24,18,-31.800999999999988,6.028244039221437,2026-04,2026-04-11
2026-04-13,17_24,19,45.547000000000025,7.414269401343152,2026-04,2026-04-11
2026-04-13,17_24,20,52.597999999999956,7.029286191059731,2026-04,2026-04-11
2026-04-13,17_24,21,-57.85699999999997,9.471765786733798,2026-04,2026-04-11
2026-04-13,17_24,22,-231.937,4.8473982996140945,2026-04,2026-04-11
2026-04-13,17_24,23,-248.98800000000006,2.492296798084024,2026-04,2026-04-11
2026-04-13,17_24,24,-100.34799999999996,6.971735877221638,2026-04,2026-04-11
2026-04-14,1_8,1,-7.756999999999948,-17.805627034165322,2026-04,2026-04-12
2026-04-14,1_8,2,-3.5950000000000273,-15.148812386787162,2026-04,2026-04-12
2026-04-14,1_8,3,2.2450000000000045,-15.524583098271336,2026-04,2026-04-12
2026-04-14,1_8,4,3.0,-14.898692461962257,2026-04,2026-04-12
2026-04-14,1_8,5,-2.413000000000011,-15.286766363629011,2026-04,2026-04-12
2026-04-14,1_8,6,-12.879999999999995,-19.56849827844807,2026-04,2026-04-12
2026-04-14,1_8,7,-31.426999999999964,-6.6790309007775726,2026-04,2026-04-12
2026-04-14,1_8,8,9.822000000000003,-6.388090023184229,2026-04,2026-04-12
2026-04-14,9_16,9,213.434,-40.0665157592315,2026-04,2026-04-12
2026-04-14,9_16,10,169.5,-38.62406317903932,2026-04,2026-04-12
2026-04-14,9_16,11,129.75,-30.94816345755974,2026-04,2026-04-12
2026-04-14,9_16,12,45.0,-21.692265718938195,2026-04,2026-04-12
2026-04-14,9_16,13,40.0,-33.685563534762224,2026-04,2026-04-12
2026-04-14,9_16,14,80.0,-42.53811807008906,2026-04,2026-04-12
2026-04-14,9_16,15,191.75,-45.751693591587106,2026-04,2026-04-12
2026-04-14,9_16,16,74.18100000000001,-35.27231851752814,2026-04,2026-04-12
2026-04-14,17_24,17,-4.8419999999999845,4.961828146950788,2026-04,2026-04-12
2026-04-14,17_24,18,29.89699999999999,16.41408736055815,2026-04,2026-04-12
2026-04-14,17_24,19,-16.436000000000035,36.02060944233482,2026-04,2026-04-12
2026-04-14,17_24,20,-15.600999999999999,41.51123526569351,2026-04,2026-04-12
2026-04-14,17_24,21,3.5610000000000355,25.16891578919157,2026-04,2026-04-12
2026-04-14,17_24,22,-30.534999999999968,21.59373577411675,2026-04,2026-04-12
2026-04-14,17_24,23,-19.383000000000038,19.062996989596503,2026-04,2026-04-12
2026-04-14,17_24,24,-20.884000000000015,15.43375600606579,2026-04,2026-04-12
2026-04-15,1_8,1,-122.59400000000005,7.167996355701169,2026-04,2026-04-13
2026-04-15,1_8,2,-92.15300000000002,11.821189158738264,2026-04,2026-04-13
2026-04-15,1_8,3,-19.535000000000025,12.260630049921874,2026-04,2026-04-13
2026-04-15,1_8,4,-6.11099999999999,14.414845379883607,2026-04,2026-04-13
2026-04-15,1_8,5,-0.5690000000000168,11.753352522818805,2026-04,2026-04-13
2026-04-15,1_8,6,-2.658999999999992,6.31245561451835,2026-04,2026-04-13
2026-04-15,1_8,7,-13.49799999999999,9.530817400319084,2026-04,2026-04-13
2026-04-15,1_8,8,-26.44799999999998,14.249870303239447,2026-04,2026-04-13
2026-04-15,9_16,9,14.25399999999999,14.434504944561658,2026-04,2026-04-13
2026-04-15,9_16,10,79.533,33.21467766178251,2026-04,2026-04-13
2026-04-15,9_16,11,-25.451,26.945546318007455,2026-04,2026-04-13
2026-04-15,9_16,12,6.503999999999998,34.70897448483359,2026-04,2026-04-13
2026-04-15,9_16,13,-17.351,42.94719883838451,2026-04,2026-04-13
2026-04-15,9_16,14,9.127000000000002,33.498589434455084,2026-04,2026-04-13
2026-04-15,9_16,15,39.189,36.101758842091854,2026-04,2026-04-13
2026-04-15,9_16,16,-106.08300000000003,31.13931869185505,2026-04,2026-04-13
2026-04-15,17_24,17,-63.99400000000003,13.8909654259557,2026-04,2026-04-13
2026-04-15,17_24,18,-51.14100000000002,9.358234175386137,2026-04,2026-04-13
2026-04-15,17_24,19,-15.233000000000004,13.971603640951633,2026-04,2026-04-13
2026-04-15,17_24,20,-33.923,17.185815289753627,2026-04,2026-04-13
2026-04-15,17_24,21,-26.24599999999998,8.291119230651974,2026-04,2026-04-13
2026-04-15,17_24,22,-41.54000000000002,1.8855200211633032,2026-04,2026-04-13
2026-04-15,17_24,23,-32.51299999999998,-3.875032718764196,2026-04,2026-04-13
2026-04-15,17_24,24,-25.786,0.8337754794230322,2026-04,2026-04-13
2026-04-16,1_8,1,17.40799999999996,15.174102178960544,2026-04,2026-04-14
2026-04-16,1_8,2,21.187000000000012,18.84682612699799,2026-04,2026-04-14
2026-04-16,1_8,3,33.456999999999994,20.297391389715127,2026-04,2026-04-14
2026-04-16,1_8,4,44.065,23.119927372804643,2026-04,2026-04-14
2026-04-16,1_8,5,36.597999999999956,19.5906663856228,2026-04,2026-04-14
2026-04-16,1_8,6,20.995000000000005,21.652773844772906,2026-04,2026-04-14
2026-04-16,1_8,7,33.293000000000006,36.85369182371189,2026-04,2026-04-14
2026-04-16,1_8,8,17.894000000000005,36.35368155777961,2026-04,2026-04-14
2026-04-16,9_16,9,2.0720000000000027,5.3137751738193,2026-04,2026-04-14
2026-04-16,9_16,10,-16.267999999999972,26.393827191476525,2026-04,2026-04-14
2026-04-16,9_16,11,-58.851,39.70636261104697,2026-04,2026-04-14
2026-04-16,9_16,12,-87.52499999999998,35.34864316207684,2026-04,2026-04-14
2026-04-16,9_16,13,-130.971,44.882178984793086,2026-04,2026-04-14
2026-04-16,9_16,14,-727.22,49.12146189925493,2026-04,2026-04-14
2026-04-16,9_16,15,-929.25,50.14770351299512,2026-04,2026-04-14
2026-04-16,9_16,16,-900.0,16.523865621864662,2026-04,2026-04-14
2026-04-16,17_24,17,-414.935,-6.405123353749278,2026-04,2026-04-14
2026-04-16,17_24,18,4.547999999999945,12.839085045543527,2026-04,2026-04-14
2026-04-16,17_24,19,-118.11700000000008,1.9871706743885424,2026-04,2026-04-14
2026-04-16,17_24,20,-67.30900000000003,-8.900876420367696,2026-04,2026-04-14
2026-04-16,17_24,21,-253.00199999999995,12.457056366899923,2026-04,2026-04-14
2026-04-16,17_24,22,-394.408,0.9925407107952542,2026-04,2026-04-14
2026-04-16,17_24,23,-331.182,-1.022064672830576,2026-04,2026-04-14
2026-04-16,17_24,24,-45.90699999999998,0.10626541460505783,2026-04,2026-04-14
2026-04-17,1_8,1,16.474000000000046,-10.737807162836047,2026-04,2026-04-15
2026-04-17,1_8,2,38.99399999999997,-11.600731658228598,2026-04,2026-04-15
2026-04-17,1_8,3,5.937999999999988,-8.099970861284437,2026-04,2026-04-15
2026-04-17,1_8,4,5.933999999999969,-7.429197836606706,2026-04,2026-04-15
2026-04-17,1_8,5,20.851999999999975,-10.499200897353516,2026-04,2026-04-15
2026-04-17,1_8,6,14.355000000000018,-13.427379399620266,2026-04,2026-04-15
2026-04-17,1_8,7,4.310000000000002,-21.936496186413713,2026-04,2026-04-15
2026-04-17,1_8,8,-57.37700000000001,-19.30321976542813,2026-04,2026-04-15
2026-04-17,9_16,9,11.26600000000002,-7.840596040076762,2026-04,2026-04-15
2026-04-17,9_16,10,-307.75,5.222093465363239,2026-04,2026-04-15
2026-04-17,9_16,11,-47.524,6.235364239369838,2026-04,2026-04-15
2026-04-17,9_16,12,0.08899999999999864,5.208656986137801,2026-04,2026-04-15
2026-04-17,9_16,13,-16.744999999999997,5.083652506065191,2026-04,2026-04-15
2026-04-17,9_16,14,-103.4,8.959175732644379,2026-04,2026-04-15
2026-04-17,9_16,15,-55.510000000000005,17.70675645764173,2026-04,2026-04-15
2026-04-17,9_16,16,-278.14099999999996,-2.73538899532966,2026-04,2026-04-15
2026-04-17,17_24,17,-56.490999999999985,22.40396051293386,2026-04,2026-04-15
2026-04-17,17_24,18,-6.346000000000004,28.555514970965607,2026-04,2026-04-15
2026-04-17,17_24,19,27.360000000000014,36.95366818939881,2026-04,2026-04-15
2026-04-17,17_24,20,13.442000000000007,35.89707239009028,2026-04,2026-04-15
2026-04-17,17_24,21,27.686000000000035,34.144910084905014,2026-04,2026-04-15
2026-04-17,17_24,22,29.826000000000022,25.58817689040979,2026-04,2026-04-15
2026-04-17,17_24,23,12.976999999999975,19.57932538527787,2026-04,2026-04-15
2026-04-17,17_24,24,7.168000000000006,23.083402308601123,2026-04,2026-04-15
2026-04-18,1_8,1,-10.470999999999947,8.850029746707696,2026-04,2026-04-16
2026-04-18,1_8,2,-7.040999999999997,7.742784673188279,2026-04,2026-04-16
2026-04-18,1_8,3,-4.59699999999998,8.279193391706977,2026-04,2026-04-16
2026-04-18,1_8,4,6.76400000000001,12.49697396733686,2026-04,2026-04-16
2026-04-18,1_8,5,4.048999999999978,10.03024756896814,2026-04,2026-04-16
2026-04-18,1_8,6,-15.317000000000007,10.691829500781806,2026-04,2026-04-16
2026-04-18,1_8,7,2.920000000000016,44.822368985379256,2026-04,2026-04-16
2026-04-18,1_8,8,242.308,65.52653215315638,2026-04,2026-04-16
2026-04-18,9_16,9,39.486000000000004,20.62658658769031,2026-04,2026-04-16
2026-04-18,9_16,10,60.0,14.12139642068001,2026-04,2026-04-16
2026-04-18,9_16,11,10.0,16.469161079303777,2026-04,2026-04-16
2026-04-18,9_16,12,-70.326,15.286897259741133,2026-04,2026-04-16
2026-04-18,9_16,13,-28.162,15.072863183446582,2026-04,2026-04-16
2026-04-18,9_16,14,-12.862000000000002,10.798398218117848,2026-04,2026-04-16
2026-04-18,9_16,15,-9.613999999999997,15.106848347783023,2026-04,2026-04-16
2026-04-18,9_16,16,74.881,7.938568015355006,2026-04,2026-04-16
2026-04-18,17_24,17,-38.242999999999995,-11.532177356752861,2026-04,2026-04-16
2026-04-18,17_24,18,-82.596,10.201580079463083,2026-04,2026-04-16
2026-04-18,17_24,19,-43.48399999999998,23.661283020319498,2026-04,2026-04-16
2026-04-18,17_24,20,-138.76099999999997,7.761638777463821,2026-04,2026-04-16
2026-04-18,17_24,21,-696.5150000000001,15.731785681694081,2026-04,2026-04-16
2026-04-18,17_24,22,-377.78599999999994,6.298148998956329,2026-04,2026-04-16
2026-04-18,17_24,23,-22.51400000000001,-1.9174054095588982,2026-04,2026-04-16
2026-04-18,17_24,24,-81.57399999999996,-4.8534458633441435,2026-04,2026-04-16
2026-04-19,1_8,1,-28.24599999999998,-0.7993395324868553,2026-04,2026-04-17
2026-04-19,1_8,2,-37.853999999999985,0.19301727171834143,2026-04,2026-04-17
2026-04-19,1_8,3,-12.346000000000004,4.024306957781951,2026-04,2026-04-17
2026-04-19,1_8,4,7.755999999999972,5.51022526155628,2026-04,2026-04-17
2026-04-19,1_8,5,-3.394999999999982,1.8273572331519095,2026-04,2026-04-17
2026-04-19,1_8,6,18.24000000000001,-0.8943180032909078,2026-04,2026-04-17
2026-04-19,1_8,7,233.164,45.61455467164374,2026-04,2026-04-17
2026-04-19,1_8,8,110.155,53.832827288320615,2026-04,2026-04-17
2026-04-19,9_16,9,26.5,5.45744720371535,2026-04,2026-04-17
2026-04-19,9_16,10,39.062,-1.2604307159304768,2026-04,2026-04-17
2026-04-19,9_16,11,10.0,5.859616150524158,2026-04,2026-04-17
2026-04-19,9_16,12,25.0,-0.7184405030323671,2026-04,2026-04-17
2026-04-19,9_16,13,7.709999999999994,2.2047802808332206,2026-04,2026-04-17
2026-04-19,9_16,14,25.399,-1.779724883399785,2026-04,2026-04-17
2026-04-19,9_16,15,21.933999999999997,-1.9240221115447247,2026-04,2026-04-17
2026-04-19,9_16,16,247.899,-8.491585170029278,2026-04,2026-04-17
2026-04-19,17_24,17,-682.069,-19.54991744919327,2026-04,2026-04-17
2026-04-19,17_24,18,-579.4680000000001,-14.952638828220955,2026-04,2026-04-17
2026-04-19,17_24,19,-45.783000000000015,3.652404246382739,2026-04,2026-04-17
2026-04-19,17_24,20,22.283999999999992,7.124758461393647,2026-04,2026-04-17
2026-04-19,17_24,21,64.77300000000002,2.825796628407885,2026-04,2026-04-17
2026-04-19,17_24,22,73.07,-6.706290075683668,2026-04,2026-04-17
2026-04-19,17_24,23,-26.66300000000001,-19.04342429097261,2026-04,2026-04-17
2026-04-19,17_24,24,-40.497000000000014,-17.65595319492528,2026-04,2026-04-17
2026-04-20,1_8,1,-26.894999999999982,53.91777944449222,2026-04,2026-04-18
2026-04-20,1_8,2,-37.048,49.31358627941837,2026-04,2026-04-18
2026-04-20,1_8,3,-9.204000000000008,46.751757608543194,2026-04,2026-04-18
2026-04-20,1_8,4,-14.691000000000031,48.75245043403073,2026-04,2026-04-18
2026-04-20,1_8,5,43.190999999999974,41.787690137241945,2026-04,2026-04-18
2026-04-20,1_8,6,194.89800000000002,47.93578877122106,2026-04,2026-04-18
2026-04-20,1_8,7,103.78399999999999,76.83446538065778,2026-04,2026-04-18
2026-04-20,1_8,8,9.197000000000003,74.25169129702927,2026-04,2026-04-18
2026-04-20,9_16,9,76.814,9.938248748541476,2026-04,2026-04-18
2026-04-20,9_16,10,71.244,5.214332299260991,2026-04,2026-04-18
2026-04-20,9_16,11,10.156000000000006,12.038380160067796,2026-04,2026-04-18
2026-04-20,9_16,12,7.542000000000002,6.924799929162093,2026-04,2026-04-18
2026-04-20,9_16,13,2.168999999999997,0.4847818665051734,2026-04,2026-04-18
2026-04-20,9_16,14,-23.113,0.06897212833560987,2026-04,2026-04-18
2026-04-20,9_16,15,11.460999999999999,7.112610870825473,2026-04,2026-04-18
2026-04-20,9_16,16,260.82,3.806323052014106,2026-04,2026-04-18
2026-04-20,17_24,17,248.032,23.546971859958347,2026-04,2026-04-18
2026-04-20,17_24,18,76.26499999999999,12.546539443966891,2026-04,2026-04-18
2026-04-20,17_24,19,57.922000000000025,8.084704742085835,2026-04,2026-04-18
2026-04-20,17_24,20,45.23299999999995,14.188008565306422,2026-04,2026-04-18
2026-04-20,17_24,21,63.04899999999998,21.037043300598235,2026-04,2026-04-18
2026-04-20,17_24,22,38.075000000000045,8.075530780267256,2026-04,2026-04-18
2026-04-20,17_24,23,19.853000000000065,6.445759103965899,2026-04,2026-04-18
2026-04-20,17_24,24,-0.8799999999999955,5.186288144392879,2026-04,2026-04-18
2026-04-21,1_8,1,85.48900000000003,19.926236445814183,2026-04,2026-04-19
2026-04-21,1_8,2,67.37200000000001,17.54937596635282,2026-04,2026-04-19
2026-04-21,1_8,3,41.31999999999999,17.70293258103413,2026-04,2026-04-19
2026-04-21,1_8,4,41.16500000000002,17.1365972490417,2026-04,2026-04-19
2026-04-21,1_8,5,44.735000000000014,12.94149083460075,2026-04,2026-04-19
2026-04-21,1_8,6,51.40899999999999,21.392554697712498,2026-04,2026-04-19
2026-04-21,1_8,7,75.10400000000004,25.399198716987783,2026-04,2026-04-19
2026-04-21,1_8,8,69.13799999999998,23.691927340930345,2026-04,2026-04-19
2026-04-21,9_16,9,14.86099999999999,-16.17341796037895,2026-04,2026-04-19
2026-04-21,9_16,10,17.425999999999988,-13.79349140174181,2026-04,2026-04-19
2026-04-21,9_16,11,26.089,2.286035164829908,2026-04,2026-04-19
2026-04-21,9_16,12,24.545000000000016,-1.7587482851210041,2026-04,2026-04-19
2026-04-21,9_16,13,17.838000000000022,-1.4340198643483204,2026-04,2026-04-19
2026-04-21,9_16,14,37.733000000000004,-7.898314109465094,2026-04,2026-04-19
2026-04-21,9_16,15,59.202999999999975,-13.877599687694072,2026-04,2026-04-19
2026-04-21,9_16,16,77.10500000000002,-24.320133968420773,2026-04,2026-04-19
2026-04-21,17_24,17,74.56599999999997,-14.09384764959716,2026-04,2026-04-19
2026-04-21,17_24,18,82.685,-4.61483153118706,2026-04,2026-04-19
2026-04-21,17_24,19,80.113,-3.592979605133484,2026-04,2026-04-19
2026-04-21,17_24,20,95.993,-5.0194966311054,2026-04,2026-04-19
2026-04-21,17_24,21,85.30900000000003,0.16716210329958978,2026-04,2026-04-19
2026-04-21,17_24,22,79.44999999999999,-10.212136231974508,2026-04,2026-04-19
2026-04-21,17_24,23,79.51999999999998,-13.322942237093521,2026-04,2026-04-19
2026-04-21,17_24,24,85.428,-9.164605952848659,2026-04,2026-04-19
2026-04-22,1_8,1,43.53399999999999,32.72067753488884,2026-04,2026-04-20
2026-04-22,1_8,2,37.028999999999996,37.6787499002582,2026-04,2026-04-20
2026-04-22,1_8,3,34.589,39.944734000422194,2026-04,2026-04-20
2026-04-22,1_8,4,31.802999999999997,42.605467756874944,2026-04,2026-04-20
2026-04-22,1_8,5,40.11699999999996,38.94502679264969,2026-04,2026-04-20
2026-04-22,1_8,6,42.464,36.19943552494223,2026-04,2026-04-20
2026-04-22,1_8,7,37.80000000000001,39.24010039880479,2026-04,2026-04-20
2026-04-22,1_8,8,59.14700000000005,34.26556265848848,2026-04,2026-04-20
2026-04-22,9_16,9,156.71099999999998,-8.303420252692085,2026-04,2026-04-20
2026-04-22,9_16,10,376.621,-0.22376866758241923,2026-04,2026-04-20
2026-04-22,9_16,11,499.19699999999995,-20.645530474078353,2026-04,2026-04-20
2026-04-22,9_16,12,82.108,-4.115632326635225,2026-04,2026-04-20
2026-04-22,9_16,13,28.906,-2.7220460627649006,2026-04,2026-04-20
2026-04-22,9_16,14,396.195,-4.614170419627961,2026-04,2026-04-20
2026-04-22,9_16,15,459.466,-6.157266980853688,2026-04,2026-04-20
2026-04-22,9_16,16,-38.87299999999999,-11.11782009267366,2026-04,2026-04-20
2026-04-22,17_24,17,44.82400000000001,-2.6444573580365613,2026-04,2026-04-20
2026-04-22,17_24,18,42.18599999999998,14.617695035224301,2026-04,2026-04-20
2026-04-22,17_24,19,62.24200000000002,4.4105280363430905,2026-04,2026-04-20
2026-04-22,17_24,20,39.785000000000025,10.26998054221466,2026-04,2026-04-20
2026-04-22,17_24,21,36.301999999999964,17.876685729769633,2026-04,2026-04-20
2026-04-22,17_24,22,40.14999999999998,8.97514118088521,2026-04,2026-04-20
2026-04-22,17_24,23,46.976999999999975,0.3878136300259979,2026-04,2026-04-20
2026-04-22,17_24,24,32.40199999999999,-1.185734893292772,2026-04,2026-04-20
2026-04-23,1_8,1,11.822000000000003,25.380209247296122,2026-04,2026-04-21
2026-04-23,1_8,2,8.744000000000028,27.57858689313869,2026-04,2026-04-21
2026-04-23,1_8,3,2.1960000000000264,27.331165423211438,2026-04,2026-04-21
2026-04-23,1_8,4,1.7490000000000236,29.809527473836287,2026-04,2026-04-21
2026-04-23,1_8,5,1.8589999999999804,29.17814578728383,2026-04,2026-04-21
2026-04-23,1_8,6,14.887999999999977,33.14319584401432,2026-04,2026-04-21
2026-04-23,1_8,7,32.572,38.74090003077413,2026-04,2026-04-21
2026-04-23,1_8,8,36.15499999999997,31.758742519693545,2026-04,2026-04-21
2026-04-23,9_16,9,-33.178,-4.527066350851506,2026-04,2026-04-21
2026-04-23,9_16,10,177.767,-21.825297865691017,2026-04,2026-04-21
2026-04-23,9_16,11,69.909,-8.827874284926994,2026-04,2026-04-21
2026-04-23,9_16,12,21.528000000000006,1.6101369835685424,2026-04,2026-04-21
2026-04-23,9_16,13,41.038,-2.9680494207951376,2026-04,2026-04-21
2026-04-23,9_16,14,54.022999999999996,6.501352390966729,2026-04,2026-04-21
2026-04-23,9_16,15,32.301,31.115246765738483,2026-04,2026-04-21
2026-04-23,9_16,16,85.528,23.69109087097561,2026-04,2026-04-21
2026-04-23,17_24,17,33.91300000000001,18.933271678854382,2026-04,2026-04-21
2026-04-23,17_24,18,23.226999999999975,28.05910792425762,2026-04,2026-04-21
2026-04-23,17_24,19,23.904999999999973,27.117076649668732,2026-04,2026-04-21
2026-04-23,17_24,20,20.514999999999986,33.200711670623726,2026-04,2026-04-21
2026-04-23,17_24,21,30.24599999999998,37.74507179031101,2026-04,2026-04-21
2026-04-23,17_24,22,32.71800000000002,22.552353419773613,2026-04,2026-04-21
2026-04-23,17_24,23,22.536999999999978,14.771985233540407,2026-04,2026-04-21
2026-04-23,17_24,24,20.096000000000004,15.524470110710462,2026-04,2026-04-21
2026-04-24,1_8,1,24.235000000000014,6.272121880331913,2026-04,2026-04-22
2026-04-24,1_8,2,22.24599999999998,5.866513114185433,2026-04,2026-04-22
2026-04-24,1_8,3,17.831999999999994,9.882065359674058,2026-04,2026-04-22
2026-04-24,1_8,4,14.088000000000022,14.143967987399238,2026-04,2026-04-22
2026-04-24,1_8,5,15.398000000000025,11.0716131298655,2026-04,2026-04-22
2026-04-24,1_8,6,5.326000000000022,15.169114304436523,2026-04,2026-04-22
2026-04-24,1_8,7,84.947,94.55078517116489,2026-04,2026-04-22
2026-04-24,1_8,8,77.927,114.52513447851956,2026-04,2026-04-22
2026-04-24,9_16,9,47.32299999999999,35.12387419280096,2026-04,2026-04-22
2026-04-24,9_16,10,16.757999999999996,23.505413092346394,2026-04,2026-04-22
2026-04-24,9_16,11,5.667000000000002,17.921862058616462,2026-04,2026-04-22
2026-04-24,9_16,12,11.462999999999994,11.7358855565882,2026-04,2026-04-22
2026-04-24,9_16,13,3.912000000000006,4.381315622501347,2026-04,2026-04-22
2026-04-24,9_16,14,17.136999999999993,3.336676193808904,2026-04,2026-04-22
2026-04-24,9_16,15,24.412000000000006,30.389915196748877,2026-04,2026-04-22
2026-04-24,9_16,16,47.19199999999999,22.56853199387188,2026-04,2026-04-22
2026-04-24,17_24,17,356.224,3.743948074994482,2026-04,2026-04-22
2026-04-24,17_24,18,44.791,17.961372568233237,2026-04,2026-04-22
2026-04-24,17_24,19,-131.39,24.341655058044616,2026-04,2026-04-22
2026-04-24,17_24,20,12.779999999999973,40.71403331799345,2026-04,2026-04-22
2026-04-24,17_24,21,12.447000000000003,44.237106462594845,2026-04,2026-04-22
2026-04-24,17_24,22,17.524,29.026116238288253,2026-04,2026-04-22
2026-04-24,17_24,23,18.269999999999982,26.49574472165017,2026-04,2026-04-22
2026-04-24,17_24,24,16.36500000000001,16.63914317517415,2026-04,2026-04-22
2026-04-25,1_8,1,-13.629000000000019,23.10209302463443,2026-04,2026-04-23
2026-04-25,1_8,2,-5.444000000000017,17.61619028399946,2026-04,2026-04-23
2026-04-25,1_8,3,-39.46600000000001,32.246482293871225,2026-04,2026-04-23
2026-04-25,1_8,4,-40.839,31.24710571904454,2026-04,2026-04-23
2026-04-25,1_8,5,-5.288999999999987,35.2750665366766,2026-04,2026-04-23
2026-04-25,1_8,6,-24.522999999999968,27.031925111089258,2026-04,2026-04-23
2026-04-25,1_8,7,109.96200000000002,100.74169816275175,2026-04,2026-04-23
2026-04-25,1_8,8,39.5,97.29509147351158,2026-04,2026-04-23
2026-04-25,9_16,9,10.0,22.01334641521107,2026-04,2026-04-23
2026-04-25,9_16,10,5.0,16.36928814312543,2026-04,2026-04-23
2026-04-25,9_16,11,5.0,14.780842304598869,2026-04,2026-04-23
2026-04-25,9_16,12,5.0,20.268208893427406,2026-04,2026-04-23
2026-04-25,9_16,13,5.0,14.881479717383659,2026-04,2026-04-23
2026-04-25,9_16,14,5.0,20.528547050152024,2026-04,2026-04-23
2026-04-25,9_16,15,5.0,15.114404675774555,2026-04,2026-04-23
2026-04-25,9_16,16,50.0,19.88754218484904,2026-04,2026-04-23
2026-04-25,17_24,17,35.991000000000014,6.508276099959534,2026-04,2026-04-23
2026-04-25,17_24,18,19.423000000000002,6.389739451522446,2026-04,2026-04-23
2026-04-25,17_24,19,13.505999999999972,21.74227294301078,2026-04,2026-04-23
2026-04-25,17_24,20,16.99599999999998,20.8253667079517,2026-04,2026-04-23
2026-04-25,17_24,21,15.406000000000006,17.691733168372796,2026-04,2026-04-23
2026-04-25,17_24,22,23.259000000000015,16.8006895003104,2026-04,2026-04-23
2026-04-25,17_24,23,9.817999999999984,15.624748197517858,2026-04,2026-04-23
2026-04-25,17_24,24,-34.014999999999986,17.642119456149803,2026-04,2026-04-23
2026-04-26,1_8,1,-32.50200000000001,12.965022416120313,2026-04,2026-04-24
2026-04-26,1_8,2,-15.401999999999987,13.02125456456489,2026-04,2026-04-24
2026-04-26,1_8,3,-24.09899999999999,15.209651022719832,2026-04,2026-04-24
2026-04-26,1_8,4,-17.333000000000027,21.64528930769959,2026-04,2026-04-24
2026-04-26,1_8,5,-139.93900000000002,38.35309496241251,2026-04,2026-04-24
2026-04-26,1_8,6,-30.435000000000002,51.37921470884843,2026-04,2026-04-24
2026-04-26,1_8,7,236.347,56.54776842106248,2026-04,2026-04-24
2026-04-26,1_8,8,216.79399999999998,74.00915451700244,2026-04,2026-04-24
2026-04-26,9_16,9,140.123,-52.41656558195645,2026-04,2026-04-24
2026-04-26,9_16,10,10.0,-57.85388531300259,2026-04,2026-04-24
2026-04-26,9_16,11,17.5,-43.75478681811955,2026-04,2026-04-24
2026-04-26,9_16,12,-364.285,-54.26536916627332,2026-04,2026-04-24
2026-04-26,9_16,13,-330.001,-63.82849491212044,2026-04,2026-04-24
2026-04-26,9_16,14,-367.49399999999997,-58.24476071545277,2026-04,2026-04-24
2026-04-26,9_16,15,-84.10300000000001,-61.278480012959406,2026-04,2026-04-24
2026-04-26,9_16,16,-4.324000000000012,-81.56963048192424,2026-04,2026-04-24
2026-04-26,17_24,17,4.449000000000012,-20.756617406680945,2026-04,2026-04-24
2026-04-26,17_24,18,-145.66899999999998,-17.008955765830375,2026-04,2026-04-24
2026-04-26,17_24,19,-157.46699999999998,-0.33788929036439735,2026-04,2026-04-24
2026-04-26,17_24,20,-99.17099999999999,-0.025115653614361834,2026-04,2026-04-24
2026-04-26,17_24,21,-59.761000000000024,-1.9176207897146325,2026-04,2026-04-24
2026-04-26,17_24,22,-95.89300000000003,-12.310516594028782,2026-04,2026-04-24
2026-04-26,17_24,23,-263.13000000000005,-11.29157168060479,2026-04,2026-04-24
2026-04-26,17_24,24,-132.72799999999995,-10.124084927751447,2026-04,2026-04-24
2026-04-27,1_8,1,-184.62099999999998,2.6164779762087114,2026-04,2026-04-25
2026-04-27,1_8,2,-61.101999999999975,8.386645683506316,2026-04,2026-04-25
2026-04-27,1_8,3,8.392999999999972,6.893698137694808,2026-04,2026-04-25
2026-04-27,1_8,4,32.74400000000003,6.184288542248547,2026-04,2026-04-25
2026-04-27,1_8,5,23.942000000000007,5.504621867590352,2026-04,2026-04-25
2026-04-27,1_8,6,31.151999999999987,3.6916472464110694,2026-04,2026-04-25
2026-04-27,1_8,7,-80.55700000000002,0.9409708321021952,2026-04,2026-04-25
2026-04-27,1_8,8,-34.637,3.8323965421492256,2026-04,2026-04-25
2026-04-27,9_16,9,-171.156,-5.715387554604623,2026-04,2026-04-25
2026-04-27,9_16,10,-41.954,4.120443861715689,2026-04,2026-04-25
2026-04-27,9_16,11,-10.357,8.485712243801432,2026-04,2026-04-25
2026-04-27,9_16,12,-10.866,12.970186901196746,2026-04,2026-04-25
2026-04-27,9_16,13,10.908000000000001,16.973171134967306,2026-04,2026-04-25
2026-04-27,9_16,14,20.0,15.42389334704159,2026-04,2026-04-25
2026-04-27,9_16,15,82.954,31.38313766929052,2026-04,2026-04-25
2026-04-27,9_16,16,102.5,41.54627668689066,2026-04,2026-04-25
2026-04-27,17_24,17,291.425,-0.18019212193934647,2026-04,2026-04-25
2026-04-27,17_24,18,9.199000000000012,9.440299765178572,2026-04,2026-04-25
2026-04-27,17_24,19,0.5600000000000023,25.241996052370983,2026-04,2026-04-25
2026-04-27,17_24,20,-41.829999999999984,12.787696361652733,2026-04,2026-04-25
2026-04-27,17_24,21,-50.339,14.370069742654255,2026-04,2026-04-25
2026-04-27,17_24,22,39.690999999999974,8.84056017086417,2026-04,2026-04-25
2026-04-27,17_24,23,-396.192,8.82588290911168,2026-04,2026-04-25
2026-04-27,17_24,24,-328.571,9.582192980752446,2026-04,2026-04-25
2026-04-28,1_8,1,-69.971,10.279357245096511,2026-04,2026-04-26
2026-04-28,1_8,2,-55.847999999999956,17.048580642252265,2026-04,2026-04-26
2026-04-28,1_8,3,-17.024,14.92461588367683,2026-04,2026-04-26
2026-04-28,1_8,4,-50.152000000000044,12.356471393220694,2026-04,2026-04-26
2026-04-28,1_8,5,-26.769999999999982,20.0664468469092,2026-04,2026-04-26
2026-04-28,1_8,6,-25.541000000000054,16.407461398798755,2026-04,2026-04-26
2026-04-28,1_8,7,-17.461000000000013,17.088334210187533,2026-04,2026-04-26
2026-04-28,1_8,8,206.219,60.906249042134704,2026-04,2026-04-26
2026-04-28,9_16,9,393.5,-31.640037716063233,2026-04,2026-04-26
2026-04-28,9_16,10,103.125,-29.982107790660873,2026-04,2026-04-26
2026-04-28,9_16,11,55.5,-38.60546436098727,2026-04,2026-04-26
2026-04-28,9_16,12,105.0,-70.40003212126726,2026-04,2026-04-26
2026-04-28,9_16,13,86.051,-52.38592510965169,2026-04,2026-04-26
2026-04-28,9_16,14,-304.349,-61.78468325037376,2026-04,2026-04-26
2026-04-28,9_16,15,-307.612,-53.28493463844763,2026-04,2026-04-26
2026-04-28,9_16,16,-81.64499999999998,-33.798061210744834,2026-04,2026-04-26
2026-04-28,17_24,17,-75.16500000000002,-15.534486149267838,2026-04,2026-04-26
2026-04-28,17_24,18,-30.74599999999998,-13.993251358173595,2026-04,2026-04-26
2026-04-28,17_24,19,9.701999999999998,-6.592992065609696,2026-04,2026-04-26
2026-04-28,17_24,20,-24.841000000000008,-9.644799424140244,2026-04,2026-04-26
2026-04-28,17_24,21,17.654999999999973,-10.291841282627786,2026-04,2026-04-26
2026-04-28,17_24,22,-26.44799999999998,-14.314110770196137,2026-04,2026-04-26
2026-04-28,17_24,23,9.014999999999986,-18.834508710212976,2026-04,2026-04-26
2026-04-28,17_24,24,-0.5710000000000264,-15.389670065519297,2026-04,2026-04-26
2026-04-29,1_8,1,-32.537000000000035,-2.4975502480890346,2026-04,2026-04-27
2026-04-29,1_8,2,-30.779999999999973,-0.4018971540167948,2026-04,2026-04-27
2026-04-29,1_8,3,-19.245000000000005,3.0118898372484355,2026-04,2026-04-27
2026-04-29,1_8,4,-11.455000000000041,2.4481912167884152,2026-04,2026-04-27
2026-04-29,1_8,5,4.475999999999999,5.161854240099556,2026-04,2026-04-27
2026-04-29,1_8,6,-3.1620000000000346,-3.8286762762900812,2026-04,2026-04-27
2026-04-29,1_8,7,16.02800000000002,-6.22963893252049,2026-04,2026-04-27
2026-04-29,1_8,8,197.96699999999998,53.19899219310102,2026-04,2026-04-27
2026-04-29,9_16,9,126.5,6.699999115249184,2026-04,2026-04-27
2026-04-29,9_16,10,80.0,7.653093263105683,2026-04,2026-04-27
2026-04-29,9_16,11,50.0,4.653434049604201,2026-04,2026-04-27
2026-04-29,9_16,12,50.0,-4.051046634583266,2026-04,2026-04-27
2026-04-29,9_16,13,52.727000000000004,-7.79648938821224,2026-04,2026-04-27
2026-04-29,9_16,14,76.035,3.038246556552035,2026-04,2026-04-27
2026-04-29,9_16,15,80.0,-2.428809934963298,2026-04,2026-04-27
2026-04-29,9_16,16,165.525,9.177542803187766,2026-04,2026-04-27
2026-04-29,17_24,17,-61.58699999999999,13.019976315180251,2026-04,2026-04-27
2026-04-29,17_24,18,17.173000000000002,9.358989900425007,2026-04,2026-04-27
2026-04-29,17_24,19,2.1119999999999663,15.099828466207182,2026-04,2026-04-27
2026-04-29,17_24,20,3.105000000000018,11.087208778374155,2026-04,2026-04-27
2026-04-29,17_24,21,6.913000000000011,7.2238546196674704,2026-04,2026-04-27
2026-04-29,17_24,22,1.356999999999971,3.8231557337880377,2026-04,2026-04-27
2026-04-29,17_24,23,-12.946000000000026,-1.5512826289715393,2026-04,2026-04-27
2026-04-29,17_24,24,27.94100000000003,3.84727523585336,2026-04,2026-04-27
2026-04-30,1_8,1,8.836999999999989,9.52053271449871,2026-04,2026-04-28
2026-04-30,1_8,2,9.75200000000001,9.629701148824152,2026-04,2026-04-28
2026-04-30,1_8,3,6.2450000000000045,9.843079310746338,2026-04,2026-04-28
2026-04-30,1_8,4,2.7509999999999764,11.051985291398971,2026-04,2026-04-28
2026-04-30,1_8,5,-4.774999999999977,16.416025248852716,2026-04,2026-04-28
2026-04-30,1_8,6,-4.112000000000023,15.295514435495614,2026-04,2026-04-28
2026-04-30,1_8,7,90.06699999999998,38.82304649811594,2026-04,2026-04-28
2026-04-30,1_8,8,82.655,123.40743986184096,2026-04,2026-04-28
2026-04-30,9_16,9,30.0,35.87257150423255,2026-04,2026-04-28
2026-04-30,9_16,10,-6.912999999999997,28.94459987119101,2026-04,2026-04-28
2026-04-30,9_16,11,-10.488,20.68446083509988,2026-04,2026-04-28
2026-04-30,9_16,12,-6.5959999999999965,26.319032563700652,2026-04,2026-04-28
2026-04-30,9_16,13,-8.729999999999997,16.160071464062163,2026-04,2026-04-28
2026-04-30,9_16,14,2.4549999999999983,5.932249403324769,2026-04,2026-04-28
2026-04-30,9_16,15,33.378,20.35865431408804,2026-04,2026-04-28
2026-04-30,9_16,16,-31.251000000000005,27.526099990165143,2026-04,2026-04-28
2026-04-30,17_24,17,-82.00300000000004,9.32202706797176,2026-04,2026-04-28
2026-04-30,17_24,18,12.302000000000021,-8.038812108228296,2026-04,2026-04-28
2026-04-30,17_24,19,8.663000000000011,8.304121967350056,2026-04,2026-04-28
2026-04-30,17_24,20,1.0810000000000173,18.687716291448996,2026-04,2026-04-28
2026-04-30,17_24,21,14.451999999999998,16.83510336751659,2026-04,2026-04-28
2026-04-30,17_24,22,4.670000000000016,7.037992462213755,2026-04,2026-04-28
2026-04-30,17_24,23,-3.4320000000000164,10.88352485587187,2026-04,2026-04-28
2026-04-30,17_24,24,-6.704000000000008,13.36122301996471,2026-04,2026-04-28
2026-05-01,1_8,1,-80.17200000000003,-10.17256667775293,2026-05,2026-04-29
2026-05-01,1_8,2,-85.53800000000001,-12.284075200647688,2026-05,2026-04-29
2026-05-01,1_8,3,-45.851999999999975,0.9878703665132771,2026-05,2026-04-29
2026-05-01,1_8,4,-98.96799999999996,-0.035092582009107,2026-05,2026-04-29
2026-05-01,1_8,5,-82.173,6.943513397171193,2026-05,2026-04-29
2026-05-01,1_8,6,-56.72000000000003,2.2907206395176516,2026-05,2026-04-29
2026-05-01,1_8,7,-143.688,81.79068475827714,2026-05,2026-04-29
2026-05-01,1_8,8,-228.815,102.41850689691461,2026-05,2026-04-29
2026-05-01,9_16,9,-47.614000000000004,-0.7996381848998553,2026-05,2026-04-29
2026-05-01,9_16,10,28.375,1.1601548132395478,2026-05,2026-04-29
2026-05-01,9_16,11,23.0,-2.279108213578668,2026-05,2026-04-29
2026-05-01,9_16,12,60.5,-19.133051101142804,2026-05,2026-04-29
2026-05-01,9_16,13,60.0,-25.962926876073897,2026-05,2026-04-29
2026-05-01,9_16,14,80.0,-26.9640709411437,2026-05,2026-04-29
2026-05-01,9_16,15,-90.387,-17.790369328007746,2026-05,2026-04-29
2026-05-01,9_16,16,-297.9,-3.0279764839864423,2026-05,2026-04-29
2026-05-01,17_24,17,-126.01600000000002,5.1623681117045574,2026-05,2026-04-29
2026-05-01,17_24,18,-40.22900000000004,9.061222672498534,2026-05,2026-04-29
2026-05-01,17_24,19,-32.849000000000046,7.099276224625073,2026-05,2026-04-29
2026-05-01,17_24,20,-4.286000000000058,7.985125675723458,2026-05,2026-04-29
2026-05-01,17_24,21,-15.706999999999994,4.015443242955307,2026-05,2026-04-29
2026-05-01,17_24,22,-46.35699999999997,11.265043802257244,2026-05,2026-04-29
2026-05-01,17_24,23,-75.75900000000001,-0.3001025675972296,2026-05,2026-04-29
2026-05-01,17_24,24,-60.278999999999996,8.445319687025618,2026-05,2026-04-29
2026-05-02,1_8,1,-204.49,12.21804491920605,2026-05,2026-04-30
2026-05-02,1_8,2,40.65899999999999,8.455564954917309,2026-05,2026-04-30
2026-05-02,1_8,3,48.82600000000002,4.821177940682025,2026-05,2026-04-30
2026-05-02,1_8,4,15.000999999999976,1.2250187272542106,2026-05,2026-04-30
2026-05-02,1_8,5,9.244000000000028,4.625553770072644,2026-05,2026-04-30
2026-05-02,1_8,6,76.91700000000003,7.589921225613954,2026-05,2026-04-30
2026-05-02,1_8,7,139.83100000000002,25.8140746755042,2026-05,2026-04-30
2026-05-02,1_8,8,55.12099999999998,16.831391565694602,2026-05,2026-04-30
2026-05-02,9_16,9,82.106,4.524775239833046,2026-05,2026-04-30
2026-05-02,9_16,10,107.35300000000001,24.407177692896035,2026-05,2026-04-30
2026-05-02,9_16,11,197.25400000000002,32.164369171264305,2026-05,2026-04-30
2026-05-02,9_16,12,159.42000000000002,36.85885309546989,2026-05,2026-04-30
2026-05-02,9_16,13,29.423999999999978,50.34980349129742,2026-05,2026-04-30
2026-05-02,9_16,14,77.22999999999996,42.91564677840297,2026-05,2026-04-30
2026-05-02,9_16,15,211.35699999999997,33.26057173172167,2026-05,2026-04-30
2026-05-02,9_16,16,207.65499999999997,17.584335857039303,2026-05,2026-04-30
2026-05-02,17_24,17,225.99900000000002,7.256297644862777,2026-05,2026-04-30
2026-05-02,17_24,18,216.99,7.675130849478211,2026-05,2026-04-30
2026-05-02,17_24,19,182.53300000000002,12.91729150265161,2026-05,2026-04-30
2026-05-02,17_24,20,4.152000000000044,1.8057650381030321,2026-05,2026-04-30
2026-05-02,17_24,21,-149.39799999999997,-0.41696443923957427,2026-05,2026-04-30
2026-05-02,17_24,22,-31.39500000000004,-2.240911309055271,2026-05,2026-04-30
2026-05-02,17_24,23,33.625,-3.472079423229058,2026-05,2026-04-30
2026-05-02,17_24,24,37.153999999999996,2.008123586561326,2026-05,2026-04-30
2026-05-03,1_8,1,-23.81899999999996,-10.515856343889299,2026-05,2026-05-01
2026-05-03,1_8,2,84.84399999999994,-5.677756738905926,2026-05,2026-05-01
2026-05-03,1_8,3,33.089,-7.316512896675263,2026-05,2026-05-01
2026-05-03,1_8,4,26.845000000000027,-2.938326888054522,2026-05,2026-05-01
2026-05-03,1_8,5,-2.63900000000001,4.471479440936058,2026-05,2026-05-01
2026-05-03,1_8,6,-80.98599999999999,-9.835164939168076,2026-05,2026-05-01
2026-05-03,1_8,7,-61.93299999999999,55.68098615060038,2026-05,2026-05-01
2026-05-03,1_8,8,-69.27600000000001,88.97331521084809,2026-05,2026-05-01
2026-05-03,9_16,9,-80.57599999999996,-24.306401757914006,2026-05,2026-05-01
2026-05-03,9_16,10,-27.887,-32.52120299039089,2026-05,2026-05-01
2026-05-03,9_16,11,152.755,-23.07935080828899,2026-05,2026-05-01
2026-05-03,9_16,12,179.5,-18.01406831743319,2026-05,2026-05-01
2026-05-03,9_16,13,179.5,-10.519037130077312,2026-05,2026-05-01
2026-05-03,9_16,14,160.0,-10.288565560822407,2026-05,2026-05-01
2026-05-03,9_16,15,180.0,-17.28543533534522,2026-05,2026-05-01
2026-05-03,9_16,16,115.61500000000001,-15.286262019579278,2026-05,2026-05-01
2026-05-03,17_24,17,-269.716,12.35433157611678,2026-05,2026-05-01
2026-05-03,17_24,18,-14.994000000000028,3.0485447127212093,2026-05,2026-05-01
2026-05-03,17_24,19,7.378000000000043,-4.259533863537041,2026-05,2026-05-01
2026-05-03,17_24,20,-164.90200000000004,-5.958294698052616,2026-05,2026-05-01
2026-05-03,17_24,21,-55.976,-9.390764487019933,2026-05,2026-05-01
2026-05-03,17_24,22,78.13300000000004,-10.660250343832757,2026-05,2026-05-01
2026-05-03,17_24,23,39.188999999999965,-8.510205197888272,2026-05,2026-05-01
2026-05-03,17_24,24,41.69500000000005,-7.360153002827465,2026-05,2026-05-01
2026-05-04,1_8,1,59.02499999999998,12.117740529561575,2026-05,2026-05-02
2026-05-04,1_8,2,80.58799999999997,8.574310984471088,2026-05,2026-05-02
2026-05-04,1_8,3,103.17700000000002,-2.2304533907369732,2026-05,2026-05-02
2026-05-04,1_8,4,98.76999999999998,7.57620787854953,2026-05,2026-05-02
2026-05-04,1_8,5,86.86300000000006,3.917513091197463,2026-05,2026-05-02
2026-05-04,1_8,6,45.65499999999997,5.967469772614318,2026-05,2026-05-02
2026-05-04,1_8,7,-169.73400000000004,90.935601474279,2026-05,2026-05-02
2026-05-04,1_8,8,159.875,81.60276200156804,2026-05,2026-05-02
2026-05-04,9_16,9,32.5,13.135179128819905,2026-05,2026-05-02
2026-05-04,9_16,10,12.5,4.40996121759346,2026-05,2026-05-02
2026-05-04,9_16,11,10.0,-6.677918767150937,2026-05,2026-05-02
2026-05-04,9_16,12,12.5,-11.444349215818656,2026-05,2026-05-02
2026-05-04,9_16,13,14.0,-5.627247340656863,2026-05,2026-05-02
2026-05-04,9_16,14,15.5,-9.0871495924496,2026-05,2026-05-02
2026-05-04,9_16,15,12.700000000000003,-2.7165157756847793,2026-05,2026-05-02
2026-05-04,9_16,16,102.61,3.6635382750857506,2026-05,2026-05-02
2026-05-04,17_24,17,152.883,-11.18399539293235,2026-05,2026-05-02
2026-05-04,17_24,18,33.01999999999998,-0.49875451435114676,2026-05,2026-05-02
2026-05-04,17_24,19,-12.948999999999955,2.5587653943209916,2026-05,2026-05-02
2026-05-04,17_24,20,135.125,1.965258906988361,2026-05,2026-05-02
2026-05-04,17_24,21,83.14499999999998,10.802562117086621,2026-05,2026-05-02
2026-05-04,17_24,22,23.081999999999994,16.189131185787083,2026-05,2026-05-02
2026-05-04,17_24,23,21.858000000000004,11.504648632797855,2026-05,2026-05-02
2026-05-04,17_24,24,22.82299999999998,15.93609306412569,2026-05,2026-05-02
2026-05-05,1_8,1,-74.293,25.950832174565175,2026-05,2026-05-03
2026-05-05,1_8,2,36.490999999999985,20.751943019677856,2026-05,2026-05-03
2026-05-05,1_8,3,26.41500000000002,21.79055275791746,2026-05,2026-05-03
2026-05-05,1_8,4,14.125999999999976,17.562902398126113,2026-05,2026-05-03
2026-05-05,1_8,5,79.15100000000001,26.737056672639707,2026-05,2026-05-03
2026-05-05,1_8,6,-178.99,25.381959701559897,2026-05,2026-05-03
2026-05-05,1_8,7,24.364999999999995,49.057609559532374,2026-05,2026-05-03
2026-05-05,1_8,8,20.0,40.555230534740126,2026-05,2026-05-03
2026-05-05,9_16,9,7.0,11.960469152609244,2026-05,2026-05-03
2026-05-05,9_16,10,6.5,18.769704308849263,2026-05,2026-05-03
2026-05-05,9_16,11,1.688999999999993,19.768659613609767,2026-05,2026-05-03
2026-05-05,9_16,12,20.0,41.47424732496416,2026-05,2026-05-03
2026-05-05,9_16,13,31.375,43.12292082097214,2026-05,2026-05-03
2026-05-05,9_16,14,7.772000000000006,41.5555728881073,2026-05,2026-05-03
2026-05-05,9_16,15,12.659999999999997,48.069621565986786,2026-05,2026-05-03
2026-05-05,9_16,16,75.0,47.03390777461387,2026-05,2026-05-03
2026-05-05,17_24,17,45.31199999999998,-1.7832978735422291,2026-05,2026-05-03
2026-05-05,17_24,18,-103.34699999999998,20.93429996568999,2026-05,2026-05-03
2026-05-05,17_24,19,48.29000000000002,14.117025134939007,2026-05,2026-05-03
2026-05-05,17_24,20,-44.839000000000055,24.784750157019047,2026-05,2026-05-03
2026-05-05,17_24,21,-26.25,30.94804635110843,2026-05,2026-05-03
2026-05-05,17_24,22,46.80799999999999,36.22585583930769,2026-05,2026-05-03
2026-05-05,17_24,23,23.425999999999988,31.385006182803753,2026-05,2026-05-03
2026-05-05,17_24,24,98.50799999999998,12.733558063784237,2026-05,2026-05-03
2026-05-06,1_8,1,93.58800000000002,31.06841213942404,2026-05,2026-05-04
2026-05-06,1_8,2,64.81599999999997,33.874659748383934,2026-05,2026-05-04
2026-05-06,1_8,3,24.665999999999997,28.65056214251589,2026-05,2026-05-04
2026-05-06,1_8,4,29.148000000000025,28.568959485925333,2026-05,2026-05-04
2026-05-06,1_8,5,209.526,29.65244612144035,2026-05,2026-05-04
2026-05-06,1_8,6,172.187,30.10542029426215,2026-05,2026-05-04
2026-05-06,1_8,7,206.0,46.34427843496454,2026-05,2026-05-04
2026-05-06,1_8,8,20.0,55.36138249636634,2026-05,2026-05-04
2026-05-06,9_16,9,40.0,19.61878848897088,2026-05,2026-05-04
2026-05-06,9_16,10,40.0,22.3757069480563,2026-05,2026-05-04
2026-05-06,9_16,11,28.0,21.13425774382638,2026-05,2026-05-04
2026-05-06,9_16,12,28.5,40.38288140515218,2026-05,2026-05-04
2026-05-06,9_16,13,40.0,37.66630501593675,2026-05,2026-05-04
2026-05-06,9_16,14,67.479,38.02356812360876,2026-05,2026-05-04
2026-05-06,9_16,15,-20.482999999999997,36.51754589998461,2026-05,2026-05-04
2026-05-06,9_16,16,-483.553,33.30421102462859,2026-05,2026-05-04
2026-05-06,17_24,17,-190.13299999999998,-0.0944964649841819,2026-05,2026-05-04
2026-05-06,17_24,18,-59.827999999999975,5.770858175174317,2026-05,2026-05-04
2026-05-06,17_24,19,77.48899999999998,5.534536318689583,2026-05,2026-05-04
2026-05-06,17_24,20,95.93599999999998,16.931041292354454,2026-05,2026-05-04
2026-05-06,17_24,21,85.47399999999999,14.127807563413267,2026-05,2026-05-04
2026-05-06,17_24,22,187.096,-1.720247958881935,2026-05,2026-05-04
2026-05-06,17_24,23,56.64499999999998,1.4852593167209847,2026-05,2026-05-04
2026-05-06,17_24,24,-7.092999999999961,-0.33146209284906525,2026-05,2026-05-04
2026-05-07,1_8,1,-49.46600000000001,19.32545120021504,2026-05,2026-05-05
2026-05-07,1_8,2,27.027000000000044,23.868167354450108,2026-05,2026-05-05
2026-05-07,1_8,3,132.83999999999997,26.160237301314243,2026-05,2026-05-05
2026-05-07,1_8,4,122.38299999999998,27.937420542003522,2026-05,2026-05-05
2026-05-07,1_8,5,50.97799999999995,18.742508506290562,2026-05,2026-05-05
2026-05-07,1_8,6,-48.43299999999999,9.664704467383219,2026-05,2026-05-05
2026-05-07,1_8,7,10.61099999999999,51.54254926299154,2026-05,2026-05-05
2026-05-07,1_8,8,142.815,49.535840042732175,2026-05,2026-05-05
2026-05-07,9_16,9,32.0,26.297331790563906,2026-05,2026-05-05
2026-05-07,9_16,10,12.5,28.581045827449753,2026-05,2026-05-05
2026-05-07,9_16,11,10.0,25.22018460098806,2026-05,2026-05-05
2026-05-07,9_16,12,10.0,31.706191848350084,2026-05,2026-05-05
2026-05-07,9_16,13,5.5,33.28696079432882,2026-05,2026-05-05
2026-05-07,9_16,14,7.0,31.61740080829635,2026-05,2026-05-05
2026-05-07,9_16,15,10.0,33.222380942296,2026-05,2026-05-05
2026-05-07,9_16,16,80.0,45.684640471723924,2026-05,2026-05-05
2026-05-07,17_24,17,338.5,15.165187312968937,2026-05,2026-05-05
2026-05-07,17_24,18,180.312,-1.9586260681632892,2026-05,2026-05-05
2026-05-07,17_24,19,-227.154,18.581316976453273,2026-05,2026-05-05
2026-05-07,17_24,20,-62.428999999999974,-4.131338943208597,2026-05,2026-05-05
2026-05-07,17_24,21,-63.74199999999996,0.6391615687410157,2026-05,2026-05-05
2026-05-07,17_24,22,-50.60799999999995,7.1511282009262285,2026-05,2026-05-05
2026-05-07,17_24,23,-47.30200000000002,17.469146061991047,2026-05,2026-05-05
2026-05-07,17_24,24,-47.166000000000054,20.658143551266036,2026-05,2026-05-05
2026-05-08,1_8,1,-15.827999999999975,14.781840601203168,2026-05,2026-05-06
2026-05-08,1_8,2,-16.763000000000034,20.428491688389627,2026-05,2026-05-06
2026-05-08,1_8,3,-38.99800000000005,24.337435410481675,2026-05,2026-05-06
2026-05-08,1_8,4,-23.96199999999999,22.158500114348737,2026-05,2026-05-06
2026-05-08,1_8,5,20.754999999999995,17.15647279491685,2026-05,2026-05-06
2026-05-08,1_8,6,47.56700000000001,29.060866484768265,2026-05,2026-05-06
2026-05-08,1_8,7,303.98,76.21198202646872,2026-05,2026-05-06
2026-05-08,1_8,8,36.5,80.90673087053007,2026-05,2026-05-06
2026-05-08,9_16,9,10.0,7.784547555396952,2026-05,2026-05-06
2026-05-08,9_16,10,7.0,12.438482537001322,2026-05,2026-05-06
2026-05-08,9_16,11,0.7909999999999968,12.969024622932757,2026-05,2026-05-06
2026-05-08,9_16,12,-1.6189999999999998,20.047580749976945,2026-05,2026-05-06
2026-05-08,9_16,13,8.5,28.916420999914205,2026-05,2026-05-06
2026-05-08,9_16,14,7.0,13.911411802457364,2026-05,2026-05-06
2026-05-08,9_16,15,23.125,23.189266801457613,2026-05,2026-05-06
2026-05-08,9_16,16,165.0,22.97723870068458,2026-05,2026-05-06
2026-05-08,17_24,17,365.435,-17.776411104945886,2026-05,2026-05-06
2026-05-08,17_24,18,18.03899999999993,8.520044283091817,2026-05,2026-05-06
2026-05-08,17_24,19,-11.70900000000006,10.862417060970586,2026-05,2026-05-06
2026-05-08,17_24,20,12.800000000000068,13.808986578529073,2026-05,2026-05-06
2026-05-08,17_24,21,3.3659999999999854,22.023294240536092,2026-05,2026-05-06
2026-05-08,17_24,22,26.723000000000013,10.39665545862206,2026-05,2026-05-06
2026-05-08,17_24,23,-71.29900000000004,9.64971026188871,2026-05,2026-05-06
2026-05-08,17_24,24,31.375,2.792248293293226,2026-05,2026-05-06
2026-05-09,1_8,1,-33.95100000000002,19.632656747747706,2026-05,2026-05-07
2026-05-09,1_8,2,116.505,20.166113540779065,2026-05,2026-05-07
2026-05-09,1_8,3,52.285000000000025,23.210300557514902,2026-05,2026-05-07
2026-05-09,1_8,4,-81.791,26.137647322478905,2026-05,2026-05-07
2026-05-09,1_8,5,-8.043000000000006,38.49020406362035,2026-05,2026-05-07
2026-05-09,1_8,6,219.216,33.856359105334136,2026-05,2026-05-07
2026-05-09,1_8,7,129.075,40.39910237342667,2026-05,2026-05-07
2026-05-09,1_8,8,6.5,32.47577253716914,2026-05,2026-05-07
2026-05-09,9_16,9,3.3619999999999948,19.415132700150824,2026-05,2026-05-07
2026-05-09,9_16,10,5.0,7.41282330603214,2026-05,2026-05-07
2026-05-09,9_16,11,-12.700000000000003,15.590539971728544,2026-05,2026-05-07
2026-05-09,9_16,12,-4.265000000000001,20.215796775629077,2026-05,2026-05-07
2026-05-09,9_16,13,-4.036000000000001,23.110848698719558,2026-05,2026-05-07
2026-05-09,9_16,14,3.0,18.810534618174948,2026-05,2026-05-07
2026-05-09,9_16,15,-20.060000000000002,19.821722240593644,2026-05,2026-05-07
2026-05-09,9_16,16,10.0,19.497184730142443,2026-05,2026-05-07
2026-05-09,17_24,17,137.0,0.9786482830400733,2026-05,2026-05-07
2026-05-09,17_24,18,275.704,8.747828742297555,2026-05,2026-05-07
2026-05-09,17_24,19,-35.150000000000034,19.63512678047948,2026-05,2026-05-07
2026-05-09,17_24,20,51.00400000000002,10.064282160404767,2026-05,2026-05-07
2026-05-09,17_24,21,-186.71699999999998,12.801587410928745,2026-05,2026-05-07
2026-05-09,17_24,22,65.945,7.1389756564284825,2026-05,2026-05-07
2026-05-09,17_24,23,-166.673,-3.9906121849819893,2026-05,2026-05-07
2026-05-09,17_24,24,-55.76400000000001,-12.52209541470434,2026-05,2026-05-07
2026-05-10,1_8,1,12.524999999999977,11.830541215130667,2026-05,2026-05-08
2026-05-10,1_8,2,-29.937000000000012,8.489615086883548,2026-05,2026-05-08
2026-05-10,1_8,3,7.177999999999997,12.3272800464351,2026-05,2026-05-08
2026-05-10,1_8,4,86.91,8.838005686789204,2026-05,2026-05-08
2026-05-10,1_8,5,-110.832,17.0242154567903,2026-05,2026-05-08
2026-05-10,1_8,6,-147.54500000000002,33.58615865980946,2026-05,2026-05-08
2026-05-10,1_8,7,-25.181,26.21458771546745,2026-05,2026-05-08
2026-05-10,1_8,8,12.540000000000006,17.25402944270621,2026-05,2026-05-08
2026-05-10,9_16,9,5.0,4.289896869943473,2026-05,2026-05-08
2026-05-10,9_16,10,3.5,4.4453414117484895,2026-05,2026-05-08
2026-05-10,9_16,11,3.0,8.306175801471944,2026-05,2026-05-08
2026-05-10,9_16,12,3.0,-2.3761149125745558,2026-05,2026-05-08
2026-05-10,9_16,13,3.0,5.086896329176328,2026-05,2026-05-08
2026-05-10,9_16,14,5.0,9.98052994990925,2026-05,2026-05-08
2026-05-10,9_16,15,5.0,6.456351258120969,2026-05,2026-05-08
2026-05-10,9_16,16,61.125,16.38779774083769,2026-05,2026-05-08
2026-05-10,17_24,17,-112.50099999999998,20.444963591817295,2026-05,2026-05-08
2026-05-10,17_24,18,-242.71899999999994,21.118584801630703,2026-05,2026-05-08
2026-05-10,17_24,19,-94.50999999999999,15.555330583227654,2026-05,2026-05-08
2026-05-10,17_24,20,-92.332,21.573690581827293,2026-05,2026-05-08
2026-05-10,17_24,21,-54.82899999999995,26.18529448000855,2026-05,2026-05-08
2026-05-10,17_24,22,-182.97500000000002,20.258332605325894,2026-05,2026-05-08
2026-05-10,17_24,23,-247.22699999999998,14.140300178642676,2026-05,2026-05-08
2026-05-10,17_24,24,-122.36300000000006,2.387009382429374,2026-05,2026-05-08
2026-05-11,1_8,1,-55.65499999999997,4.282939819545336,2026-05,2026-05-09
2026-05-11,1_8,2,-97.33399999999995,0.7826747162447522,2026-05,2026-05-09
2026-05-11,1_8,3,-98.51099999999997,-0.7593377180142679,2026-05,2026-05-09
2026-05-11,1_8,4,-111.40099999999995,1.4893684388302704,2026-05,2026-05-09
2026-05-11,1_8,5,-71.74199999999996,-0.4094382131694193,2026-05,2026-05-09
2026-05-11,1_8,6,-30.71799999999996,-4.103423447159364,2026-05,2026-05-09
2026-05-11,1_8,7,-28.948000000000036,-5.5358468708245825,2026-05,2026-05-09
2026-05-11,1_8,8,-15.740999999999985,-11.473204702192595,2026-05,2026-05-09
2026-05-11,9_16,9,-100.303,-14.372045280309361,2026-05,2026-05-09
2026-05-11,9_16,10,137.62,0.5275357986131003,2026-05,2026-05-09
2026-05-11,9_16,11,-84.43100000000001,2.4232411029127467,2026-05,2026-05-09
2026-05-11,9_16,12,-200.632,-13.593216147349205,2026-05,2026-05-09
2026-05-11,9_16,13,-315.01099999999997,-3.5336153508651273,2026-05,2026-05-09
2026-05-11,9_16,14,-443.937,-2.153770440621896,2026-05,2026-05-09
2026-05-11,9_16,15,-241.75399999999996,10.434029699268589,2026-05,2026-05-09
2026-05-11,9_16,16,-1.127999999999986,-20.97075262958125,2026-05,2026-05-09
2026-05-11,17_24,17,8.12299999999999,-14.253158772952693,2026-05,2026-05-09
2026-05-11,17_24,18,-12.868000000000052,-0.6276013236998479,2026-05,2026-05-09
2026-05-11,17_24,19,12.408999999999992,5.470909930844042,2026-05,2026-05-09
2026-05-11,17_24,20,-8.884000000000015,6.433920204203405,2026-05,2026-05-09
2026-05-11,17_24,21,-7.6159999999999854,6.442014097193734,2026-05,2026-05-09
2026-05-11,17_24,22,-12.083999999999946,-8.769973339138724,2026-05,2026-05-09
2026-05-11,17_24,23,-7.70799999999997,-4.040888976539639,2026-05,2026-05-09
2026-05-11,17_24,24,-13.479000000000042,-14.483157985426372,2026-05,2026-05-09
2026-05-12,1_8,1,-7.171000000000049,-7.305681337314694,2026-05,2026-05-10
2026-05-12,1_8,2,2.1359999999999673,-4.241452437026169,2026-05,2026-05-10
2026-05-12,1_8,3,-7.203999999999951,-1.9766969866287067,2026-05,2026-05-10
2026-05-12,1_8,4,-28.24000000000001,-2.811141025881511,2026-05,2026-05-10
2026-05-12,1_8,5,-4.730000000000018,5.092950032209327,2026-05,2026-05-10
2026-05-12,1_8,6,-2.6929999999999836,-1.5511053565975734,2026-05,2026-05-10
2026-05-12,1_8,7,-24.38299999999998,-3.2061245163803105,2026-05,2026-05-10
2026-05-12,1_8,8,68.64000000000001,66.75224536369306,2026-05,2026-05-10
2026-05-12,9_16,9,-205.186,-10.438067274621158,2026-05,2026-05-10
2026-05-12,9_16,10,40.0,-23.445167642227204,2026-05,2026-05-10
2026-05-12,9_16,11,39.5,-25.170572946230926,2026-05,2026-05-10
2026-05-12,9_16,12,9.623999999999995,-17.099761759093457,2026-05,2026-05-10
2026-05-12,9_16,13,4.430999999999997,-9.86454929437239,2026-05,2026-05-10
2026-05-12,9_16,14,10.049999999999997,-11.943441599568974,2026-05,2026-05-10
2026-05-12,9_16,15,18.5,-4.49694782901671,2026-05,2026-05-10
2026-05-12,9_16,16,64.888,20.59635549831131,2026-05,2026-05-10
2026-05-12,17_24,17,-80.844,21.801296847349263,2026-05,2026-05-10
2026-05-12,17_24,18,-44.47000000000003,14.371940849814463,2026-05,2026-05-10
2026-05-12,17_24,19,49.88199999999995,18.879918178224024,2026-05,2026-05-10
2026-05-12,17_24,20,13.015999999999963,5.268515506486786,2026-05,2026-05-10
2026-05-12,17_24,21,9.802999999999997,8.557637464538313,2026-05,2026-05-10
2026-05-12,17_24,22,6.682000000000016,4.257259406889599,2026-05,2026-05-10
2026-05-12,17_24,23,30.37099999999998,1.8102379536013806,2026-05,2026-05-10
2026-05-12,17_24,24,50.50200000000001,7.693558935838643,2026-05,2026-05-10
2026-05-13,1_8,1,102.40800000000002,2.4818387676841667,2026-05,2026-05-11
2026-05-13,1_8,2,71.38900000000001,8.196439282340629,2026-05,2026-05-11
2026-05-13,1_8,3,87.207,4.9708221707015205,2026-05,2026-05-11
2026-05-13,1_8,4,97.02300000000002,7.729395530926029,2026-05,2026-05-11
2026-05-13,1_8,5,90.57900000000001,9.473895612050539,2026-05,2026-05-11
2026-05-13,1_8,6,87.257,7.530067276045923,2026-05,2026-05-11
2026-05-13,1_8,7,196.11,75.94208661645386,2026-05,2026-05-11
2026-05-13,1_8,8,113.81,77.42675752276563,2026-05,2026-05-11
2026-05-13,9_16,9,30.0,31.852820269005864,2026-05,2026-05-11
2026-05-13,9_16,10,20.0,23.238208887274222,2026-05,2026-05-11
2026-05-13,9_16,11,20.0,8.745022664442724,2026-05,2026-05-11
2026-05-13,9_16,12,20.0,12.437342185801917,2026-05,2026-05-11
2026-05-13,9_16,13,20.5,13.62976602967912,2026-05,2026-05-11
2026-05-13,9_16,14,20.5,11.113620317980017,2026-05,2026-05-11
2026-05-13,9_16,15,30.0,11.820017818918272,2026-05,2026-05-11
2026-05-13,9_16,16,-111.781,37.942578251565166,2026-05,2026-05-11
2026-05-13,17_24,17,-167.24800000000005,-2.102475542849383,2026-05,2026-05-11
2026-05-13,17_24,18,-119.11500000000001,3.0406354741355015,2026-05,2026-05-11
2026-05-13,17_24,19,-29.764999999999986,-3.165472538023244,2026-05,2026-05-11
2026-05-13,17_24,20,-52.63199999999995,-4.01492832421578,2026-05,2026-05-11
2026-05-13,17_24,21,-43.43299999999999,-2.5047811149306374,2026-05,2026-05-11
2026-05-13,17_24,22,-23.246999999999957,7.825603808638432,2026-05,2026-05-11
2026-05-13,17_24,23,-25.355999999999995,-10.368095639524768,2026-05,2026-05-11
2026-05-13,17_24,24,7.605000000000018,-7.093282648693785,2026-05,2026-05-11
2026-05-14,1_8,1,-8.55600000000004,8.479654098237289,2026-05,2026-05-12
2026-05-14,1_8,2,-10.505999999999972,7.710635584606338,2026-05,2026-05-12
2026-05-14,1_8,3,2.490000000000009,7.001908005218356,2026-05,2026-05-12
2026-05-14,1_8,4,3.670000000000016,6.276029409943102,2026-05,2026-05-12
2026-05-14,1_8,5,15.389999999999986,5.441906624635821,2026-05,2026-05-12
2026-05-14,1_8,6,-36.11699999999996,0.29243423332719165,2026-05,2026-05-12
2026-05-14,1_8,7,-104.03899999999999,14.314735890153308,2026-05,2026-05-12
2026-05-14,1_8,8,-83.44900000000001,72.65691493305799,2026-05,2026-05-12
2026-05-14,9_16,9,120.837,27.27274627619721,2026-05,2026-05-12
2026-05-14,9_16,10,-9.097999999999999,19.81156764618622,2026-05,2026-05-12
2026-05-14,9_16,11,-22.615000000000002,23.043563456269798,2026-05,2026-05-12
2026-05-14,9_16,12,-86.995,19.179079643227613,2026-05,2026-05-12
2026-05-14,9_16,13,-104.91499999999999,19.36643368858607,2026-05,2026-05-12
2026-05-14,9_16,14,-134.078,28.21072205802901,2026-05,2026-05-12
2026-05-14,9_16,15,-89.132,29.883991570377855,2026-05,2026-05-12
2026-05-14,9_16,16,-69.053,43.606600234989976,2026-05,2026-05-12
2026-05-14,17_24,17,-91.65899999999999,7.827901956737839,2026-05,2026-05-12
2026-05-14,17_24,18,-39.048,-5.858825233469872,2026-05,2026-05-12
2026-05-14,17_24,19,25.338999999999942,-18.791621319543424,2026-05,2026-05-12
2026-05-14,17_24,20,-39.95500000000004,-20.767867617326793,2026-05,2026-05-12
2026-05-14,17_24,21,23.690999999999974,-22.9405129566501,2026-05,2026-05-12
2026-05-14,17_24,22,-49.16700000000003,-19.572719605246114,2026-05,2026-05-12
2026-05-14,17_24,23,20.829999999999927,-22.785567220491934,2026-05,2026-05-12
2026-05-14,17_24,24,17.331999999999994,-15.079552084337179,2026-05,2026-05-12
2026-05-15,1_8,1,34.34800000000001,-1.074652694598672,2026-05,2026-05-13
2026-05-15,1_8,2,48.516999999999996,7.544660059490171,2026-05,2026-05-13
2026-05-15,1_8,3,62.29599999999999,10.28031351436919,2026-05,2026-05-13
2026-05-15,1_8,4,65.07600000000002,9.021005631471379,2026-05,2026-05-13
2026-05-15,1_8,5,67.827,-7.427470477463248,2026-05,2026-05-13
2026-05-15,1_8,6,69.91100000000006,1.6022938442603418,2026-05,2026-05-13
2026-05-15,1_8,7,-132.098,62.0670997726978,2026-05,2026-05-13
2026-05-15,1_8,8,-466.471,68.98547500280104,2026-05,2026-05-13
2026-05-15,9_16,9,-614.012,0.7411390353382813,2026-05,2026-05-13
2026-05-15,9_16,10,-185.596,8.26801299552576,2026-05,2026-05-13
2026-05-15,9_16,11,3.8460000000000036,5.226702210875913,2026-05,2026-05-13
2026-05-15,9_16,12,3.0819999999999936,8.944156514965265,2026-05,2026-05-13
2026-05-15,9_16,13,-10.686,8.401147081251692,2026-05,2026-05-13
2026-05-15,9_16,14,-10.293999999999997,9.776796439414696,2026-05,2026-05-13
2026-05-15,9_16,15,16.897000000000006,13.793531628550213,2026-05,2026-05-13
2026-05-15,9_16,16,-1.240000000000002,27.325872014921412,2026-05,2026-05-13
2026-05-15,17_24,17,-109.75099999999998,-34.75219921464235,2026-05,2026-05-13
2026-05-15,17_24,18,-146.99,-36.990629213496014,2026-05,2026-05-13
2026-05-15,17_24,19,-85.50599999999997,-60.261421126399256,2026-05,2026-05-13
2026-05-15,17_24,20,-44.101,-55.07105494065584,2026-05,2026-05-13
2026-05-15,17_24,21,-40.47000000000003,-55.040385860161024,2026-05,2026-05-13
2026-05-15,17_24,22,-37.92999999999995,-52.4852770180942,2026-05,2026-05-13
2026-05-15,17_24,23,-82.644,-56.300403689438376,2026-05,2026-05-13
2026-05-15,17_24,24,-83.543,-58.97437176262403,2026-05,2026-05-13
2026-05-16,1_8,1,-17.684999999999945,14.41045751600024,2026-05,2026-05-14
2026-05-16,1_8,2,-43.06299999999999,44.302148414222174,2026-05,2026-05-14
2026-05-16,1_8,3,-31.579000000000008,42.25461905861832,2026-05,2026-05-14
2026-05-16,1_8,4,-17.98599999999999,39.58070105872772,2026-05,2026-05-14
2026-05-16,1_8,5,-15.732000000000028,37.140042600534386,2026-05,2026-05-14
2026-05-16,1_8,6,-5.392999999999972,9.5375719870966,2026-05,2026-05-14
2026-05-16,1_8,7,8.084000000000003,112.33158264382826,2026-05,2026-05-14
2026-05-16,1_8,8,-295.374,90.52380265157292,2026-05,2026-05-14
2026-05-16,9_16,9,-142.184,7.190491784709682,2026-05,2026-05-14
2026-05-16,9_16,10,50.0,-2.3242752773200768,2026-05,2026-05-14
2026-05-16,9_16,11,25.0,0.04711200614051615,2026-05,2026-05-14
2026-05-16,9_16,12,-16.852,-8.62987319923927,2026-05,2026-05-14
2026-05-16,9_16,13,-81.612,-11.493465261000287,2026-05,2026-05-14
2026-05-16,9_16,14,-89.50399999999999,-8.773316805055218,2026-05,2026-05-14
2026-05-16,9_16,15,-123.317,-4.87142982060447,2026-05,2026-05-14
2026-05-16,9_16,16,-388.806,3.332653011003157,2026-05,2026-05-14
2026-05-16,17_24,17,-182.01999999999998,-44.617555778943135,2026-05,2026-05-14
2026-05-16,17_24,18,-120.30499999999995,-41.19720938955636,2026-05,2026-05-14
2026-05-16,17_24,19,-44.35799999999995,-32.571867840529144,2026-05,2026-05-14
2026-05-16,17_24,20,-22.562999999999988,-33.0635971464049,2026-05,2026-05-14
2026-05-16,17_24,21,-3.6130000000000564,-30.83908156116096,2026-05,2026-05-14
2026-05-16,17_24,22,-21.365999999999985,-27.116722585154207,2026-05,2026-05-14
2026-05-16,17_24,23,-42.061000000000035,-31.675111852609586,2026-05,2026-05-14
2026-05-16,17_24,24,-20.05200000000002,-39.325196579766036,2026-05,2026-05-14
2026-05-17,1_8,1,47.94799999999998,43.295436774989184,2026-05,2026-05-15
2026-05-17,1_8,2,78.339,43.29755439903721,2026-05,2026-05-15
2026-05-17,1_8,3,68.476,44.0142777106308,2026-05,2026-05-15
2026-05-17,1_8,4,94.18,47.57676218569527,2026-05,2026-05-15
2026-05-17,1_8,5,81.97800000000001,43.68654591089822,2026-05,2026-05-15
2026-05-17,1_8,6,104.17500000000001,42.47578247819738,2026-05,2026-05-15
2026-05-17,1_8,7,246.783,91.1201609088222,2026-05,2026-05-15
2026-05-17,1_8,8,303.872,87.92177981633598,2026-05,2026-05-15
2026-05-17,9_16,9,381.659,0.8434324072955399,2026-05,2026-05-15
2026-05-17,9_16,10,329.5,-7.635898556496712,2026-05,2026-05-15
2026-05-17,9_16,11,232.067,-8.187461292356478,2026-05,2026-05-15
2026-05-17,9_16,12,281.0,-5.829955890522671,2026-05,2026-05-15
2026-05-17,9_16,13,145.78500000000003,-11.147993236975118,2026-05,2026-05-15
2026-05-17,9_16,14,258.76300000000003,1.2176244045330513,2026-05,2026-05-15
2026-05-17,9_16,15,333.031,-8.300398614921965,2026-05,2026-05-15
2026-05-17,9_16,16,474.078,-16.169781671746417,2026-05,2026-05-15
2026-05-17,17_24,17,167.438,-78.02885262718941,2026-05,2026-05-15
2026-05-17,17_24,18,227.082,-51.20627561821683,2026-05,2026-05-15
2026-05-17,17_24,19,164.815,-46.32418962666153,2026-05,2026-05-15
2026-05-17,17_24,20,170.361,-36.83119768642422,2026-05,2026-05-15
2026-05-17,17_24,21,103.79000000000002,-22.85494122084993,2026-05,2026-05-15
2026-05-17,17_24,22,107.28399999999999,-22.637815312373984,2026-05,2026-05-15
2026-05-17,17_24,23,139.11200000000002,-28.4878048927988,2026-05,2026-05-15
2026-05-17,17_24,24,175.724,-46.3882674487465,2026-05,2026-05-15
2026-05-18,1_8,1,109.68599999999998,-1.5233710903295024,2026-05,2026-05-16
2026-05-18,1_8,2,35.661,-7.541540678456383,2026-05,2026-05-16
2026-05-18,1_8,3,2.687999999999988,-5.45449340893484,2026-05,2026-05-16
2026-05-18,1_8,4,-7.134999999999991,-7.890922398638151,2026-05,2026-05-16
2026-05-18,1_8,5,-3.733000000000004,-3.2978647694434664,2026-05,2026-05-16
2026-05-18,1_8,6,61.65899999999999,-7.667825323818674,2026-05,2026-05-16
2026-05-18,1_8,7,74.36900000000003,27.53693586822084,2026-05,2026-05-16
2026-05-18,1_8,8,104.99599999999998,13.836884455614571,2026-05,2026-05-16
2026-05-18,9_16,9,104.56599999999997,23.363005326757374,2026-05,2026-05-16
2026-05-18,9_16,10,133.02300000000002,52.70531211703675,2026-05,2026-05-16
2026-05-18,9_16,11,129.55,52.0436823579271,2026-05,2026-05-16
2026-05-18,9_16,12,118.90800000000002,80.97616226377673,2026-05,2026-05-16
2026-05-18,9_16,13,145.909,64.60681005501397,2026-05,2026-05-16
2026-05-18,9_16,14,181.25400000000002,79.19299993551147,2026-05,2026-05-16
2026-05-18,9_16,15,215.81399999999996,60.288188307397334,2026-05,2026-05-16
2026-05-18,9_16,16,213.00099999999998,30.701606743943536,2026-05,2026-05-16
2026-05-18,17_24,17,156.42500000000007,-33.80548058060853,2026-05,2026-05-16
2026-05-18,17_24,18,170.25599999999997,-23.113710368590585,2026-05,2026-05-16
2026-05-18,17_24,19,177.255,-29.185465636190433,2026-05,2026-05-16
2026-05-18,17_24,20,177.243,-27.81841072835112,2026-05,2026-05-16
2026-05-18,17_24,21,179.49099999999999,-21.638927286539577,2026-05,2026-05-16
2026-05-18,17_24,22,181.437,-24.747376673095694,2026-05,2026-05-16
2026-05-18,17_24,23,176.27999999999997,-18.97019096288859,2026-05,2026-05-16
2026-05-18,17_24,24,184.598,-15.905600089946752,2026-05,2026-05-16
2026-05-19,1_8,1,94.815,17.42211883189935,2026-05,2026-05-17
2026-05-19,1_8,2,68.11200000000002,16.883462277679826,2026-05,2026-05-17
2026-05-19,1_8,3,62.898000000000025,17.066973056358975,2026-05,2026-05-17
2026-05-19,1_8,4,47.40199999999999,23.59236994400336,2026-05,2026-05-17
2026-05-19,1_8,5,70.09199999999998,24.61542506866668,2026-05,2026-05-17
2026-05-19,1_8,6,70.959,18.67918446152097,2026-05,2026-05-17
2026-05-19,1_8,7,83.60300000000001,40.17577227361129,2026-05,2026-05-17
2026-05-19,1_8,8,118.61399999999998,31.163525937209737,2026-05,2026-05-17
2026-05-19,9_16,9,6.237000000000023,70.6527456989664,2026-05,2026-05-17
2026-05-19,9_16,10,23.274,100.23290306671167,2026-05,2026-05-17
2026-05-19,9_16,11,-35.73700000000002,132.44378938481208,2026-05,2026-05-17
2026-05-19,9_16,12,-4.262999999999977,116.39750660583638,2026-05,2026-05-17
2026-05-19,9_16,13,104.368,100.02749417296565,2026-05,2026-05-17
2026-05-19,9_16,14,87.755,94.02592121328016,2026-05,2026-05-17
2026-05-19,9_16,15,94.863,84.70981957825042,2026-05,2026-05-17
2026-05-19,9_16,16,139.272,71.27592976138466,2026-05,2026-05-17
2026-05-19,17_24,17,53.05500000000001,12.568756525183144,2026-05,2026-05-17
2026-05-19,17_24,18,96.613,19.31390890012797,2026-05,2026-05-17
2026-05-19,17_24,19,49.178,15.985793175829746,2026-05,2026-05-17
2026-05-19,17_24,20,23.142999999999972,11.224256973957868,2026-05,2026-05-17
2026-05-19,17_24,21,44.891999999999996,7.760089188371607,2026-05,2026-05-17
2026-05-19,17_24,22,60.250999999999976,7.959859555432047,2026-05,2026-05-17
2026-05-19,17_24,23,87.13499999999999,14.33672871430948,2026-05,2026-05-17
2026-05-19,17_24,24,108.476,4.539699184752738,2026-05,2026-05-17
2026-05-20,1_8,1,17.033000000000015,21.287809681087094,2026-05,2026-05-18
2026-05-20,1_8,2,0.012000000000000455,30.13037244994202,2026-05,2026-05-18
2026-05-20,1_8,3,36.535000000000025,38.672411262072586,2026-05,2026-05-18
2026-05-20,1_8,4,88.15799999999999,48.04482014441431,2026-05,2026-05-18
2026-05-20,1_8,5,77.256,46.17804811272125,2026-05,2026-05-18
2026-05-20,1_8,6,24.571000000000026,56.663877379299855,2026-05,2026-05-18
2026-05-20,1_8,7,-17.00400000000002,58.88664671525207,2026-05,2026-05-18
2026-05-20,1_8,8,-29.536,52.70071832146331,2026-05,2026-05-18
2026-05-20,9_16,9,-45.303,36.9333444942212,2026-05,2026-05-18
2026-05-20,9_16,10,-53.08800000000002,54.225247058270114,2026-05,2026-05-18
2026-05-20,9_16,11,-58.58800000000002,84.54592064550674,2026-05,2026-05-18
2026-05-20,9_16,12,-90.81099999999998,53.53410822903659,2026-05,2026-05-18
2026-05-20,9_16,13,-77.93200000000002,61.62260635477236,2026-05,2026-05-18
2026-05-20,9_16,14,-57.93099999999998,50.55963070669845,2026-05,2026-05-18
2026-05-20,9_16,15,-35.95800000000003,69.05918657620371,2026-05,2026-05-18
2026-05-20,9_16,16,-9.168000000000006,66.54708534310967,2026-05,2026-05-18
2026-05-20,17_24,17,-25.889999999999986,2.894814999092357,2026-05,2026-05-18
2026-05-20,17_24,18,52.738,23.736326838611355,2026-05,2026-05-18
2026-05-20,17_24,19,41.831999999999994,29.773709692344575,2026-05,2026-05-18
2026-05-20,17_24,20,18.69799999999998,25.45041295069592,2026-05,2026-05-18
2026-05-20,17_24,21,61.589999999999975,19.711293230248533,2026-05,2026-05-18
2026-05-20,17_24,22,92.274,22.761197928191272,2026-05,2026-05-18
2026-05-20,17_24,23,84.029,24.278117187659042,2026-05,2026-05-18
2026-05-20,17_24,24,121.50799999999998,23.3900478868158,2026-05,2026-05-18
2026-05-21,1_8,1,2.7900000000000205,-7.531727568376619,2026-05,2026-05-19
2026-05-21,1_8,2,15.930000000000007,-0.4328357629640812,2026-05,2026-05-19
2026-05-21,1_8,3,11.086000000000013,-5.27486337034355,2026-05,2026-05-19
2026-05-21,1_8,4,10.149000000000001,-1.6785018818074398,2026-05,2026-05-19
2026-05-21,1_8,5,12.572000000000003,-3.9876155832476035,2026-05,2026-05-19
2026-05-21,1_8,6,32.827,-3.0703096102753062,2026-05,2026-05-19
2026-05-21,1_8,7,-17.46199999999999,21.84913259432383,2026-05,2026-05-19
2026-05-21,1_8,8,180.0,17.500619238791124,2026-05,2026-05-19
2026-05-21,9_16,9,80.0,-25.426172076847067,2026-05,2026-05-19
2026-05-21,9_16,10,70.0,-5.789730309904997,2026-05,2026-05-19
2026-05-21,9_16,11,46.0,-1.7264454433603251,2026-05,2026-05-19
2026-05-21,9_16,12,46.0,-8.51625398260347,2026-05,2026-05-19
2026-05-21,9_16,13,47.5,-12.863281558351849,2026-05,2026-05-19
2026-05-21,9_16,14,70.0,-11.71181899102655,2026-05,2026-05-19
2026-05-21,9_16,15,70.0,-7.065781060274595,2026-05,2026-05-19
2026-05-21,9_16,16,273.5,2.161039813766128,2026-05,2026-05-19
2026-05-21,17_24,17,67.13600000000002,-54.434381304685516,2026-05,2026-05-19
2026-05-21,17_24,18,10.947000000000003,-26.583266226181564,2026-05,2026-05-19
2026-05-21,17_24,19,-33.72500000000002,-19.987294212590395,2026-05,2026-05-19
2026-05-21,17_24,20,-37.240999999999985,-12.786680705455652,2026-05,2026-05-19
2026-05-21,17_24,21,-46.273000000000025,-21.235283435732203,2026-05,2026-05-19
2026-05-21,17_24,22,-21.067000000000007,-18.163584827644428,2026-05,2026-05-19
2026-05-21,17_24,23,-66.67700000000002,-23.153777302600854,2026-05,2026-05-19
2026-05-21,17_24,24,-89.19399999999996,-25.135543761920964,2026-05,2026-05-19
2026-05-22,1_8,1,20.968999999999994,22.195693248589897,2026-05,2026-05-20
2026-05-22,1_8,2,21.25200000000001,16.24580414661937,2026-05,2026-05-20
2026-05-22,1_8,3,40.16399999999999,16.34481679555023,2026-05,2026-05-20
2026-05-22,1_8,4,20.428999999999974,15.421665439927363,2026-05,2026-05-20
2026-05-22,1_8,5,41.47300000000001,18.216216578141662,2026-05,2026-05-20
2026-05-22,1_8,6,36.91199999999998,28.529288531002383,2026-05,2026-05-20
2026-05-22,1_8,7,205.676,71.22684490170364,2026-05,2026-05-20
2026-05-22,1_8,8,344.25,75.23036752173073,2026-05,2026-05-20
2026-05-22,9_16,9,292.5,27.381467358255865,2026-05,2026-05-20
2026-05-22,9_16,10,292.62,34.46187067034389,2026-05,2026-05-20
2026-05-22,9_16,11,255.341,63.95400600786778,2026-05,2026-05-20
2026-05-22,9_16,12,-111.156,64.42948930061023,2026-05,2026-05-20
2026-05-22,9_16,13,-134.905,33.36751847377088,2026-05,2026-05-20
2026-05-22,9_16,14,-47.03800000000001,27.802807584527756,2026-05,2026-05-20
2026-05-22,9_16,15,9.742999999999995,24.586186815112345,2026-05,2026-05-20
2026-05-22,9_16,16,1.6070000000000277,28.434201374513492,2026-05,2026-05-20
2026-05-22,17_24,17,17.12099999999998,-2.8316761031112194,2026-05,2026-05-20
2026-05-22,17_24,18,24.021000000000015,11.43746250462066,2026-05,2026-05-20
2026-05-22,17_24,19,38.59500000000003,16.708875041560372,2026-05,2026-05-20
2026-05-22,17_24,20,30.300999999999988,20.668646846902682,2026-05,2026-05-20
2026-05-22,17_24,21,13.87700000000001,22.896745033357316,2026-05,2026-05-20
2026-05-22,17_24,22,19.016999999999996,21.10721057390013,2026-05,2026-05-20
2026-05-22,17_24,23,17.509000000000015,25.175895080845773,2026-05,2026-05-20
2026-05-22,17_24,24,8.370000000000005,19.44328156218624,2026-05,2026-05-20
2026-05-23,1_8,1,13.795000000000073,1.0902181615668187,2026-05,2026-05-21
2026-05-23,1_8,2,14.347999999999956,2.234512749862274,2026-05,2026-05-21
2026-05-23,1_8,3,16.363,4.234815963552603,2026-05,2026-05-21
2026-05-23,1_8,4,7.596000000000004,3.619653583339675,2026-05,2026-05-21
2026-05-23,1_8,5,12.98599999999999,1.1784514141827835,2026-05,2026-05-21
2026-05-23,1_8,6,14.758000000000038,3.0693323163943784,2026-05,2026-05-21
2026-05-23,1_8,7,60.572,5.747259678064518,2026-05,2026-05-21
2026-05-23,1_8,8,35.81900000000002,6.632582241948489,2026-05,2026-05-21
2026-05-23,9_16,9,4.900000000000006,-3.806000092152469,2026-05,2026-05-21
2026-05-23,9_16,10,143.5,13.9758714674453,2026-05,2026-05-21
2026-05-23,9_16,11,126.0,24.615934749423836,2026-05,2026-05-21
2026-05-23,9_16,12,80.0,21.956247972237094,2026-05,2026-05-21
2026-05-23,9_16,13,80.0,13.126139470247994,2026-05,2026-05-21
2026-05-23,9_16,14,80.0,15.997871135453131,2026-05,2026-05-21
2026-05-23,9_16,15,180.0,16.9476328866212,2026-05,2026-05-21
2026-05-23,9_16,16,196.59,11.105353294551733,2026-05,2026-05-21
2026-05-23,17_24,17,16.225000000000023,-2.0333263384245233,2026-05,2026-05-21
2026-05-23,17_24,18,13.033000000000015,9.831289851916038,2026-05,2026-05-21
2026-05-23,17_24,19,29.932999999999993,11.342501093717502,2026-05,2026-05-21
2026-05-23,17_24,20,20.30499999999995,5.414344760587621,2026-05,2026-05-21
2026-05-23,17_24,21,7.9500000000000455,12.523734861085787,2026-05,2026-05-21
2026-05-23,17_24,22,9.620999999999981,19.849320228868006,2026-05,2026-05-21
2026-05-23,17_24,23,0.30700000000001637,14.032195841841265,2026-05,2026-05-21
2026-05-23,17_24,24,-20.437000000000012,5.007670506654877,2026-05,2026-05-21
2026-05-24,1_8,1,-44.22000000000003,3.5062915949313607,2026-05,2026-05-22
2026-05-24,1_8,2,-43.70799999999997,7.677911395036053,2026-05,2026-05-22
2026-05-24,1_8,3,-21.601999999999975,7.441314277579861,2026-05,2026-05-22
2026-05-24,1_8,4,10.999000000000024,4.157371749547577,2026-05,2026-05-22
2026-05-24,1_8,5,18.894000000000005,6.135611306795238,2026-05,2026-05-22
2026-05-24,1_8,6,26.668000000000006,6.426795556016692,2026-05,2026-05-22
2026-05-24,1_8,7,162.853,17.697480760479095,2026-05,2026-05-22
2026-05-24,1_8,8,-3.5400000000000205,62.209870083500924,2026-05,2026-05-22
2026-05-24,9_16,9,-164.18400000000003,51.437328267295456,2026-05,2026-05-22
2026-05-24,9_16,10,28.246,50.95257336402528,2026-05,2026-05-22
2026-05-24,9_16,11,63.262,53.67186834886765,2026-05,2026-05-22
2026-05-24,9_16,12,-101.836,47.10028444962461,2026-05,2026-05-22
2026-05-24,9_16,13,11.140999999999998,44.53211454776812,2026-05,2026-05-22
2026-05-24,9_16,14,61.26,44.10031969821099,2026-05,2026-05-22
2026-05-24,9_16,15,103.61,58.18609121384602,2026-05,2026-05-22
2026-05-24,9_16,16,253.25,66.70117444771812,2026-05,2026-05-22
2026-05-24,17_24,17,33.613,-35.062602006972725,2026-05,2026-05-22
2026-05-24,17_24,18,64.555,-12.846809989061514,2026-05,2026-05-22
2026-05-24,17_24,19,67.82999999999998,-2.0858439037643888,2026-05,2026-05-22
2026-05-24,17_24,20,74.66500000000002,-6.443701364199936,2026-05,2026-05-22
2026-05-24,17_24,21,73.84500000000003,-2.3910685349969882,2026-05,2026-05-22
2026-05-24,17_24,22,0.026999999999986812,-4.059417046709918,2026-05,2026-05-22
2026-05-24,17_24,23,-46.63300000000004,-10.49816568661392,2026-05,2026-05-22
2026-05-24,17_24,24,-27.479000000000042,-9.27465797075967,2026-05,2026-05-22
2026-05-25,1_8,1,54.18900000000002,15.601988186359826,2026-05,2026-05-23
2026-05-25,1_8,2,60.262,21.88851541054745,2026-05,2026-05-23
2026-05-25,1_8,3,51.499000000000024,30.865040751833746,2026-05,2026-05-23
2026-05-25,1_8,4,37.53399999999999,30.634974548408735,2026-05,2026-05-23
2026-05-25,1_8,5,25.711000000000013,33.07652854642285,2026-05,2026-05-23
2026-05-25,1_8,6,-7.1229999999999905,47.25403965732289,2026-05,2026-05-23
2026-05-25,1_8,7,8.627999999999986,49.38036670365049,2026-05,2026-05-23
2026-05-25,1_8,8,52.591999999999985,39.0662460710009,2026-05,2026-05-23
2026-05-25,9_16,9,74.50200000000001,33.504164061901754,2026-05,2026-05-23
2026-05-25,9_16,10,77.91699999999997,39.04818258255024,2026-05,2026-05-23
2026-05-25,9_16,11,34.47000000000003,39.57168058365669,2026-05,2026-05-23
2026-05-25,9_16,12,49.240999999999985,45.149834427836396,2026-05,2026-05-23
2026-05-25,9_16,13,20.571000000000026,47.66260499169123,2026-05,2026-05-23
2026-05-25,9_16,14,20.341000000000008,61.70488230845524,2026-05,2026-05-23
2026-05-25,9_16,15,9.573999999999955,51.39534328703453,2026-05,2026-05-23
2026-05-25,9_16,16,7.478000000000009,45.216455759999725,2026-05,2026-05-23
2026-05-25,17_24,17,12.459000000000003,13.234656684226165,2026-05,2026-05-23
2026-05-25,17_24,18,29.908999999999992,14.968758084563282,2026-05,2026-05-23
2026-05-25,17_24,19,45.59500000000003,27.18882778616476,2026-05,2026-05-23
2026-05-25,17_24,20,43.214,23.24084981536662,2026-05,2026-05-23
2026-05-25,17_24,21,50.351,23.26653473553497,2026-05,2026-05-23
2026-05-25,17_24,22,52.43599999999998,29.908384823922457,2026-05,2026-05-23
2026-05-25,17_24,23,54.139999999999986,29.317933854590645,2026-05,2026-05-23
2026-05-25,17_24,24,70.45400000000001,20.18401704166694,2026-05,2026-05-23
2026-05-26,1_8,1,55.03199999999998,15.942917709586169,2026-05,2026-05-24
2026-05-26,1_8,2,56.519000000000005,17.844742876280584,2026-05,2026-05-24
2026-05-26,1_8,3,178.046,23.194438923448956,2026-05,2026-05-24
2026-05-26,1_8,4,220.73000000000002,47.534311027131544,2026-05,2026-05-24
2026-05-26,1_8,5,81.36099999999999,64.46752804429893,2026-05,2026-05-24
2026-05-26,1_8,6,72.16500000000002,68.42040438922679,2026-05,2026-05-24
2026-05-26,1_8,7,240.19299999999998,78.32388622851697,2026-05,2026-05-24
2026-05-26,1_8,8,232.922,78.3134105608818,2026-05,2026-05-24
2026-05-26,9_16,9,33.38499999999999,-9.275829386413019,2026-05,2026-05-24
2026-05-26,9_16,10,19.358000000000004,-9.583288260063654,2026-05,2026-05-24
2026-05-26,9_16,11,49.379999999999995,-15.209268430458087,2026-05,2026-05-24
2026-05-26,9_16,12,40.406000000000006,-15.305059192106077,2026-05,2026-05-24
2026-05-26,9_16,13,45.80799999999999,-12.926395832511952,2026-05,2026-05-24
2026-05-26,9_16,14,19.692999999999984,-2.545433094367609,2026-05,2026-05-24
2026-05-26,9_16,15,16.934000000000026,11.23272514877693,2026-05,2026-05-24
2026-05-26,9_16,16,21.891999999999996,11.284976804971011,2026-05,2026-05-24
2026-05-26,17_24,17,28.456999999999994,12.504046537329021,2026-05,2026-05-24
2026-05-26,17_24,18,41.47300000000001,28.751046333715408,2026-05,2026-05-24
2026-05-26,17_24,19,50.60899999999998,26.88194596872559,2026-05,2026-05-24
2026-05-26,17_24,20,33.742999999999995,26.713463637028262,2026-05,2026-05-24
2026-05-26,17_24,21,31.201999999999998,28.527930156889695,2026-05,2026-05-24
2026-05-26,17_24,22,37.75400000000002,32.01646731542143,2026-05,2026-05-24
2026-05-26,17_24,23,27.726999999999975,39.88905172078052,2026-05,2026-05-24
2026-05-26,17_24,24,40.59300000000002,35.40653849380359,2026-05,2026-05-24
2026-05-27,1_8,1,3.819999999999993,5.27928709242497,2026-05,2026-05-25
2026-05-27,1_8,2,0.057999999999992724,3.5211811860363604,2026-05,2026-05-25
2026-05-27,1_8,3,-0.02199999999999136,0.09073067981727818,2026-05,2026-05-25
2026-05-27,1_8,4,-3.123999999999967,-0.035446467345303455,2026-05,2026-05-25
2026-05-27,1_8,5,-2.283999999999992,2.269190061251419,2026-05,2026-05-25
2026-05-27,1_8,6,0.053999999999973625,4.081514503320007,2026-05,2026-05-25
2026-05-27,1_8,7,0.3230000000000359,15.368251412474423,2026-05,2026-05-25
2026-05-27,1_8,8,-3.781000000000006,13.722613986862015,2026-05,2026-05-25
2026-05-27,9_16,9,-13.047000000000025,18.4212645951135,2026-05,2026-05-25
2026-05-27,9_16,10,-0.3199999999999932,14.00439535040349,2026-05,2026-05-25
2026-05-27,9_16,11,-64.22399999999999,5.461604390960955,2026-05,2026-05-25
2026-05-27,9_16,12,39.67700000000002,2.0403774268084627,2026-05,2026-05-25
2026-05-27,9_16,13,76.88399999999999,-3.326666582869138,2026-05,2026-05-25
2026-05-27,9_16,14,-90.411,18.892871840197646,2026-05,2026-05-25
2026-05-27,9_16,15,-49.27699999999999,5.003912207445953,2026-05,2026-05-25
2026-05-27,9_16,16,-50.125999999999976,27.8016221478793,2026-05,2026-05-25
2026-05-27,17_24,17,0.24099999999998545,32.78806366302751,2026-05,2026-05-25
2026-05-27,17_24,18,22.817999999999984,28.37087810175135,2026-05,2026-05-25
2026-05-27,17_24,19,43.874000000000024,34.29748714811036,2026-05,2026-05-25
2026-05-27,17_24,20,55.87299999999999,31.69465233713167,2026-05,2026-05-25
2026-05-27,17_24,21,49.00599999999997,29.273364870000993,2026-05,2026-05-25
2026-05-27,17_24,22,36.504999999999995,29.160990909354624,2026-05,2026-05-25
2026-05-27,17_24,23,21.360000000000014,30.053932661460294,2026-05,2026-05-25
2026-05-27,17_24,24,29.50200000000001,30.51051621599619,2026-05,2026-05-25
2026-05-28,1_8,1,-211.10699999999997,-12.35097239305085,2026-05,2026-05-26
2026-05-28,1_8,2,-158.92899999999997,-10.447799281406233,2026-05,2026-05-26
2026-05-28,1_8,3,-110.26700000000005,-6.139699546428531,2026-05,2026-05-26
2026-05-28,1_8,4,-54.221000000000004,-8.73374884066559,2026-05,2026-05-26
2026-05-28,1_8,5,-13.920999999999992,-8.286909022664997,2026-05,2026-05-26
2026-05-28,1_8,6,87.11599999999999,-6.848922742694647,2026-05,2026-05-26
2026-05-28,1_8,7,181.875,59.64642704088342,2026-05,2026-05-26
2026-05-28,1_8,8,19.0,66.32184020215111,2026-05,2026-05-26
2026-05-28,9_16,9,20.0,35.90093946595021,2026-05,2026-05-26
2026-05-28,9_16,10,5.0,27.00171890153332,2026-05,2026-05-26
2026-05-28,9_16,11,5.0,35.63016119452265,2026-05,2026-05-26
2026-05-28,9_16,12,5.0,29.090372991764454,2026-05,2026-05-26
2026-05-28,9_16,13,5.0,28.441936305063095,2026-05,2026-05-26
2026-05-28,9_16,14,5.0,27.734921893998973,2026-05,2026-05-26
2026-05-28,9_16,15,10.0,40.12974431213172,2026-05,2026-05-26
2026-05-28,9_16,16,70.69,50.81864998518464,2026-05,2026-05-26
2026-05-28,17_24,17,194.93,-49.11607768525892,2026-05,2026-05-26
2026-05-28,17_24,18,133.438,-35.64745255907061,2026-05,2026-05-26
2026-05-28,17_24,19,-30.278999999999996,-34.59504661760567,2026-05,2026-05-26
2026-05-28,17_24,20,-20.069000000000074,-32.78135959163105,2026-05,2026-05-26
2026-05-28,17_24,21,-23.1640000000001,-30.978920430267085,2026-05,2026-05-26
2026-05-28,17_24,22,-145.106,-28.645988516163712,2026-05,2026-05-26
2026-05-28,17_24,23,-96.29399999999998,-32.049418171950016,2026-05,2026-05-26
2026-05-28,17_24,24,-109.90999999999997,-39.4046797212204,2026-05,2026-05-26
2026-05-29,1_8,1,-41.85799999999995,-11.146800259291862,2026-05,2026-05-27
2026-05-29,1_8,2,-47.39999999999998,-14.619707556818,2026-05,2026-05-27
2026-05-29,1_8,3,-7.07000000000005,-13.221854231639247,2026-05,2026-05-27
2026-05-29,1_8,4,-7.321000000000026,-12.48607615984255,2026-05,2026-05-27
2026-05-29,1_8,5,-36.254999999999995,-12.308302644369245,2026-05,2026-05-27
2026-05-29,1_8,6,-29.216000000000008,-12.733229101563312,2026-05,2026-05-27
2026-05-29,1_8,7,-125.72800000000001,26.094459581663006,2026-05,2026-05-27
2026-05-29,1_8,8,-29.666,33.262773433262,2026-05,2026-05-27
2026-05-29,9_16,9,5.375,20.884982461631044,2026-05,2026-05-27
2026-05-29,9_16,10,5.0,17.602582326050072,2026-05,2026-05-27
2026-05-29,9_16,11,4.0,13.396342456416047,2026-05,2026-05-27
2026-05-29,9_16,12,4.5,19.858400516629377,2026-05,2026-05-27
2026-05-29,9_16,13,5.0,10.527811989525032,2026-05,2026-05-27
2026-05-29,9_16,14,5.0,9.438937292122157,2026-05,2026-05-27
2026-05-29,9_16,15,11.0,14.84833323128825,2026-05,2026-05-27
2026-05-29,9_16,16,40.0,40.46093175303016,2026-05,2026-05-27
2026-05-29,17_24,17,-70.142,-18.563444375654363,2026-05,2026-05-27
2026-05-29,17_24,18,115.791,-9.094218953281379,2026-05,2026-05-27
2026-05-29,17_24,19,153.72899999999998,-2.587999249852819,2026-05,2026-05-27
2026-05-29,17_24,20,98.55700000000002,-4.558592732863864,2026-05,2026-05-27
2026-05-29,17_24,21,81.56200000000001,-2.2056067150980248,2026-05,2026-05-27
2026-05-29,17_24,22,57.543000000000006,1.8044834073646265,2026-05,2026-05-27
2026-05-29,17_24,23,86.42500000000001,2.2865774196505013,2026-05,2026-05-27
2026-05-29,17_24,24,66.95499999999998,-6.205282582248647,2026-05,2026-05-27
2026-05-30,1_8,1,-50.803,-17.826999221559518,2026-05,2026-05-28
2026-05-30,1_8,2,23.182999999999993,-3.940409390653797,2026-05,2026-05-28
2026-05-30,1_8,3,64.24400000000003,-5.554374016052925,2026-05,2026-05-28
2026-05-30,1_8,4,91.63499999999999,-1.7654940394790404,2026-05,2026-05-28
2026-05-30,1_8,5,71.89800000000002,6.630731926875799,2026-05,2026-05-28
2026-05-30,1_8,6,236.152,-0.7138106681042512,2026-05,2026-05-28
2026-05-30,1_8,7,80.0,53.29924722580864,2026-05,2026-05-28
2026-05-30,1_8,8,7.644999999999996,52.14707613667307,2026-05,2026-05-28
2026-05-30,9_16,9,3.0,-9.932669497739205,2026-05,2026-05-28
2026-05-30,9_16,10,1.0,-3.466680701426107,2026-05,2026-05-28
2026-05-30,9_16,11,1.0,-10.203964016384369,2026-05,2026-05-28
2026-05-30,9_16,12,1.0,-17.219594846859216,2026-05,2026-05-28
2026-05-30,9_16,13,1.0,-15.05288979280608,2026-05,2026-05-28
2026-05-30,9_16,14,1.0,-14.248089245195404,2026-05,2026-05-28
2026-05-30,9_16,15,3.0,-1.8755502910205235,2026-05,2026-05-28
2026-05-30,9_16,16,10.0,22.756718954486868,2026-05,2026-05-28
2026-05-30,17_24,17,140.0,-7.404952279828267,2026-05,2026-05-28
2026-05-30,17_24,18,55.440999999999974,-2.2675907736268646,2026-05,2026-05-28
2026-05-30,17_24,19,27.063999999999965,-12.481597475081035,2026-05,2026-05-28
2026-05-30,17_24,20,220.32499999999993,-3.3718562493339426,2026-05,2026-05-28
2026-05-30,17_24,21,245.18100000000004,-7.6576002283724565,2026-05,2026-05-28
2026-05-30,17_24,22,249.54399999999998,-2.6250715972365914,2026-05,2026-05-28
2026-05-30,17_24,23,214.469,-10.077563157943564,2026-05,2026-05-28
2026-05-30,17_24,24,186.82600000000002,-25.822825352992425,2026-05,2026-05-28
2026-05-31,1_8,1,90.07,10.062507952748165,2026-05,2026-05-29
2026-05-31,1_8,2,339.229,17.394022027414017,2026-05,2026-05-29
2026-05-31,1_8,3,339.726,7.1665439468858265,2026-05,2026-05-29
2026-05-31,1_8,4,345.856,9.62106211588089,2026-05,2026-05-29
2026-05-31,1_8,5,316.596,18.01991825970512,2026-05,2026-05-29
2026-05-31,1_8,6,372.0,27.390894363516797,2026-05,2026-05-29
2026-05-31,1_8,7,14.0,42.85484386164804,2026-05,2026-05-29
2026-05-31,1_8,8,5.0,45.13068387290244,2026-05,2026-05-29
2026-05-31,9_16,9,5.0,5.288175578501441,2026-05,2026-05-29
2026-05-31,9_16,10,4.0,5.41296854976263,2026-05,2026-05-29
2026-05-31,9_16,11,2.0,0.5364423610126683,2026-05,2026-05-29
2026-05-31,9_16,12,2.0,8.002328552709372,2026-05,2026-05-29
2026-05-31,9_16,13,5.0,8.36621262632135,2026-05,2026-05-29
2026-05-31,9_16,14,5.0,7.728772179834501,2026-05,2026-05-29
2026-05-31,9_16,15,2.75,11.599578808329962,2026-05,2026-05-29
2026-05-31,9_16,16,10.0,23.580970417042423,2026-05,2026-05-29
2026-05-31,17_24,17,97.18,-18.72870534365245,2026-05,2026-05-29
2026-05-31,17_24,18,213.507,-16.716421600342496,2026-05,2026-05-29
2026-05-31,17_24,19,-29.74000000000001,-14.741605001129708,2026-05,2026-05-29
2026-05-31,17_24,20,64.231,-15.444063825083758,2026-05,2026-05-29
2026-05-31,17_24,21,55.33800000000002,-28.913985826255654,2026-05,2026-05-29
2026-05-31,17_24,22,-42.93700000000001,-19.025511524282724,2026-05,2026-05-29
2026-05-31,17_24,23,35.58300000000003,-29.83285981099597,2026-05,2026-05-29
2026-05-31,17_24,24,103.35700000000003,-35.80216223976708,2026-05,2026-05-29
2026-06-01,1_8,1,-5.425000000000011,-14.785232404944978,2026-06,2026-05-30
2026-06-01,1_8,2,-4.15300000000002,0.8948409245300867,2026-06,2026-05-30
2026-06-01,1_8,3,8.54400000000004,3.0680143112308746,2026-06,2026-05-30
2026-06-01,1_8,4,65.21799999999996,4.294596560893771,2026-06,2026-05-30
2026-06-01,1_8,5,37.399,-6.50797574228651,2026-06,2026-05-30
2026-06-01,1_8,6,13.807999999999993,-31.597506731215944,2026-06,2026-05-30
2026-06-01,1_8,7,65.00200000000001,18.963965323436412,2026-06,2026-05-30
2026-06-01,1_8,8,-16.609,-6.246149990488099,2026-06,2026-05-30
2026-06-01,9_16,9,-225.503,16.344539976869832,2026-06,2026-05-30
2026-06-01,9_16,10,-0.9939999999999998,2.3747107869192265,2026-06,2026-05-30
2026-06-01,9_16,11,-4.227999999999994,8.317579284632336,2026-06,2026-05-30
2026-06-01,9_16,12,5.0,-0.11566462671163004,2026-06,2026-05-30
2026-06-01,9_16,13,-26.325000000000003,0.8467353125819538,2026-06,2026-05-30
2026-06-01,9_16,14,-4.465000000000003,4.35048013161407,2026-06,2026-05-30
2026-06-01,9_16,15,5.0,8.6489981258436,2026-06,2026-05-30
2026-06-01,9_16,16,30.659999999999997,20.764043220271294,2026-06,2026-05-30
2026-06-01,17_24,17,115.255,-25.13547213838515,2026-06,2026-05-30
2026-06-01,17_24,18,-151.61800000000005,-23.40530922113478,2026-06,2026-05-30
2026-06-01,17_24,19,-47.680999999999926,-15.079252095033938,2026-06,2026-05-30
2026-06-01,17_24,20,-41.662000000000035,-19.194635122595876,2026-06,2026-05-30
2026-06-01,17_24,21,-106.67100000000005,-18.925406613491784,2026-06,2026-05-30
2026-06-01,17_24,22,-166.49599999999998,-17.945226358848654,2026-06,2026-05-30
2026-06-01,17_24,23,-83.19600000000003,-19.998224964546566,2026-06,2026-05-30
2026-06-01,17_24,24,-13.336999999999989,-30.456219142361217,2026-06,2026-05-30
2026-06-02,1_8,1,70.993,1.0106338325293993,2026-06,2026-05-31
2026-06-02,1_8,2,45.69799999999998,15.500489309723823,2026-06,2026-05-31
2026-06-02,1_8,3,58.38499999999999,27.861800512096988,2026-06,2026-05-31
2026-06-02,1_8,4,76.11500000000001,27.304119360651022,2026-06,2026-05-31
2026-06-02,1_8,5,64.43200000000002,24.605416969283784,2026-06,2026-05-31
2026-06-02,1_8,6,95.07799999999997,26.853186185122,2026-06,2026-05-31
2026-06-02,1_8,7,166.0,63.62989153983343,2026-06,2026-05-31
2026-06-02,1_8,8,51.0,26.11567368730083,2026-06,2026-05-31
2026-06-02,9_16,9,10.0,5.3815812974028905,2026-06,2026-05-31
2026-06-02,9_16,10,5.0120000000000005,14.039686799487816,2026-06,2026-05-31
2026-06-02,9_16,11,5.0,3.698082618571879,2026-06,2026-05-31
2026-06-02,9_16,12,-8.302000000000007,6.50231571782857,2026-06,2026-05-31
2026-06-02,9_16,13,-15.837000000000003,4.500314193488953,2026-06,2026-05-31
2026-06-02,9_16,14,-18.012,6.335193998043598,2026-06,2026-05-31
2026-06-02,9_16,15,5.992000000000004,14.009867120982959,2026-06,2026-05-31
2026-06-02,9_16,16,-94.24,12.929724900894156,2026-06,2026-05-31
2026-06-02,17_24,17,-151.13299999999998,-14.075023973540794,2026-06,2026-05-31
2026-06-02,17_24,18,-180.71300000000002,-20.493256639490774,2026-06,2026-05-31
2026-06-02,17_24,19,-48.07600000000002,-8.534644034821701,2026-06,2026-05-31
2026-06-02,17_24,20,36.18599999999998,-1.7034294055360608,2026-06,2026-05-31
2026-06-02,17_24,21,30.29200000000003,4.878764138133239,2026-06,2026-05-31
2026-06-02,17_24,22,23.798000000000002,0.861994021650246,2026-06,2026-05-31
2026-06-02,17_24,23,27.55200000000002,0.7332457049664355,2026-06,2026-05-31
2026-06-02,17_24,24,-115.83299999999997,-5.296151179153412,2026-06,2026-05-31
2026-06-03,1_8,1,-22.964000000000055,-6.480510475641349,2026-06,2026-06-01
2026-06-03,1_8,2,-24.110000000000014,0.40549312798925025,2026-06,2026-06-01
2026-06-03,1_8,3,10.442999999999984,-1.6310554448719898,2026-06,2026-06-01
2026-06-03,1_8,4,10.920000000000016,1.3934252936861145,2026-06,2026-06-01
2026-06-03,1_8,5,-68.97199999999998,3.747985332976277,2026-06,2026-06-01
2026-06-03,1_8,6,-65.51499999999999,-1.5340824911821171,2026-06,2026-06-01
2026-06-03,1_8,7,-43.19999999999999,60.66828428744244,2026-06,2026-06-01
2026-06-03,1_8,8,-156.793,11.899941502395853,2026-06,2026-06-01
2026-06-03,9_16,9,-189.03199999999998,-16.85628608643286,2026-06,2026-06-01
2026-06-03,9_16,10,-386.601,-14.3245256721625,2026-06,2026-06-01
2026-06-03,9_16,11,-484.063,-8.110265375123829,2026-06,2026-06-01
2026-06-03,9_16,12,-447.129,-17.754781910964812,2026-06,2026-06-01
2026-06-03,9_16,13,-380.451,-14.805725607667432,2026-06,2026-06-01
2026-06-03,9_16,14,-195.778,-15.492861441728579,2026-06,2026-06-01
2026-06-03,9_16,15,-36.32299999999999,-2.0358641619961797,2026-06,2026-06-01
2026-06-03,9_16,16,257.894,-13.12337010831996,2026-06,2026-06-01
2026-06-03,17_24,17,-94.96199999999999,-26.185248573337315,2026-06,2026-06-01
2026-06-03,17_24,18,-70.35299999999995,-15.297457354601871,2026-06,2026-06-01
2026-06-03,17_24,19,-12.774999999999977,-4.226812938973109,2026-06,2026-06-01
2026-06-03,17_24,20,-11.977999999999952,-3.1543159264403946,2026-06,2026-06-01
2026-06-03,17_24,21,-12.881999999999948,-5.942824146635781,2026-06,2026-06-01
2026-06-03,17_24,22,26.138000000000034,-4.878452270712822,2026-06,2026-06-01
2026-06-03,17_24,23,118.84500000000003,-17.49957376671081,2026-06,2026-06-01
2026-06-03,17_24,24,126.38799999999998,-19.74976386322397,2026-06,2026-06-01
2026-06-04,1_8,1,-65.56899999999996,-11.586229086083971,2026-06,2026-06-02
2026-06-04,1_8,2,10.786999999999978,-2.747519529546148,2026-06,2026-06-02
2026-06-04,1_8,3,-172.39499999999998,0.6692087324668587,2026-06,2026-06-02
2026-06-04,1_8,4,-40.95999999999998,4.752594243169833,2026-06,2026-06-02
2026-06-04,1_8,5,-206.389,8.757118023732778,2026-06,2026-06-02
2026-06-04,1_8,6,-145.15700000000004,3.876274644586977,2026-06,2026-06-02
2026-06-04,1_8,7,-49.01400000000001,46.310713778258254,2026-06,2026-06-02
2026-06-04,1_8,8,-173.517,32.76168058136128,2026-06,2026-06-02
2026-06-04,9_16,9,-490.057,-6.863457083947024,2026-06,2026-06-02
2026-06-04,9_16,10,-441.169,-1.7722415912425546,2026-06,2026-06-02
2026-06-04,9_16,11,-397.34999999999997,-6.807562600484923,2026-06,2026-06-02
2026-06-04,9_16,12,35.5,-9.798641204253029,2026-06,2026-06-02
2026-06-04,9_16,13,34.125,-12.036312045494835,2026-06,2026-06-02
2026-06-04,9_16,14,19.375,-5.043154592217211,2026-06,2026-06-02
2026-06-04,9_16,15,10.5,-1.617228618418349,2026-06,2026-06-02
2026-06-04,9_16,16,50.05,-1.4075149832826952,2026-06,2026-06-02
2026-06-04,17_24,17,112.667,-0.08618432299320009,2026-06,2026-06-02
2026-06-04,17_24,18,-93.65499999999997,3.3392789879354643,2026-06,2026-06-02
2026-06-04,17_24,19,-260.96900000000005,8.956761196505525,2026-06,2026-06-02
2026-06-04,17_24,20,-143.37599999999998,8.332788532069149,2026-06,2026-06-02
2026-06-04,17_24,21,-91.15099999999995,7.186432807751588,2026-06,2026-06-02
2026-06-04,17_24,22,115.66899999999998,4.879472824316455,2026-06,2026-06-02
2026-06-04,17_24,23,173.247,2.8508045403534803,2026-06,2026-06-02
2026-06-04,17_24,24,-37.940000000000055,5.1755145648552805,2026-06,2026-06-02
2026-06-05,1_8,1,-106.21699999999998,-7.467089232359283,2026-06,2026-06-03
2026-06-05,1_8,2,-46.625,-8.389852558278694,2026-06,2026-06-03
2026-06-05,1_8,3,-31.379999999999995,-4.722708145392033,2026-06,2026-06-03
2026-06-05,1_8,4,35.09400000000005,-1.9466938532621678,2026-06,2026-06-03
2026-06-05,1_8,5,-1.7789999999999964,0.5321034978142305,2026-06,2026-06-03
2026-06-05,1_8,6,35.77699999999999,-0.7485300111619348,2026-06,2026-06-03
2026-06-05,1_8,7,115.281,24.020645620102396,2026-06,2026-06-03
2026-06-05,1_8,8,-508.32500000000005,40.24070120914769,2026-06,2026-06-03
2026-06-05,9_16,9,-552.233,27.890639170706343,2026-06,2026-06-03
2026-06-05,9_16,10,-445.429,28.717506200069913,2026-06,2026-06-03
2026-06-05,9_16,11,-400.817,14.973811593619757,2026-06,2026-06-03
2026-06-05,9_16,12,-244.69299999999998,16.51910900894911,2026-06,2026-06-03
2026-06-05,9_16,13,19.0,6.908035082100514,2026-06,2026-06-03
2026-06-05,9_16,14,12.775000000000006,12.740169804290833,2026-06,2026-06-03
2026-06-05,9_16,15,-2.2340000000000018,42.074242828007556,2026-06,2026-06-03
2026-06-05,9_16,16,-533.645,17.21087597078944,2026-06,2026-06-03
2026-06-05,17_24,17,-170.53699999999998,-23.572099192751296,2026-06,2026-06-03
2026-06-05,17_24,18,-102.64999999999998,-16.336962853369485,2026-06,2026-06-03
2026-06-05,17_24,19,5.352999999999952,-9.466908424836975,2026-06,2026-06-03
2026-06-05,17_24,20,19.21799999999996,-4.863087621795884,2026-06,2026-06-03
2026-06-05,17_24,21,20.840000000000032,-7.2923682012452025,2026-06,2026-06-03
2026-06-05,17_24,22,42.422000000000025,-1.2924084636881754,2026-06,2026-06-03
2026-06-05,17_24,23,3.5430000000000064,-15.645898726833966,2026-06,2026-06-03
2026-06-05,17_24,24,-110.32899999999995,-20.171399703217343,2026-06,2026-06-03
2026-06-06,1_8,1,-43.545000000000016,36.15909776791696,2026-06,2026-06-04
2026-06-06,1_8,2,-15.771000000000015,32.768628258343966,2026-06,2026-06-04
2026-06-06,1_8,3,-5.75,24.275304805920747,2026-06,2026-06-04
2026-06-06,1_8,4,-20.807000000000016,29.03161853896063,2026-06,2026-06-04
2026-06-06,1_8,5,-6.646999999999991,31.66699215682675,2026-06,2026-06-04
2026-06-06,1_8,6,-1.7719999999999914,31.10274645052844,2026-06,2026-06-04
2026-06-06,1_8,7,-30.910000000000025,41.634325025367865,2026-06,2026-06-04
2026-06-06,1_8,8,-123.90899999999999,51.99243910559743,2026-06,2026-06-04
2026-06-06,9_16,9,-190.55999999999995,21.453797453719908,2026-06,2026-06-04
2026-06-06,9_16,10,-232.74699999999996,40.85768466404153,2026-06,2026-06-04
2026-06-06,9_16,11,-131.46400000000006,13.089172966036713,2026-06,2026-06-04
2026-06-06,9_16,12,-16.375999999999976,19.086787309988992,2026-06,2026-06-04
2026-06-06,9_16,13,367.734,12.46657076468421,2026-06,2026-06-04
2026-06-06,9_16,14,54.985000000000014,19.376828718517796,2026-06,2026-06-04
2026-06-06,9_16,15,62.240999999999985,36.30712411205883,2026-06,2026-06-04
2026-06-06,9_16,16,50.72300000000001,32.02842036610439,2026-06,2026-06-04
2026-06-06,17_24,17,68.245,17.862492685280625,2026-06,2026-06-04
2026-06-06,17_24,18,61.63099999999997,18.791200711632627,2026-06,2026-06-04
2026-06-06,17_24,19,101.15699999999998,27.382242115874792,2026-06,2026-06-04
2026-06-06,17_24,20,45.82600000000002,26.251669739892407,2026-06,2026-06-04
2026-06-06,17_24,21,42.72500000000002,25.211275690499647,2026-06,2026-06-04
2026-06-06,17_24,22,40.91399999999999,18.257465053404616,2026-06,2026-06-04
2026-06-06,17_24,23,49.69200000000001,10.133049617945643,2026-06,2026-06-04
2026-06-06,17_24,24,46.67099999999999,8.364974457154448,2026-06,2026-06-04
2026-06-07,1_8,1,53.80099999999999,-19.04181199279664,2026-06,2026-06-05
2026-06-07,1_8,2,71.805,-15.115060129030327,2026-06,2026-06-05
2026-06-07,1_8,3,112.10199999999998,-10.199120326024222,2026-06,2026-06-05
2026-06-07,1_8,4,99.78300000000002,-3.3587124400754993,2026-06,2026-06-05
2026-06-07,1_8,5,80.15199999999999,5.875403470833209,2026-06,2026-06-05
2026-06-07,1_8,6,68.46699999999998,5.6950723392539775,2026-06,2026-06-05
2026-06-07,1_8,7,388.86,34.21806232663051,2026-06,2026-06-05
2026-06-07,1_8,8,197.673,29.259956270951022,2026-06,2026-06-05
2026-06-07,9_16,9,175.442,-85.92115961230996,2026-06,2026-06-05
2026-06-07,9_16,10,152.42000000000002,-89.6776818034692,2026-06,2026-06-05
2026-06-07,9_16,11,50.0,-85.62203413795129,2026-06,2026-06-05
2026-06-07,9_16,12,50.0,-11.739006109486658,2026-06,2026-06-05
2026-06-07,9_16,13,50.0,-16.62572860670253,2026-06,2026-06-05
2026-06-07,9_16,14,45.965,4.997703323163209,2026-06,2026-06-05
2026-06-07,9_16,15,157.72,-20.634888775322718,2026-06,2026-06-05
2026-06-07,9_16,16,231.712,-49.42227506324787,2026-06,2026-06-05
2026-06-07,17_24,17,414.331,-70.17860400086441,2026-06,2026-06-05
2026-06-07,17_24,18,35.192999999999984,-64.19967814400037,2026-06,2026-06-05
2026-06-07,17_24,19,-5.183000000000106,-34.09140028891141,2026-06,2026-06-05
2026-06-07,17_24,20,12.504000000000019,-25.143045855970346,2026-06,2026-06-05
2026-06-07,17_24,21,21.083999999999946,-21.573329246968296,2026-06,2026-06-05
2026-06-07,17_24,22,-32.95499999999993,-24.463989815183538,2026-06,2026-06-05
2026-06-07,17_24,23,-5.45799999999997,-34.46803332246625,2026-06,2026-06-05
2026-06-07,17_24,24,-9.224000000000046,-39.060901904084425,2026-06,2026-06-05
2026-06-08,1_8,1,-32.346000000000004,-11.684907526017692,2026-06,2026-06-06
2026-06-08,1_8,2,-52.797000000000025,-8.901649372358191,2026-06,2026-06-06
2026-06-08,1_8,3,-43.52999999999997,-2.3170907239549385,2026-06,2026-06-06
2026-06-08,1_8,4,-76.25,7.025321544579341,2026-06,2026-06-06
2026-06-08,1_8,5,-56.33100000000002,1.6533781286189886,2026-06,2026-06-06
2026-06-08,1_8,6,-5.9109999999999445,7.114553615497447,2026-06,2026-06-06
2026-06-08,1_8,7,-35.257000000000005,75.98307451007592,2026-06,2026-06-06
2026-06-08,1_8,8,-197.53199999999998,60.96818948690573,2026-06,2026-06-06
2026-06-08,9_16,9,-3.82,-22.760658866643663,2026-06,2026-06-06
2026-06-08,9_16,10,60.0,-37.372828733588754,2026-06,2026-06-06
2026-06-08,9_16,11,24.5,-6.688408898587056,2026-06,2026-06-06
2026-06-08,9_16,12,12.030000000000001,-5.337022576804404,2026-06,2026-06-06
2026-06-08,9_16,13,12.5,12.36131652562118,2026-06,2026-06-06
2026-06-08,9_16,14,3.9620000000000033,5.122813299217915,2026-06,2026-06-06
2026-06-08,9_16,15,20.5,6.486512890197174,2026-06,2026-06-06
2026-06-08,9_16,16,57.0,1.4742031536833082,2026-06,2026-06-06
2026-06-08,17_24,17,164.964,13.356425599050512,2026-06,2026-06-06
2026-06-08,17_24,18,37.178,22.776504191866547,2026-06,2026-06-06
2026-06-08,17_24,19,135.58100000000002,26.82633418641255,2026-06,2026-06-06
2026-06-08,17_24,20,182.877,36.98231083677695,2026-06,2026-06-06
2026-06-08,17_24,21,132.89100000000002,32.38365008036656,2026-06,2026-06-06
2026-06-08,17_24,22,54.579999999999984,47.45729140873826,2026-06,2026-06-06
2026-06-08,17_24,23,-41.182000000000016,49.06296209320415,2026-06,2026-06-06
2026-06-08,17_24,24,-154.69100000000003,45.29536790935891,2026-06,2026-06-06
2026-06-09,1_8,1,-131.0,51.66518945227976,2026-06,2026-06-07
2026-06-09,1_8,2,-137.45100000000002,45.892239184495814,2026-06,2026-06-07
2026-06-09,1_8,3,-86.47800000000001,50.474376477063835,2026-06,2026-06-07
2026-06-09,1_8,4,-102.733,76.72695416916461,2026-06,2026-06-07
2026-06-09,1_8,5,-52.697,43.53316088084986,2026-06,2026-06-07
2026-06-09,1_8,6,-80.45899999999995,49.12672264108308,2026-06,2026-06-07
2026-06-09,1_8,7,-102.30199999999999,68.90828796049517,2026-06,2026-06-07
2026-06-09,1_8,8,-406.237,58.04441084736638,2026-06,2026-06-07
2026-06-09,9_16,9,-743.203,-34.61030303811506,2026-06,2026-06-07
2026-06-09,9_16,10,-665.722,-8.958623787166793,2026-06,2026-06-07
2026-06-09,9_16,11,-929.199,1.8952052769311714,2026-06,2026-06-07
2026-06-09,9_16,12,-545.437,0.33269627361947557,2026-06,2026-06-07
2026-06-09,9_16,13,-272.773,-6.903426576287614,2026-06,2026-06-07
2026-06-09,9_16,14,-496.582,-0.23716944489974212,2026-06,2026-06-07
2026-06-09,9_16,15,-286.094,7.6874890630750174,2026-06,2026-06-07
2026-06-09,9_16,16,-370.763,1.0098085915461783,2026-06,2026-06-07
2026-06-09,17_24,17,-116.76600000000002,2.4299138203593516,2026-06,2026-06-07
2026-06-09,17_24,18,-110.16899999999998,-21.966820792220336,2026-06,2026-06-07
2026-06-09,17_24,19,-118.18899999999996,-26.88869486467732,2026-06,2026-06-07
2026-06-09,17_24,20,-97.71199999999999,-13.323595838543069,2026-06,2026-06-07
2026-06-09,17_24,21,-87.56299999999999,-15.337131050731276,2026-06,2026-06-07
2026-06-09,17_24,22,-102.98699999999997,-18.54372811301281,2026-06,2026-06-07
2026-06-09,17_24,23,-54.942999999999984,-22.14982484646903,2026-06,2026-06-07
2026-06-09,17_24,24,-79.94799999999998,-26.567327975787453,2026-06,2026-06-07
2026-06-10,1_8,1,-113.644,-24.551602705603994,2026-06,2026-06-08
2026-06-10,1_8,2,-111.69000000000005,-18.343257879172906,2026-06,2026-06-08
2026-06-10,1_8,3,-112.82799999999997,-14.58943349109093,2026-06,2026-06-08
2026-06-10,1_8,4,-115.50199999999995,-16.22232070678304,2026-06,2026-06-08
2026-06-10,1_8,5,-123.07799999999997,-14.52092210806588,2026-06,2026-06-08
2026-06-10,1_8,6,-103.12900000000002,-16.723210962692942,2026-06,2026-06-08
2026-06-10,1_8,7,-89.45600000000002,8.12381857280145,2026-06,2026-06-08
2026-06-10,1_8,8,-99.03700000000003,2.093440169132308,2026-06,2026-06-08
2026-06-10,9_16,9,-160.93400000000003,-56.70038106224889,2026-06,2026-06-08
2026-06-10,9_16,10,109.5,-39.772901059044564,2026-06,2026-06-08
2026-06-10,9_16,11,140.0,-42.809504393807025,2026-06,2026-06-08
2026-06-10,9_16,12,130.0,-25.114615947427804,2026-06,2026-06-08
2026-06-10,9_16,13,89.438,-10.139536258330462,2026-06,2026-06-08
2026-06-10,9_16,14,100.0,-17.84755434112111,2026-06,2026-06-08
2026-06-10,9_16,15,157.063,-16.263733311105284,2026-06,2026-06-08
2026-06-10,9_16,16,-121.83600000000001,-9.440870719515969,2026-06,2026-06-08
2026-06-10,17_24,17,-49.40699999999998,7.759910972580524,2026-06,2026-06-08
2026-06-10,17_24,18,-105.08100000000002,-14.706099736894291,2026-06,2026-06-08
2026-06-10,17_24,19,-137.73699999999997,-0.8717282854132508,2026-06,2026-06-08
2026-06-10,17_24,20,-103.44200000000001,5.152420688135123,2026-06,2026-06-08
2026-06-10,17_24,21,-105.46600000000001,2.435925946012364,2026-06,2026-06-08
2026-06-10,17_24,22,-99.40499999999997,-4.47789273958936,2026-06,2026-06-08
2026-06-10,17_24,23,-86.50900000000001,-16.600000134416383,2026-06,2026-06-08
2026-06-10,17_24,24,-83.68399999999997,-17.681104731312967,2026-06,2026-06-08
2026-06-11,1_8,1,-78.25999999999999,-10.890808474624283,2026-06,2026-06-09
2026-06-11,1_8,2,-45.172000000000025,-1.6945776428975372,2026-06,2026-06-09
2026-06-11,1_8,3,-14.711000000000013,9.393224251294695,2026-06,2026-06-09
2026-06-11,1_8,4,36.15899999999999,10.20824704622177,2026-06,2026-06-09
2026-06-11,1_8,5,10.192999999999984,12.89529932239155,2026-06,2026-06-09
2026-06-11,1_8,6,15.140999999999963,13.341928491993421,2026-06,2026-06-09
2026-06-11,1_8,7,91.89999999999998,44.918516182715315,2026-06,2026-06-09
2026-06-11,1_8,8,39.422,17.27643787093521,2026-06,2026-06-09
2026-06-11,9_16,9,64.36,-48.296008217315766,2026-06,2026-06-09
2026-06-11,9_16,10,90.0,-27.3056192011962,2026-06,2026-06-09
2026-06-11,9_16,11,71.0,-14.080546600834177,2026-06,2026-06-09
2026-06-11,9_16,12,50.0,-42.31674607408326,2026-06,2026-06-09
2026-06-11,9_16,13,50.0,-10.054473581359353,2026-06,2026-06-09
2026-06-11,9_16,14,50.0,-28.495365291234638,2026-06,2026-06-09
2026-06-11,9_16,15,70.0,-35.1355717987125,2026-06,2026-06-09
2026-06-11,9_16,16,177.25,-20.064425099761284,2026-06,2026-06-09
2026-06-11,17_24,17,56.947,15.559309657892413,2026-06,2026-06-09
2026-06-11,17_24,18,31.091000000000008,11.365808540006153,2026-06,2026-06-09
2026-06-11,17_24,19,-57.87900000000002,10.496744956192494,2026-06,2026-06-09
2026-06-11,17_24,20,-33.351,18.650082567950275,2026-06,2026-06-09
2026-06-11,17_24,21,-40.90999999999997,21.096911954979053,2026-06,2026-06-09
2026-06-11,17_24,22,-19.331000000000017,21.677072466565896,2026-06,2026-06-09
2026-06-11,17_24,23,-23.35699999999997,10.55686477287063,2026-06,2026-06-09
2026-06-11,17_24,24,-16.807999999999993,10.347846461272976,2026-06,2026-06-09
2026-06-12,1_8,1,65.596,-13.46615527864979,2026-06,2026-06-10
2026-06-12,1_8,2,45.875999999999976,-0.43597053760271776,2026-06,2026-06-10
2026-06-12,1_8,3,42.66500000000002,6.206696632456669,2026-06,2026-06-10
2026-06-12,1_8,4,33.36099999999999,8.415082029366378,2026-06,2026-06-10
2026-06-12,1_8,5,31.738,-2.0809597535008693,2026-06,2026-06-10
2026-06-12,1_8,6,32.697,11.580754838012341,2026-06,2026-06-10
2026-06-12,1_8,7,302.508,43.11577368864508,2026-06,2026-06-10
2026-06-12,1_8,8,361.619,41.9781954185886,2026-06,2026-06-10
2026-06-12,9_16,9,117.77500000000002,-43.34680177505201,2026-06,2026-06-10
2026-06-12,9_16,10,-23.805999999999997,-48.38859160105564,2026-06,2026-06-10
2026-06-12,9_16,11,17.272999999999996,-34.25033013217702,2026-06,2026-06-10
2026-06-12,9_16,12,0.8860000000000028,-40.97535101456035,2026-06,2026-06-10
2026-06-12,9_16,13,46.992000000000004,-62.25543105399798,2026-06,2026-06-10
2026-06-12,9_16,14,-307.786,-52.13555725921593,2026-06,2026-06-10
2026-06-12,9_16,15,-191.25,-49.95146892224513,2026-06,2026-06-10
2026-06-12,9_16,16,-44.05600000000004,-30.290886391728623,2026-06,2026-06-10
2026-06-12,17_24,17,-62.712999999999965,-10.972508839091178,2026-06,2026-06-10
2026-06-12,17_24,18,38.37700000000001,-11.38769416210349,2026-06,2026-06-10
2026-06-12,17_24,19,49.88799999999998,4.044380436095232,2026-06,2026-06-10
2026-06-12,17_24,20,61.678999999999974,11.59073776881201,2026-06,2026-06-10
2026-06-12,17_24,21,60.64499999999998,2.7014310749341712,2026-06,2026-06-10
2026-06-12,17_24,22,52.360000000000014,9.083189520544282,2026-06,2026-06-10
2026-06-12,17_24,23,25.87299999999999,1.6908586988959122,2026-06,2026-06-10
2026-06-12,17_24,24,5.492000000000019,2.8347235096219414,2026-06,2026-06-10
2026-06-13,1_8,1,1.5749999999999886,16.638051018436727,2026-06,2026-06-11
2026-06-13,1_8,2,-0.5240000000000009,17.051868249822693,2026-06,2026-06-11
2026-06-13,1_8,3,-33.18799999999999,30.17279123249446,2026-06,2026-06-11
2026-06-13,1_8,4,-36.31900000000002,46.07677396106028,2026-06,2026-06-11
2026-06-13,1_8,5,24.47399999999999,29.272021096765933,2026-06,2026-06-11
2026-06-13,1_8,6,3.283999999999992,28.563152073545222,2026-06,2026-06-11
2026-06-13,1_8,7,-88.36099999999999,34.61096251017643,2026-06,2026-06-11
2026-06-13,1_8,8,-200.274,7.522464006458282,2026-06,2026-06-11
2026-06-13,9_16,9,-198.43400000000003,12.063501589995244,2026-06,2026-06-11
2026-06-13,9_16,10,-289.711,23.823725765551554,2026-06,2026-06-11
2026-06-13,9_16,11,-182.8,14.541904539808854,2026-06,2026-06-11
2026-06-13,9_16,12,106.5,31.396663772814964,2026-06,2026-06-11
2026-06-13,9_16,13,105.0,29.214140532728365,2026-06,2026-06-11
2026-06-13,9_16,14,-56.209,29.22381201790828,2026-06,2026-06-11
2026-06-13,9_16,15,-33.422,37.33692458543477,2026-06,2026-06-11
2026-06-13,9_16,16,-91.03199999999998,50.44960394356245,2026-06,2026-06-11
2026-06-13,17_24,17,-29.673000000000002,-49.74322470543916,2026-06,2026-06-11
2026-06-13,17_24,18,39.70600000000002,-49.91505398371004,2026-06,2026-06-11
2026-06-13,17_24,19,53.178999999999974,-50.188987530289715,2026-06,2026-06-11
2026-06-13,17_24,20,32.581999999999994,-35.45191477152742,2026-06,2026-06-11
2026-06-13,17_24,21,40.72399999999999,-33.268864166860375,2026-06,2026-06-11
2026-06-13,17_24,22,19.420999999999992,-37.626249424472256,2026-06,2026-06-11
2026-06-13,17_24,23,20.249000000000024,-35.793334400959736,2026-06,2026-06-11
2026-06-13,17_24,24,-22.512999999999977,-34.4023400602858,2026-06,2026-06-11
2026-06-14,1_8,1,-48.75599999999997,-4.336587006424018,2026-06,2026-06-12
2026-06-14,1_8,2,-12.521999999999991,16.0041831781545,2026-06,2026-06-12
2026-06-14,1_8,3,0.43200000000001637,16.27921516477417,2026-06,2026-06-12
2026-06-14,1_8,4,8.117000000000019,9.602669013425439,2026-06,2026-06-12
2026-06-14,1_8,5,10.581000000000017,7.488638655135443,2026-06,2026-06-12
2026-06-14,1_8,6,5.654999999999973,12.810693374206313,2026-06,2026-06-12
2026-06-14,1_8,7,-16.711000000000013,4.542959186474563,2026-06,2026-06-12
2026-06-14,1_8,8,-4.166999999999973,-14.921639967995992,2026-06,2026-06-12
2026-06-14,9_16,9,-35.85700000000003,-39.8324283570489,2026-06,2026-06-12
2026-06-14,9_16,10,-166.17000000000002,-38.52489643050059,2026-06,2026-06-12
2026-06-14,9_16,11,-26.25200000000001,-17.563235050285662,2026-06,2026-06-12
2026-06-14,9_16,12,-169.486,-20.969906533193747,2026-06,2026-06-12
2026-06-14,9_16,13,136.875,-7.257293351156506,2026-06,2026-06-12
2026-06-14,9_16,14,136.0,-1.013537556565315,2026-06,2026-06-12
2026-06-14,9_16,15,175.107,-10.004438664229255,2026-06,2026-06-12
2026-06-14,9_16,16,135.211,-9.79583588981722,2026-06,2026-06-12
2026-06-14,17_24,17,102.87,-11.256083891750158,2026-06,2026-06-12
2026-06-14,17_24,18,48.49599999999998,-16.918531987814884,2026-06,2026-06-12
2026-06-14,17_24,19,56.735000000000014,-12.882993382332838,2026-06,2026-06-12
2026-06-14,17_24,20,44.75400000000002,-12.783382744720463,2026-06,2026-06-12
2026-06-14,17_24,21,40.0,7.628457399671329,2026-06,2026-06-12
2026-06-14,17_24,22,41.77999999999997,10.239490166373969,2026-06,2026-06-12
2026-06-14,17_24,23,36.21199999999999,6.620121110780452,2026-06,2026-06-12
2026-06-14,17_24,24,38.00999999999999,-18.130140637351566,2026-06,2026-06-12
2026-06-15,1_8,1,71.43200000000002,21.877711333014236,2026-06,2026-06-13
2026-06-15,1_8,2,50.59100000000001,59.146001405921126,2026-06,2026-06-13
2026-06-15,1_8,3,37.976999999999975,85.30407054245738,2026-06,2026-06-13
2026-06-15,1_8,4,33.125999999999976,77.0958862881212,2026-06,2026-06-13
2026-06-15,1_8,5,50.47800000000001,45.918488324656074,2026-06,2026-06-13
2026-06-15,1_8,6,60.879999999999995,45.196342218649484,2026-06,2026-06-13
2026-06-15,1_8,7,104.42699999999999,92.58534050075215,2026-06,2026-06-13
2026-06-15,1_8,8,-17.14100000000002,63.7348228487792,2026-06,2026-06-13
2026-06-15,9_16,9,-32.297000000000025,-7.224525444153931,2026-06,2026-06-13
2026-06-15,9_16,10,-32.286,31.50539673885968,2026-06,2026-06-13
2026-06-15,9_16,11,138.703,42.96476978659543,2026-06,2026-06-13
2026-06-15,9_16,12,138.72,31.411672604571518,2026-06,2026-06-13
2026-06-15,9_16,13,109.0,16.43745769780644,2026-06,2026-06-13
2026-06-15,9_16,14,152.5,11.539380963567393,2026-06,2026-06-13
2026-06-15,9_16,15,121.0,11.549684253611638,2026-06,2026-06-13
2026-06-15,9_16,16,178.149,6.5821462313006185,2026-06,2026-06-13
2026-06-15,17_24,17,205.67700000000002,-20.588577166384614,2026-06,2026-06-13
2026-06-15,17_24,18,66.209,-32.85577498479402,2026-06,2026-06-13
2026-06-15,17_24,19,103.20100000000002,-34.48195866195467,2026-06,2026-06-13
2026-06-15,17_24,20,90.702,-25.376496630904022,2026-06,2026-06-13
2026-06-15,17_24,21,36.117999999999995,-16.211125807248905,2026-06,2026-06-13
2026-06-15,17_24,22,39.752999999999986,-12.373887004546205,2026-06,2026-06-13
2026-06-15,17_24,23,73.74200000000002,-9.180662981290851,2026-06,2026-06-13
2026-06-15,17_24,24,62.48200000000003,-17.777605035111428,2026-06,2026-06-13
2026-06-16,1_8,1,-81.05899999999997,29.359744931699883,2026-06,2026-06-14
2026-06-16,1_8,2,-79.779,28.797248161459073,2026-06,2026-06-14
2026-06-16,1_8,3,-82.37900000000002,23.411680677249215,2026-06,2026-06-14
2026-06-16,1_8,4,-77.55600000000004,21.26853617179678,2026-06,2026-06-14
2026-06-16,1_8,5,-71.45000000000005,15.981630498118768,2026-06,2026-06-14
2026-06-16,1_8,6,-35.89100000000002,23.31472821805248,2026-06,2026-06-14
2026-06-16,1_8,7,144.857,82.23526332207273,2026-06,2026-06-14
2026-06-16,1_8,8,-102.815,54.33546152969967,2026-06,2026-06-14
2026-06-16,9_16,9,15.276999999999987,-14.712227052145558,2026-06,2026-06-14
2026-06-16,9_16,10,-229.34699999999998,-16.86046313290116,2026-06,2026-06-14
2026-06-16,9_16,11,-520.651,-39.067433107367144,2026-06,2026-06-14
2026-06-16,9_16,12,-315.524,-19.000717255685206,2026-06,2026-06-14
2026-06-16,9_16,13,-86.218,-25.04631096331975,2026-06,2026-06-14
2026-06-16,9_16,14,-67.40100000000001,-26.690733466058973,2026-06,2026-06-14
2026-06-16,9_16,15,75.294,-11.124970801669054,2026-06,2026-06-14
2026-06-16,9_16,16,225.5,7.826674324033402,2026-06,2026-06-14
2026-06-16,17_24,17,145.099,-12.075444222678096,2026-06,2026-06-14
2026-06-16,17_24,18,-75.428,-7.762991522038133,2026-06,2026-06-14
2026-06-16,17_24,19,-54.12000000000006,-2.284902110108654,2026-06,2026-06-14
2026-06-16,17_24,20,-11.735000000000014,-12.153806105421864,2026-06,2026-06-14
2026-06-16,17_24,21,28.851,-2.5061568200658773,2026-06,2026-06-14
2026-06-16,17_24,22,47.80000000000001,-4.910529201168758,2026-06,2026-06-14
2026-06-16,17_24,23,2.391999999999996,3.677614059153713,2026-06,2026-06-14
2026-06-16,17_24,24,-9.100000000000023,-7.597294294034993,2026-06,2026-06-14
2026-06-17,1_8,1,-32.20100000000002,2.521472640629806,2026-06,2026-06-15
2026-06-17,1_8,2,-25.351,9.9470253010404,2026-06,2026-06-15
2026-06-17,1_8,3,-40.57900000000001,4.86575926159494,2026-06,2026-06-15
2026-06-17,1_8,4,-56.09500000000003,-1.4333259811550556,2026-06,2026-06-15
2026-06-17,1_8,5,-30.266999999999996,-0.7493112441449382,2026-06,2026-06-15
2026-06-17,1_8,6,63.519000000000005,0.23039266384179305,2026-06,2026-06-15
2026-06-17,1_8,7,337.022,-16.500418526216045,2026-06,2026-06-15
2026-06-17,1_8,8,127.04899999999998,-6.005767917661779,2026-06,2026-06-15
2026-06-17,9_16,9,87.19099999999997,-47.92465975081425,2026-06,2026-06-15
2026-06-17,9_16,10,43.47500000000002,-38.12120997934412,2026-06,2026-06-15
2026-06-17,9_16,11,-96.12099999999998,0.1492866472986092,2026-06,2026-06-15
2026-06-17,9_16,12,-282.48199999999997,-22.532865216707176,2026-06,2026-06-15
2026-06-17,9_16,13,-332.585,-18.229920355463435,2026-06,2026-06-15
2026-06-17,9_16,14,-370.42100000000005,-18.84193457292787,2026-06,2026-06-15
2026-06-17,9_16,15,-265.39,-16.668715435913416,2026-06,2026-06-15
2026-06-17,9_16,16,-138.85399999999998,-32.60298444107278,2026-06,2026-06-15
2026-06-17,17_24,17,-47.16899999999998,9.563802407303072,2026-06,2026-06-15
2026-06-17,17_24,18,24.480999999999995,15.698072553247775,2026-06,2026-06-15
2026-06-17,17_24,19,67.65200000000004,6.873329078789277,2026-06,2026-06-15
2026-06-17,17_24,20,-19.32899999999995,4.4263123453749715,2026-06,2026-06-15
2026-06-17,17_24,21,-26.440999999999917,7.472836363540519,2026-06,2026-06-15
2026-06-17,17_24,22,27.552999999999997,11.728520547761956,2026-06,2026-06-15
2026-06-17,17_24,23,38.15999999999997,16.226618268469043,2026-06,2026-06-15
2026-06-17,17_24,24,50.38199999999995,21.719959195477063,2026-06,2026-06-15
2026-06-18,1_8,1,83.69299999999998,-0.2597830021839977,2026-06,2026-06-16
2026-06-18,1_8,2,48.43099999999998,8.85609827600959,2026-06,2026-06-16
2026-06-18,1_8,3,50.704999999999984,9.994859212263389,2026-06,2026-06-16
2026-06-18,1_8,4,53.15499999999997,8.046617327145269,2026-06,2026-06-16
2026-06-18,1_8,5,56.80599999999998,10.596359688438634,2026-06,2026-06-16
2026-06-18,1_8,6,66.53399999999999,25.3462607803158,2026-06,2026-06-16
2026-06-18,1_8,7,107.19999999999999,8.961472748980722,2026-06,2026-06-16
2026-06-18,1_8,8,88.93799999999999,0.3271368050078145,2026-06,2026-06-16
2026-06-18,9_16,9,79.75200000000001,-3.9652810742123417,2026-06,2026-06-16
2026-06-18,9_16,10,54.01799999999997,-14.184273516909863,2026-06,2026-06-16
2026-06-18,9_16,11,61.956999999999994,15.657048640415784,2026-06,2026-06-16
2026-06-18,9_16,12,32.791,14.993930084040082,2026-06,2026-06-16
2026-06-18,9_16,13,27.589999999999975,-4.961600624146746,2026-06,2026-06-16
2026-06-18,9_16,14,18.230999999999995,-3.2327552667154857,2026-06,2026-06-16
2026-06-18,9_16,15,-0.9569999999999936,10.293555239419158,2026-06,2026-06-16
2026-06-18,9_16,16,52.57499999999999,-8.984822548689154,2026-06,2026-06-16
2026-06-18,17_24,17,63.875999999999976,7.790680007502109,2026-06,2026-06-16
2026-06-18,17_24,18,97.92000000000002,13.356900552983543,2026-06,2026-06-16
2026-06-18,17_24,19,110.55200000000002,7.776412884050323,2026-06,2026-06-16
2026-06-18,17_24,20,87.88900000000001,10.554803834484364,2026-06,2026-06-16
2026-06-18,17_24,21,101.68099999999998,20.654293624113524,2026-06,2026-06-16
2026-06-18,17_24,22,99.75599999999997,19.273035409745013,2026-06,2026-06-16
2026-06-18,17_24,23,96.90199999999999,16.08558632970769,2026-06,2026-06-16
2026-06-18,17_24,24,88.88799999999998,16.097731715766393,2026-06,2026-06-16
2026-06-19,1_8,1,40.398000000000025,22.260114371523223,2026-06,2026-06-17
2026-06-19,1_8,2,28.735000000000014,32.10927975815119,2026-06,2026-06-17
2026-06-19,1_8,3,37.52499999999998,34.43006749239546,2026-06,2026-06-17
2026-06-19,1_8,4,33.56999999999999,27.226280979890156,2026-06,2026-06-17
2026-06-19,1_8,5,49.190999999999974,25.790401903315427,2026-06,2026-06-17
2026-06-19,1_8,6,56.013000000000034,33.74214979478209,2026-06,2026-06-17
2026-06-19,1_8,7,21.516999999999996,16.918481277047082,2026-06,2026-06-17
2026-06-19,1_8,8,21.49399999999997,20.324943854059093,2026-06,2026-06-17
2026-06-19,9_16,9,67.02199999999999,-1.1370042693350957,2026-06,2026-06-17
2026-06-19,9_16,10,60.608000000000004,-11.948965820136944,2026-06,2026-06-17
2026-06-19,9_16,11,70.44400000000002,0.47284719206740666,2026-06,2026-06-17
2026-06-19,9_16,12,71.86200000000002,-41.74292609581405,2026-06,2026-06-17
2026-06-19,9_16,13,51.99200000000002,-43.49541082059599,2026-06,2026-06-17
2026-06-19,9_16,14,53.14299999999997,-31.507627337307508,2026-06,2026-06-17
2026-06-19,9_16,15,80.428,-30.289968797195368,2026-06,2026-06-17
2026-06-19,9_16,16,134.38799999999998,-14.47213346566229,2026-06,2026-06-17
2026-06-19,17_24,17,55.882000000000005,33.96336553983195,2026-06,2026-06-17
2026-06-19,17_24,18,65.654,41.591125740398645,2026-06,2026-06-17
2026-06-19,17_24,19,60.44,39.41238529324563,2026-06,2026-06-17
2026-06-19,17_24,20,67.118,32.85887745551201,2026-06,2026-06-17
2026-06-19,17_24,21,57.47500000000002,29.460067425071937,2026-06,2026-06-17
2026-06-19,17_24,22,39.492999999999995,29.674129217708174,2026-06,2026-06-17
2026-06-19,17_24,23,55.995000000000005,26.825302718805542,2026-06,2026-06-17
2026-06-19,17_24,24,59.70800000000003,30.7656991131749,2026-06,2026-06-17
2026-06-20,1_8,1,25.144999999999982,-18.56950175102752,2026-06,2026-06-18
2026-06-20,1_8,2,43.31299999999999,-20.7948859566401,2026-06,2026-06-18
2026-06-20,1_8,3,53.35500000000002,-19.241977819114037,2026-06,2026-06-18
2026-06-20,1_8,4,59.87299999999999,-15.495566005477315,2026-06,2026-06-18
2026-06-20,1_8,5,46.896000000000015,-15.964492997202044,2026-06,2026-06-18
2026-06-20,1_8,6,61.797000000000025,-13.023386779237377,2026-06,2026-06-18
2026-06-20,1_8,7,201.639,56.741820780546156,2026-06,2026-06-18
2026-06-20,1_8,8,292.331,26.35046591331246,2026-06,2026-06-18
2026-06-20,9_16,9,277.01300000000003,40.26691555227492,2026-06,2026-06-18
2026-06-20,9_16,10,281.0,20.086611895134997,2026-06,2026-06-18
2026-06-20,9_16,11,221.0,13.470189532849497,2026-06,2026-06-18
2026-06-20,9_16,12,33.719,23.585423969832586,2026-06,2026-06-18
2026-06-20,9_16,13,249.0,-17.94868076286748,2026-06,2026-06-18
2026-06-20,9_16,14,252.5,-11.420399118514322,2026-06,2026-06-18
2026-06-20,9_16,15,67.294,-4.154938805786122,2026-06,2026-06-18
2026-06-20,9_16,16,-7.581000000000017,-15.260725397593824,2026-06,2026-06-18
2026-06-20,17_24,17,8.75,-11.543359522836864,2026-06,2026-06-18
2026-06-20,17_24,18,49.86400000000003,-5.572306445067485,2026-06,2026-06-18
2026-06-20,17_24,19,-6.596000000000004,4.928686312113916,2026-06,2026-06-18
2026-06-20,17_24,20,7.51400000000001,2.145747565674284,2026-06,2026-06-18
2026-06-20,17_24,21,-24.63499999999999,-1.145640691595631,2026-06,2026-06-18
2026-06-20,17_24,22,-28.889999999999986,1.2001513397843464,2026-06,2026-06-18
2026-06-20,17_24,23,-26.743000000000052,11.528848285290373,2026-06,2026-06-18
2026-06-20,17_24,24,-20.710000000000036,12.56224049039298,2026-06,2026-06-18
2026-06-21,1_8,1,22.00400000000002,35.01281606415032,2026-06,2026-06-19
2026-06-21,1_8,2,29.783999999999992,43.789270145108276,2026-06,2026-06-19
2026-06-21,1_8,3,28.807000000000016,43.54685179884382,2026-06,2026-06-19
2026-06-21,1_8,4,9.610000000000014,38.05653463480532,2026-06,2026-06-19
2026-06-21,1_8,5,56.96100000000001,38.56126515942353,2026-06,2026-06-19
2026-06-21,1_8,6,-8.708000000000027,48.552939874035545,2026-06,2026-06-19
2026-06-21,1_8,7,-21.090000000000032,58.89090536877873,2026-06,2026-06-19
2026-06-21,1_8,8,8.216999999999985,36.48091387563619,2026-06,2026-06-19
2026-06-21,9_16,9,73.21100000000001,83.642452016099,2026-06,2026-06-19
2026-06-21,9_16,10,61.39500000000004,90.27978811963783,2026-06,2026-06-19
2026-06-21,9_16,11,55.48599999999999,60.80998425509946,2026-06,2026-06-19
2026-06-21,9_16,12,38.428999999999974,41.87400351423654,2026-06,2026-06-19
2026-06-21,9_16,13,79.83299999999997,65.01982945070107,2026-06,2026-06-19
2026-06-21,9_16,14,39.742999999999995,51.60263547825586,2026-06,2026-06-19
2026-06-21,9_16,15,29.593000000000018,67.6291346501357,2026-06,2026-06-19
2026-06-21,9_16,16,-22.00799999999998,68.86741875617902,2026-06,2026-06-19
2026-06-21,17_24,17,-1.714999999999975,36.54754432163536,2026-06,2026-06-19
2026-06-21,17_24,18,4.642999999999972,47.707253481302125,2026-06,2026-06-19
2026-06-21,17_24,19,-6.101999999999975,43.44690480959436,2026-06,2026-06-19
2026-06-21,17_24,20,0.20100000000002183,47.507928542960094,2026-06,2026-06-19
2026-06-21,17_24,21,2.0810000000000173,44.480352997257754,2026-06,2026-06-19
2026-06-21,17_24,22,2.076999999999998,40.82069591139662,2026-06,2026-06-19
2026-06-21,17_24,23,16.476999999999975,32.71297326042178,2026-06,2026-06-19
2026-06-21,17_24,24,42.144000000000005,37.04950498134116,2026-06,2026-06-19
2026-06-22,1_8,1,2.6759999999999877,16.765475906397462,2026-06,2026-06-20
2026-06-22,1_8,2,-15.341999999999985,15.848803353770483,2026-06,2026-06-20
2026-06-22,1_8,3,3.644999999999982,16.227201626104243,2026-06,2026-06-20
2026-06-22,1_8,4,73.49700000000001,16.796842649248006,2026-06,2026-06-20
2026-06-22,1_8,5,-5.440999999999974,15.436200644410091,2026-06,2026-06-20
2026-06-22,1_8,6,164.84699999999998,19.89362863330332,2026-06,2026-06-20
2026-06-22,1_8,7,3.6440000000000055,76.3632655256174,2026-06,2026-06-20
2026-06-22,1_8,8,-41.247000000000014,69.68496297181623,2026-06,2026-06-20
2026-06-22,9_16,9,-56.132000000000005,29.253061901178363,2026-06,2026-06-20
2026-06-22,9_16,10,-154.647,32.34385635795265,2026-06,2026-06-20
2026-06-22,9_16,11,-86.418,29.929193276860573,2026-06,2026-06-20
2026-06-22,9_16,12,74.292,-13.077343624310767,2026-06,2026-06-20
2026-06-22,9_16,13,64.333,22.8249405718298,2026-06,2026-06-20
2026-06-22,9_16,14,63.105,43.481538037191555,2026-06,2026-06-20
2026-06-22,9_16,15,130.0,35.74722649124085,2026-06,2026-06-20
2026-06-22,9_16,16,297.625,32.097905583642046,2026-06,2026-06-20
2026-06-22,17_24,17,225.65300000000002,28.613583879302,2026-06,2026-06-20
2026-06-22,17_24,18,40.49000000000001,14.497504990206846,2026-06,2026-06-20
2026-06-22,17_24,19,65.71100000000001,14.650495037090748,2026-06,2026-06-20
2026-06-22,17_24,20,71.731,11.911572129742275,2026-06,2026-06-20
2026-06-22,17_24,21,53.997000000000014,12.086825247156042,2026-06,2026-06-20
2026-06-22,17_24,22,73.399,10.43762579123809,2026-06,2026-06-20
2026-06-22,17_24,23,73.98000000000002,-9.227038518182091,2026-06,2026-06-20
2026-06-22,17_24,24,95.46499999999997,-10.765736115274112,2026-06,2026-06-20
2026-06-23,1_8,1,-23.144999999999982,-9.998810547839224,2026-06,2026-06-21
2026-06-23,1_8,2,-0.7239999999999895,-7.910132458321203,2026-06,2026-06-21
2026-06-23,1_8,3,0.8279999999999745,-10.12764291531958,2026-06,2026-06-21
2026-06-23,1_8,4,13.165999999999997,-9.672989539637172,2026-06,2026-06-21
2026-06-23,1_8,5,35.13900000000001,-4.3995346788045895,2026-06,2026-06-21
2026-06-23,1_8,6,59.85000000000002,5.585474591678935,2026-06,2026-06-21
2026-06-23,1_8,7,279.063,99.05381361951463,2026-06,2026-06-21
2026-06-23,1_8,8,380.0,89.31775503472699,2026-06,2026-06-21
2026-06-23,9_16,9,335.0,50.78929945407239,2026-06,2026-06-21
2026-06-23,9_16,10,321.099,25.825989133878448,2026-06,2026-06-21
2026-06-23,9_16,11,130.796,41.71345178037697,2026-06,2026-06-21
2026-06-23,9_16,12,8.982,18.80324495735408,2026-06,2026-06-21
2026-06-23,9_16,13,-187.603,50.06347428816908,2026-06,2026-06-21
2026-06-23,9_16,14,-267.736,49.88117314019046,2026-06,2026-06-21
2026-06-23,9_16,15,-229.29900000000004,25.153017352026474,2026-06,2026-06-21
2026-06-23,9_16,16,-190.54999999999998,14.577863901951227,2026-06,2026-06-21
2026-06-23,17_24,17,-14.062000000000012,42.30232711354772,2026-06,2026-06-21
2026-06-23,17_24,18,32.77699999999999,36.94348512979749,2026-06,2026-06-21
2026-06-23,17_24,19,78.69799999999998,39.62371181058703,2026-06,2026-06-21
2026-06-23,17_24,20,43.47500000000002,34.09953199156234,2026-06,2026-06-21
2026-06-23,17_24,21,5.956999999999994,35.386831368926494,2026-06,2026-06-21
2026-06-23,17_24,22,16.870000000000005,31.77694675373229,2026-06,2026-06-21
2026-06-23,17_24,23,26.422000000000025,32.407882667532874,2026-06,2026-06-21
2026-06-23,17_24,24,58.870000000000005,10.304961861965127,2026-06,2026-06-21
2026-06-24,1_8,1,-15.01400000000001,-11.996810971998716,2026-06,2026-06-22
2026-06-24,1_8,2,5.541999999999973,-9.891520107628919,2026-06,2026-06-22
2026-06-24,1_8,3,9.610000000000014,-5.2365759831452285,2026-06,2026-06-22
2026-06-24,1_8,4,29.113999999999976,-8.125722695445576,2026-06,2026-06-22
2026-06-24,1_8,5,45.278999999999996,-3.3182729233321586,2026-06,2026-06-22
2026-06-24,1_8,6,43.160000000000025,-1.28787781207211,2026-06,2026-06-22
2026-06-24,1_8,7,263.044,46.51167923722607,2026-06,2026-06-22
2026-06-24,1_8,8,-86.43099999999998,19.47992784474944,2026-06,2026-06-22
2026-06-24,9_16,9,-255.425,12.846591916884584,2026-06,2026-06-22
2026-06-24,9_16,10,-177.493,28.003783861593405,2026-06,2026-06-22
2026-06-24,9_16,11,-37.715,12.074562969378146,2026-06,2026-06-22
2026-06-24,9_16,12,127.77000000000001,17.85437572597563,2026-06,2026-06-22
2026-06-24,9_16,13,79.007,26.573606580331262,2026-06,2026-06-22
2026-06-24,9_16,14,151.674,18.343875521177484,2026-06,2026-06-22
2026-06-24,9_16,15,151.45000000000002,23.183441855973392,2026-06,2026-06-22
2026-06-24,9_16,16,272.714,15.48893296365405,2026-06,2026-06-22
2026-06-24,17_24,17,185.079,-5.296067652486047,2026-06,2026-06-22
2026-06-24,17_24,18,-32.40899999999999,9.560923762879378,2026-06,2026-06-22
2026-06-24,17_24,19,9.430000000000007,15.876387222288548,2026-06,2026-06-22
2026-06-24,17_24,20,42.22900000000004,21.583961209162407,2026-06,2026-06-22
2026-06-24,17_24,21,96.226,15.488926289598421,2026-06,2026-06-22
2026-06-24,17_24,22,99.49599999999998,11.876536516070427,2026-06,2026-06-22
2026-06-24,17_24,23,37.221000000000004,14.789358517252538,2026-06,2026-06-22
2026-06-24,17_24,24,76.95999999999998,13.34927492857648,2026-06,2026-06-22
2026-06-25,1_8,1,62.84800000000001,-3.8742207319297655,2026-06,2026-06-23
2026-06-25,1_8,2,85.721,2.837041553979554,2026-06,2026-06-23
2026-06-25,1_8,3,80.255,5.681997382061405,2026-06,2026-06-23
2026-06-25,1_8,4,64.18200000000002,7.719922196138284,2026-06,2026-06-23
2026-06-25,1_8,5,32.82400000000001,13.977402528635531,2026-06,2026-06-23
2026-06-25,1_8,6,-2.194999999999993,26.29096906637109,2026-06,2026-06-23
2026-06-25,1_8,7,40.153999999999996,75.0426340907911,2026-06,2026-06-23
2026-06-25,1_8,8,-49.90899999999999,63.88126189303009,2026-06,2026-06-23
2026-06-25,9_16,9,-130.798,18.600645519607756,2026-06,2026-06-23
2026-06-25,9_16,10,194.867,20.906868952578087,2026-06,2026-06-23
2026-06-25,9_16,11,-41.12899999999999,14.200858546204744,2026-06,2026-06-23
2026-06-25,9_16,12,-260.906,0.10520379791256762,2026-06,2026-06-23
2026-06-25,9_16,13,41.899,1.5574355484624596,2026-06,2026-06-23
2026-06-25,9_16,14,76.72,19.736112502686623,2026-06,2026-06-23
2026-06-25,9_16,15,104.75,26.428999203883034,2026-06,2026-06-23
2026-06-25,9_16,16,196.375,50.49788010570776,2026-06,2026-06-23
2026-06-25,17_24,17,344.678,12.661753907592441,2026-06,2026-06-23
2026-06-25,17_24,18,183.748,4.966282326978492,2026-06,2026-06-23
2026-06-25,17_24,19,28.38499999999999,-3.4280660521715305,2026-06,2026-06-23
2026-06-25,17_24,20,89.03500000000003,-1.782617655640506,2026-06,2026-06-23
2026-06-25,17_24,21,76.65800000000002,-1.7839834679218185,2026-06,2026-06-23
2026-06-25,17_24,22,87.15800000000002,-4.181308985779404,2026-06,2026-06-23
2026-06-25,17_24,23,90.28199999999998,-4.613436715168557,2026-06,2026-06-23
2026-06-25,17_24,24,48.51600000000002,-6.976412728860109,2026-06,2026-06-23
2026-06-26,1_8,1,-24.831999999999994,0.6576454703500321,2026-06,2026-06-24
2026-06-26,1_8,2,-4.346000000000004,0.28687825576326137,2026-06,2026-06-24
2026-06-26,1_8,3,21.851999999999975,1.8416430117069336,2026-06,2026-06-24
2026-06-26,1_8,4,22.90799999999996,6.017743828010505,2026-06,2026-06-24
2026-06-26,1_8,5,17.519000000000005,15.703108917334651,2026-06,2026-06-24
2026-06-26,1_8,6,46.132000000000005,19.691360763026992,2026-06,2026-06-24
2026-06-26,1_8,7,322.683,80.26732270622783,2026-06,2026-06-24
2026-06-26,1_8,8,107.763,77.43170919377135,2026-06,2026-06-24
2026-06-26,9_16,9,90.03,3.7302864975510657,2026-06,2026-06-24
2026-06-26,9_16,10,-292.345,2.221102290082947,2026-06,2026-06-24
2026-06-26,9_16,11,-367.75,-4.2223223546967095,2026-06,2026-06-24
2026-06-26,9_16,12,-363.06600000000003,9.118368238578803,2026-06,2026-06-24
2026-06-26,9_16,13,-332.689,29.817160549056364,2026-06,2026-06-24
2026-06-26,9_16,14,-245.632,16.376988948286158,2026-06,2026-06-24
2026-06-26,9_16,15,-178.863,8.30491550067306,2026-06,2026-06-24
2026-06-26,9_16,16,-42.95800000000003,5.892692777671237,2026-06,2026-06-24
2026-06-26,17_24,17,19.755999999999972,2.5537535594672858,2026-06,2026-06-24
2026-06-26,17_24,18,25.846000000000004,1.3022551968635419,2026-06,2026-06-24
2026-06-26,17_24,19,12.737000000000023,-0.322597867493001,2026-06,2026-06-24
2026-06-26,17_24,20,0.2799999999999727,-1.5330029363896882,2026-06,2026-06-24
2026-06-26,17_24,21,0.7370000000000232,-6.221678078570494,2026-06,2026-06-24
2026-06-26,17_24,22,-10.730999999999995,2.5811057627377734,2026-06,2026-06-24
2026-06-26,17_24,23,-17.24000000000001,9.20868636379203,2026-06,2026-06-24
2026-06-26,17_24,24,-50.923,2.3158934654285415,2026-06,2026-06-24
2026-06-27,1_8,1,-47.68700000000001,6.212625852029167,2026-06,2026-06-25
2026-06-27,1_8,2,-65.25800000000004,2.943663958187456,2026-06,2026-06-25
2026-06-27,1_8,3,-57.96100000000001,6.489415131436462,2026-06,2026-06-25
2026-06-27,1_8,4,-49.273000000000025,2.852811722386335,2026-06,2026-06-25
2026-06-27,1_8,5,-48.853999999999985,10.279923733568097,2026-06,2026-06-25
2026-06-27,1_8,6,-16.586000000000013,15.579561351699116,2026-06,2026-06-25
2026-06-27,1_8,7,226.082,38.32736240541863,2026-06,2026-06-25
2026-06-27,1_8,8,256.75,40.06296673309822,2026-06,2026-06-25
2026-06-27,9_16,9,145.61,12.821209515956868,2026-06,2026-06-25
2026-06-27,9_16,10,95.0,-23.340065734094992,2026-06,2026-06-25
2026-06-27,9_16,11,125.021,-7.78224219097143,2026-06,2026-06-25
2026-06-27,9_16,12,-1.377,10.184964958367008,2026-06,2026-06-25
2026-06-27,9_16,13,-9.941,21.04371639613711,2026-06,2026-06-25
2026-06-27,9_16,14,24.809,15.331943455322486,2026-06,2026-06-25
2026-06-27,9_16,15,63.191,12.98696750543155,2026-06,2026-06-25
2026-06-27,9_16,16,-22.671999999999997,28.90593854411896,2026-06,2026-06-25
2026-06-27,17_24,17,16.12299999999999,50.921519763103454,2026-06,2026-06-25
2026-06-27,17_24,18,-21.547000000000025,28.398833431223775,2026-06,2026-06-25
2026-06-27,17_24,19,18.663999999999987,36.422318110058214,2026-06,2026-06-25
2026-06-27,17_24,20,59.25999999999999,41.255600615100526,2026-06,2026-06-25
2026-06-27,17_24,21,57.543000000000006,42.168123958095535,2026-06,2026-06-25
2026-06-27,17_24,22,38.21800000000002,48.19413804486692,2026-06,2026-06-25
2026-06-27,17_24,23,-1.9850000000000136,46.698019890058525,2026-06,2026-06-25
2026-06-27,17_24,24,-17.600000000000023,44.400164211925414,2026-06,2026-06-25
2026-06-28,1_8,1,31.24799999999999,7.028753380885226,2026-06,2026-06-26
2026-06-28,1_8,2,-142.702,10.547219170289427,2026-06,2026-06-26
2026-06-28,1_8,3,26.564999999999998,43.465899768386734,2026-06,2026-06-26
2026-06-28,1_8,4,30.238,51.313687076932645,2026-06,2026-06-26
2026-06-28,1_8,5,-9.115000000000009,49.27754828513085,2026-06,2026-06-26
2026-06-28,1_8,6,181.754,87.09129213629367,2026-06,2026-06-26
2026-06-28,1_8,7,111.12,82.69063537473652,2026-06,2026-06-26
2026-06-28,1_8,8,81.38,56.07001859255424,2026-06,2026-06-26
2026-06-28,9_16,9,234.94,-10.121322448225984,2026-06,2026-06-26
2026-06-28,9_16,10,64.3,-56.80384423469161,2026-06,2026-06-26
2026-06-28,9_16,11,-39.121,-40.23845501223509,2026-06,2026-06-26
2026-06-28,9_16,12,-236.846,-47.42597764689083,2026-06,2026-06-26
2026-06-28,9_16,13,93.50999999999999,-15.677684774518463,2026-06,2026-06-26
2026-06-28,9_16,14,199.087,-31.723002131629865,2026-06,2026-06-26
2026-06-28,9_16,15,252.762,-32.868357493180596,2026-06,2026-06-26
2026-06-28,9_16,16,46.923,-13.517668744825523,2026-06,2026-06-26
2026-06-28,17_24,17,-36.007000000000005,25.75239481867355,2026-06,2026-06-26
2026-06-28,17_24,18,-44.67599999999999,27.019192955852777,2026-06,2026-06-26
2026-06-28,17_24,19,40.09100000000001,25.82399523077335,2026-06,2026-06-26
2026-06-28,17_24,20,97.68400000000003,27.526414414322833,2026-06,2026-06-26
2026-06-28,17_24,21,146.924,26.73997317523578,2026-06,2026-06-26
2026-06-28,17_24,22,-36.17099999999999,22.349091453589732,2026-06,2026-06-26
2026-06-28,17_24,23,175.734,18.077301083235415,2026-06,2026-06-26
2026-06-28,17_24,24,204.443,15.213210994767104,2026-06,2026-06-26
2026-06-29,1_8,1,62.865999999999985,13.109311634735455,2026-06,2026-06-27
2026-06-29,1_8,2,84.38800000000003,21.429356208872086,2026-06,2026-06-27
2026-06-29,1_8,3,147.75099999999998,22.855392041602997,2026-06,2026-06-27
2026-06-29,1_8,4,26.201000000000022,19.405266692041117,2026-06,2026-06-27
2026-06-29,1_8,5,77.911,33.78016902667973,2026-06,2026-06-27
2026-06-29,1_8,6,0.9110000000000014,42.49565536629852,2026-06,2026-06-27
2026-06-29,1_8,7,71.226,94.61912197786135,2026-06,2026-06-27
2026-06-29,1_8,8,-15.686999999999955,18.164040972540956,2026-06,2026-06-27
2026-06-29,9_16,9,11.944999999999993,-5.505581653567368,2026-06,2026-06-27
2026-06-29,9_16,10,-4.83099999999996,-39.4718925260862,2026-06,2026-06-27
2026-06-29,9_16,11,-40.14499999999998,-27.486833038637098,2026-06,2026-06-27
2026-06-29,9_16,12,-80.88499999999999,-42.01287887211828,2026-06,2026-06-27
2026-06-29,9_16,13,-84.35300000000001,-33.4061875819547,2026-06,2026-06-27
2026-06-29,9_16,14,-50.05599999999998,-31.921232545652277,2026-06,2026-06-27
2026-06-29,9_16,15,-29.42700000000002,-39.264314955074504,2026-06,2026-06-27
2026-06-29,9_16,16,-25.596000000000004,-1.7107462983251502,2026-06,2026-06-27
2026-06-29,17_24,17,27.617999999999995,18.053313306857888,2026-06,2026-06-27
2026-06-29,17_24,18,-36.11099999999999,17.186438918203454,2026-06,2026-06-27
2026-06-29,17_24,19,-15.12299999999999,20.326642096951833,2026-06,2026-06-27
2026-06-29,17_24,20,-25.896000000000015,21.61149767757151,2026-06,2026-06-27
2026-06-29,17_24,21,-35.150000000000034,23.637101725131817,2026-06,2026-06-27
2026-06-29,17_24,22,-58.47800000000001,21.85612075228595,2026-06,2026-06-27
2026-06-29,17_24,23,-65.62400000000002,16.558296054163936,2026-06,2026-06-27
2026-06-29,17_24,24,-3.4879999999999995,17.93406519177191,2026-06,2026-06-27
2026-06-30,1_8,1,27.783999999999992,20.63806800264169,2026-06,2026-06-28
2026-06-30,1_8,2,58.389999999999986,20.70390061731056,2026-06,2026-06-28
2026-06-30,1_8,3,-139.47500000000002,14.21300032425921,2026-06,2026-06-28
2026-06-30,1_8,4,-124.83999999999997,12.801581229038149,2026-06,2026-06-28
2026-06-30,1_8,5,38.78199999999998,18.049658652323032,2026-06,2026-06-28
2026-06-30,1_8,6,49.79899999999998,23.959455821391686,2026-06,2026-06-28
2026-06-30,1_8,7,91.643,22.20704079611912,2026-06,2026-06-28
2026-06-30,1_8,8,-67.72399999999999,4.052978666411059,2026-06,2026-06-28
2026-06-30,9_16,9,-106.863,3.3313176922449257,2026-06,2026-06-28
2026-06-30,9_16,10,-348.923,-22.61957423462663,2026-06,2026-06-28
2026-06-30,9_16,11,-251.88599999999997,-15.173566813886682,2026-06,2026-06-28
2026-06-30,9_16,12,-351.52099999999996,-24.10393236966232,2026-06,2026-06-28
2026-06-30,9_16,13,-157.24900000000002,-40.910922729906005,2026-06,2026-06-28
2026-06-30,9_16,14,-56.309000000000026,-45.15281504500813,2026-06,2026-06-28
2026-06-30,9_16,15,7.8489999999999895,-38.16593682408243,2026-06,2026-06-28
2026-06-30,9_16,16,-59.84699999999998,-18.457246280360994,2026-06,2026-06-28
2026-06-30,17_24,17,-30.99200000000002,8.173344924817496,2026-06,2026-06-28
2026-06-30,17_24,18,48.32900000000001,11.72098355118803,2026-06,2026-06-28
2026-06-30,17_24,19,65.32900000000001,17.29159952357841,2026-06,2026-06-28
2026-06-30,17_24,20,47.043000000000006,27.168251333133725,2026-06,2026-06-28
2026-06-30,17_24,21,-1.1999999999999886,14.41459578247578,2026-06,2026-06-28
2026-06-30,17_24,22,-13.199999999999989,13.720159450322186,2026-06,2026-06-28
2026-06-30,17_24,23,49.37099999999998,12.415494860342342,2026-06,2026-06-28
2026-06-30,17_24,24,-8.694000000000017,5.351400963738826,2026-06,2026-06-28
2026-07-01,1_8,1,65.98699999999997,16.222226193011164,2026-07,2026-06-29
2026-07-01,1_8,2,27.59899999999999,19.828411109471936,2026-07,2026-06-29
2026-07-01,1_8,3,63.47399999999999,11.780358015098878,2026-07,2026-06-29
2026-07-01,1_8,4,70.45600000000002,17.643551516230914,2026-07,2026-06-29
2026-07-01,1_8,5,70.03000000000003,26.611943904106816,2026-07,2026-06-29
2026-07-01,1_8,6,46.52600000000001,23.014708205164585,2026-07,2026-06-29
2026-07-01,1_8,7,38.956999999999994,21.45706573823384,2026-07,2026-06-29
2026-07-01,1_8,8,66.24000000000001,7.836478603108084,2026-07,2026-06-29
2026-07-01,9_16,9,80.48999999999995,22.166071787905448,2026-07,2026-06-29
2026-07-01,9_16,10,118.94200000000001,5.400853030817938,2026-07,2026-06-29
2026-07-01,9_16,11,336.61400000000003,11.567736323876062,2026-07,2026-06-29
2026-07-01,9_16,12,464.256,-7.150253362304195,2026-07,2026-06-29
2026-07-01,9_16,13,467.197,1.1866214687617846,2026-07,2026-06-29
2026-07-01,9_16,14,423.739,-12.89576937721974,2026-07,2026-06-29
2026-07-01,9_16,15,484.15500000000003,-11.975993580613373,2026-07,2026-06-29
2026-07-01,9_16,16,265.471,6.502346764436027,2026-07,2026-06-29
2026-07-01,17_24,17,70.23699999999997,18.21783661638255,2026-07,2026-06-29
2026-07-01,17_24,18,132.11,12.626969895278911,2026-07,2026-06-29
2026-07-01,17_24,19,39.32400000000001,13.561876663025968,2026-07,2026-06-29
2026-07-01,17_24,20,-12.326000000000022,13.456238199335788,2026-07,2026-06-29
2026-07-01,17_24,21,-5.569000000000017,8.712101826278884,2026-07,2026-06-29
2026-07-01,17_24,22,-1.024000000000001,10.338243319221895,2026-07,2026-06-29
2026-07-01,17_24,23,8.84699999999998,5.369440282021132,2026-07,2026-06-29
2026-07-01,17_24,24,11.886000000000024,9.889803472772394,2026-07,2026-06-29
2026-07-02,1_8,1,-95.49599999999998,21.57879061673099,2026-07,2026-06-30
2026-07-02,1_8,2,-109.04599999999999,18.4795347283195,2026-07,2026-06-30
2026-07-02,1_8,3,-86.73400000000004,18.054938709955067,2026-07,2026-06-30
2026-07-02,1_8,4,-72.96900000000005,21.53423361162414,2026-07,2026-06-30
2026-07-02,1_8,5,-73.63599999999997,21.121244774884484,2026-07,2026-06-30
2026-07-02,1_8,6,-65.678,17.50947925930617,2026-07,2026-06-30
2026-07-02,1_8,7,-22.685000000000002,36.26797188041556,2026-07,2026-06-30
2026-07-02,1_8,8,190.49200000000002,29.433343895982414,2026-07,2026-06-30
2026-07-02,9_16,9,280.161,-11.119246551721009,2026-07,2026-06-30
2026-07-02,9_16,10,130.184,-2.3589913308470867,2026-07,2026-06-30
2026-07-02,9_16,11,187.58700000000002,-14.246945560807195,2026-07,2026-06-30
2026-07-02,9_16,12,-62.98400000000001,-6.04443401761226,2026-07,2026-06-30
2026-07-02,9_16,13,-214.508,-9.532154928772293,2026-07,2026-06-30
2026-07-02,9_16,14,-63.47300000000001,13.151090510360143,2026-07,2026-06-30
2026-07-02,9_16,15,-186.43099999999998,-7.889667933048872,2026-07,2026-06-30
2026-07-02,9_16,16,-174.53300000000002,-1.3583443138763096,2026-07,2026-06-30
2026-07-02,17_24,17,-102.923,12.792245998117485,2026-07,2026-06-30
2026-07-02,17_24,18,-43.26800000000003,23.301806129879214,2026-07,2026-06-30
2026-07-02,17_24,19,27.08699999999999,23.60874902494237,2026-07,2026-06-30
2026-07-02,17_24,20,17.96799999999996,24.649815904266895,2026-07,2026-06-30
2026-07-02,17_24,21,-54.839999999999975,24.63867342520552,2026-07,2026-06-30
2026-07-02,17_24,22,-105.58500000000004,22.98697044693751,2026-07,2026-06-30
2026-07-02,17_24,23,-66.52300000000002,34.06453752837627,2026-07,2026-06-30
2026-07-02,17_24,24,-80.83100000000002,33.33921349416236,2026-07,2026-06-30
2026-07-03,1_8,1,-55.31900000000002,-4.931673161005323,2026-07,2026-07-01
2026-07-03,1_8,2,-219.67399999999998,-4.840516044434439,2026-07,2026-07-01
2026-07-03,1_8,3,-67.404,5.932701735863767,2026-07,2026-07-01
2026-07-03,1_8,4,-18.136000000000024,-2.159481853568259,2026-07,2026-07-01
2026-07-03,1_8,5,-46.36900000000003,-2.01232286988075,2026-07,2026-07-01
2026-07-03,1_8,6,-44.533000000000015,-1.2583860159503462,2026-07,2026-07-01
2026-07-03,1_8,7,-35.02800000000002,7.3647154754675075,2026-07,2026-07-01
2026-07-03,1_8,8,-167.33499999999998,-10.779580696242586,2026-07,2026-07-01
2026-07-03,9_16,9,-224.18400000000003,-5.570719880351852,2026-07,2026-07-01
2026-07-03,9_16,10,-246.038,-7.992960812238317,2026-07,2026-07-01
2026-07-03,9_16,11,-289.036,-26.663907693153316,2026-07,2026-07-01
2026-07-03,9_16,12,-272.099,5.34658079095303,2026-07,2026-07-01
2026-07-03,9_16,13,-298.274,1.1934531821794465,2026-07,2026-07-01
2026-07-03,9_16,14,-251.238,-0.8724213347413509,2026-07,2026-07-01
2026-07-03,9_16,15,-104.31700000000001,13.894239425280254,2026-07,2026-07-01
2026-07-03,9_16,16,204.957,-0.22557330990127075,2026-07,2026-07-01
2026-07-03,17_24,17,50.714999999999975,5.92282709614652,2026-07,2026-07-01
2026-07-03,17_24,18,102.61700000000002,15.010487613982399,2026-07,2026-07-01
2026-07-03,17_24,19,102.61700000000002,23.474642515610178,2026-07,2026-07-01
2026-07-03,17_24,20,116.596,20.58276323642832,2026-07,2026-07-01
2026-07-03,17_24,21,79.43700000000001,21.738079524511065,2026-07,2026-07-01
2026-07-03,17_24,22,98.61500000000001,18.886389244563244,2026-07,2026-07-01
2026-07-03,17_24,23,70.12200000000001,16.401779164853185,2026-07,2026-07-01
2026-07-03,17_24,24,45.309000000000026,18.883918073952216,2026-07,2026-07-01
2026-07-04,1_8,1,110.32799999999997,-3.045535055585335,2026-07,2026-07-02
2026-07-04,1_8,2,81.851,0.16757799394645664,2026-07,2026-07-02
2026-07-04,1_8,3,113.36700000000002,0.0742021683016076,2026-07,2026-07-02
2026-07-04,1_8,4,99.04100000000005,-0.6145180465553389,2026-07,2026-07-02
2026-07-04,1_8,5,96.09300000000002,-1.2152452078578329,2026-07,2026-07-02
2026-07-04,1_8,6,85.09700000000004,8.793065375257852,2026-07,2026-07-02
2026-07-04,1_8,7,320.998,10.053527121989205,2026-07,2026-07-02
2026-07-04,1_8,8,248.25,11.308954361883053,2026-07,2026-07-02
2026-07-04,9_16,9,184.248,22.961766426549342,2026-07,2026-07-02
2026-07-04,9_16,10,118.857,6.848561492102991,2026-07,2026-07-02
2026-07-04,9_16,11,27.022,14.653296482779133,2026-07,2026-07-02
2026-07-04,9_16,12,24.566,19.51998151077103,2026-07,2026-07-02
2026-07-04,9_16,13,73.797,15.376916969902584,2026-07,2026-07-02
2026-07-04,9_16,14,146.743,48.084521143773834,2026-07,2026-07-02
2026-07-04,9_16,15,240.404,20.587378140833728,2026-07,2026-07-02
2026-07-04,9_16,16,379.51300000000003,35.70195707332607,2026-07,2026-07-02
2026-07-04,17_24,17,314.832,17.955563335208023,2026-07,2026-07-02
2026-07-04,17_24,18,67.38799999999998,13.735411391419076,2026-07,2026-07-02
2026-07-04,17_24,19,130.35000000000002,23.668732012278074,2026-07,2026-07-02
2026-07-04,17_24,20,125.50900000000001,21.12903501240459,2026-07,2026-07-02
2026-07-04,17_24,21,105.805,24.812560975810523,2026-07,2026-07-02
2026-07-04,17_24,22,146.25999999999993,29.50397901535134,2026-07,2026-07-02
2026-07-04,17_24,23,138.33700000000005,30.73889233627526,2026-07,2026-07-02
2026-07-04,17_24,24,146.76999999999998,35.4226073942708,2026-07,2026-07-02
2026-07-05,1_8,1,60.40700000000004,-14.130222986877733,2026-07,2026-07-03
2026-07-05,1_8,2,-7.555000000000007,-29.819703250231772,2026-07,2026-07-03
2026-07-05,1_8,3,65.01099999999997,-17.913879778406233,2026-07,2026-07-03
2026-07-05,1_8,4,45.105999999999995,-16.794297979316955,2026-07,2026-07-03
2026-07-05,1_8,5,38.613999999999976,-12.144425615270828,2026-07,2026-07-03
2026-07-05,1_8,6,-46.19400000000002,-12.88575518665311,2026-07,2026-07-03
2026-07-05,1_8,7,-88.53400000000005,-14.462140080712986,2026-07,2026-07-03
2026-07-05,1_8,8,-138.474,7.3534973254259475,2026-07,2026-07-03
2026-07-05,9_16,9,-181.937,11.828152385604163,2026-07,2026-07-03
2026-07-05,9_16,10,-97.84899999999999,-10.216204652580837,2026-07,2026-07-03
2026-07-05,9_16,11,-143.46499999999997,-7.56246047717144,2026-07,2026-07-03
2026-07-05,9_16,12,-59.435,-42.04164646064203,2026-07,2026-07-03
2026-07-05,9_16,13,166.436,-38.06603258303434,2026-07,2026-07-03
2026-07-05,9_16,14,262.672,-20.411755533446275,2026-07,2026-07-03
2026-07-05,9_16,15,235.57099999999997,-42.5534875286475,2026-07,2026-07-03
2026-07-05,9_16,16,46.07299999999998,-37.404610753640135,2026-07,2026-07-03
2026-07-05,17_24,17,38.70999999999998,3.7022330602323015,2026-07,2026-07-03
2026-07-05,17_24,18,29.18900000000002,9.823473060654699,2026-07,2026-07-03
2026-07-05,17_24,19,-112.24000000000001,10.516862360651317,2026-07,2026-07-03
2026-07-05,17_24,20,-1.6299999999999955,10.879053677176495,2026-07,2026-07-03
2026-07-05,17_24,21,-37.96799999999996,9.648584452580955,2026-07,2026-07-03
2026-07-05,17_24,22,52.226999999999975,3.8760043306673624,2026-07,2026-07-03
2026-07-05,17_24,23,30.144999999999982,14.479118392563327,2026-07,2026-07-03
2026-07-05,17_24,24,73.75200000000001,10.397571404671675,2026-07,2026-07-03
2026-07-06,1_8,1,-97.61300000000006,29.249719879053227,2026-07,2026-07-04
2026-07-06,1_8,2,-76.28099999999995,21.31284665011115,2026-07,2026-07-04
2026-07-06,1_8,3,21.331000000000017,21.627714035984653,2026-07,2026-07-04
2026-07-06,1_8,4,-9.730999999999995,28.799077187078318,2026-07,2026-07-04
2026-07-06,1_8,5,-6.504000000000019,27.9208799028504,2026-07,2026-07-04
2026-07-06,1_8,6,15.663999999999987,29.276155124483243,2026-07,2026-07-04
2026-07-06,1_8,7,36.668000000000006,30.78815515470452,2026-07,2026-07-04
2026-07-06,1_8,8,139.51,29.935478451373086,2026-07,2026-07-04
2026-07-06,9_16,9,202.752,43.55218716930225,2026-07,2026-07-04
2026-07-06,9_16,10,378.33500000000004,13.884395809066303,2026-07,2026-07-04
2026-07-06,9_16,11,370.06,20.89930920200425,2026-07,2026-07-04
2026-07-06,9_16,12,391.02599999999995,3.6656358082213574,2026-07,2026-07-04
2026-07-06,9_16,13,323.136,27.253922713548853,2026-07,2026-07-04
2026-07-06,9_16,14,334.78,7.758394690509773,2026-07,2026-07-04
2026-07-06,9_16,15,143.985,24.117233403135703,2026-07,2026-07-04
2026-07-06,9_16,16,-62.424000000000035,34.290289790000884,2026-07,2026-07-04
2026-07-06,17_24,17,-265.583,0.8201407370407294,2026-07,2026-07-04
2026-07-06,17_24,18,-230.54700000000003,8.866260932209151,2026-07,2026-07-04
2026-07-06,17_24,19,-285.403,14.30169300736258,2026-07,2026-07-04
2026-07-06,17_24,20,-170.57200000000006,8.395777244445762,2026-07,2026-07-04
2026-07-06,17_24,21,4.536000000000001,12.7132232636828,2026-07,2026-07-04
2026-07-06,17_24,22,51.01600000000002,13.980055142742618,2026-07,2026-07-04
2026-07-06,17_24,23,51.25600000000003,11.80085358756072,2026-07,2026-07-04
2026-07-06,17_24,24,58.90100000000001,7.668155836651632,2026-07,2026-07-04
2026-07-07,1_8,1,16.285000000000025,17.641690716857095,2026-07,2026-07-05
2026-07-07,1_8,2,0.6680000000000064,17.728212078887765,2026-07,2026-07-05
2026-07-07,1_8,3,5.771000000000015,17.22487772993023,2026-07,2026-07-05
2026-07-07,1_8,4,8.944999999999993,20.108941360519655,2026-07,2026-07-05
2026-07-07,1_8,5,10.918000000000006,20.68519505897748,2026-07,2026-07-05
2026-07-07,1_8,6,15.338000000000022,27.494412347062124,2026-07,2026-07-05
2026-07-07,1_8,7,-14.081000000000017,20.221011869175484,2026-07,2026-07-05
2026-07-07,1_8,8,14.309000000000026,16.78114427484071,2026-07,2026-07-05
2026-07-07,9_16,9,19.829000000000008,35.736206254957494,2026-07,2026-07-05
2026-07-07,9_16,10,61.613,9.363112796275757,2026-07,2026-07-05
2026-07-07,9_16,11,99.15899999999999,31.53233958818748,2026-07,2026-07-05
2026-07-07,9_16,12,207.757,24.194865502629906,2026-07,2026-07-05
2026-07-07,9_16,13,443.454,35.302928493818605,2026-07,2026-07-05
2026-07-07,9_16,14,448.842,35.27478943911741,2026-07,2026-07-05
2026-07-07,9_16,15,438.151,46.241195626966835,2026-07,2026-07-05
2026-07-07,9_16,16,233.78300000000002,34.72218765811721,2026-07,2026-07-05
2026-07-07,17_24,17,38.420000000000016,11.204688542284217,2026-07,2026-07-05
2026-07-07,17_24,18,22.76400000000001,13.300551444482004,2026-07,2026-07-05
2026-07-07,17_24,19,15.510999999999967,11.216778817026006,2026-07,2026-07-05
2026-07-07,17_24,20,22.509000000000015,8.153117344264018,2026-07,2026-07-05
2026-07-07,17_24,21,24.06400000000002,18.39829256440289,2026-07,2026-07-05
2026-07-07,17_24,22,14.485000000000014,19.078915416404072,2026-07,2026-07-05
2026-07-07,17_24,23,29.62700000000001,13.959208889130865,2026-07,2026-07-05
2026-07-07,17_24,24,31.13299999999998,9.773082998491375,2026-07,2026-07-05
2026-07-08,1_8,1,76.93200000000002,-11.081006609254382,2026-07,2026-07-06
2026-07-08,1_8,2,17.375,-14.465842372077427,2026-07,2026-07-06
2026-07-08,1_8,3,101.07100000000003,-27.50932949251911,2026-07,2026-07-06
2026-07-08,1_8,4,39.502999999999986,-32.97115732096996,2026-07,2026-07-06
2026-07-08,1_8,5,12.90100000000001,-30.3167242407064,2026-07,2026-07-06
2026-07-08,1_8,6,31.851,-16.49364781727532,2026-07,2026-07-06
2026-07-08,1_8,7,-1.495999999999981,10.26928153029809,2026-07,2026-07-06
2026-07-08,1_8,8,-59.60499999999996,39.47408265763559,2026-07,2026-07-06
2026-07-08,9_16,9,-160.01100000000002,21.450039733558846,2026-07,2026-07-06
2026-07-08,9_16,10,74.888,25.264368528568106,2026-07,2026-07-06
2026-07-08,9_16,11,156.753,37.16229579142765,2026-07,2026-07-06
2026-07-08,9_16,12,149.844,19.972304890995435,2026-07,2026-07-06
2026-07-08,9_16,13,155.648,11.719717882081333,2026-07,2026-07-06
2026-07-08,9_16,14,218.928,26.011379169390626,2026-07,2026-07-06
2026-07-08,9_16,15,229.742,29.85743499559256,2026-07,2026-07-06
2026-07-08,9_16,16,88.178,-2.550503657148891,2026-07,2026-07-06
2026-07-08,17_24,17,-29.61099999999999,11.460582986088035,2026-07,2026-07-06
2026-07-08,17_24,18,-215.34000000000003,20.351923309020542,2026-07,2026-07-06
2026-07-08,17_24,19,-261.55899999999997,29.376132435994318,2026-07,2026-07-06
2026-07-08,17_24,20,-241.91200000000003,21.80673942980751,2026-07,2026-07-06
2026-07-08,17_24,21,-259.515,29.716684478821012,2026-07,2026-07-06
2026-07-08,17_24,22,-221.735,34.34016966282016,2026-07,2026-07-06
2026-07-08,17_24,23,-132.38199999999995,36.75858762279072,2026-07,2026-07-06
2026-07-08,17_24,24,-50.079999999999984,41.84694874515537,2026-07,2026-07-06
2026-07-09,1_8,1,-95.995,11.609737592070267,2026-07,2026-07-07
2026-07-09,1_8,2,-157.98000000000002,-3.2259396599321275,2026-07,2026-07-07
2026-07-09,1_8,3,-28.314999999999998,9.894612997399003,2026-07,2026-07-07
2026-07-09,1_8,4,-6.6340000000000146,10.289686434992479,2026-07,2026-07-07
2026-07-09,1_8,5,-6.002999999999986,9.194787672421292,2026-07,2026-07-07
2026-07-09,1_8,6,-50.0,-3.551593934430238,2026-07,2026-07-07
2026-07-09,1_8,7,-10.975999999999999,-6.145031078786987,2026-07,2026-07-07
2026-07-09,1_8,8,-166.786,42.872789393469404,2026-07,2026-07-07
2026-07-09,9_16,9,-275.221,25.59057673227439,2026-07,2026-07-07
2026-07-09,9_16,10,-628.862,11.927638896950306,2026-07,2026-07-07
2026-07-09,9_16,11,-378.394,18.148395072158234,2026-07,2026-07-07
2026-07-09,9_16,12,-98.87200000000001,-0.036453877396037004,2026-07,2026-07-07
2026-07-09,9_16,13,-214.99599999999998,29.78523520788936,2026-07,2026-07-07
2026-07-09,9_16,14,-198.80399999999997,48.43868015002751,2026-07,2026-07-07
2026-07-09,9_16,15,-59.72800000000001,77.26142845411599,2026-07,2026-07-07
2026-07-09,9_16,16,-38.649,35.20418286203937,2026-07,2026-07-07
2026-07-09,17_24,17,-6.022000000000048,-11.044593205605468,2026-07,2026-07-07
2026-07-09,17_24,18,-143.02200000000005,-6.640583012507418,2026-07,2026-07-07
2026-07-09,17_24,19,-760.363,-4.792629436195179,2026-07,2026-07-07
2026-07-09,17_24,20,-943.1790000000001,-6.91639749407044,2026-07,2026-07-07
2026-07-09,17_24,21,-786.682,-1.1827283986033923,2026-07,2026-07-07
2026-07-09,17_24,22,-305.789,-1.7836946083650806,2026-07,2026-07-07
2026-07-09,17_24,23,-233.04100000000005,-4.653081698897231,2026-07,2026-07-07
2026-07-09,17_24,24,-92.78499999999997,-11.67052211960096,2026-07,2026-07-07
2026-07-10,1_8,1,16.805000000000007,10.023571329652041,2026-07,2026-07-08
2026-07-10,1_8,2,36.80799999999999,-2.378036475902117,2026-07,2026-07-08
2026-07-10,1_8,3,46.593999999999994,6.8582851252871535,2026-07,2026-07-08
2026-07-10,1_8,4,22.38100000000003,17.350075387222265,2026-07,2026-07-08
2026-07-10,1_8,5,11.670999999999992,8.208978414406758,2026-07,2026-07-08
2026-07-10,1_8,6,-5.7239999999999895,19.24250309853879,2026-07,2026-07-08
2026-07-10,1_8,7,-27.07499999999999,18.7625678925301,2026-07,2026-07-08
2026-07-10,1_8,8,-79.08800000000002,14.407340454155914,2026-07,2026-07-08
2026-07-10,9_16,9,-161.978,-10.876477023774232,2026-07,2026-07-08
2026-07-10,9_16,10,-158.882,-17.642791351349814,2026-07,2026-07-08
2026-07-10,9_16,11,-16.491000000000014,-2.6288423638645084,2026-07,2026-07-08
2026-07-10,9_16,12,-11.748999999999995,-7.953102967131731,2026-07,2026-07-08
2026-07-10,9_16,13,-113.99400000000003,38.7388898864135,2026-07,2026-07-08
2026-07-10,9_16,14,-0.75,45.65766661664655,2026-07,2026-07-08
2026-07-10,9_16,15,4.296999999999969,39.58433769252546,2026-07,2026-07-08
2026-07-10,9_16,16,-28.125999999999976,5.4567453496141045,2026-07,2026-07-08
2026-07-10,17_24,17,-12.413999999999987,45.843829603679396,2026-07,2026-07-08
2026-07-10,17_24,18,-79.61400000000003,49.95478007899838,2026-07,2026-07-08
2026-07-10,17_24,19,-164.51,57.2607860297361,2026-07,2026-07-08
2026-07-10,17_24,20,-127.20399999999995,47.22478910993173,2026-07,2026-07-08
2026-07-10,17_24,21,-101.62099999999998,56.66891637262883,2026-07,2026-07-08
2026-07-10,17_24,22,-46.72800000000001,53.4319552209898,2026-07,2026-07-08
2026-07-10,17_24,23,14.682999999999993,55.635653147002024,2026-07,2026-07-08
2026-07-10,17_24,24,33.17500000000001,55.90765369388057,2026-07,2026-07-08
2026-07-11,1_8,1,30.663999999999987,16.887766291954403,2026-07,2026-07-09
2026-07-11,1_8,2,1.549000000000035,12.807489610317903,2026-07,2026-07-09
2026-07-11,1_8,3,1.77800000000002,15.841084158761428,2026-07,2026-07-09
2026-07-11,1_8,4,16.781999999999982,25.478433055320362,2026-07,2026-07-09
2026-07-11,1_8,5,47.28399999999999,13.096468638713644,2026-07,2026-07-09
2026-07-11,1_8,6,66.805,18.09821855937829,2026-07,2026-07-09
2026-07-11,1_8,7,149.44799999999998,18.526920314951802,2026-07,2026-07-09
2026-07-11,1_8,8,251.448,34.22579731503242,2026-07,2026-07-09
2026-07-11,9_16,9,199.0,-1.372440192315049,2026-07,2026-07-09
2026-07-11,9_16,10,221.5,-30.923529655987032,2026-07,2026-07-09
2026-07-11,9_16,11,85.45,-17.463191020812186,2026-07,2026-07-09
2026-07-11,9_16,12,93.024,-26.232363607887365,2026-07,2026-07-09
2026-07-11,9_16,13,76.194,-11.86766965424001,2026-07,2026-07-09
2026-07-11,9_16,14,84.835,16.148270874578444,2026-07,2026-07-09
2026-07-11,9_16,15,156.57999999999998,14.480403976392878,2026-07,2026-07-09
2026-07-11,9_16,16,262.701,24.735585975648355,2026-07,2026-07-09
2026-07-11,17_24,17,253.21699999999998,-29.23836195290235,2026-07,2026-07-09
2026-07-11,17_24,18,127.082,-30.797059450607584,2026-07,2026-07-09
2026-07-11,17_24,19,114.957,-28.07393815134216,2026-07,2026-07-09
2026-07-11,17_24,20,122.168,-27.036939905558285,2026-07,2026-07-09
2026-07-11,17_24,21,140.877,-23.903008692588326,2026-07,2026-07-09
2026-07-11,17_24,22,91.54599999999999,-28.666373890084373,2026-07,2026-07-09
2026-07-11,17_24,23,36.25599999999997,-27.90003362311769,2026-07,2026-07-09
2026-07-11,17_24,24,132.108,-48.29242531445486,2026-07,2026-07-09
2026-07-12,1_8,1,63.76400000000001,60.72093968672139,2026-07,2026-07-10
2026-07-12,1_8,2,38.99599999999998,55.96998558828825,2026-07,2026-07-10
2026-07-12,1_8,3,32.297000000000025,59.60001406783611,2026-07,2026-07-10
2026-07-12,1_8,4,53.84099999999995,64.40478088232304,2026-07,2026-07-10
2026-07-12,1_8,5,64.97000000000003,53.4252131264456,2026-07,2026-07-10
2026-07-12,1_8,6,86.39999999999998,51.91550050654924,2026-07,2026-07-10
2026-07-12,1_8,7,153.26600000000002,48.10347445904178,2026-07,2026-07-10
2026-07-12,1_8,8,357.398,32.77660710816292,2026-07,2026-07-10
2026-07-12,9_16,9,358.123,-25.491449088896886,2026-07,2026-07-10
2026-07-12,9_16,10,288.044,31.9336321263925,2026-07,2026-07-10
2026-07-12,9_16,11,-14.65300000000002,38.71555012010271,2026-07,2026-07-10
2026-07-12,9_16,12,95.38999999999999,57.844239821519665,2026-07,2026-07-10
2026-07-12,9_16,13,106.15100000000001,36.64661101459796,2026-07,2026-07-10
2026-07-12,9_16,14,-26.464999999999975,32.42294812767928,2026-07,2026-07-10
2026-07-12,9_16,15,-41.30200000000002,25.04036607698682,2026-07,2026-07-10
2026-07-12,9_16,16,15.20999999999998,21.85776120966784,2026-07,2026-07-10
2026-07-12,17_24,17,82.387,4.590146700883445,2026-07,2026-07-10
2026-07-12,17_24,18,126.06700000000001,3.8528653456656508,2026-07,2026-07-10
2026-07-12,17_24,19,134.28300000000002,-6.330936125771335,2026-07,2026-07-10
2026-07-12,17_24,20,112.803,0.8346927369936564,2026-07,2026-07-10
2026-07-12,17_24,21,108.25100000000003,-2.274350015960784,2026-07,2026-07-10
2026-07-12,17_24,22,89.21199999999999,-0.3240778911638706,2026-07,2026-07-10
2026-07-12,17_24,23,78.793,-3.3580895340846406,2026-07,2026-07-10
2026-07-12,17_24,24,53.148000000000025,3.2722223281573966,2026-07,2026-07-10
2026-07-13,1_8,1,39.740999999999985,55.53435634169494,2026-07,2026-07-11
2026-07-13,1_8,2,19.762999999999977,26.98089387611374,2026-07,2026-07-11
2026-07-13,1_8,3,22.826999999999998,42.745091521083786,2026-07,2026-07-11
2026-07-13,1_8,4,14.439999999999998,51.20042089843801,2026-07,2026-07-11
2026-07-13,1_8,5,9.267999999999972,56.85768414456292,2026-07,2026-07-11
2026-07-13,1_8,6,13.809000000000026,69.19992958898125,2026-07,2026-07-11
2026-07-13,1_8,7,-70.279,72.75210467824506,2026-07,2026-07-11
2026-07-13,1_8,8,-69.58100000000002,54.4737863263973,2026-07,2026-07-11
2026-07-13,9_16,9,-53.86900000000003,81.75539403444249,2026-07,2026-07-11
2026-07-13,9_16,10,-86.33800000000002,92.47804399657268,2026-07,2026-07-11
2026-07-13,9_16,11,-94.08999999999997,87.9622636466735,2026-07,2026-07-11
2026-07-13,9_16,12,-47.886000000000024,113.77053886978764,2026-07,2026-07-11
2026-07-13,9_16,13,-66.66500000000002,113.03776688668741,2026-07,2026-07-11
2026-07-13,9_16,14,-115.702,105.17732266704631,2026-07,2026-07-11
2026-07-13,9_16,15,-74.05700000000002,78.74037696809717,2026-07,2026-07-11
2026-07-13,9_16,16,-16.158999999999992,70.74389319878667,2026-07,2026-07-11
2026-07-13,17_24,17,-18.855000000000018,28.18664085415844,2026-07,2026-07-11
2026-07-13,17_24,18,65.25099999999998,17.49508810546833,2026-07,2026-07-11
2026-07-13,17_24,19,75.15800000000002,20.457598511264834,2026-07,2026-07-11
2026-07-13,17_24,20,62.17399999999998,16.03996039514098,2026-07,2026-07-11
2026-07-13,17_24,21,62.40299999999996,5.837226311946614,2026-07,2026-07-11
2026-07-13,17_24,22,51.47000000000003,7.929613464414627,2026-07,2026-07-11
2026-07-13,17_24,23,51.65199999999999,13.792251504184046,2026-07,2026-07-11
2026-07-13,17_24,24,37.166,16.75493236374001,2026-07,2026-07-11
2026-07-14,1_8,1,66.99099999999999,6.418166759582189,2026-07,2026-07-12
2026-07-14,1_8,2,51.78800000000001,5.149383345182566,2026-07,2026-07-12
2026-07-14,1_8,3,42.84699999999998,5.959858445581926,2026-07,2026-07-12
2026-07-14,1_8,4,46.322,14.262865858654813,2026-07,2026-07-12
2026-07-14,1_8,5,45.94400000000002,11.980744424124866,2026-07,2026-07-12
2026-07-14,1_8,6,56.29599999999999,12.749524131949327,2026-07,2026-07-12
2026-07-14,1_8,7,26.752999999999986,15.034105849891915,2026-07,2026-07-12
2026-07-14,1_8,8,22.387,16.46885370007933,2026-07,2026-07-12
2026-07-14,9_16,9,-12.865999999999985,16.299068103167613,2026-07,2026-07-12
2026-07-14,9_16,10,16.099999999999966,-2.6757878631163328,2026-07,2026-07-12
2026-07-14,9_16,11,-13.966000000000008,1.9343786471120332,2026-07,2026-07-12
2026-07-14,9_16,12,10.533000000000015,7.435935870390123,2026-07,2026-07-12
2026-07-14,9_16,13,-21.552999999999997,18.344441939260207,2026-07,2026-07-12
2026-07-14,9_16,14,-0.5830000000000268,8.676617826744993,2026-07,2026-07-12
2026-07-14,9_16,15,27.220000000000027,27.81726192424847,2026-07,2026-07-12
2026-07-14,9_16,16,25.456000000000017,10.46026347043854,2026-07,2026-07-12
2026-07-14,17_24,17,24.526999999999987,62.6890532155673,2026-07,2026-07-12
2026-07-14,17_24,18,78.98200000000003,60.34595774139835,2026-07,2026-07-12
2026-07-14,17_24,19,50.245000000000005,63.42293808556811,2026-07,2026-07-12
2026-07-14,17_24,20,32.97300000000001,50.041417306050036,2026-07,2026-07-12
2026-07-14,17_24,21,33.30200000000002,56.7614664849106,2026-07,2026-07-12
2026-07-14,17_24,22,38.40499999999997,56.146012786332626,2026-07,2026-07-12
2026-07-14,17_24,23,41.499000000000024,54.04867411967594,2026-07,2026-07-12
2026-07-14,17_24,24,48.452,53.33505142271347,2026-07,2026-07-12
2026-07-15,1_8,1,27.94300000000004,14.042964016623856,2026-07,2026-07-13
2026-07-15,1_8,2,27.240999999999985,11.40280699817019,2026-07,2026-07-13
2026-07-15,1_8,3,14.432000000000016,11.322725324072325,2026-07,2026-07-13
2026-07-15,1_8,4,12.87299999999999,16.88427005707809,2026-07,2026-07-13
2026-07-15,1_8,5,23.692999999999984,16.58041354273782,2026-07,2026-07-13
2026-07-15,1_8,6,22.428999999999974,20.172923899854634,2026-07,2026-07-13
2026-07-15,1_8,7,32.81200000000001,21.833908852671698,2026-07,2026-07-13
2026-07-15,1_8,8,19.572000000000003,20.738716284263052,2026-07,2026-07-13
2026-07-15,9_16,9,32.23399999999998,-9.20065793585563,2026-07,2026-07-13
2026-07-15,9_16,10,32.509000000000015,-22.57963514806368,2026-07,2026-07-13
2026-07-15,9_16,11,79.541,-13.99403780960064,2026-07,2026-07-13
2026-07-15,9_16,12,78.88,-4.849529995667673,2026-07,2026-07-13
2026-07-15,9_16,13,122.86099999999999,5.163993964644981,2026-07,2026-07-13
2026-07-15,9_16,14,97.78899999999999,-5.982226746787624,2026-07,2026-07-13
2026-07-15,9_16,15,113.969,-2.6432115439527624,2026-07,2026-07-13
2026-07-15,9_16,16,52.278999999999996,-8.499953083440133,2026-07,2026-07-13
2026-07-15,17_24,17,85.32599999999996,41.86589088161174,2026-07,2026-07-13
2026-07-15,17_24,18,98.37299999999999,42.98305632281218,2026-07,2026-07-13
2026-07-15,17_24,19,81.94999999999999,42.169469244337805,2026-07,2026-07-13
2026-07-15,17_24,20,75.87700000000001,46.44592242995298,2026-07,2026-07-13
2026-07-15,17_24,21,41.726,43.282549243407395,2026-07,2026-07-13
2026-07-15,17_24,22,46.33300000000003,43.47882086357623,2026-07,2026-07-13
2026-07-15,17_24,23,77.51400000000001,46.813599836898824,2026-07,2026-07-13
2026-07-15,17_24,24,51.478999999999985,45.43759377306638,2026-07,2026-07-13
2026-07-16,1_8,1,60.94900000000001,28.55436800146782,2026-07,2026-07-14
2026-07-16,1_8,2,55.50399999999996,27.921872723986336,2026-07,2026-07-14
2026-07-16,1_8,3,45.218999999999994,30.237963303218233,2026-07,2026-07-14
2026-07-16,1_8,4,40.76599999999996,32.190401066040856,2026-07,2026-07-14
2026-07-16,1_8,5,37.81700000000001,35.03402503662613,2026-07,2026-07-14
2026-07-16,1_8,6,32.386000000000024,35.45398346393148,2026-07,2026-07-14
2026-07-16,1_8,7,28.189999999999998,36.938729326134116,2026-07,2026-07-14
2026-07-16,1_8,8,38.394000000000005,30.33967669831431,2026-07,2026-07-14
2026-07-16,9_16,9,30.589999999999975,19.337786722497736,2026-07,2026-07-14
2026-07-16,9_16,10,19.826999999999998,32.16222922669258,2026-07,2026-07-14
2026-07-16,9_16,11,37.30099999999999,31.455429537487625,2026-07,2026-07-14
2026-07-16,9_16,12,40.593999999999994,27.71727807142206,2026-07,2026-07-14
2026-07-16,9_16,13,269.55,46.46224809163036,2026-07,2026-07-14
2026-07-16,9_16,14,280.578,21.314819120697923,2026-07,2026-07-14
2026-07-16,9_16,15,139.016,4.863145199384277,2026-07,2026-07-14
2026-07-16,9_16,16,73.09899999999999,-3.9423283614943943,2026-07,2026-07-14
2026-07-16,17_24,17,60.19200000000001,44.06539425367973,2026-07,2026-07-14
2026-07-16,17_24,18,69.23899999999998,44.01169924322605,2026-07,2026-07-14
2026-07-16,17_24,19,72.69799999999998,47.26239796641176,2026-07,2026-07-14
2026-07-16,17_24,20,61.78499999999997,38.49181447475885,2026-07,2026-07-14
2026-07-16,17_24,21,51.009000000000015,38.660827807666905,2026-07,2026-07-14
2026-07-16,17_24,22,43.20999999999998,41.10541633875002,2026-07,2026-07-14
2026-07-16,17_24,23,43.81299999999999,39.10028828351014,2026-07,2026-07-14
2026-07-16,17_24,24,44.32899999999995,40.17425462497304,2026-07,2026-07-14
2026-07-17,1_8,1,18.208000000000027,24.84445158878481,2026-07,2026-07-15
2026-07-17,1_8,2,-3.025000000000034,23.80804649495966,2026-07,2026-07-15
2026-07-17,1_8,3,14.067999999999984,21.31808973417309,2026-07,2026-07-15
2026-07-17,1_8,4,20.048999999999978,24.069558611282798,2026-07,2026-07-15
2026-07-17,1_8,5,28.668000000000006,22.620381023502404,2026-07,2026-07-15
2026-07-17,1_8,6,19.736999999999966,23.726314034252933,2026-07,2026-07-15
2026-07-17,1_8,7,9.97199999999998,23.561602410506662,2026-07,2026-07-15
2026-07-17,1_8,8,-3.1929999999999836,17.275946783395316,2026-07,2026-07-15
2026-07-17,9_16,9,9.86099999999999,29.98137799899194,2026-07,2026-07-15
2026-07-17,9_16,10,3.619000000000028,42.02012761311127,2026-07,2026-07-15
2026-07-17,9_16,11,-21.899999999999977,36.488915984046955,2026-07,2026-07-15
2026-07-17,9_16,12,-6.930000000000007,42.16453577005752,2026-07,2026-07-15
2026-07-17,9_16,13,-25.233000000000004,41.37709940075455,2026-07,2026-07-15
2026-07-17,9_16,14,-29.694999999999993,40.26133087640088,2026-07,2026-07-15
2026-07-17,9_16,15,-43.136000000000024,24.233315450728597,2026-07,2026-07-15
2026-07-17,9_16,16,-43.601,27.48521006519123,2026-07,2026-07-15
2026-07-17,17_24,17,21.129999999999995,57.26814341043395,2026-07,2026-07-15
2026-07-17,17_24,18,48.797000000000025,57.24607208591919,2026-07,2026-07-15
2026-07-17,17_24,19,65.48700000000002,55.49908168436785,2026-07,2026-07-15
2026-07-17,17_24,20,81.07999999999998,53.63932342236749,2026-07,2026-07-15
2026-07-17,17_24,21,28.891999999999996,52.47398654416313,2026-07,2026-07-15
2026-07-17,17_24,22,53.837999999999965,47.703089067012634,2026-07,2026-07-15
2026-07-17,17_24,23,72.96300000000002,48.16167203178116,2026-07,2026-07-15
2026-07-17,17_24,24,49.35000000000002,52.072574590499755,2026-07,2026-07-15
2026-07-18,1_8,1,62.66500000000002,11.734899950750068,2026-07,2026-07-16
2026-07-18,1_8,2,105.197,15.041873339745166,2026-07,2026-07-16
2026-07-18,1_8,3,75.04399999999998,13.737868364539665,2026-07,2026-07-16
2026-07-18,1_8,4,42.827999999999975,14.671109809644104,2026-07,2026-07-16
2026-07-18,1_8,5,46.798,17.485403470376713,2026-07,2026-07-16
2026-07-18,1_8,6,32.791,21.078793917621823,2026-07,2026-07-16
2026-07-18,1_8,7,-39.01400000000001,21.685963856331497,2026-07,2026-07-16
2026-07-18,1_8,8,200.439,44.39950116250423,2026-07,2026-07-16
2026-07-18,9_16,9,130.0,0.2264797057626558,2026-07,2026-07-16
2026-07-18,9_16,10,106.0,20.431099428138786,2026-07,2026-07-16
2026-07-18,9_16,11,52.191,31.799507885465946,2026-07,2026-07-16
2026-07-18,9_16,12,37.275999999999996,27.515821737044103,2026-07,2026-07-16
2026-07-18,9_16,13,28.574,5.9876093240813,2026-07,2026-07-16
2026-07-18,9_16,14,54.004000000000005,1.291938149532639,2026-07,2026-07-16
2026-07-18,9_16,15,74.791,-26.829266477312494,2026-07,2026-07-16
2026-07-18,9_16,16,84.87299999999999,-17.712555771623876,2026-07,2026-07-16
2026-07-18,17_24,17,-13.44500000000005,7.541627587817322,2026-07,2026-07-16
2026-07-18,17_24,18,108.346,24.849304922123334,2026-07,2026-07-16
2026-07-18,17_24,19,112.52500000000003,26.90457339729638,2026-07,2026-07-16
2026-07-18,17_24,20,159.73099999999994,24.420974321103525,2026-07,2026-07-16
2026-07-18,17_24,21,159.325,14.944776185867127,2026-07,2026-07-16
2026-07-18,17_24,22,121.12199999999996,18.732142815302367,2026-07,2026-07-16
2026-07-18,17_24,23,111.81299999999999,14.70224187586073,2026-07,2026-07-16
2026-07-18,17_24,24,98.863,12.002775053954917,2026-07,2026-07-16
2026-07-19,1_8,1,59.563999999999965,11.254897392507937,2026-07,2026-07-17
2026-07-19,1_8,2,-114.149,10.078558917207925,2026-07,2026-07-17
2026-07-19,1_8,3,36.59099999999995,13.412734581669541,2026-07,2026-07-17
2026-07-19,1_8,4,9.935999999999979,9.730836896662266,2026-07,2026-07-17
2026-07-19,1_8,5,18.848000000000013,9.567148940602296,2026-07,2026-07-17
2026-07-19,1_8,6,-31.42500000000001,3.5273331714338036,2026-07,2026-07-17
2026-07-19,1_8,7,-9.40100000000001,8.738366727026913,2026-07,2026-07-17
2026-07-19,1_8,8,-46.24799999999999,13.602108677109335,2026-07,2026-07-17
2026-07-19,9_16,9,-91.06099999999998,-8.985488847137823,2026-07,2026-07-17
2026-07-19,9_16,10,-197.11900000000003,7.16872383380006,2026-07,2026-07-17
2026-07-19,9_16,11,-161.783,5.5636573446661615,2026-07,2026-07-17
2026-07-19,9_16,12,-10.700999999999993,-10.261217713925639,2026-07,2026-07-17
2026-07-19,9_16,13,91.094,-6.262218227438724,2026-07,2026-07-17
2026-07-19,9_16,14,-45.089,-12.370558664000901,2026-07,2026-07-17
2026-07-19,9_16,15,-74.493,-8.112553815796918,2026-07,2026-07-17
2026-07-19,9_16,16,-62.497000000000014,-10.618341858767788,2026-07,2026-07-17
2026-07-19,17_24,17,28.298999999999978,-3.5934656822421274,2026-07,2026-07-17
2026-07-19,17_24,18,90.505,-7.649466524449995,2026-07,2026-07-17
2026-07-19,17_24,19,141.695,-1.2581938625016504,2026-07,2026-07-17
2026-07-19,17_24,20,139.209,-8.735067102016679,2026-07,2026-07-17
2026-07-19,17_24,21,120.79400000000004,-17.456255422525317,2026-07,2026-07-17
2026-07-19,17_24,22,86.959,-25.604763228700634,2026-07,2026-07-17
2026-07-19,17_24,23,66.11700000000002,-27.378000707822245,2026-07,2026-07-17
2026-07-19,17_24,24,69.88099999999997,-16.320604128795907,2026-07,2026-07-17
2026-07-20,1_8,1,-7.100000000000023,18.89031968822068,2026-07,2026-07-18
2026-07-20,1_8,2,-54.303,22.809200298139444,2026-07,2026-07-18
2026-07-20,1_8,3,12.995000000000005,18.86236487341966,2026-07,2026-07-18
2026-07-20,1_8,4,22.872000000000014,17.985983152008128,2026-07,2026-07-18
2026-07-20,1_8,5,10.23399999999998,21.346730611817033,2026-07,2026-07-18
2026-07-20,1_8,6,17.774,20.011870528485932,2026-07,2026-07-18
2026-07-20,1_8,7,-15.153999999999996,22.398798482073534,2026-07,2026-07-18
2026-07-20,1_8,8,-23.531999999999996,93.49000200374725,2026-07,2026-07-18
2026-07-20,9_16,9,-214.23200000000003,9.891662689464837,2026-07,2026-07-18
2026-07-20,9_16,10,-199.493,21.183241930294024,2026-07,2026-07-18
2026-07-20,9_16,11,-198.014,28.09664433814633,2026-07,2026-07-18
2026-07-20,9_16,12,-69.937,32.617572172964124,2026-07,2026-07-18
2026-07-20,9_16,13,-7.009,23.09039027105948,2026-07,2026-07-18
2026-07-20,9_16,14,41.988,23.731387033465992,2026-07,2026-07-18
2026-07-20,9_16,15,-178.86599999999999,43.62845031725359,2026-07,2026-07-18
2026-07-20,9_16,16,-182.05200000000002,44.760700744777665,2026-07,2026-07-18
2026-07-20,17_24,17,-43.16500000000002,55.21936335065284,2026-07,2026-07-18
2026-07-20,17_24,18,-190.46000000000004,31.097922482328983,2026-07,2026-07-18
2026-07-20,17_24,19,-274.875,42.617239337825225,2026-07,2026-07-18
2026-07-20,17_24,20,-173.43100000000004,31.77642448693835,2026-07,2026-07-18
2026-07-20,17_24,21,-84.36199999999997,20.547446359324024,2026-07,2026-07-18
2026-07-20,17_24,22,-143.425,22.244479162440406,2026-07,2026-07-18
2026-07-20,17_24,23,-172.053,16.92182742483294,2026-07,2026-07-18
2026-07-20,17_24,24,-100.298,15.300702550526497,2026-07,2026-07-18
2026-07-21,1_8,1,43.57000000000005,33.82259505117942,2026-07,2026-07-19
2026-07-21,1_8,2,33.045000000000016,37.48442721896511,2026-07,2026-07-19
2026-07-21,1_8,3,5.791999999999973,32.68115932668955,2026-07,2026-07-19
2026-07-21,1_8,4,-9.334000000000003,30.986089674598357,2026-07,2026-07-19
2026-07-21,1_8,5,-2.0219999999999914,34.56240990034327,2026-07,2026-07-19
2026-07-21,1_8,6,-5.466000000000008,36.30215063293489,2026-07,2026-07-19
2026-07-21,1_8,7,40.81,28.38578781320622,2026-07,2026-07-19
2026-07-21,1_8,8,-28.03400000000002,58.282745225261436,2026-07,2026-07-19
2026-07-21,9_16,9,132.627,84.0690946310684,2026-07,2026-07-19
2026-07-21,9_16,10,177.406,72.26194873964573,2026-07,2026-07-19
2026-07-21,9_16,11,-44.54900000000001,67.64173960160309,2026-07,2026-07-19
2026-07-21,9_16,12,-105.08099999999999,60.32159509726319,2026-07,2026-07-19
2026-07-21,9_16,13,-312.333,54.71524477265457,2026-07,2026-07-19
2026-07-21,9_16,14,23.461,64.15837444246843,2026-07,2026-07-19
2026-07-21,9_16,15,-82.707,47.31769357619878,2026-07,2026-07-19
2026-07-21,9_16,16,-77.24000000000001,51.86827409871889,2026-07,2026-07-19
2026-07-21,17_24,17,-15.854999999999961,31.540630517508486,2026-07,2026-07-19
2026-07-21,17_24,18,28.358000000000004,47.98283857903688,2026-07,2026-07-19
2026-07-21,17_24,19,-92.31000000000006,65.8690397801442,2026-07,2026-07-19
2026-07-21,17_24,20,-22.099999999999966,57.49313702614409,2026-07,2026-07-19
2026-07-21,17_24,21,-43.88199999999995,47.13878930055605,2026-07,2026-07-19
2026-07-21,17_24,22,-35.78199999999998,37.898729547629934,2026-07,2026-07-19
2026-07-21,17_24,23,-24.706000000000017,43.2317260866873,2026-07,2026-07-19
2026-07-21,17_24,24,-14.01600000000002,46.13770212282975,2026-07,2026-07-19
2026-07-22,1_8,1,-23.86700000000002,26.8652022129091,2026-07,2026-07-20
2026-07-22,1_8,2,-1.2799999999999727,25.360583292514946,2026-07,2026-07-20
2026-07-22,1_8,3,-20.997000000000014,27.538073444209047,2026-07,2026-07-20
2026-07-22,1_8,4,-15.189999999999998,26.793563177660168,2026-07,2026-07-20
2026-07-22,1_8,5,-9.365999999999985,26.429952103096504,2026-07,2026-07-20
2026-07-22,1_8,6,-3.113999999999976,25.31916890083854,2026-07,2026-07-20
2026-07-22,1_8,7,2.093999999999994,5.800774168676481,2026-07,2026-07-20
2026-07-22,1_8,8,-72.54700000000003,3.344711642218227,2026-07,2026-07-20
2026-07-22,9_16,9,-147.37,-24.487013356565388,2026-07,2026-07-20
2026-07-22,9_16,10,-138.087,-29.56299874531752,2026-07,2026-07-20
2026-07-22,9_16,11,-138.92200000000003,-20.10477913820789,2026-07,2026-07-20
2026-07-22,9_16,12,-1.7649999999999864,-16.792396579948985,2026-07,2026-07-20
2026-07-22,9_16,13,130.98000000000002,-12.384707459962023,2026-07,2026-07-20
2026-07-22,9_16,14,141.477,-14.470867381063975,2026-07,2026-07-20
2026-07-22,9_16,15,33.12299999999999,-17.947424132560233,2026-07,2026-07-20
2026-07-22,9_16,16,18.692999999999984,2.8183606227476545,2026-07,2026-07-20
2026-07-22,17_24,17,36.12099999999998,25.092982776392073,2026-07,2026-07-20
2026-07-22,17_24,18,68.77600000000001,25.79228892367199,2026-07,2026-07-20
2026-07-22,17_24,19,71.23500000000001,50.722565731962476,2026-07,2026-07-20
2026-07-22,17_24,20,77.51299999999998,45.953842025263654,2026-07,2026-07-20
2026-07-22,17_24,21,101.09199999999998,38.322276579805894,2026-07,2026-07-20
2026-07-22,17_24,22,64.988,45.54247930864684,2026-07,2026-07-20
2026-07-22,17_24,23,22.831999999999994,38.52255834618312,2026-07,2026-07-20
2026-07-22,17_24,24,14.516999999999996,44.21947939167819,2026-07,2026-07-20
2026-07-23,1_8,1,64.56,21.56393625380463,2026-07,2026-07-21
2026-07-23,1_8,2,61.644000000000005,15.973472979789182,2026-07,2026-07-21
2026-07-23,1_8,3,61.910000000000025,17.39136823992272,2026-07,2026-07-21
2026-07-23,1_8,4,56.79000000000002,16.830946871307614,2026-07,2026-07-21
2026-07-23,1_8,5,51.52699999999999,21.181402254659915,2026-07,2026-07-21
2026-07-23,1_8,6,37.89999999999998,14.65518326032907,2026-07,2026-07-21
2026-07-23,1_8,7,27.156000000000006,19.360569728834072,2026-07,2026-07-21
2026-07-23,1_8,8,19.158999999999992,19.161093960514382,2026-07,2026-07-21
2026-07-23,9_16,9,232.905,-1.7351109840048613,2026-07,2026-07-21
2026-07-23,9_16,10,366.405,3.342333426311067,2026-07,2026-07-21
2026-07-23,9_16,11,347.222,24.62682252521419,2026-07,2026-07-21
2026-07-23,9_16,12,325.979,32.67762393890312,2026-07,2026-07-21
2026-07-23,9_16,13,234.868,36.51818962850932,2026-07,2026-07-21
2026-07-23,9_16,14,274.858,25.06558016048928,2026-07,2026-07-21
2026-07-23,9_16,15,34.048,-15.305639025487109,2026-07,2026-07-21
2026-07-23,9_16,16,33.90799999999996,-5.884630707152481,2026-07,2026-07-21
2026-07-23,17_24,17,61.262,40.43343787171012,2026-07,2026-07-21
2026-07-23,17_24,18,79.58100000000002,45.84276677599709,2026-07,2026-07-21
2026-07-23,17_24,19,78.71699999999998,52.85884299163978,2026-07,2026-07-21
2026-07-23,17_24,20,63.35000000000002,49.677078765664874,2026-07,2026-07-21
2026-07-23,17_24,21,70.68700000000001,43.580997258877936,2026-07,2026-07-21
2026-07-23,17_24,22,58.42900000000003,44.6779346158585,2026-07,2026-07-21
2026-07-23,17_24,23,48.252999999999986,45.981977475730424,2026-07,2026-07-21
2026-07-23,17_24,24,51.666,44.37290771146876,2026-07,2026-07-21
2026-07-24,1_8,1,-6.418000000000006,9.105774375177125,2026-07,2026-07-22
2026-07-24,1_8,2,-18.002999999999986,10.783306947918309,2026-07,2026-07-22
2026-07-24,1_8,3,-23.588000000000022,9.804531566526297,2026-07,2026-07-22
2026-07-24,1_8,4,-10.964999999999975,9.479010003046756,2026-07,2026-07-22
2026-07-24,1_8,5,-7.192000000000007,8.49701309208713,2026-07,2026-07-22
2026-07-24,1_8,6,-20.07499999999999,11.67719110940738,2026-07,2026-07-22
2026-07-24,1_8,7,-31.519999999999982,8.209302815926918,2026-07,2026-07-22
2026-07-24,1_8,8,-45.349000000000046,8.873178792521415,2026-07,2026-07-22
2026-07-24,9_16,9,-50.188000000000045,-20.470931730842572,2026-07,2026-07-22
2026-07-24,9_16,10,-58.54199999999997,-20.233255128740794,2026-07,2026-07-22
2026-07-24,9_16,11,-35.04399999999998,-33.8556193927815,2026-07,2026-07-22
2026-07-24,9_16,12,-84.97500000000002,-24.26971115476023,2026-07,2026-07-22
2026-07-24,9_16,13,-99.79700000000003,-21.50945578435317,2026-07,2026-07-22
2026-07-24,9_16,14,-88.67400000000004,-1.3784170032224623,2026-07,2026-07-22
2026-07-24,9_16,15,-40.59800000000001,-39.13893695627158,2026-07,2026-07-22
2026-07-24,9_16,16,-16.942000000000007,-35.518397183584646,2026-07,2026-07-22
2026-07-24,17_24,17,15.103999999999985,43.747781162718105,2026-07,2026-07-22
2026-07-24,17_24,18,-5.625,50.68895227924129,2026-07,2026-07-22
2026-07-24,17_24,19,6.063000000000045,53.65782529811296,2026-07,2026-07-22
2026-07-24,17_24,20,17.86899999999997,49.75552859512179,2026-07,2026-07-22
2026-07-24,17_24,21,-2.5500000000000114,49.86764365414576,2026-07,2026-07-22
2026-07-24,17_24,22,9.481999999999971,47.591481586456105,2026-07,2026-07-22
2026-07-24,17_24,23,-1.27800000000002,43.324352575439946,2026-07,2026-07-22
2026-07-24,17_24,24,6.725999999999999,40.71628785120333,2026-07,2026-07-22
2026-07-25,1_8,1,15.165999999999997,24.985652442223422,2026-07,2026-07-23
2026-07-25,1_8,2,37.66300000000001,21.117705477571842,2026-07,2026-07-23
2026-07-25,1_8,3,20.177999999999997,25.663867262302702,2026-07,2026-07-23
2026-07-25,1_8,4,19.677999999999997,24.774192234535477,2026-07,2026-07-23
2026-07-25,1_8,5,16.12700000000001,24.208095660945396,2026-07,2026-07-23
2026-07-25,1_8,6,17.447000000000003,24.547135887886906,2026-07,2026-07-23
2026-07-25,1_8,7,-3.487000000000023,19.76495172086185,2026-07,2026-07-23
2026-07-25,1_8,8,2.0600000000000023,12.59699017927758,2026-07,2026-07-23
2026-07-25,9_16,9,11.790999999999997,23.845130865147322,2026-07,2026-07-23
2026-07-25,9_16,10,12.439000000000021,47.11562546788283,2026-07,2026-07-23
2026-07-25,9_16,11,-30.61500000000001,54.39270080194096,2026-07,2026-07-23
2026-07-25,9_16,12,79.59999999999997,46.46504908676169,2026-07,2026-07-23
2026-07-25,9_16,13,208.219,46.98305954532475,2026-07,2026-07-23
2026-07-25,9_16,14,-55.488999999999976,43.3471531993874,2026-07,2026-07-23
2026-07-25,9_16,15,-64.82,22.466036952600348,2026-07,2026-07-23
2026-07-25,9_16,16,-12.478000000000009,-38.626782985231856,2026-07,2026-07-23
2026-07-25,17_24,17,15.675999999999988,63.17822003767506,2026-07,2026-07-23
2026-07-25,17_24,18,32.971000000000004,62.61521043022156,2026-07,2026-07-23
2026-07-25,17_24,19,31.099000000000046,65.87565853797442,2026-07,2026-07-23
2026-07-25,17_24,20,12.673999999999978,64.01439042204406,2026-07,2026-07-23
2026-07-25,17_24,21,-62.235000000000014,61.18973429953957,2026-07,2026-07-23
2026-07-25,17_24,22,-16.065999999999974,57.347393151176355,2026-07,2026-07-23
2026-07-25,17_24,23,-4.081999999999994,52.44567828284435,2026-07,2026-07-23
2026-07-25,17_24,24,8.120000000000005,50.2955124242748,2026-07,2026-07-23
2026-07-26,1_8,1,15.985000000000014,13.779577493836129,2026-07,2026-07-24
2026-07-26,1_8,2,16.645999999999958,8.290360943824378,2026-07,2026-07-24
2026-07-26,1_8,3,36.327,15.639943872373374,2026-07,2026-07-24
2026-07-26,1_8,4,13.711000000000013,11.396055180190666,2026-07,2026-07-24
2026-07-26,1_8,5,14.312999999999988,11.938939282548812,2026-07,2026-07-24
2026-07-26,1_8,6,16.963000000000022,11.278356352087265,2026-07,2026-07-24
2026-07-26,1_8,7,64.536,-1.6070605376071172,2026-07,2026-07-24
2026-07-26,1_8,8,25.410000000000025,-12.452594691120487,2026-07,2026-07-24
2026-07-26,9_16,9,264.343,33.2416554855987,2026-07,2026-07-24
2026-07-26,9_16,10,420.588,49.228604614646905,2026-07,2026-07-24
2026-07-26,9_16,11,277.447,31.354026439393444,2026-07,2026-07-24
2026-07-26,9_16,12,38.827,35.754944403459106,2026-07,2026-07-24
2026-07-26,9_16,13,62.35499999999999,38.500175228327095,2026-07,2026-07-24
2026-07-26,9_16,14,229.177,56.50122378124326,2026-07,2026-07-24
2026-07-26,9_16,15,99.22899999999998,36.28424181283985,2026-07,2026-07-24
2026-07-26,9_16,16,-7.334000000000003,37.45158313276966,2026-07,2026-07-24
2026-07-26,17_24,17,51.23900000000003,46.577226855033345,2026-07,2026-07-24
2026-07-26,17_24,18,44.990999999999985,43.43855419496904,2026-07,2026-07-24
2026-07-26,17_24,19,46.16199999999998,47.839353770704044,2026-07,2026-07-24
2026-07-26,17_24,20,31.92199999999997,48.486805599084484,2026-07,2026-07-24
2026-07-26,17_24,21,39.03699999999998,37.8296241268969,2026-07,2026-07-24
2026-07-26,17_24,22,31.081999999999994,37.661986481331446,2026-07,2026-07-24
2026-07-26,17_24,23,27.192999999999984,36.26911609025094,2026-07,2026-07-24
2026-07-26,17_24,24,21.685000000000002,34.381053729272445,2026-07,2026-07-24
2026-07-27,1_8,1,12.307999999999993,6.521389292360894,2026-07,2026-07-25
2026-07-27,1_8,2,-7.103999999999985,9.643677111175291,2026-07,2026-07-25
2026-07-27,1_8,3,10.767999999999972,9.430946612050654,2026-07,2026-07-25
2026-07-27,1_8,4,30.541999999999973,10.909288823606316,2026-07,2026-07-25
2026-07-27,1_8,5,36.66300000000001,8.778929238010779,2026-07,2026-07-25
2026-07-27,1_8,6,39.70400000000001,6.137187373889982,2026-07,2026-07-25
2026-07-27,1_8,7,39.120000000000005,-5.473810079576072,2026-07,2026-07-25
2026-07-27,1_8,8,40.83100000000002,-7.360509840404326,2026-07,2026-07-25
2026-07-27,9_16,9,37.497000000000014,44.92290931144337,2026-07,2026-07-25
2026-07-27,9_16,10,-52.06700000000001,54.56712658104347,2026-07,2026-07-25
2026-07-27,9_16,11,-71.30799999999999,47.50206832159529,2026-07,2026-07-25
2026-07-27,9_16,12,-18.37099999999998,48.09302540893216,2026-07,2026-07-25
2026-07-27,9_16,13,-1.478999999999985,51.860608944657095,2026-07,2026-07-25
2026-07-27,9_16,14,-33.89699999999999,42.26095408462501,2026-07,2026-07-25
2026-07-27,9_16,15,-45.502999999999986,47.405942242391035,2026-07,2026-07-25
2026-07-27,9_16,16,-11.057999999999993,63.66221076786927,2026-07,2026-07-25
2026-07-27,17_24,17,51.23399999999998,36.54596867982888,2026-07,2026-07-25
2026-07-27,17_24,18,57.69900000000001,38.759877618042395,2026-07,2026-07-25
2026-07-27,17_24,19,79.06400000000002,40.61386641571023,2026-07,2026-07-25
2026-07-27,17_24,20,89.69200000000001,36.91108154064721,2026-07,2026-07-25
2026-07-27,17_24,21,87.96699999999998,26.605191225082095,2026-07,2026-07-25
2026-07-27,17_24,22,53.726999999999975,23.377990407354797,2026-07,2026-07-25
2026-07-27,17_24,23,56.76400000000001,28.311203899144026,2026-07,2026-07-25
2026-07-27,17_24,24,61.66300000000001,27.602754269204773,2026-07,2026-07-25
2026-07-28,1_8,1,31.099999999999966,28.909498164345603,2026-07,2026-07-26
2026-07-28,1_8,2,34.377999999999986,24.998425875803758,2026-07,2026-07-26
2026-07-28,1_8,3,4.144999999999982,30.06932832109095,2026-07,2026-07-26
2026-07-28,1_8,4,20.641999999999996,23.852282481165783,2026-07,2026-07-26
2026-07-28,1_8,5,14.716999999999985,23.823520788025256,2026-07,2026-07-26
2026-07-28,1_8,6,4.586000000000013,23.483764627881087,2026-07,2026-07-26
2026-07-28,1_8,7,21.450000000000045,23.744413505217214,2026-07,2026-07-26
2026-07-28,1_8,8,37.56400000000002,14.818327191224084,2026-07,2026-07-26
2026-07-28,9_16,9,1.906000000000006,54.03472396897019,2026-07,2026-07-26
2026-07-28,9_16,10,-75.46199999999999,60.92590403503363,2026-07,2026-07-26
2026-07-28,9_16,11,-65.72199999999998,41.049236028874944,2026-07,2026-07-26
2026-07-28,9_16,12,-72.64299999999997,57.07199292719838,2026-07,2026-07-26
2026-07-28,9_16,13,-95.726,47.153557599562916,2026-07,2026-07-26
2026-07-28,9_16,14,-74.803,22.792354141687895,2026-07,2026-07-26
2026-07-28,9_16,15,-31.990999999999985,15.39355549371401,2026-07,2026-07-26
2026-07-28,9_16,16,-6.180000000000007,8.161715899450705,2026-07,2026-07-26
2026-07-28,17_24,17,25.24000000000001,51.523665934894005,2026-07,2026-07-26
2026-07-28,17_24,18,41.184000000000026,56.715587500298476,2026-07,2026-07-26
2026-07-28,17_24,19,52.29899999999998,57.26983044123347,2026-07,2026-07-26
2026-07-28,17_24,20,50.50400000000002,51.20052000477671,2026-07,2026-07-26
2026-07-28,17_24,21,46.273000000000025,49.83553917612022,2026-07,2026-07-26
2026-07-28,17_24,22,35.78199999999998,48.978946234904704,2026-07,2026-07-26
2026-07-28,17_24,23,40.63499999999999,46.54572735745355,2026-07,2026-07-26
2026-07-28,17_24,24,16.499000000000024,38.756024046776794,2026-07,2026-07-26
2026-07-29,1_8,1,16.978999999999985,11.153694686838758,2026-07,2026-07-27
2026-07-29,1_8,2,4.879000000000019,5.244467639605528,2026-07,2026-07-27
2026-07-29,1_8,3,2.5570000000000164,12.63873802359642,2026-07,2026-07-27
2026-07-29,1_8,4,6.127999999999986,12.036424448485361,2026-07,2026-07-27
2026-07-29,1_8,5,2.2679999999999723,17.795640286454372,2026-07,2026-07-27
2026-07-29,1_8,6,2.73599999999999,16.049830117115793,2026-07,2026-07-27
2026-07-29,1_8,7,14.488999999999976,13.182236377248495,2026-07,2026-07-27
2026-07-29,1_8,8,17.362000000000023,4.911788664489585,2026-07,2026-07-27
2026-07-29,9_16,9,30.382000000000005,14.956021818023777,2026-07,2026-07-27
2026-07-29,9_16,10,250.822,19.774295222275885,2026-07,2026-07-27
2026-07-29,9_16,11,90.93799999999999,8.659149200627088,2026-07,2026-07-27
2026-07-29,9_16,12,-75.738,19.472656992773206,2026-07,2026-07-27
2026-07-29,9_16,13,-102.31600000000003,7.466884568047415,2026-07,2026-07-27
2026-07-29,9_16,14,-65.69900000000001,-2.670772607148863,2026-07,2026-07-27
2026-07-29,9_16,15,-69.72199999999998,-2.41572601461037,2026-07,2026-07-27
2026-07-29,9_16,16,-64.68400000000003,14.012390642226865,2026-07,2026-07-27
2026-07-29,17_24,17,-44.610000000000014,51.66944368504353,2026-07,2026-07-27
2026-07-29,17_24,18,-39.410000000000025,58.46606094370035,2026-07,2026-07-27
2026-07-29,17_24,19,-27.099000000000046,61.425360934857956,2026-07,2026-07-27
2026-07-29,17_24,20,-17.451000000000022,56.073564675826205,2026-07,2026-07-27
2026-07-29,17_24,21,-1.6070000000000277,55.25439475951611,2026-07,2026-07-27
2026-07-29,17_24,22,5.925999999999988,52.80218203434575,2026-07,2026-07-27
2026-07-29,17_24,23,-0.5360000000000014,46.071654355482444,2026-07,2026-07-27
2026-07-29,17_24,24,-8.572999999999979,39.41337156317605,2026-07,2026-07-27
2026-07-30,1_8,1,22.60300000000001,3.800400452523019,2026-07,2026-07-28
2026-07-30,1_8,2,24.860000000000014,4.847441374808338,2026-07,2026-07-28
2026-07-30,1_8,3,15.286000000000001,3.264501478316224,2026-07,2026-07-28
2026-07-30,1_8,4,7.208000000000027,4.172795975159979,2026-07,2026-07-28
2026-07-30,1_8,5,8.26400000000001,5.639393241341476,2026-07,2026-07-28
2026-07-30,1_8,6,6.571000000000026,4.424389686639416,2026-07,2026-07-28
2026-07-30,1_8,7,-8.276999999999987,13.518138752012739,2026-07,2026-07-28
2026-07-30,1_8,8,-42.48399999999998,9.594971694929717,2026-07,2026-07-28
2026-07-30,9_16,9,17.406999999999982,10.815075337902933,2026-07,2026-07-28
2026-07-30,9_16,10,41.24000000000001,7.455384802381991,2026-07,2026-07-28
2026-07-30,9_16,11,-118.44900000000001,4.796702474056263,2026-07,2026-07-28
2026-07-30,9_16,12,-175.664,2.9821258781931377,2026-07,2026-07-28
2026-07-30,9_16,13,-245.30299999999997,6.0936991565417395,2026-07,2026-07-28
2026-07-30,9_16,14,-131.632,15.126504851079561,2026-07,2026-07-28
2026-07-30,9_16,15,-152.075,5.295323971951679,2026-07,2026-07-28
2026-07-30,9_16,16,-101.40300000000002,1.4580058644254772,2026-07,2026-07-28
2026-07-30,17_24,17,-92.19999999999999,24.01687351463373,2026-07,2026-07-28
2026-07-30,17_24,18,-80.76300000000003,27.428172048159517,2026-07,2026-07-28
2026-07-30,17_24,19,-57.339000000000055,34.009106433325705,2026-07,2026-07-28
2026-07-30,17_24,20,-63.428999999999974,27.270414833884008,2026-07,2026-07-28
2026-07-30,17_24,21,-43.934999999999945,28.064305839165407,2026-07,2026-07-28
2026-07-30,17_24,22,-59.0,20.864517693941014,2026-07,2026-07-28
2026-07-30,17_24,23,-29.851999999999975,21.029612657913713,2026-07,2026-07-28
2026-07-30,17_24,24,-20.81400000000002,20.045431691551478,2026-07,2026-07-28
2026-07-31,1_8,1,8.805999999999983,14.13766965852842,2026-07,2026-07-29
2026-07-31,1_8,2,12.51400000000001,12.102753837173776,2026-07,2026-07-29
2026-07-31,1_8,3,18.516999999999996,17.591639333951868,2026-07,2026-07-29
2026-07-31,1_8,4,19.817999999999984,14.398198026799433,2026-07,2026-07-29
2026-07-31,1_8,5,22.468000000000018,13.112819021822142,2026-07,2026-07-29
2026-07-31,1_8,6,22.269999999999982,15.850006235367628,2026-07,2026-07-29
2026-07-31,1_8,7,23.72399999999999,16.279736249115384,2026-07,2026-07-29
2026-07-31,1_8,8,146.962,23.633467526180212,2026-07,2026-07-29
2026-07-31,9_16,9,294.327,41.00056702896946,2026-07,2026-07-29
2026-07-31,9_16,10,129.828,37.837967974308214,2026-07,2026-07-29
2026-07-31,9_16,11,92.893,35.546078632555094,2026-07,2026-07-29
2026-07-31,9_16,12,-33.96600000000001,42.97076422370508,2026-07,2026-07-29
2026-07-31,9_16,13,-122.55399999999997,46.60053135688292,2026-07,2026-07-29
2026-07-31,9_16,14,-84.767,61.3020834399705,2026-07,2026-07-29
2026-07-31,9_16,15,66.94200000000001,62.08209270205906,2026-07,2026-07-29
2026-07-31,9_16,16,-12.788999999999987,69.62581951578015,2026-07,2026-07-29
2026-07-31,17_24,17,-2.83299999999997,3.68304434334453,2026-07,2026-07-29
2026-07-31,17_24,18,6.999000000000024,9.158611378358879,2026-07,2026-07-29
2026-07-31,17_24,19,-64.15700000000004,7.367516883748887,2026-07,2026-07-29
2026-07-31,17_24,20,-13.269000000000005,4.681118278924149,2026-07,2026-07-29
2026-07-31,17_24,21,5.1159999999999854,8.019499411906509,2026-07,2026-07-29
2026-07-31,17_24,22,-38.870000000000005,1.0421968122882854,2026-07,2026-07-29
2026-07-31,17_24,23,-74.274,5.913881887819843,2026-07,2026-07-29
2026-07-31,17_24,24,-34.68000000000001,0.9425578067006573,2026-07,2026-07-29
2026-08-01,1_8,1,-25.783999999999992,16.292142449314465,2026-08,2026-07-30
2026-08-01,1_8,2,-26.99000000000001,15.656970180275604,2026-08,2026-07-30
2026-08-01,1_8,3,16.18599999999998,8.30773331314228,2026-08,2026-07-30
2026-08-01,1_8,4,41.678,11.634319375168308,2026-08,2026-07-30
2026-08-01,1_8,5,51.32499999999999,10.357865771914366,2026-08,2026-07-30
2026-08-01,1_8,6,13.834000000000003,11.518128784579954,2026-08,2026-07-30
2026-08-01,1_8,7,2.8980000000000246,13.448077090893849,2026-08,2026-07-30
2026-08-01,1_8,8,-36.62299999999999,13.389905388905294,2026-08,2026-07-30
2026-08-01,9_16,9,234.47,14.931940399833854,2026-08,2026-07-30
2026-08-01,9_16,10,176.144,-26.529420427262117,2026-08,2026-07-30
2026-08-01,9_16,11,121.913,-67.70647216600375,2026-08,2026-07-30
2026-08-01,9_16,12,119.171,-40.70190731389768,2026-08,2026-07-30
2026-08-01,9_16,13,107.486,-49.51520466263893,2026-08,2026-07-30
2026-08-01,9_16,14,64.84899999999999,-57.01923624114803,2026-08,2026-07-30
2026-08-01,9_16,15,-19.411,-38.08961443239463,2026-08,2026-07-30
2026-08-01,9_16,16,-7.788999999999987,-33.18613620366012,2026-08,2026-07-30
2026-08-01,17_24,17,54.61899999999997,33.1089706780958,2026-08,2026-07-30
2026-08-01,17_24,18,34.624000000000024,38.26050325233591,2026-08,2026-07-30
2026-08-01,17_24,19,35.45100000000002,31.287174506537028,2026-08,2026-07-30
2026-08-01,17_24,20,46.134000000000015,31.143089443831762,2026-08,2026-07-30
2026-08-01,17_24,21,44.089,35.3975083151351,2026-08,2026-07-30
2026-08-01,17_24,22,-1.8269999999999982,34.1397604262443,2026-08,2026-07-30
2026-08-01,17_24,23,-20.552999999999997,28.793984110776925,2026-08,2026-07-30
2026-08-01,17_24,24,11.819999999999993,31.342660382579343,2026-08,2026-07-30
2026-08-02,1_8,1,2.3029999999999973,23.439972147846866,2026-08,2026-07-31
2026-08-02,1_8,2,-5.779999999999973,18.92052355230135,2026-08,2026-07-31
2026-08-02,1_8,3,0.9490000000000123,21.623714280122048,2026-08,2026-07-31
2026-08-02,1_8,4,-2.944000000000017,21.9852516105863,2026-08,2026-07-31
2026-08-02,1_8,5,-4.406000000000006,17.847417507303028,2026-08,2026-07-31
2026-08-02,1_8,6,0.10300000000000864,18.23527810453718,2026-08,2026-07-31
2026-08-02,1_8,7,-12.119999999999948,18.988621253571957,2026-08,2026-07-31
2026-08-02,1_8,8,81.21700000000004,28.138424699609818,2026-08,2026-07-31
2026-08-02,9_16,9,134.999,43.1066219011121,2026-08,2026-07-31
2026-08-02,9_16,10,105.532,51.26905515234334,2026-08,2026-07-31
2026-08-02,9_16,11,-175.976,37.86101359757745,2026-08,2026-07-31
2026-08-02,9_16,12,-200.54199999999997,19.850949077800074,2026-08,2026-07-31
2026-08-02,9_16,13,-224.16699999999997,50.90984289431047,2026-08,2026-07-31
2026-08-02,9_16,14,-173.86200000000002,29.26849412052323,2026-08,2026-07-31
2026-08-02,9_16,15,-95.815,41.37503342776045,2026-08,2026-07-31
2026-08-02,9_16,16,-32.261000000000024,48.36593040671753,2026-08,2026-07-31
2026-08-02,17_24,17,-28.874000000000024,39.44361062587777,2026-08,2026-07-31
2026-08-02,17_24,18,-61.70100000000002,41.414774019675264,2026-08,2026-07-31
2026-08-02,17_24,19,-42.10400000000004,43.709830137927035,2026-08,2026-07-31
2026-08-02,17_24,20,-29.807000000000016,37.08399659679559,2026-08,2026-07-31
2026-08-02,17_24,21,-80.45800000000003,24.64819023511644,2026-08,2026-07-31
2026-08-02,17_24,22,-83.43200000000002,22.271840801228926,2026-08,2026-07-31
2026-08-02,17_24,23,-81.52499999999998,15.70947423553393,2026-08,2026-07-31
2026-08-02,17_24,24,-68.10400000000004,24.784141861570735,2026-08,2026-07-31
2026-08-03,1_8,1,-78.49400000000003,10.091823914548595,2026-08,2026-08-01
2026-08-03,1_8,2,-86.89700000000005,9.090836040126984,2026-08,2026-08-01
2026-08-03,1_8,3,-82.48800000000006,13.98960366798294,2026-08,2026-08-01
2026-08-03,1_8,4,-80.83600000000001,12.30439988876819,2026-08,2026-08-01
2026-08-03,1_8,5,-78.08999999999997,10.359349878201163,2026-08,2026-08-01
2026-08-03,1_8,6,-76.80199999999996,8.14728873361655,2026-08,2026-08-01
2026-08-03,1_8,7,-49.887,1.919767509095254,2026-08,2026-08-01
2026-08-03,1_8,8,-98.142,1.363871713151861,2026-08,2026-08-01
2026-08-03,9_16,9,-145.981,72.50146045143596,2026-08,2026-08-01
2026-08-03,9_16,10,-123.322,63.72270374548616,2026-08,2026-08-01
2026-08-03,9_16,11,-117.70600000000002,40.90307293126992,2026-08,2026-08-01
2026-08-03,9_16,12,-167.647,37.89186670944483,2026-08,2026-08-01
2026-08-03,9_16,13,-199.09399999999994,41.17423740656253,2026-08,2026-08-01
2026-08-03,9_16,14,-205.38599999999997,18.387547354669337,2026-08,2026-08-01
2026-08-03,9_16,15,-197.985,10.20150233730986,2026-08,2026-08-01
2026-08-03,9_16,16,-139.582,37.534861573030945,2026-08,2026-08-01
2026-08-03,17_24,17,-112.39299999999997,22.437452082182162,2026-08,2026-08-01
2026-08-03,17_24,18,-91.40099999999995,20.874182979293195,2026-08,2026-08-01
2026-08-03,17_24,19,-121.79200000000003,17.721595958718115,2026-08,2026-08-01
2026-08-03,17_24,20,-67.10500000000002,13.199088801709298,2026-08,2026-08-01
2026-08-03,17_24,21,-98.95299999999997,8.613447081013355,2026-08,2026-08-01
2026-08-03,17_24,22,-139.94899999999996,1.5933227503486862,2026-08,2026-08-01
2026-08-03,17_24,23,-43.500999999999976,13.10075457414033,2026-08,2026-08-01
2026-08-03,17_24,24,-86.673,8.520157689801506,2026-08,2026-08-01
2026-08-04,1_8,1,-30.35800000000006,18.486817704139767,2026-08,2026-08-02
2026-08-04,1_8,2,-32.86900000000003,17.31705896585554,2026-08,2026-08-02
2026-08-04,1_8,3,-16.403999999999996,17.20951281986015,2026-08,2026-08-02
2026-08-04,1_8,4,-46.673,16.195595542438685,2026-08,2026-08-02
2026-08-04,1_8,5,-52.649,20.01033978240169,2026-08,2026-08-02
2026-08-04,1_8,6,-60.236999999999966,14.689371439505452,2026-08,2026-08-02
2026-08-04,1_8,7,-77.87200000000001,16.470522953360305,2026-08,2026-08-02
2026-08-04,1_8,8,-32.76600000000002,20.43840558407477,2026-08,2026-08-02
2026-08-04,9_16,9,-6.014999999999986,31.559962046986517,2026-08,2026-08-02
2026-08-04,9_16,10,-42.35699999999997,18.83675157631265,2026-08,2026-08-02
2026-08-04,9_16,11,-27.553999999999974,4.310248181123006,2026-08,2026-08-02
2026-08-04,9_16,12,-38.783000000000015,-42.55662162346721,2026-08,2026-08-02
2026-08-04,9_16,13,-38.012,-28.24222181958173,2026-08,2026-08-02
2026-08-04,9_16,14,-42.791,-32.55802482837438,2026-08,2026-08-02
2026-08-04,9_16,15,-27.319000000000017,-27.850266099574227,2026-08,2026-08-02
2026-08-04,9_16,16,2.4189999999999827,24.626684370621692,2026-08,2026-08-02
2026-08-04,17_24,17,-10.673000000000002,2.885151035382087,2026-08,2026-08-02
2026-08-04,17_24,18,8.650999999999954,9.275814080471266,2026-08,2026-08-02
2026-08-04,17_24,19,-43.910999999999945,2.6316363193927343,2026-08,2026-08-02
2026-08-04,17_24,20,-37.74699999999996,3.1150120878810528,2026-08,2026-08-02
2026-08-04,17_24,21,-10.16700000000003,-6.5585208184202815,2026-08,2026-08-02
2026-08-04,17_24,22,7.927000000000021,2.5683466273101097,2026-08,2026-08-02
2026-08-04,17_24,23,-8.604000000000042,4.7572507678259,2026-08,2026-08-02
2026-08-04,17_24,24,-4.565999999999917,-1.0748921455919103,2026-08,2026-08-02
2026-08-05,1_8,1,19.616999999999962,19.02877587708068,2026-08,2026-08-03
2026-08-05,1_8,2,27.750999999999976,18.28630733541616,2026-08,2026-08-03
2026-08-05,1_8,3,3.913000000000011,15.88155179084234,2026-08,2026-08-03
2026-08-05,1_8,4,19.374000000000024,13.916464075152303,2026-08,2026-08-03
2026-08-05,1_8,5,11.92999999999995,12.194881966262978,2026-08,2026-08-03
2026-08-05,1_8,6,-2.341000000000008,11.573783000745976,2026-08,2026-08-03
2026-08-05,1_8,7,36.41199999999998,20.518400888254998,2026-08,2026-08-03
2026-08-05,1_8,8,40.53399999999999,18.676629968467697,2026-08,2026-08-03
2026-08-05,9_16,9,51.75200000000001,11.156904102230026,2026-08,2026-08-03
2026-08-05,9_16,10,36.459,-8.541160363463002,2026-08,2026-08-03
2026-08-05,9_16,11,65.161,-5.971423316362801,2026-08,2026-08-03
2026-08-05,9_16,12,67.94,-20.24032259951554,2026-08,2026-08-03
2026-08-05,9_16,13,76.12599999999998,-14.58033336678918,2026-08,2026-08-03
2026-08-05,9_16,14,61.01999999999998,-16.6416833172728,2026-08,2026-08-03
2026-08-05,9_16,15,107.57,-15.86670457703144,2026-08,2026-08-03
2026-08-05,9_16,16,68.19,-7.521831238511078,2026-08,2026-08-03
2026-08-05,17_24,17,56.28800000000001,-14.023776208001305,2026-08,2026-08-03
2026-08-05,17_24,18,31.423999999999978,-21.385252117660905,2026-08,2026-08-03
2026-08-05,17_24,19,20.682999999999993,-20.698566714303173,2026-08,2026-08-03
2026-08-05,17_24,20,23.491999999999962,-14.391292205899482,2026-08,2026-08-03
2026-08-05,17_24,21,34.55200000000002,-23.29007542833414,2026-08,2026-08-03
2026-08-05,17_24,22,32.44500000000005,-29.957578897100753,2026-08,2026-08-03
2026-08-05,17_24,23,21.32400000000007,-23.689952246208026,2026-08,2026-08-03
2026-08-05,17_24,24,-3.5919999999999845,-11.470627938645208,2026-08,2026-08-03
2026-08-06,1_8,1,26.350000000000023,-0.23512403442603466,2026-08,2026-08-04
2026-08-06,1_8,2,-5.767000000000053,-1.7333662237433956,2026-08,2026-08-04
2026-08-06,1_8,3,4.187999999999988,-0.3837559510436498,2026-08,2026-08-04
2026-08-06,1_8,4,0.8840000000000146,-0.9853757271181249,2026-08,2026-08-04
2026-08-06,1_8,5,3.509999999999991,6.777147935879633,2026-08,2026-08-04
2026-08-06,1_8,6,59.22300000000001,8.18329236170655,2026-08,2026-08-04
2026-08-06,1_8,7,20.665999999999997,6.585520308749996,2026-08,2026-08-04
2026-08-06,1_8,8,-1.6809999999999832,12.252081878003082,2026-08,2026-08-04
2026-08-06,9_16,9,-5.266999999999996,52.673975790302855,2026-08,2026-08-04
2026-08-06,9_16,10,-23.766999999999996,24.979927548764653,2026-08,2026-08-04
2026-08-06,9_16,11,-26.747000000000014,5.415280787637681,2026-08,2026-08-04
2026-08-06,9_16,12,-46.37299999999999,13.223102653146094,2026-08,2026-08-04
2026-08-06,9_16,13,-48.605999999999995,3.0277415110377612,2026-08,2026-08-04
2026-08-06,9_16,14,-14.899999999999977,4.5283031211677205,2026-08,2026-08-04
2026-08-06,9_16,15,40.12300000000005,22.03147722912305,2026-08,2026-08-04
2026-08-06,9_16,16,64.447,50.07259798463048,2026-08,2026-08-04
2026-08-06,17_24,17,31.55699999999996,17.870323527551356,2026-08,2026-08-04
2026-08-06,17_24,18,22.616999999999962,1.9496545418217877,2026-08,2026-08-04
2026-08-06,17_24,19,18.086000000000013,-2.58330178652831,2026-08,2026-08-04
2026-08-06,17_24,20,39.210000000000036,6.790366248246131,2026-08,2026-08-04
2026-08-06,17_24,21,52.370000000000005,6.743180967180834,2026-08,2026-08-04
2026-08-06,17_24,22,48.774,1.8141999187668896,2026-08,2026-08-04
2026-08-06,17_24,23,21.739000000000033,2.089932364835849,2026-08,2026-08-04
2026-08-06,17_24,24,9.470000000000027,2.117282857771038,2026-08,2026-08-04
2026-08-07,1_8,1,-37.855999999999995,3.1091668331336115,2026-08,2026-08-05
2026-08-07,1_8,2,-28.787000000000035,4.8042495329355726,2026-08,2026-08-05
2026-08-07,1_8,3,-4.29099999999994,3.996980891781197,2026-08,2026-08-05
2026-08-07,1_8,4,4.48599999999999,4.030641127805959,2026-08,2026-08-05
2026-08-07,1_8,5,25.238000000000056,3.4320359782363066,2026-08,2026-08-05
2026-08-07,1_8,6,6.070999999999913,1.4065315324392131,2026-08,2026-08-05
2026-08-07,1_8,7,33.47000000000003,8.38106912218735,2026-08,2026-08-05
2026-08-07,1_8,8,19.242999999999995,0.4799914153727917,2026-08,2026-08-05
2026-08-07,9_16,9,20.091000000000008,27.17475669021778,2026-08,2026-08-05
2026-08-07,9_16,10,10.802999999999997,20.050626517564748,2026-08,2026-08-05
2026-08-07,9_16,11,7.649000000000001,-10.45867503570794,2026-08,2026-08-05
2026-08-07,9_16,12,-13.489999999999952,-16.40226715399388,2026-08,2026-08-05
2026-08-07,9_16,13,-11.314999999999998,-22.86009217636535,2026-08,2026-08-05
2026-08-07,9_16,14,-17.257000000000005,-10.967912549119148,2026-08,2026-08-05
2026-08-07,9_16,15,-30.079999999999984,-20.769544898943664,2026-08,2026-08-05
2026-08-07,9_16,16,-16.68599999999998,-11.941737738463786,2026-08,2026-08-05
2026-08-07,17_24,17,-17.525000000000034,4.1517200641235625,2026-08,2026-08-05
2026-08-07,17_24,18,-21.854000000000042,-11.564674427328846,2026-08,2026-08-05
2026-08-07,17_24,19,37.25799999999998,-5.408438013813903,2026-08,2026-08-05
2026-08-07,17_24,20,27.190999999999974,0.17139663148528325,2026-08,2026-08-05
2026-08-07,17_24,21,39.52800000000002,1.8829008584187878,2026-08,2026-08-05
2026-08-07,17_24,22,69.97399999999999,-2.784738955326289,2026-08,2026-08-05
2026-08-07,17_24,23,24.617999999999995,-6.245761175785556,2026-08,2026-08-05
2026-08-07,17_24,24,48.999000000000024,-7.300920588488083,2026-08,2026-08-05
2026-08-08,1_8,1,41.416,31.307760351767804,2026-08,2026-08-06
2026-08-08,1_8,2,6.221000000000004,27.00054377031848,2026-08,2026-08-06
2026-08-08,1_8,3,-3.1639999999999873,30.723439328489675,2026-08,2026-08-06
2026-08-08,1_8,4,-10.975000000000023,31.978691213028863,2026-08,2026-08-06
2026-08-08,1_8,5,-13.295000000000016,34.537062669619395,2026-08,2026-08-06
2026-08-08,1_8,6,-14.951999999999998,43.356284779518845,2026-08,2026-08-06
2026-08-08,1_8,7,24.799000000000007,36.738557500579304,2026-08,2026-08-06
2026-08-08,1_8,8,134.309,55.530503284457616,2026-08,2026-08-06
2026-08-08,9_16,9,134.434,94.70176737785127,2026-08,2026-08-06
2026-08-08,9_16,10,151.481,63.50112166377602,2026-08,2026-08-06
2026-08-08,9_16,11,149.848,53.218486532970076,2026-08,2026-08-06
2026-08-08,9_16,12,114.02799999999999,53.43551805321008,2026-08,2026-08-06
2026-08-08,9_16,13,68.513,44.99903703996568,2026-08,2026-08-06
2026-08-08,9_16,14,69.998,52.85123749633099,2026-08,2026-08-06
2026-08-08,9_16,15,183.792,46.43627460521408,2026-08,2026-08-06
2026-08-08,9_16,16,227.998,61.77303940164254,2026-08,2026-08-06
2026-08-08,17_24,17,211.388,16.78853400552145,2026-08,2026-08-06
2026-08-08,17_24,18,-21.968999999999994,14.396991748215651,2026-08,2026-08-06
2026-08-08,17_24,19,-24.761000000000024,10.660854625777938,2026-08,2026-08-06
2026-08-08,17_24,20,8.432999999999993,8.429837698604304,2026-08,2026-08-06
2026-08-08,17_24,21,23.234000000000037,3.8768792648680392,2026-08,2026-08-06
2026-08-08,17_24,22,7.505999999999972,-2.8152365951765086,2026-08,2026-08-06
2026-08-08,17_24,23,6.302999999999997,0.5830895189070229,2026-08,2026-08-06
2026-08-08,17_24,24,4.216000000000008,-9.770898163634447,2026-08,2026-08-06
2026-08-09,1_8,1,16.459000000000003,9.86438554986538,2026-08,2026-08-07
2026-08-09,1_8,2,10.101999999999975,5.362287716457711,2026-08,2026-08-07
2026-08-09,1_8,3,15.836999999999989,4.402464161468885,2026-08,2026-08-07
2026-08-09,1_8,4,7.779999999999973,5.9790850040238315,2026-08,2026-08-07
2026-08-09,1_8,5,6.831000000000017,9.398864116192211,2026-08,2026-08-07
2026-08-09,1_8,6,4.750999999999976,14.48000774930732,2026-08,2026-08-07
2026-08-09,1_8,7,272.463,6.16458268290148,2026-08,2026-08-07
2026-08-09,1_8,8,280.0,36.264662489919495,2026-08,2026-08-07
2026-08-09,9_16,9,147.162,9.650805225465223,2026-08,2026-08-07
2026-08-09,9_16,10,82.46600000000001,-10.442180822885705,2026-08,2026-08-07
2026-08-09,9_16,11,42.329,-25.17367875485391,2026-08,2026-08-07
2026-08-09,9_16,12,74.038,-36.091821679931606,2026-08,2026-08-07
2026-08-09,9_16,13,110.911,-47.6942893282072,2026-08,2026-08-07
2026-08-09,9_16,14,127.47400000000002,-46.18609460435433,2026-08,2026-08-07
2026-08-09,9_16,15,160.145,-40.33930430715027,2026-08,2026-08-07
2026-08-09,9_16,16,98.98800000000003,-47.05638765600452,2026-08,2026-08-07
2026-08-09,17_24,17,-30.048999999999978,-3.24916575303075,2026-08,2026-08-07
2026-08-09,17_24,18,-12.869000000000028,-11.283574404697008,2026-08,2026-08-07
2026-08-09,17_24,19,-3.9639999999999986,3.453936693034944,2026-08,2026-08-07
2026-08-09,17_24,20,-8.214999999999975,2.8396024230300245,2026-08,2026-08-07
2026-08-09,17_24,21,4.103000000000009,-5.006033168049456,2026-08,2026-08-07
2026-08-09,17_24,22,29.547999999999945,-7.0814315014163896,2026-08,2026-08-07
2026-08-09,17_24,23,24.11700000000002,-5.594877324586229,2026-08,2026-08-07
2026-08-09,17_24,24,14.164000000000044,-5.1452256652725135,2026-08,2026-08-07
2026-08-10,1_8,1,5.454000000000008,42.71856529285242,2026-08,2026-08-08
2026-08-10,1_8,2,0.4730000000000132,41.7005142816252,2026-08,2026-08-08
2026-08-10,1_8,3,-1.2869999999999777,43.06007141869217,2026-08,2026-08-08
2026-08-10,1_8,4,-5.7239999999999895,41.82875861707757,2026-08,2026-08-08
2026-08-10,1_8,5,-5.494000000000028,41.693707654472156,2026-08,2026-08-08
2026-08-10,1_8,6,-3.2749999999999773,42.750348126542484,2026-08,2026-08-08
2026-08-10,1_8,7,-4.522000000000048,38.76056153625027,2026-08,2026-08-08
2026-08-10,1_8,8,-7.603000000000009,34.11290715304965,2026-08,2026-08-08
2026-08-10,9_16,9,-90.132,-14.272857635020907,2026-08,2026-08-08
2026-08-10,9_16,10,-149.634,-34.89837358645915,2026-08,2026-08-08
2026-08-10,9_16,11,-103.38099999999997,-20.28784819440629,2026-08,2026-08-08
2026-08-10,9_16,12,-81.048,-22.985944408689285,2026-08,2026-08-08
2026-08-10,9_16,13,-2.7789999999999964,-20.748727580477446,2026-08,2026-08-08
2026-08-10,9_16,14,-16.735000000000014,-11.48140356268122,2026-08,2026-08-08
2026-08-10,9_16,15,-3.8980000000000246,-18.752760240585747,2026-08,2026-08-08
2026-08-10,9_16,16,-29.519000000000005,1.2439242551057768,2026-08,2026-08-08
2026-08-10,17_24,17,-64.45400000000001,21.003236685582085,2026-08,2026-08-08
2026-08-10,17_24,18,-26.812999999999988,12.035373554274889,2026-08,2026-08-08
2026-08-10,17_24,19,-20.83499999999998,27.536496289314286,2026-08,2026-08-08
2026-08-10,17_24,20,-39.36700000000002,17.313690297164563,2026-08,2026-08-08
2026-08-10,17_24,21,-28.136000000000024,16.927332426222808,2026-08,2026-08-08
2026-08-10,17_24,22,-13.987000000000023,19.054340357450357,2026-08,2026-08-08
2026-08-10,17_24,23,-16.194999999999993,19.785426207853327,2026-08,2026-08-08
2026-08-10,17_24,24,-20.060000000000002,14.601636292245498,2026-08,2026-08-08
2026-08-11,1_8,1,15.363999999999976,31.378003880751194,2026-08,2026-08-09
2026-08-11,1_8,2,6.735000000000014,30.21081795317675,2026-08,2026-08-09
2026-08-11,1_8,3,14.498999999999967,30.802761594621458,2026-08,2026-08-09
2026-08-11,1_8,4,14.08499999999998,32.02252862788377,2026-08,2026-08-09
2026-08-11,1_8,5,21.793000000000006,31.055459340596727,2026-08,2026-08-09
2026-08-11,1_8,6,3.589999999999975,33.529706596060606,2026-08,2026-08-09
2026-08-11,1_8,7,-4.192000000000007,28.490365966777166,2026-08,2026-08-09
2026-08-11,1_8,8,14.211999999999989,23.918198211572804,2026-08,2026-08-09
2026-08-11,9_16,9,3.901999999999987,-4.271037300800419,2026-08,2026-08-09
2026-08-11,9_16,10,-17.713000000000022,1.9206551556079097,2026-08,2026-08-09
2026-08-11,9_16,11,4.293999999999983,-2.4192659204655897,2026-08,2026-08-09
2026-08-11,9_16,12,-0.7420000000000186,-5.611959004318895,2026-08,2026-08-09
2026-08-11,9_16,13,-5.579000000000008,-4.7886981399553665,2026-08,2026-08-09
2026-08-11,9_16,14,6.497000000000014,-6.476914269842314,2026-08,2026-08-09
2026-08-11,9_16,15,22.987000000000023,-8.375800254705517,2026-08,2026-08-09
2026-08-11,9_16,16,29.01600000000002,-8.975113785349649,2026-08,2026-08-09
2026-08-11,17_24,17,16.440999999999974,13.896468806197284,2026-08,2026-08-09
2026-08-11,17_24,18,18.66300000000001,5.28140840587403,2026-08,2026-08-09
2026-08-11,17_24,19,-0.6299999999999955,7.665435459903278,2026-08,2026-08-09
2026-08-11,17_24,20,0.3059999999999832,6.309925791717463,2026-08,2026-08-09
2026-08-11,17_24,21,5.94199999999995,4.3758288024875975,2026-08,2026-08-09
2026-08-11,17_24,22,7.913000000000011,5.091704507581428,2026-08,2026-08-09
2026-08-11,17_24,23,18.024999999999977,2.81796624990873,2026-08,2026-08-09
2026-08-11,17_24,24,8.685000000000002,3.238023018779008,2026-08,2026-08-09
2026-08-12,1_8,1,21.192000000000007,18.559480831418508,2026-08,2026-08-10
2026-08-12,1_8,2,16.146000000000015,15.922293323820538,2026-08,2026-08-10
2026-08-12,1_8,3,19.97800000000001,16.877807947789233,2026-08,2026-08-10
2026-08-12,1_8,4,19.819999999999993,19.478339140693432,2026-08,2026-08-10
2026-08-12,1_8,5,22.045999999999992,14.758071271638832,2026-08,2026-08-10
2026-08-12,1_8,6,11.603999999999985,16.53224595776461,2026-08,2026-08-10
2026-08-12,1_8,7,13.103999999999985,12.348542573674338,2026-08,2026-08-10
2026-08-12,1_8,8,27.432999999999993,11.782522736313277,2026-08,2026-08-10
2026-08-12,9_16,9,25.663999999999987,42.61138492594964,2026-08,2026-08-10
2026-08-12,9_16,10,20.738,50.510021147512184,2026-08,2026-08-10
2026-08-12,9_16,11,23.045999999999992,40.40249783423415,2026-08,2026-08-10
2026-08-12,9_16,12,20.40700000000004,33.912659325383416,2026-08,2026-08-10
2026-08-12,9_16,13,18.932999999999993,44.25426910872335,2026-08,2026-08-10
2026-08-12,9_16,14,5.680000000000007,44.679362801643876,2026-08,2026-08-10
2026-08-12,9_16,15,-11.325999999999965,47.85116275770014,2026-08,2026-08-10
2026-08-12,9_16,16,-12.487000000000023,47.03917874960269,2026-08,2026-08-10
2026-08-12,17_24,17,7.0090000000000146,21.62452713599411,2026-08,2026-08-10
2026-08-12,17_24,18,8.284999999999968,12.687620684121743,2026-08,2026-08-10
2026-08-12,17_24,19,12.624000000000024,10.090623187103795,2026-08,2026-08-10
2026-08-12,17_24,20,10.014999999999986,2.8129929986793685,2026-08,2026-08-10
2026-08-12,17_24,21,9.898000000000025,6.154508196863908,2026-08,2026-08-10
2026-08-12,17_24,22,19.23399999999998,5.984369934162077,2026-08,2026-08-10
2026-08-12,17_24,23,15.901999999999987,4.599165331108233,2026-08,2026-08-10
2026-08-12,17_24,24,17.93900000000002,6.265776412019484,2026-08,2026-08-10
2026-08-13,1_8,1,11.853999999999985,24.81271947450942,2026-08,2026-08-11
2026-08-13,1_8,2,18.89100000000002,22.088337523298073,2026-08,2026-08-11
2026-08-13,1_8,3,6.619000000000028,23.31155072554585,2026-08,2026-08-11
2026-08-13,1_8,4,4.052000000000021,23.055634944112164,2026-08,2026-08-11
2026-08-13,1_8,5,6.245999999999981,18.403746204566833,2026-08,2026-08-11
2026-08-13,1_8,6,-2.0720000000000027,16.336978448339696,2026-08,2026-08-11
2026-08-13,1_8,7,-3.836999999999989,18.345691828405258,2026-08,2026-08-11
2026-08-13,1_8,8,-4.425999999999988,26.509010212465974,2026-08,2026-08-11
2026-08-13,9_16,9,6.353000000000009,61.92534528985632,2026-08,2026-08-11
2026-08-13,9_16,10,12.435000000000002,49.523300506253264,2026-08,2026-08-11
2026-08-13,9_16,11,21.52199999999999,76.16281508362408,2026-08,2026-08-11
2026-08-13,9_16,12,91.81400000000002,72.2603421294496,2026-08,2026-08-11
2026-08-13,9_16,13,150.811,78.59167457923876,2026-08,2026-08-11
2026-08-13,9_16,14,-28.028999999999996,80.83830122224643,2026-08,2026-08-11
2026-08-13,9_16,15,-15.163999999999987,86.7863926917548,2026-08,2026-08-11
2026-08-13,9_16,16,-7.2409999999999854,79.19612344610331,2026-08,2026-08-11
2026-08-13,17_24,17,8.637999999999977,30.410914798359638,2026-08,2026-08-11
2026-08-13,17_24,18,7.567999999999984,21.503848005819847,2026-08,2026-08-11
2026-08-13,17_24,19,24.52800000000002,28.618125046006924,2026-08,2026-08-11
2026-08-13,17_24,20,24.01600000000002,18.520595147375094,2026-08,2026-08-11
2026-08-13,17_24,21,18.132000000000005,19.355931797545935,2026-08,2026-08-11
2026-08-13,17_24,22,19.857000000000028,11.539935608697467,2026-08,2026-08-11
2026-08-13,17_24,23,19.37900000000002,9.762266675597685,2026-08,2026-08-11
2026-08-13,17_24,24,7.372000000000014,9.327564840334816,2026-08,2026-08-11
2026-08-14,1_8,1,0.7520000000000095,29.587392749493137,2026-08,2026-08-12
2026-08-14,1_8,2,-5.687000000000012,27.188046068758908,2026-08,2026-08-12
2026-08-14,1_8,3,3.7280000000000086,28.83652105328833,2026-08,2026-08-12
2026-08-14,1_8,4,7.194999999999993,26.952971678861214,2026-08,2026-08-12
2026-08-14,1_8,5,1.997000000000014,27.053176099424963,2026-08,2026-08-12
2026-08-14,1_8,6,3.7169999999999845,22.02140180518306,2026-08,2026-08-12
2026-08-14,1_8,7,1.7509999999999764,22.985698936074247,2026-08,2026-08-12
2026-08-14,1_8,8,-13.560000000000002,26.33654859311535,2026-08,2026-08-12
2026-08-14,9_16,9,-2.190999999999974,-11.228149629896262,2026-08,2026-08-12
2026-08-14,9_16,10,317.47,-3.07881787037882,2026-08,2026-08-12
2026-08-14,9_16,11,237.382,2.2590227461841934,2026-08,2026-08-12
2026-08-14,9_16,12,248.096,2.8145453545986765,2026-08,2026-08-12
2026-08-14,9_16,13,159.949,3.7109316632494274,2026-08,2026-08-12
2026-08-14,9_16,14,-37.61700000000002,4.1943127032748535,2026-08,2026-08-12
2026-08-14,9_16,15,-55.884000000000015,-8.167079944646481,2026-08,2026-08-12
2026-08-14,9_16,16,8.99799999999999,-2.0357452108504255,2026-08,2026-08-12
2026-08-14,17_24,17,11.536000000000001,26.37575497781497,2026-08,2026-08-12
2026-08-14,17_24,18,9.298000000000002,13.816444259952517,2026-08,2026-08-12
2026-08-14,17_24,19,10.089999999999975,17.027075546266328,2026-08,2026-08-12
2026-08-14,17_24,20,14.199000000000012,11.114805428098308,2026-08,2026-08-12
2026-08-14,17_24,21,17.86700000000002,12.669880312460275,2026-08,2026-08-12
2026-08-14,17_24,22,19.557000000000016,13.252615870888514,2026-08,2026-08-12
2026-08-14,17_24,23,13.845000000000027,21.66877486976321,2026-08,2026-08-12
2026-08-14,17_24,24,9.958000000000027,18.890550845258392,2026-08,2026-08-12
