experiment,model,target_day,business_hour,prediction,target,leakage_status
RACE25,L1_D24_MAE_BRIDGE025,2026-01-06,1,78.94775390625,2.8320000171661377,STRICT/PASS
RACE25,L1_D24_MAE_BRIDGE025,2026-01-06,2,37.579586029052734,17.13599967956543,STRICT/PASS
RACE25,L1_D24_MAE_BRIDGE025,2026-01-06,3,39.44287109375,4.178999900817871,STRICT/PASS
RACE25,L1_D24_MAE_BRIDGE025,2026-01-06,4,52.173194885253906,18.450000762939453,STRICT/PASS
RACE25,L1_D24_MAE_BRIDGE025,2026-01-06,5,32.14815139770508,23.610000610351562,STRICT/PASS
RACE25,L1_D24_MAE_BRIDGE025,2026-01-06,6,10.976957321166992,28.2189998626709,STRICT/PASS
RACE25,L1_D24_MAE_BRIDGE025,2026-01-06,7,55.6030387878418,27.33799934387207,STRICT/PASS
RACE25,L1_D24_MAE_BRIDGE025,2026-01-06,8,19.001407623291016,-0.9629999995231628,STRICT/PASS
RACE25,L1_D24_MAE_BRIDGE025,2026-01-06,9,13.385780334472656,-75.2040023803711,STRICT/PASS
RACE25,L1_D24_MAE_BRIDGE025,2026-01-06,10,36.309654235839844,-109.52400207519531,STRICT/PASS
RACE25,L1_D24_MAE_BRIDGE025,2026-01-06,11,43.2301025390625,-124.822998046875,STRICT/PASS
RACE25,L1_D24_MAE_BRIDGE025,2026-01-06,12,33.24303436279297,-210.9499969482422,STRICT/PASS
RACE25,L1_D24_MAE_BRIDGE025,2026-01-06,13,37.92262649536133,-251.10800170898438,STRICT/PASS
RACE25,L1_D24_MAE_BRIDGE025,2026-01-06,14,26.79070472717285,-200.5399932861328,STRICT/PASS
RACE25,L1_D24_MAE_BRIDGE025,2026-01-06,15,43.342586517333984,-125.02100372314453,STRICT/PASS
RACE25,L1_D24_MAE_BRIDGE025,2026-01-06,16,1.8692264556884766,-18.93899917602539,STRICT/PASS
RACE25,L1_D24_MAE_BRIDGE025,2026-01-06,17,-0.9539108276367188,-8.67199993133545,STRICT/PASS
RACE25,L1_D24_MAE_BRIDGE025,2026-01-06,18,14.295890808105469,12.78600025177002,STRICT/PASS
RACE25,L1_D24_MAE_BRIDGE025,2026-01-06,19,-6.309146881103516,-15.031999588012695,STRICT/PASS
RACE25,L1_D24_MAE_BRIDGE025,2026-01-06,20,-8.43632698059082,-24.207000732421875,STRICT/PASS
RACE25,L1_D24_MAE_BRIDGE025,2026-01-06,21,-12.534807205200195,0.12600000202655792,STRICT/PASS
RACE25,L1_D24_MAE_BRIDGE025,2026-01-06,22,9.9000244140625,5.242000102996826,STRICT/PASS
RACE25,L1_D24_MAE_BRIDGE025,2026-01-06,23,1.7284047603607178,27.417999267578125,STRICT/PASS
RACE25,L1_D24_MAE_BRIDGE025,2026-01-06,24,48.47267532348633,259.38299560546875,STRICT/PASS
RACE25,C0_DIRECT_H34,2026-01-06,1,53.67957305908203,2.8320000171661377,STRICT/PASS
RACE25,C0_DIRECT_H34,2026-01-06,2,31.18807029724121,17.13599967956543,STRICT/PASS
RACE25,C0_DIRECT_H34,2026-01-06,3,33.779380798339844,4.178999900817871,STRICT/PASS
RACE25,C0_DIRECT_H34,2026-01-06,4,46.03274917602539,18.450000762939453,STRICT/PASS
RACE25,C0_DIRECT_H34,2026-01-06,5,25.355802536010742,23.610000610351562,STRICT/PASS
RACE25,C0_DIRECT_H34,2026-01-06,6,-5.4001030921936035,28.2189998626709,STRICT/PASS
RACE25,C0_DIRECT_H34,2026-01-06,7,31.697982788085938,27.33799934387207,STRICT/PASS
RACE25,C0_DIRECT_H34,2026-01-06,8,5.894883632659912,-0.9629999995231628,STRICT/PASS
RACE25,C0_DIRECT_H34,2026-01-06,9,9.397804260253906,-75.2040023803711,STRICT/PASS
RACE25,C0_DIRECT_H34,2026-01-06,10,11.56591510772705,-109.52400207519531,STRICT/PASS
RACE25,C0_DIRECT_H34,2026-01-06,11,25.475345611572266,-124.822998046875,STRICT/PASS
RACE25,C0_DIRECT_H34,2026-01-06,12,34.99939727783203,-210.9499969482422,STRICT/PASS
RACE25,C0_DIRECT_H34,2026-01-06,13,22.484521865844727,-251.10800170898438,STRICT/PASS
RACE25,C0_DIRECT_H34,2026-01-06,14,10.182861328125,-200.5399932861328,STRICT/PASS
RACE25,C0_DIRECT_H34,2026-01-06,15,17.267898559570312,-125.02100372314453,STRICT/PASS
RACE25,C0_DIRECT_H34,2026-01-06,16,-6.604578018188477,-18.93899917602539,STRICT/PASS
RACE25,C0_DIRECT_H34,2026-01-06,17,-10.923686027526855,-8.67199993133545,STRICT/PASS
RACE25,C0_DIRECT_H34,2026-01-06,18,2.158614158630371,12.78600025177002,STRICT/PASS
RACE25,C0_DIRECT_H34,2026-01-06,19,-14.862655639648438,-15.031999588012695,STRICT/PASS
RACE25,C0_DIRECT_H34,2026-01-06,20,-8.182182312011719,-24.207000732421875,STRICT/PASS
RACE25,C0_DIRECT_H34,2026-01-06,21,1.5567322969436646,0.12600000202655792,STRICT/PASS
RACE25,C0_DIRECT_H34,2026-01-06,22,25.67885971069336,5.242000102996826,STRICT/PASS
RACE25,C0_DIRECT_H34,2026-01-06,23,5.561441421508789,27.417999267578125,STRICT/PASS
RACE25,C0_DIRECT_H34,2026-01-06,24,50.21887969970703,259.38299560546875,STRICT/PASS
RACE25,L1_D24_MAE_BRIDGE025,2026-01-07,1,-5.298322677612305,106.55400085449219,STRICT/PASS
RACE25,L1_D24_MAE_BRIDGE025,2026-01-07,2,-2.141040325164795,24.090999603271484,STRICT/PASS
RACE25,L1_D24_MAE_BRIDGE025,2026-01-07,3,13.006187438964844,213.4929962158203,STRICT/PASS
RACE25,L1_D24_MAE_BRIDGE025,2026-01-07,4,13.209403038024902,173.3179931640625,STRICT/PASS
RACE25,L1_D24_MAE_BRIDGE025,2026-01-07,5,5.825645923614502,200.0,STRICT/PASS
RACE25,L1_D24_MAE_BRIDGE025,2026-01-07,6,22.568716049194336,190.0229949951172,STRICT/PASS
RACE25,L1_D24_MAE_BRIDGE025,2026-01-07,7,15.349604606628418,69.12200164794922,STRICT/PASS
RACE25,L1_D24_MAE_BRIDGE025,2026-01-07,8,-7.249398231506348,9.463000297546387,STRICT/PASS
RACE25,L1_D24_MAE_BRIDGE025,2026-01-07,9,3.7124528884887695,-105.63899993896484,STRICT/PASS
RACE25,L1_D24_MAE_BRIDGE025,2026-01-07,10,30.703502655029297,112.78800201416016,STRICT/PASS
RACE25,L1_D24_MAE_BRIDGE025,2026-01-07,11,38.245704650878906,174.3000030517578,STRICT/PASS
RACE25,L1_D24_MAE_BRIDGE025,2026-01-07,12,65.56429290771484,95.20500183105469,STRICT/PASS
RACE25,L1_D24_MAE_BRIDGE025,2026-01-07,13,52.31919479370117,137.5,STRICT/PASS
RACE25,L1_D24_MAE_BRIDGE025,2026-01-07,14,52.585968017578125,110.08999633789062,STRICT/PASS
RACE25,L1_D24_MAE_BRIDGE025,2026-01-07,15,53.33233642578125,210.16900634765625,STRICT/PASS
RACE25,L1_D24_MAE_BRIDGE025,2026-01-07,16,34.53395080566406,10.347000122070312,STRICT/PASS
RACE25,L1_D24_MAE_BRIDGE025,2026-01-07,17,10.995173454284668,-69.67900085449219,STRICT/PASS
RACE25,L1_D24_MAE_BRIDGE025,2026-01-07,18,31.108715057373047,-42.09299850463867,STRICT/PASS
RACE25,L1_D24_MAE_BRIDGE025,2026-01-07,19,41.37477111816406,-58.79499816894531,STRICT/PASS
RACE25,L1_D24_MAE_BRIDGE025,2026-01-07,20,49.36613082885742,-57.23500061035156,STRICT/PASS
RACE25,L1_D24_MAE_BRIDGE025,2026-01-07,21,58.2508544921875,-59.507999420166016,STRICT/PASS
RACE25,L1_D24_MAE_BRIDGE025,2026-01-07,22,26.675479888916016,-56.707000732421875,STRICT/PASS
RACE25,L1_D24_MAE_BRIDGE025,2026-01-07,23,24.09608268737793,-75.21499633789062,STRICT/PASS
RACE25,L1_D24_MAE_BRIDGE025,2026-01-07,24,26.612112045288086,-82.80000305175781,STRICT/PASS
RACE25,C0_DIRECT_H34,2026-01-07,1,-10.120189666748047,106.55400085449219,STRICT/PASS
RACE25,C0_DIRECT_H34,2026-01-07,2,2.275843858718872,24.090999603271484,STRICT/PASS
RACE25,C0_DIRECT_H34,2026-01-07,3,19.5614070892334,213.4929962158203,STRICT/PASS
RACE25,C0_DIRECT_H34,2026-01-07,4,14.836523056030273,173.3179931640625,STRICT/PASS
RACE25,C0_DIRECT_H34,2026-01-07,5,5.558642864227295,200.0,STRICT/PASS
RACE25,C0_DIRECT_H34,2026-01-07,6,40.72037124633789,190.0229949951172,STRICT/PASS
RACE25,C0_DIRECT_H34,2026-01-07,7,16.489534378051758,69.12200164794922,STRICT/PASS
RACE25,C0_DIRECT_H34,2026-01-07,8,5.502503395080566,9.463000297546387,STRICT/PASS
RACE25,C0_DIRECT_H34,2026-01-07,9,3.6574184894561768,-105.63899993896484,STRICT/PASS
RACE25,C0_DIRECT_H34,2026-01-07,10,43.24129104614258,112.78800201416016,STRICT/PASS
RACE25,C0_DIRECT_H34,2026-01-07,11,47.567935943603516,174.3000030517578,STRICT/PASS
RACE25,C0_DIRECT_H34,2026-01-07,12,61.03412628173828,95.20500183105469,STRICT/PASS
RACE25,C0_DIRECT_H34,2026-01-07,13,69.61769104003906,137.5,STRICT/PASS
RACE25,C0_DIRECT_H34,2026-01-07,14,65.99810028076172,110.08999633789062,STRICT/PASS
RACE25,C0_DIRECT_H34,2026-01-07,15,77.3718490600586,210.16900634765625,STRICT/PASS
RACE25,C0_DIRECT_H34,2026-01-07,16,54.67671203613281,10.347000122070312,STRICT/PASS
RACE25,C0_DIRECT_H34,2026-01-07,17,20.8660831451416,-69.67900085449219,STRICT/PASS
RACE25,C0_DIRECT_H34,2026-01-07,18,41.840545654296875,-42.09299850463867,STRICT/PASS
RACE25,C0_DIRECT_H34,2026-01-07,19,56.68475341796875,-58.79499816894531,STRICT/PASS
RACE25,C0_DIRECT_H34,2026-01-07,20,60.371238708496094,-57.23500061035156,STRICT/PASS
RACE25,C0_DIRECT_H34,2026-01-07,21,67.72703552246094,-59.507999420166016,STRICT/PASS
RACE25,C0_DIRECT_H34,2026-01-07,22,40.44744873046875,-56.707000732421875,STRICT/PASS
RACE25,C0_DIRECT_H34,2026-01-07,23,45.43648910522461,-75.21499633789062,STRICT/PASS
RACE25,C0_DIRECT_H34,2026-01-07,24,42.690921783447266,-82.80000305175781,STRICT/PASS
RACE25,L1_D24_MAE_BRIDGE025,2026-01-17,1,-114.47119140625,-149.68699645996094,STRICT/PASS
RACE25,L1_D24_MAE_BRIDGE025,2026-01-17,2,-77.32907104492188,-141.3000030517578,STRICT/PASS
RACE25,L1_D24_MAE_BRIDGE025,2026-01-17,3,-77.22412872314453,-141.55799865722656,STRICT/PASS
RACE25,L1_D24_MAE_BRIDGE025,2026-01-17,4,-111.88668823242188,-163.53599548339844,STRICT/PASS
RACE25,L1_D24_MAE_BRIDGE025,2026-01-17,5,-66.81526184082031,-157.72799682617188,STRICT/PASS
RACE25,L1_D24_MAE_BRIDGE025,2026-01-17,6,-77.86520385742188,-88.30899810791016,STRICT/PASS
RACE25,L1_D24_MAE_BRIDGE025,2026-01-17,7,-59.156776428222656,-80.68299865722656,STRICT/PASS
RACE25,L1_D24_MAE_BRIDGE025,2026-01-17,8,-53.77848434448242,100.44000244140625,STRICT/PASS
RACE25,L1_D24_MAE_BRIDGE025,2026-01-17,9,-71.34475708007812,19.98699951171875,STRICT/PASS
RACE25,L1_D24_MAE_BRIDGE025,2026-01-17,10,-49.74601364135742,146.07200622558594,STRICT/PASS
RACE25,L1_D24_MAE_BRIDGE025,2026-01-17,11,-40.65843963623047,124.11199951171875,STRICT/PASS
RACE25,L1_D24_MAE_BRIDGE025,2026-01-17,12,6.762170791625977,39.9109992980957,STRICT/PASS
RACE25,L1_D24_MAE_BRIDGE025,2026-01-17,13,-25.070098876953125,-32.97700119018555,STRICT/PASS
RACE25,L1_D24_MAE_BRIDGE025,2026-01-17,14,-8.145397186279297,-164.95799255371094,STRICT/PASS
RACE25,L1_D24_MAE_BRIDGE025,2026-01-17,15,16.623645782470703,-191.6699981689453,STRICT/PASS
RACE25,L1_D24_MAE_BRIDGE025,2026-01-17,16,-8.213388442993164,-214.22000122070312,STRICT/PASS
RACE25,L1_D24_MAE_BRIDGE025,2026-01-17,17,-23.88349151611328,-130.52499389648438,STRICT/PASS
RACE25,L1_D24_MAE_BRIDGE025,2026-01-17,18,-12.24936294555664,-223.37600708007812,STRICT/PASS
RACE25,L1_D24_MAE_BRIDGE025,2026-01-17,19,-38.21452713012695,-200.99099731445312,STRICT/PASS
RACE25,L1_D24_MAE_BRIDGE025,2026-01-17,20,-44.36176300048828,-176.64700317382812,STRICT/PASS
RACE25,L1_D24_MAE_BRIDGE025,2026-01-17,21,-26.52362060546875,-172.88499450683594,STRICT/PASS
RACE25,L1_D24_MAE_BRIDGE025,2026-01-17,22,-47.59880447387695,-177.97500610351562,STRICT/PASS
RACE25,L1_D24_MAE_BRIDGE025,2026-01-17,23,-46.459556579589844,-204.8699951171875,STRICT/PASS
RACE25,L1_D24_MAE_BRIDGE025,2026-01-17,24,-3.7116336822509766,-207.04600524902344,STRICT/PASS
RACE25,C0_DIRECT_H34,2026-01-17,1,-134.49415588378906,-149.68699645996094,STRICT/PASS
RACE25,C0_DIRECT_H34,2026-01-17,2,-87.24121856689453,-141.3000030517578,STRICT/PASS
RACE25,C0_DIRECT_H34,2026-01-17,3,-91.30673217773438,-141.55799865722656,STRICT/PASS
RACE25,C0_DIRECT_H34,2026-01-17,4,-124.60848999023438,-163.53599548339844,STRICT/PASS
RACE25,C0_DIRECT_H34,2026-01-17,5,-87.07254028320312,-157.72799682617188,STRICT/PASS
RACE25,C0_DIRECT_H34,2026-01-17,6,-101.22232818603516,-88.30899810791016,STRICT/PASS
RACE25,C0_DIRECT_H34,2026-01-17,7,-76.15778350830078,-80.68299865722656,STRICT/PASS
RACE25,C0_DIRECT_H34,2026-01-17,8,-61.597537994384766,100.44000244140625,STRICT/PASS
RACE25,C0_DIRECT_H34,2026-01-17,9,-82.71131896972656,19.98699951171875,STRICT/PASS
RACE25,C0_DIRECT_H34,2026-01-17,10,-68.69886779785156,146.07200622558594,STRICT/PASS
RACE25,C0_DIRECT_H34,2026-01-17,11,-76.28215026855469,124.11199951171875,STRICT/PASS
RACE25,C0_DIRECT_H34,2026-01-17,12,-50.23943328857422,39.9109992980957,STRICT/PASS
RACE25,C0_DIRECT_H34,2026-01-17,13,-80.91813659667969,-32.97700119018555,STRICT/PASS
RACE25,C0_DIRECT_H34,2026-01-17,14,-77.26107788085938,-164.95799255371094,STRICT/PASS
RACE25,C0_DIRECT_H34,2026-01-17,15,-38.52479553222656,-191.6699981689453,STRICT/PASS
RACE25,C0_DIRECT_H34,2026-01-17,16,-66.5616226196289,-214.22000122070312,STRICT/PASS
RACE25,C0_DIRECT_H34,2026-01-17,17,-71.73002624511719,-130.52499389648438,STRICT/PASS
RACE25,C0_DIRECT_H34,2026-01-17,18,-71.67074584960938,-223.37600708007812,STRICT/PASS
RACE25,C0_DIRECT_H34,2026-01-17,19,-60.14571762084961,-200.99099731445312,STRICT/PASS
RACE25,C0_DIRECT_H34,2026-01-17,20,-66.0776138305664,-176.64700317382812,STRICT/PASS
RACE25,C0_DIRECT_H34,2026-01-17,21,-46.46281433105469,-172.88499450683594,STRICT/PASS
RACE25,C0_DIRECT_H34,2026-01-17,22,-74.18375396728516,-177.97500610351562,STRICT/PASS
RACE25,C0_DIRECT_H34,2026-01-17,23,-56.50908660888672,-204.8699951171875,STRICT/PASS
RACE25,C0_DIRECT_H34,2026-01-17,24,-52.336578369140625,-207.04600524902344,STRICT/PASS
RACE25,L1_D24_MAE_BRIDGE025,2026-01-19,1,98.76190185546875,68.84100341796875,STRICT/PASS
RACE25,L1_D24_MAE_BRIDGE025,2026-01-19,2,130.56492614746094,-199.33999633789062,STRICT/PASS
RACE25,L1_D24_MAE_BRIDGE025,2026-01-19,3,76.83566284179688,49.805999755859375,STRICT/PASS
RACE25,L1_D24_MAE_BRIDGE025,2026-01-19,4,105.1779556274414,-132.02999877929688,STRICT/PASS
RACE25,L1_D24_MAE_BRIDGE025,2026-01-19,5,113.0429916381836,-318.78900146484375,STRICT/PASS
RACE25,L1_D24_MAE_BRIDGE025,2026-01-19,6,133.6179656982422,-332.031005859375,STRICT/PASS
RACE25,L1_D24_MAE_BRIDGE025,2026-01-19,7,159.9928741455078,-22.18600082397461,STRICT/PASS
RACE25,L1_D24_MAE_BRIDGE025,2026-01-19,8,116.06468200683594,93.73600006103516,STRICT/PASS
RACE25,L1_D24_MAE_BRIDGE025,2026-01-19,9,83.31782531738281,-157.45799255371094,STRICT/PASS
RACE25,L1_D24_MAE_BRIDGE025,2026-01-19,10,117.04598236083984,-202.63999938964844,STRICT/PASS
RACE25,L1_D24_MAE_BRIDGE025,2026-01-19,11,165.0238800048828,-202.79200744628906,STRICT/PASS
RACE25,L1_D24_MAE_BRIDGE025,2026-01-19,12,142.05386352539062,-286.35400390625,STRICT/PASS
RACE25,L1_D24_MAE_BRIDGE025,2026-01-19,13,169.59812927246094,-264.010986328125,STRICT/PASS
RACE25,L1_D24_MAE_BRIDGE025,2026-01-19,14,153.2610321044922,-193.33700561523438,STRICT/PASS
RACE25,L1_D24_MAE_BRIDGE025,2026-01-19,15,194.92005920410156,-199.33099365234375,STRICT/PASS
RACE25,L1_D24_MAE_BRIDGE025,2026-01-19,16,180.23228454589844,-140.21400451660156,STRICT/PASS
RACE25,L1_D24_MAE_BRIDGE025,2026-01-19,17,189.87425231933594,9.12600040435791,STRICT/PASS
RACE25,L1_D24_MAE_BRIDGE025,2026-01-19,18,131.8857421875,44.808998107910156,STRICT/PASS
RACE25,L1_D24_MAE_BRIDGE025,2026-01-19,19,138.34213256835938,57.31800079345703,STRICT/PASS
RACE25,L1_D24_MAE_BRIDGE025,2026-01-19,20,155.70472717285156,118.39199829101562,STRICT/PASS
RACE25,L1_D24_MAE_BRIDGE025,2026-01-19,21,138.85964965820312,-79.05999755859375,STRICT/PASS
RACE25,L1_D24_MAE_BRIDGE025,2026-01-19,22,132.74362182617188,17.082000732421875,STRICT/PASS
RACE25,L1_D24_MAE_BRIDGE025,2026-01-19,23,158.51651000976562,-32.332000732421875,STRICT/PASS
RACE25,L1_D24_MAE_BRIDGE025,2026-01-19,24,184.43466186523438,15.67199993133545,STRICT/PASS
RACE25,C0_DIRECT_H34,2026-01-19,1,65.49180603027344,68.84100341796875,STRICT/PASS
RACE25,C0_DIRECT_H34,2026-01-19,2,99.21106719970703,-199.33999633789062,STRICT/PASS
RACE25,C0_DIRECT_H34,2026-01-19,3,45.62770462036133,49.805999755859375,STRICT/PASS
RACE25,C0_DIRECT_H34,2026-01-19,4,70.60317993164062,-132.02999877929688,STRICT/PASS
RACE25,C0_DIRECT_H34,2026-01-19,5,83.26539611816406,-318.78900146484375,STRICT/PASS
RACE25,C0_DIRECT_H34,2026-01-19,6,108.26610565185547,-332.031005859375,STRICT/PASS
RACE25,C0_DIRECT_H34,2026-01-19,7,133.88247680664062,-22.18600082397461,STRICT/PASS
RACE25,C0_DIRECT_H34,2026-01-19,8,98.59347534179688,93.73600006103516,STRICT/PASS
RACE25,C0_DIRECT_H34,2026-01-19,9,70.02510833740234,-157.45799255371094,STRICT/PASS
RACE25,C0_DIRECT_H34,2026-01-19,10,108.07416534423828,-202.63999938964844,STRICT/PASS
RACE25,C0_DIRECT_H34,2026-01-19,11,153.50479125976562,-202.79200744628906,STRICT/PASS
RACE25,C0_DIRECT_H34,2026-01-19,12,113.0694808959961,-286.35400390625,STRICT/PASS
RACE25,C0_DIRECT_H34,2026-01-19,13,149.2038116455078,-264.010986328125,STRICT/PASS
RACE25,C0_DIRECT_H34,2026-01-19,14,132.59817504882812,-193.33700561523438,STRICT/PASS
RACE25,C0_DIRECT_H34,2026-01-19,15,170.08660888671875,-199.33099365234375,STRICT/PASS
RACE25,C0_DIRECT_H34,2026-01-19,16,148.78033447265625,-140.21400451660156,STRICT/PASS
RACE25,C0_DIRECT_H34,2026-01-19,17,168.8275146484375,9.12600040435791,STRICT/PASS
RACE25,C0_DIRECT_H34,2026-01-19,18,92.77864837646484,44.808998107910156,STRICT/PASS
RACE25,C0_DIRECT_H34,2026-01-19,19,123.9314193725586,57.31800079345703,STRICT/PASS
RACE25,C0_DIRECT_H34,2026-01-19,20,124.08699798583984,118.39199829101562,STRICT/PASS
RACE25,C0_DIRECT_H34,2026-01-19,21,121.66679382324219,-79.05999755859375,STRICT/PASS
RACE25,C0_DIRECT_H34,2026-01-19,22,95.91747283935547,17.082000732421875,STRICT/PASS
RACE25,C0_DIRECT_H34,2026-01-19,23,132.9111785888672,-32.332000732421875,STRICT/PASS
RACE25,C0_DIRECT_H34,2026-01-19,24,165.2105255126953,15.67199993133545,STRICT/PASS
RACE25,L1_D24_MAE_BRIDGE025,2026-01-31,1,-89.50920104980469,49.347999572753906,STRICT/PASS
RACE25,L1_D24_MAE_BRIDGE025,2026-01-31,2,-62.6804084777832,47.808998107910156,STRICT/PASS
RACE25,L1_D24_MAE_BRIDGE025,2026-01-31,3,-93.67896270751953,22.2450008392334,STRICT/PASS
RACE25,L1_D24_MAE_BRIDGE025,2026-01-31,4,-94.24909973144531,23.861000061035156,STRICT/PASS
RACE25,L1_D24_MAE_BRIDGE025,2026-01-31,5,-81.88932037353516,29.42799949645996,STRICT/PASS
RACE25,L1_D24_MAE_BRIDGE025,2026-01-31,6,-77.26318359375,12.951000213623047,STRICT/PASS
RACE25,L1_D24_MAE_BRIDGE025,2026-01-31,7,-78.59850311279297,62.59299850463867,STRICT/PASS
RACE25,L1_D24_MAE_BRIDGE025,2026-01-31,8,-78.30941772460938,39.06700134277344,STRICT/PASS
RACE25,L1_D24_MAE_BRIDGE025,2026-01-31,9,-54.546661376953125,39.49399948120117,STRICT/PASS
RACE25,L1_D24_MAE_BRIDGE025,2026-01-31,10,-39.970577239990234,9.800000190734863,STRICT/PASS
RACE25,L1_D24_MAE_BRIDGE025,2026-01-31,11,-38.01903533935547,25.28700065612793,STRICT/PASS
RACE25,L1_D24_MAE_BRIDGE025,2026-01-31,12,-54.600311279296875,-34.60599899291992,STRICT/PASS
RACE25,L1_D24_MAE_BRIDGE025,2026-01-31,13,-39.58357238769531,-107.31900024414062,STRICT/PASS
RACE25,L1_D24_MAE_BRIDGE025,2026-01-31,14,-61.575927734375,-101.21800231933594,STRICT/PASS
RACE25,L1_D24_MAE_BRIDGE025,2026-01-31,15,-34.3072509765625,-93.05400085449219,STRICT/PASS
RACE25,L1_D24_MAE_BRIDGE025,2026-01-31,16,-50.56362533569336,-51.72100067138672,STRICT/PASS
RACE25,L1_D24_MAE_BRIDGE025,2026-01-31,17,-37.419586181640625,41.70100021362305,STRICT/PASS
RACE25,L1_D24_MAE_BRIDGE025,2026-01-31,18,-25.920820236206055,57.582000732421875,STRICT/PASS
RACE25,L1_D24_MAE_BRIDGE025,2026-01-31,19,-49.88263702392578,53.09299850463867,STRICT/PASS
RACE25,L1_D24_MAE_BRIDGE025,2026-01-31,20,-35.64069366455078,49.49300003051758,STRICT/PASS
RACE25,L1_D24_MAE_BRIDGE025,2026-01-31,21,-36.334293365478516,55.5359992980957,STRICT/PASS
RACE25,L1_D24_MAE_BRIDGE025,2026-01-31,22,-39.41597366333008,50.76900100708008,STRICT/PASS
RACE25,L1_D24_MAE_BRIDGE025,2026-01-31,23,-44.66840744018555,48.91999816894531,STRICT/PASS
RACE25,L1_D24_MAE_BRIDGE025,2026-01-31,24,-41.55509948730469,39.96799850463867,STRICT/PASS
RACE25,C0_DIRECT_H34,2026-01-31,1,-143.37327575683594,49.347999572753906,STRICT/PASS
RACE25,C0_DIRECT_H34,2026-01-31,2,-114.98300170898438,47.808998107910156,STRICT/PASS
RACE25,C0_DIRECT_H34,2026-01-31,3,-132.5508270263672,22.2450008392334,STRICT/PASS
RACE25,C0_DIRECT_H34,2026-01-31,4,-136.1032257080078,23.861000061035156,STRICT/PASS
RACE25,C0_DIRECT_H34,2026-01-31,5,-124.6317138671875,29.42799949645996,STRICT/PASS
RACE25,C0_DIRECT_H34,2026-01-31,6,-116.6098403930664,12.951000213623047,STRICT/PASS
RACE25,C0_DIRECT_H34,2026-01-31,7,-119.7250747680664,62.59299850463867,STRICT/PASS
RACE25,C0_DIRECT_H34,2026-01-31,8,-124.62342071533203,39.06700134277344,STRICT/PASS
RACE25,C0_DIRECT_H34,2026-01-31,9,-91.54906463623047,39.49399948120117,STRICT/PASS
RACE25,C0_DIRECT_H34,2026-01-31,10,-96.0736312866211,9.800000190734863,STRICT/PASS
RACE25,C0_DIRECT_H34,2026-01-31,11,-72.30194854736328,25.28700065612793,STRICT/PASS
RACE25,C0_DIRECT_H34,2026-01-31,12,-85.20289611816406,-34.60599899291992,STRICT/PASS
RACE25,C0_DIRECT_H34,2026-01-31,13,-63.23649215698242,-107.31900024414062,STRICT/PASS
RACE25,C0_DIRECT_H34,2026-01-31,14,-90.88496398925781,-101.21800231933594,STRICT/PASS
RACE25,C0_DIRECT_H34,2026-01-31,15,-70.39350128173828,-93.05400085449219,STRICT/PASS
RACE25,C0_DIRECT_H34,2026-01-31,16,-105.33978271484375,-51.72100067138672,STRICT/PASS
RACE25,C0_DIRECT_H34,2026-01-31,17,-90.38780975341797,41.70100021362305,STRICT/PASS
RACE25,C0_DIRECT_H34,2026-01-31,18,-83.75823974609375,57.582000732421875,STRICT/PASS
RACE25,C0_DIRECT_H34,2026-01-31,19,-102.48821258544922,53.09299850463867,STRICT/PASS
RACE25,C0_DIRECT_H34,2026-01-31,20,-95.35469818115234,49.49300003051758,STRICT/PASS
RACE25,C0_DIRECT_H34,2026-01-31,21,-102.01081085205078,55.5359992980957,STRICT/PASS
RACE25,C0_DIRECT_H34,2026-01-31,22,-96.08381652832031,50.76900100708008,STRICT/PASS
RACE25,C0_DIRECT_H34,2026-01-31,23,-102.47378540039062,48.91999816894531,STRICT/PASS
RACE25,C0_DIRECT_H34,2026-01-31,24,-100.5487060546875,39.96799850463867,STRICT/PASS
RACE25,L1_D24_MAE_BRIDGE025,2026-02-08,1,30.581886291503906,-16.06399917602539,STRICT/PASS
RACE25,L1_D24_MAE_BRIDGE025,2026-02-08,2,32.08742904663086,0.49900001287460327,STRICT/PASS
RACE25,L1_D24_MAE_BRIDGE025,2026-02-08,3,20.837446212768555,-7.4770002365112305,STRICT/PASS
RACE25,L1_D24_MAE_BRIDGE025,2026-02-08,4,33.707759857177734,9.4350004196167,STRICT/PASS
RACE25,L1_D24_MAE_BRIDGE025,2026-02-08,5,26.84339141845703,11.494000434875488,STRICT/PASS
RACE25,L1_D24_MAE_BRIDGE025,2026-02-08,6,37.28981399536133,48.191001892089844,STRICT/PASS
RACE25,L1_D24_MAE_BRIDGE025,2026-02-08,7,39.70120620727539,-2.0959999561309814,STRICT/PASS
RACE25,L1_D24_MAE_BRIDGE025,2026-02-08,8,41.812740325927734,-18.798999786376953,STRICT/PASS
RACE25,L1_D24_MAE_BRIDGE025,2026-02-08,9,34.487754821777344,166.91099548339844,STRICT/PASS
RACE25,L1_D24_MAE_BRIDGE025,2026-02-08,10,45.292503356933594,165.0,STRICT/PASS
RACE25,L1_D24_MAE_BRIDGE025,2026-02-08,11,31.36910057067871,46.125,STRICT/PASS
RACE25,L1_D24_MAE_BRIDGE025,2026-02-08,12,36.766239166259766,29.5,STRICT/PASS
RACE25,L1_D24_MAE_BRIDGE025,2026-02-08,13,34.32701873779297,38.0,STRICT/PASS
RACE25,L1_D24_MAE_BRIDGE025,2026-02-08,14,28.03400421142578,37.0,STRICT/PASS
RACE25,L1_D24_MAE_BRIDGE025,2026-02-08,15,30.710071563720703,36.0,STRICT/PASS
RACE25,L1_D24_MAE_BRIDGE025,2026-02-08,16,16.498037338256836,109.0,STRICT/PASS
RACE25,L1_D24_MAE_BRIDGE025,2026-02-08,17,26.06489372253418,219.02999877929688,STRICT/PASS
RACE25,L1_D24_MAE_BRIDGE025,2026-02-08,18,54.062076568603516,63.79100036621094,STRICT/PASS
RACE25,L1_D24_MAE_BRIDGE025,2026-02-08,19,51.210872650146484,91.45099639892578,STRICT/PASS
RACE25,L1_D24_MAE_BRIDGE025,2026-02-08,20,43.93301773071289,44.862998962402344,STRICT/PASS
RACE25,L1_D24_MAE_BRIDGE025,2026-02-08,21,34.69283676147461,64.70800018310547,STRICT/PASS
RACE25,L1_D24_MAE_BRIDGE025,2026-02-08,22,43.547183990478516,3.5490000247955322,STRICT/PASS
RACE25,L1_D24_MAE_BRIDGE025,2026-02-08,23,38.2647705078125,-39.53499984741211,STRICT/PASS
RACE25,L1_D24_MAE_BRIDGE025,2026-02-08,24,41.527069091796875,108.33899688720703,STRICT/PASS
RACE25,C0_DIRECT_H34,2026-02-08,1,11.838029861450195,-16.06399917602539,STRICT/PASS
RACE25,C0_DIRECT_H34,2026-02-08,2,15.867846488952637,0.49900001287460327,STRICT/PASS
RACE25,C0_DIRECT_H34,2026-02-08,3,17.076696395874023,-7.4770002365112305,STRICT/PASS
RACE25,C0_DIRECT_H34,2026-02-08,4,31.38963508605957,9.4350004196167,STRICT/PASS
RACE25,C0_DIRECT_H34,2026-02-08,5,28.365964889526367,11.494000434875488,STRICT/PASS
RACE25,C0_DIRECT_H34,2026-02-08,6,39.14146423339844,48.191001892089844,STRICT/PASS
RACE25,C0_DIRECT_H34,2026-02-08,7,48.77740478515625,-2.0959999561309814,STRICT/PASS
RACE25,C0_DIRECT_H34,2026-02-08,8,42.285221099853516,-18.798999786376953,STRICT/PASS
RACE25,C0_DIRECT_H34,2026-02-08,9,27.64493751525879,166.91099548339844,STRICT/PASS
RACE25,C0_DIRECT_H34,2026-02-08,10,38.58728790283203,165.0,STRICT/PASS
RACE25,C0_DIRECT_H34,2026-02-08,11,30.249731063842773,46.125,STRICT/PASS
RACE25,C0_DIRECT_H34,2026-02-08,12,32.51427459716797,29.5,STRICT/PASS
RACE25,C0_DIRECT_H34,2026-02-08,13,33.43077087402344,38.0,STRICT/PASS
RACE25,C0_DIRECT_H34,2026-02-08,14,23.942747116088867,37.0,STRICT/PASS
RACE25,C0_DIRECT_H34,2026-02-08,15,25.14792251586914,36.0,STRICT/PASS
RACE25,C0_DIRECT_H34,2026-02-08,16,9.86474895477295,109.0,STRICT/PASS
RACE25,C0_DIRECT_H34,2026-02-08,17,19.91211700439453,219.02999877929688,STRICT/PASS
RACE25,C0_DIRECT_H34,2026-02-08,18,34.34442901611328,63.79100036621094,STRICT/PASS
RACE25,C0_DIRECT_H34,2026-02-08,19,39.17411804199219,91.45099639892578,STRICT/PASS
RACE25,C0_DIRECT_H34,2026-02-08,20,37.17689895629883,44.862998962402344,STRICT/PASS
RACE25,C0_DIRECT_H34,2026-02-08,21,27.571563720703125,64.70800018310547,STRICT/PASS
RACE25,C0_DIRECT_H34,2026-02-08,22,38.96259689331055,3.5490000247955322,STRICT/PASS
RACE25,C0_DIRECT_H34,2026-02-08,23,37.298160552978516,-39.53499984741211,STRICT/PASS
RACE25,C0_DIRECT_H34,2026-02-08,24,36.693355560302734,108.33899688720703,STRICT/PASS
RACE25,L1_D24_MAE_BRIDGE025,2026-02-09,1,11.578328132629395,237.2760009765625,STRICT/PASS
RACE25,L1_D24_MAE_BRIDGE025,2026-02-09,2,20.31789779663086,280.20001220703125,STRICT/PASS
RACE25,L1_D24_MAE_BRIDGE025,2026-02-09,3,26.370134353637695,245.0,STRICT/PASS
RACE25,L1_D24_MAE_BRIDGE025,2026-02-09,4,20.775962829589844,259.0,STRICT/PASS
RACE25,L1_D24_MAE_BRIDGE025,2026-02-09,5,11.462876319885254,235.0,STRICT/PASS
RACE25,L1_D24_MAE_BRIDGE025,2026-02-09,6,10.335150718688965,233.5,STRICT/PASS
RACE25,L1_D24_MAE_BRIDGE025,2026-02-09,7,27.328813552856445,230.0,STRICT/PASS
RACE25,L1_D24_MAE_BRIDGE025,2026-02-09,8,16.358644485473633,105.44200134277344,STRICT/PASS
RACE25,L1_D24_MAE_BRIDGE025,2026-02-09,9,5.287659168243408,176.802001953125,STRICT/PASS
RACE25,L1_D24_MAE_BRIDGE025,2026-02-09,10,48.75363540649414,130.0,STRICT/PASS
RACE25,L1_D24_MAE_BRIDGE025,2026-02-09,11,64.32837677001953,70.3949966430664,STRICT/PASS
RACE25,L1_D24_MAE_BRIDGE025,2026-02-09,12,78.90499114990234,64.31500244140625,STRICT/PASS
RACE25,L1_D24_MAE_BRIDGE025,2026-02-09,13,78.35964965820312,66.42500305175781,STRICT/PASS
RACE25,L1_D24_MAE_BRIDGE025,2026-02-09,14,70.91502380371094,108.38500213623047,STRICT/PASS
RACE25,L1_D24_MAE_BRIDGE025,2026-02-09,15,57.51980209350586,180.0,STRICT/PASS
RACE25,L1_D24_MAE_BRIDGE025,2026-02-09,16,14.157903671264648,320.4800109863281,STRICT/PASS
RACE25,L1_D24_MAE_BRIDGE025,2026-02-09,17,7.478677272796631,38.154998779296875,STRICT/PASS
RACE25,L1_D24_MAE_BRIDGE025,2026-02-09,18,17.38628578186035,139.81100463867188,STRICT/PASS
RACE25,L1_D24_MAE_BRIDGE025,2026-02-09,19,22.62565803527832,35.44599914550781,STRICT/PASS
RACE25,L1_D24_MAE_BRIDGE025,2026-02-09,20,56.71976852416992,48.92300033569336,STRICT/PASS
RACE25,L1_D24_MAE_BRIDGE025,2026-02-09,21,69.92835998535156,51.42599868774414,STRICT/PASS
RACE25,L1_D24_MAE_BRIDGE025,2026-02-09,22,51.985111236572266,-9.781999588012695,STRICT/PASS
RACE25,L1_D24_MAE_BRIDGE025,2026-02-09,23,32.43246078491211,-7.396999835968018,STRICT/PASS
RACE25,L1_D24_MAE_BRIDGE025,2026-02-09,24,33.02191162109375,-77.33300018310547,STRICT/PASS
RACE25,C0_DIRECT_H34,2026-02-09,1,31.087276458740234,237.2760009765625,STRICT/PASS
RACE25,C0_DIRECT_H34,2026-02-09,2,47.179866790771484,280.20001220703125,STRICT/PASS
RACE25,C0_DIRECT_H34,2026-02-09,3,39.79194259643555,245.0,STRICT/PASS
RACE25,C0_DIRECT_H34,2026-02-09,4,39.59571838378906,259.0,STRICT/PASS
RACE25,C0_DIRECT_H34,2026-02-09,5,37.17231750488281,235.0,STRICT/PASS
RACE25,C0_DIRECT_H34,2026-02-09,6,35.40473937988281,233.5,STRICT/PASS
RACE25,C0_DIRECT_H34,2026-02-09,7,48.062416076660156,230.0,STRICT/PASS
RACE25,C0_DIRECT_H34,2026-02-09,8,48.66654968261719,105.44200134277344,STRICT/PASS
RACE25,C0_DIRECT_H34,2026-02-09,9,32.0402946472168,176.802001953125,STRICT/PASS
RACE25,C0_DIRECT_H34,2026-02-09,10,64.80848693847656,130.0,STRICT/PASS
RACE25,C0_DIRECT_H34,2026-02-09,11,61.477046966552734,70.3949966430664,STRICT/PASS
RACE25,C0_DIRECT_H34,2026-02-09,12,78.95978546142578,64.31500244140625,STRICT/PASS
RACE25,C0_DIRECT_H34,2026-02-09,13,64.8747787475586,66.42500305175781,STRICT/PASS
RACE25,C0_DIRECT_H34,2026-02-09,14,67.9781723022461,108.38500213623047,STRICT/PASS
RACE25,C0_DIRECT_H34,2026-02-09,15,57.6862907409668,180.0,STRICT/PASS
RACE25,C0_DIRECT_H34,2026-02-09,16,51.01604080200195,320.4800109863281,STRICT/PASS
RACE25,C0_DIRECT_H34,2026-02-09,17,39.926246643066406,38.154998779296875,STRICT/PASS
RACE25,C0_DIRECT_H34,2026-02-09,18,61.40623474121094,139.81100463867188,STRICT/PASS
RACE25,C0_DIRECT_H34,2026-02-09,19,67.57061767578125,35.44599914550781,STRICT/PASS
RACE25,C0_DIRECT_H34,2026-02-09,20,94.52191162109375,48.92300033569336,STRICT/PASS
RACE25,C0_DIRECT_H34,2026-02-09,21,103.09048461914062,51.42599868774414,STRICT/PASS
RACE25,C0_DIRECT_H34,2026-02-09,22,80.78797149658203,-9.781999588012695,STRICT/PASS
RACE25,C0_DIRECT_H34,2026-02-09,23,70.72013854980469,-7.396999835968018,STRICT/PASS
RACE25,C0_DIRECT_H34,2026-02-09,24,64.2679443359375,-77.33300018310547,STRICT/PASS
RACE25,L1_D24_MAE_BRIDGE025,2026-02-12,1,-17.190227508544922,27.7810001373291,STRICT/PASS
RACE25,L1_D24_MAE_BRIDGE025,2026-02-12,2,-18.3670597076416,157.01300048828125,STRICT/PASS
RACE25,L1_D24_MAE_BRIDGE025,2026-02-12,3,-9.480230331420898,-118.37699890136719,STRICT/PASS
RACE25,L1_D24_MAE_BRIDGE025,2026-02-12,4,-13.612439155578613,216.13499450683594,STRICT/PASS
RACE25,L1_D24_MAE_BRIDGE025,2026-02-12,5,-30.69815444946289,-56.5359992980957,STRICT/PASS
RACE25,L1_D24_MAE_BRIDGE025,2026-02-12,6,-17.902488708496094,190.5019989013672,STRICT/PASS
RACE25,L1_D24_MAE_BRIDGE025,2026-02-12,7,-0.8678036332130432,281.2130126953125,STRICT/PASS
RACE25,L1_D24_MAE_BRIDGE025,2026-02-12,8,-6.199140548706055,132.31700134277344,STRICT/PASS
RACE25,L1_D24_MAE_BRIDGE025,2026-02-12,9,-15.535459518432617,94.67500305175781,STRICT/PASS
RACE25,L1_D24_MAE_BRIDGE025,2026-02-12,10,-4.754575729370117,23.399999618530273,STRICT/PASS
RACE25,L1_D24_MAE_BRIDGE025,2026-02-12,11,-22.31832504272461,10.0,STRICT/PASS
RACE25,L1_D24_MAE_BRIDGE025,2026-02-12,12,-14.284947395324707,17.375,STRICT/PASS
RACE25,L1_D24_MAE_BRIDGE025,2026-02-12,13,-13.356316566467285,10.0,STRICT/PASS
RACE25,L1_D24_MAE_BRIDGE025,2026-02-12,14,-7.402416229248047,10.0,STRICT/PASS
RACE25,L1_D24_MAE_BRIDGE025,2026-02-12,15,-22.874378204345703,10.0,STRICT/PASS
RACE25,L1_D24_MAE_BRIDGE025,2026-02-12,16,-24.73496437072754,69.5,STRICT/PASS
RACE25,L1_D24_MAE_BRIDGE025,2026-02-12,17,-39.9967041015625,164.45399475097656,STRICT/PASS
RACE25,L1_D24_MAE_BRIDGE025,2026-02-12,18,-20.1131649017334,78.25499725341797,STRICT/PASS
RACE25,L1_D24_MAE_BRIDGE025,2026-02-12,19,-20.82940673828125,26.621000289916992,STRICT/PASS
RACE25,L1_D24_MAE_BRIDGE025,2026-02-12,20,-22.4371395111084,140.1479949951172,STRICT/PASS
RACE25,L1_D24_MAE_BRIDGE025,2026-02-12,21,-23.440265655517578,19.628000259399414,STRICT/PASS
RACE25,L1_D24_MAE_BRIDGE025,2026-02-12,22,-17.81285285949707,118.18199920654297,STRICT/PASS
RACE25,L1_D24_MAE_BRIDGE025,2026-02-12,23,-3.919142007827759,91.33499908447266,STRICT/PASS
RACE25,L1_D24_MAE_BRIDGE025,2026-02-12,24,0.09632889181375504,58.04499816894531,STRICT/PASS
RACE25,C0_DIRECT_H34,2026-02-12,1,-3.352815866470337,27.7810001373291,STRICT/PASS
RACE25,C0_DIRECT_H34,2026-02-12,2,1.0700011253356934,157.01300048828125,STRICT/PASS
RACE25,C0_DIRECT_H34,2026-02-12,3,7.623682022094727,-118.37699890136719,STRICT/PASS
RACE25,C0_DIRECT_H34,2026-02-12,4,0.8799199461936951,216.13499450683594,STRICT/PASS
RACE25,C0_DIRECT_H34,2026-02-12,5,-11.673704147338867,-56.5359992980957,STRICT/PASS
RACE25,C0_DIRECT_H34,2026-02-12,6,-5.0299601554870605,190.5019989013672,STRICT/PASS
RACE25,C0_DIRECT_H34,2026-02-12,7,11.45370101928711,281.2130126953125,STRICT/PASS
RACE25,C0_DIRECT_H34,2026-02-12,8,11.084628105163574,132.31700134277344,STRICT/PASS
RACE25,C0_DIRECT_H34,2026-02-12,9,6.7056474685668945,94.67500305175781,STRICT/PASS
RACE25,C0_DIRECT_H34,2026-02-12,10,16.545207977294922,23.399999618530273,STRICT/PASS
RACE25,C0_DIRECT_H34,2026-02-12,11,-2.105639696121216,10.0,STRICT/PASS
RACE25,C0_DIRECT_H34,2026-02-12,12,5.040104389190674,17.375,STRICT/PASS
RACE25,C0_DIRECT_H34,2026-02-12,13,5.64409065246582,10.0,STRICT/PASS
RACE25,C0_DIRECT_H34,2026-02-12,14,0.1301719695329666,10.0,STRICT/PASS
RACE25,C0_DIRECT_H34,2026-02-12,15,2.944056272506714,10.0,STRICT/PASS
RACE25,C0_DIRECT_H34,2026-02-12,16,-17.833938598632812,69.5,STRICT/PASS
RACE25,C0_DIRECT_H34,2026-02-12,17,-22.47163963317871,164.45399475097656,STRICT/PASS
RACE25,C0_DIRECT_H34,2026-02-12,18,-2.233882188796997,78.25499725341797,STRICT/PASS
RACE25,C0_DIRECT_H34,2026-02-12,19,-2.414327621459961,26.621000289916992,STRICT/PASS
RACE25,C0_DIRECT_H34,2026-02-12,20,-1.372955083847046,140.1479949951172,STRICT/PASS
RACE25,C0_DIRECT_H34,2026-02-12,21,-6.398860931396484,19.628000259399414,STRICT/PASS
RACE25,C0_DIRECT_H34,2026-02-12,22,1.1142480373382568,118.18199920654297,STRICT/PASS
RACE25,C0_DIRECT_H34,2026-02-12,23,12.600760459899902,91.33499908447266,STRICT/PASS
RACE25,C0_DIRECT_H34,2026-02-12,24,14.20761775970459,58.04499816894531,STRICT/PASS
RACE25,L1_D24_MAE_BRIDGE025,2026-02-24,1,-8.653603553771973,0.675000011920929,STRICT/PASS
RACE25,L1_D24_MAE_BRIDGE025,2026-02-24,2,-14.310393333435059,-1.3109999895095825,STRICT/PASS
RACE25,L1_D24_MAE_BRIDGE025,2026-02-24,3,-10.194931983947754,-6.000999927520752,STRICT/PASS
RACE25,L1_D24_MAE_BRIDGE025,2026-02-24,4,-8.406781196594238,1.0299999713897705,STRICT/PASS
RACE25,L1_D24_MAE_BRIDGE025,2026-02-24,5,-19.575109481811523,-0.31200000643730164,STRICT/PASS
RACE25,L1_D24_MAE_BRIDGE025,2026-02-24,6,-32.5909423828125,-1.8450000286102295,STRICT/PASS
RACE25,L1_D24_MAE_BRIDGE025,2026-02-24,7,6.368596076965332,5.5329999923706055,STRICT/PASS
RACE25,L1_D24_MAE_BRIDGE025,2026-02-24,8,-2.4607203006744385,-21.22100067138672,STRICT/PASS
RACE25,L1_D24_MAE_BRIDGE025,2026-02-24,9,5.5411553382873535,-17.937000274658203,STRICT/PASS
RACE25,L1_D24_MAE_BRIDGE025,2026-02-24,10,7.18549108505249,-64.26699829101562,STRICT/PASS
RACE25,L1_D24_MAE_BRIDGE025,2026-02-24,11,-4.481206893920898,132.41299438476562,STRICT/PASS
RACE25,L1_D24_MAE_BRIDGE025,2026-02-24,12,-23.128793716430664,-247.7899932861328,STRICT/PASS
RACE25,L1_D24_MAE_BRIDGE025,2026-02-24,13,-6.2659149169921875,-318.9649963378906,STRICT/PASS
RACE25,L1_D24_MAE_BRIDGE025,2026-02-24,14,3.534414291381836,-378.364990234375,STRICT/PASS
RACE25,L1_D24_MAE_BRIDGE025,2026-02-24,15,-15.0388765335083,-316.6059875488281,STRICT/PASS
RACE25,L1_D24_MAE_BRIDGE025,2026-02-24,16,-15.316593170166016,-274.052001953125,STRICT/PASS
RACE25,L1_D24_MAE_BRIDGE025,2026-02-24,17,-35.03550338745117,-79.93900299072266,STRICT/PASS
RACE25,L1_D24_MAE_BRIDGE025,2026-02-24,18,-15.190401077270508,32.00199890136719,STRICT/PASS
RACE25,L1_D24_MAE_BRIDGE025,2026-02-24,19,-13.419559478759766,45.308998107910156,STRICT/PASS
RACE25,L1_D24_MAE_BRIDGE025,2026-02-24,20,21.424928665161133,39.2869987487793,STRICT/PASS
RACE25,L1_D24_MAE_BRIDGE025,2026-02-24,21,-7.9711594581604,41.095001220703125,STRICT/PASS
RACE25,L1_D24_MAE_BRIDGE025,2026-02-24,22,13.7122802734375,-47.75699996948242,STRICT/PASS
RACE25,L1_D24_MAE_BRIDGE025,2026-02-24,23,4.510900974273682,5.256999969482422,STRICT/PASS
RACE25,L1_D24_MAE_BRIDGE025,2026-02-24,24,-5.492778301239014,5.113999843597412,STRICT/PASS
RACE25,C0_DIRECT_H34,2026-02-24,1,-26.464054107666016,0.675000011920929,STRICT/PASS
RACE25,C0_DIRECT_H34,2026-02-24,2,-36.9837760925293,-1.3109999895095825,STRICT/PASS
RACE25,C0_DIRECT_H34,2026-02-24,3,-30.318035125732422,-6.000999927520752,STRICT/PASS
RACE25,C0_DIRECT_H34,2026-02-24,4,-30.344968795776367,1.0299999713897705,STRICT/PASS
RACE25,C0_DIRECT_H34,2026-02-24,5,-43.2039794921875,-0.31200000643730164,STRICT/PASS
RACE25,C0_DIRECT_H34,2026-02-24,6,-46.77404022216797,-1.8450000286102295,STRICT/PASS
RACE25,C0_DIRECT_H34,2026-02-24,7,-20.041919708251953,5.5329999923706055,STRICT/PASS
RACE25,C0_DIRECT_H34,2026-02-24,8,-24.698768615722656,-21.22100067138672,STRICT/PASS
RACE25,C0_DIRECT_H34,2026-02-24,9,-0.9586982727050781,-17.937000274658203,STRICT/PASS
RACE25,C0_DIRECT_H34,2026-02-24,10,-22.65171241760254,-64.26699829101562,STRICT/PASS
RACE25,C0_DIRECT_H34,2026-02-24,11,-23.721790313720703,132.41299438476562,STRICT/PASS
RACE25,C0_DIRECT_H34,2026-02-24,12,-53.65594482421875,-247.7899932861328,STRICT/PASS
RACE25,C0_DIRECT_H34,2026-02-24,13,-36.02888488769531,-318.9649963378906,STRICT/PASS
RACE25,C0_DIRECT_H34,2026-02-24,14,-31.61266326904297,-378.364990234375,STRICT/PASS
RACE25,C0_DIRECT_H34,2026-02-24,15,-28.06707763671875,-316.6059875488281,STRICT/PASS
RACE25,C0_DIRECT_H34,2026-02-24,16,-31.482036590576172,-274.052001953125,STRICT/PASS
RACE25,C0_DIRECT_H34,2026-02-24,17,-43.290435791015625,-79.93900299072266,STRICT/PASS
RACE25,C0_DIRECT_H34,2026-02-24,18,-34.223777770996094,32.00199890136719,STRICT/PASS
RACE25,C0_DIRECT_H34,2026-02-24,19,-31.345861434936523,45.308998107910156,STRICT/PASS
RACE25,C0_DIRECT_H34,2026-02-24,20,-2.880406141281128,39.2869987487793,STRICT/PASS
RACE25,C0_DIRECT_H34,2026-02-24,21,-17.454145431518555,41.095001220703125,STRICT/PASS
RACE25,C0_DIRECT_H34,2026-02-24,22,-5.972651481628418,-47.75699996948242,STRICT/PASS
RACE25,C0_DIRECT_H34,2026-02-24,23,-0.3005959987640381,5.256999969482422,STRICT/PASS
RACE25,C0_DIRECT_H34,2026-02-24,24,-22.02003288269043,5.113999843597412,STRICT/PASS
RACE25,L1_D24_MAE_BRIDGE025,2026-02-27,1,54.67081832885742,-26.886999130249023,STRICT/PASS
RACE25,L1_D24_MAE_BRIDGE025,2026-02-27,2,54.36145782470703,-30.194000244140625,STRICT/PASS
RACE25,L1_D24_MAE_BRIDGE025,2026-02-27,3,64.92790222167969,-31.423999786376953,STRICT/PASS
RACE25,L1_D24_MAE_BRIDGE025,2026-02-27,4,62.420562744140625,-30.073999404907227,STRICT/PASS
RACE25,L1_D24_MAE_BRIDGE025,2026-02-27,5,55.780120849609375,-41.06999969482422,STRICT/PASS
RACE25,L1_D24_MAE_BRIDGE025,2026-02-27,6,58.4041862487793,-29.08300018310547,STRICT/PASS
RACE25,L1_D24_MAE_BRIDGE025,2026-02-27,7,52.24827575683594,-30.667999267578125,STRICT/PASS
RACE25,L1_D24_MAE_BRIDGE025,2026-02-27,8,90.53624725341797,-97.24600219726562,STRICT/PASS
RACE25,L1_D24_MAE_BRIDGE025,2026-02-27,9,99.97294616699219,-108.43399810791016,STRICT/PASS
RACE25,L1_D24_MAE_BRIDGE025,2026-02-27,10,83.36229705810547,-196.1699981689453,STRICT/PASS
RACE25,L1_D24_MAE_BRIDGE025,2026-02-27,11,88.3865737915039,-325.7909851074219,STRICT/PASS
RACE25,L1_D24_MAE_BRIDGE025,2026-02-27,12,101.77471160888672,-180.7209930419922,STRICT/PASS
RACE25,L1_D24_MAE_BRIDGE025,2026-02-27,13,66.402099609375,-38.595001220703125,STRICT/PASS
RACE25,L1_D24_MAE_BRIDGE025,2026-02-27,14,62.898780822753906,20.0,STRICT/PASS
RACE25,L1_D24_MAE_BRIDGE025,2026-02-27,15,68.42044830322266,80.0,STRICT/PASS
RACE25,L1_D24_MAE_BRIDGE025,2026-02-27,16,66.45377349853516,45.676998138427734,STRICT/PASS
RACE25,L1_D24_MAE_BRIDGE025,2026-02-27,17,84.14539337158203,-69.4469985961914,STRICT/PASS
RACE25,L1_D24_MAE_BRIDGE025,2026-02-27,18,80.40996551513672,-18.87700080871582,STRICT/PASS
RACE25,L1_D24_MAE_BRIDGE025,2026-02-27,19,75.10142517089844,-18.52899932861328,STRICT/PASS
RACE25,L1_D24_MAE_BRIDGE025,2026-02-27,20,72.84529113769531,-24.72100067138672,STRICT/PASS
RACE25,L1_D24_MAE_BRIDGE025,2026-02-27,21,75.24748992919922,-23.281999588012695,STRICT/PASS
RACE25,L1_D24_MAE_BRIDGE025,2026-02-27,22,78.1545639038086,-50.37900161743164,STRICT/PASS
RACE25,L1_D24_MAE_BRIDGE025,2026-02-27,23,82.67269897460938,-35.50299835205078,STRICT/PASS
RACE25,L1_D24_MAE_BRIDGE025,2026-02-27,24,87.60783386230469,-40.08100128173828,STRICT/PASS
RACE25,C0_DIRECT_H34,2026-02-27,1,78.43524932861328,-26.886999130249023,STRICT/PASS
RACE25,C0_DIRECT_H34,2026-02-27,2,76.21308898925781,-30.194000244140625,STRICT/PASS
RACE25,C0_DIRECT_H34,2026-02-27,3,92.6842269897461,-31.423999786376953,STRICT/PASS
RACE25,C0_DIRECT_H34,2026-02-27,4,89.78277587890625,-30.073999404907227,STRICT/PASS
RACE25,C0_DIRECT_H34,2026-02-27,5,80.0375747680664,-41.06999969482422,STRICT/PASS
RACE25,C0_DIRECT_H34,2026-02-27,6,78.0463638305664,-29.08300018310547,STRICT/PASS
RACE25,C0_DIRECT_H34,2026-02-27,7,78.17086029052734,-30.667999267578125,STRICT/PASS
RACE25,C0_DIRECT_H34,2026-02-27,8,118.78450012207031,-97.24600219726562,STRICT/PASS
RACE25,C0_DIRECT_H34,2026-02-27,9,116.08596801757812,-108.43399810791016,STRICT/PASS
RACE25,C0_DIRECT_H34,2026-02-27,10,101.83482360839844,-196.1699981689453,STRICT/PASS
RACE25,C0_DIRECT_H34,2026-02-27,11,107.28168487548828,-325.7909851074219,STRICT/PASS
RACE25,C0_DIRECT_H34,2026-02-27,12,126.1709976196289,-180.7209930419922,STRICT/PASS
RACE25,C0_DIRECT_H34,2026-02-27,13,94.22442626953125,-38.595001220703125,STRICT/PASS
RACE25,C0_DIRECT_H34,2026-02-27,14,91.58418273925781,20.0,STRICT/PASS
RACE25,C0_DIRECT_H34,2026-02-27,15,88.21590423583984,80.0,STRICT/PASS
RACE25,C0_DIRECT_H34,2026-02-27,16,96.89521026611328,45.676998138427734,STRICT/PASS
RACE25,C0_DIRECT_H34,2026-02-27,17,105.64799499511719,-69.4469985961914,STRICT/PASS
RACE25,C0_DIRECT_H34,2026-02-27,18,107.86421203613281,-18.87700080871582,STRICT/PASS
RACE25,C0_DIRECT_H34,2026-02-27,19,86.66541290283203,-18.52899932861328,STRICT/PASS
RACE25,C0_DIRECT_H34,2026-02-27,20,86.7040023803711,-24.72100067138672,STRICT/PASS
RACE25,C0_DIRECT_H34,2026-02-27,21,102.13853454589844,-23.281999588012695,STRICT/PASS
RACE25,C0_DIRECT_H34,2026-02-27,22,90.4083480834961,-50.37900161743164,STRICT/PASS
RACE25,C0_DIRECT_H34,2026-02-27,23,107.34737396240234,-35.50299835205078,STRICT/PASS
RACE25,C0_DIRECT_H34,2026-02-27,24,103.72005462646484,-40.08100128173828,STRICT/PASS
RACE25,L1_D24_MAE_BRIDGE025,2026-04-06,1,6.593254089355469,38.82699966430664,STRICT/PASS
RACE25,L1_D24_MAE_BRIDGE025,2026-04-06,2,6.504445552825928,28.52199935913086,STRICT/PASS
RACE25,L1_D24_MAE_BRIDGE025,2026-04-06,3,0.8154111504554749,35.138999938964844,STRICT/PASS
RACE25,L1_D24_MAE_BRIDGE025,2026-04-06,4,8.302943229675293,36.66299819946289,STRICT/PASS
RACE25,L1_D24_MAE_BRIDGE025,2026-04-06,5,-9.654413223266602,29.951000213623047,STRICT/PASS
RACE25,L1_D24_MAE_BRIDGE025,2026-04-06,6,2.4487597942352295,26.489999771118164,STRICT/PASS
RACE25,L1_D24_MAE_BRIDGE025,2026-04-06,7,25.550174713134766,17.194000244140625,STRICT/PASS
RACE25,L1_D24_MAE_BRIDGE025,2026-04-06,8,32.84525680541992,166.5,STRICT/PASS
RACE25,L1_D24_MAE_BRIDGE025,2026-04-06,9,-9.068065643310547,6.375,STRICT/PASS
RACE25,L1_D24_MAE_BRIDGE025,2026-04-06,10,1.1899155378341675,4.0,STRICT/PASS
RACE25,L1_D24_MAE_BRIDGE025,2026-04-06,11,-1.076502799987793,4.0,STRICT/PASS
RACE25,L1_D24_MAE_BRIDGE025,2026-04-06,12,-13.186529159545898,4.0,STRICT/PASS
RACE25,L1_D24_MAE_BRIDGE025,2026-04-06,13,-13.040246963500977,4.0,STRICT/PASS
RACE25,L1_D24_MAE_BRIDGE025,2026-04-06,14,-19.361650466918945,4.0,STRICT/PASS
RACE25,L1_D24_MAE_BRIDGE025,2026-04-06,15,-29.470638275146484,4.0,STRICT/PASS
RACE25,L1_D24_MAE_BRIDGE025,2026-04-06,16,-36.273624420166016,76.0,STRICT/PASS
RACE25,L1_D24_MAE_BRIDGE025,2026-04-06,17,-36.189537048339844,-400.4360046386719,STRICT/PASS
RACE25,L1_D24_MAE_BRIDGE025,2026-04-06,18,-21.225101470947266,-1.9709999561309814,STRICT/PASS
RACE25,L1_D24_MAE_BRIDGE025,2026-04-06,19,-9.239081382751465,25.413999557495117,STRICT/PASS
RACE25,L1_D24_MAE_BRIDGE025,2026-04-06,20,-8.484736442565918,-105.75900268554688,STRICT/PASS
RACE25,L1_D24_MAE_BRIDGE025,2026-04-06,21,-25.822542190551758,23.000999450683594,STRICT/PASS
RACE25,L1_D24_MAE_BRIDGE025,2026-04-06,22,-29.359285354614258,24.22100067138672,STRICT/PASS
RACE25,L1_D24_MAE_BRIDGE025,2026-04-06,23,-8.405243873596191,21.82699966430664,STRICT/PASS
RACE25,L1_D24_MAE_BRIDGE025,2026-04-06,24,-2.8481435775756836,24.452999114990234,STRICT/PASS
RACE25,C0_DIRECT_H34,2026-04-06,1,-66.70288848876953,38.82699966430664,STRICT/PASS
RACE25,C0_DIRECT_H34,2026-04-06,2,-59.83061981201172,28.52199935913086,STRICT/PASS
RACE25,C0_DIRECT_H34,2026-04-06,3,-73.30387115478516,35.138999938964844,STRICT/PASS
RACE25,C0_DIRECT_H34,2026-04-06,4,-63.7449836730957,36.66299819946289,STRICT/PASS
RACE25,C0_DIRECT_H34,2026-04-06,5,-65.77637481689453,29.951000213623047,STRICT/PASS
RACE25,C0_DIRECT_H34,2026-04-06,6,-72.07221221923828,26.489999771118164,STRICT/PASS
RACE25,C0_DIRECT_H34,2026-04-06,7,-55.6688346862793,17.194000244140625,STRICT/PASS
RACE25,C0_DIRECT_H34,2026-04-06,8,-55.116607666015625,166.5,STRICT/PASS
RACE25,C0_DIRECT_H34,2026-04-06,9,-88.62877655029297,6.375,STRICT/PASS
RACE25,C0_DIRECT_H34,2026-04-06,10,-64.367431640625,4.0,STRICT/PASS
RACE25,C0_DIRECT_H34,2026-04-06,11,-74.76927947998047,4.0,STRICT/PASS
RACE25,C0_DIRECT_H34,2026-04-06,12,-76.54215240478516,4.0,STRICT/PASS
RACE25,C0_DIRECT_H34,2026-04-06,13,-74.7608642578125,4.0,STRICT/PASS
RACE25,C0_DIRECT_H34,2026-04-06,14,-90.57532501220703,4.0,STRICT/PASS
RACE25,C0_DIRECT_H34,2026-04-06,15,-91.78388977050781,4.0,STRICT/PASS
RACE25,C0_DIRECT_H34,2026-04-06,16,-101.4511489868164,76.0,STRICT/PASS
RACE25,C0_DIRECT_H34,2026-04-06,17,-106.39551544189453,-400.4360046386719,STRICT/PASS
RACE25,C0_DIRECT_H34,2026-04-06,18,-85.69625091552734,-1.9709999561309814,STRICT/PASS
RACE25,C0_DIRECT_H34,2026-04-06,19,-72.29766082763672,25.413999557495117,STRICT/PASS
RACE25,C0_DIRECT_H34,2026-04-06,20,-71.35462188720703,-105.75900268554688,STRICT/PASS
RACE25,C0_DIRECT_H34,2026-04-06,21,-83.06791687011719,23.000999450683594,STRICT/PASS
RACE25,C0_DIRECT_H34,2026-04-06,22,-73.84587097167969,24.22100067138672,STRICT/PASS
RACE25,C0_DIRECT_H34,2026-04-06,23,-55.61386489868164,21.82699966430664,STRICT/PASS
RACE25,C0_DIRECT_H34,2026-04-06,24,-54.68906021118164,24.452999114990234,STRICT/PASS
RACE25,L1_D24_MAE_BRIDGE025,2026-04-09,1,-131.48904418945312,14.854000091552734,STRICT/PASS
RACE25,L1_D24_MAE_BRIDGE025,2026-04-09,2,-141.40582275390625,8.85099983215332,STRICT/PASS
RACE25,L1_D24_MAE_BRIDGE025,2026-04-09,3,-129.391845703125,-68.46299743652344,STRICT/PASS
RACE25,L1_D24_MAE_BRIDGE025,2026-04-09,4,-134.7810516357422,-94.36900329589844,STRICT/PASS
RACE25,L1_D24_MAE_BRIDGE025,2026-04-09,5,-117.64985656738281,-42.30500030517578,STRICT/PASS
RACE25,L1_D24_MAE_BRIDGE025,2026-04-09,6,-102.77375030517578,19.37299919128418,STRICT/PASS
RACE25,L1_D24_MAE_BRIDGE025,2026-04-09,7,-91.18455505371094,12.229000091552734,STRICT/PASS
RACE25,L1_D24_MAE_BRIDGE025,2026-04-09,8,-96.24801635742188,6.192999839782715,STRICT/PASS
RACE25,L1_D24_MAE_BRIDGE025,2026-04-09,9,-145.20816040039062,22.906999588012695,STRICT/PASS
RACE25,L1_D24_MAE_BRIDGE025,2026-04-09,10,-119.8174819946289,18.354000091552734,STRICT/PASS
RACE25,L1_D24_MAE_BRIDGE025,2026-04-09,11,-128.5434112548828,11.345999717712402,STRICT/PASS
RACE25,L1_D24_MAE_BRIDGE025,2026-04-09,12,-94.09028625488281,-514.3930053710938,STRICT/PASS
RACE25,L1_D24_MAE_BRIDGE025,2026-04-09,13,-96.63542175292969,-346.0610046386719,STRICT/PASS
RACE25,L1_D24_MAE_BRIDGE025,2026-04-09,14,-109.02136993408203,-389.02899169921875,STRICT/PASS
RACE25,L1_D24_MAE_BRIDGE025,2026-04-09,15,-117.97274017333984,-219.01400756835938,STRICT/PASS
RACE25,L1_D24_MAE_BRIDGE025,2026-04-09,16,-135.218505859375,-31.666000366210938,STRICT/PASS
RACE25,L1_D24_MAE_BRIDGE025,2026-04-09,17,-104.0991439819336,-61.505001068115234,STRICT/PASS
RACE25,L1_D24_MAE_BRIDGE025,2026-04-09,18,-124.3983154296875,1.7510000467300415,STRICT/PASS
RACE25,L1_D24_MAE_BRIDGE025,2026-04-09,19,-103.36841583251953,-0.061000000685453415,STRICT/PASS
RACE25,L1_D24_MAE_BRIDGE025,2026-04-09,20,-108.50994873046875,5.824999809265137,STRICT/PASS
RACE25,L1_D24_MAE_BRIDGE025,2026-04-09,21,-111.03356170654297,-0.0010000000474974513,STRICT/PASS
RACE25,L1_D24_MAE_BRIDGE025,2026-04-09,22,-94.48931121826172,7.96999979019165,STRICT/PASS
RACE25,L1_D24_MAE_BRIDGE025,2026-04-09,23,-97.15564727783203,-1.0889999866485596,STRICT/PASS
RACE25,L1_D24_MAE_BRIDGE025,2026-04-09,24,-91.73572540283203,-4.5279998779296875,STRICT/PASS
RACE25,C0_DIRECT_H34,2026-04-09,1,-135.5300750732422,14.854000091552734,STRICT/PASS
RACE25,C0_DIRECT_H34,2026-04-09,2,-130.4541473388672,8.85099983215332,STRICT/PASS
RACE25,C0_DIRECT_H34,2026-04-09,3,-113.84475708007812,-68.46299743652344,STRICT/PASS
RACE25,C0_DIRECT_H34,2026-04-09,4,-106.20152282714844,-94.36900329589844,STRICT/PASS
RACE25,C0_DIRECT_H34,2026-04-09,5,-99.26154327392578,-42.30500030517578,STRICT/PASS
RACE25,C0_DIRECT_H34,2026-04-09,6,-82.61038970947266,19.37299919128418,STRICT/PASS
RACE25,C0_DIRECT_H34,2026-04-09,7,-61.694698333740234,12.229000091552734,STRICT/PASS
RACE25,C0_DIRECT_H34,2026-04-09,8,-54.91033172607422,6.192999839782715,STRICT/PASS
RACE25,C0_DIRECT_H34,2026-04-09,9,-91.03865051269531,22.906999588012695,STRICT/PASS
RACE25,C0_DIRECT_H34,2026-04-09,10,-93.76039123535156,18.354000091552734,STRICT/PASS
RACE25,C0_DIRECT_H34,2026-04-09,11,-110.60840606689453,11.345999717712402,STRICT/PASS
RACE25,C0_DIRECT_H34,2026-04-09,12,-91.70050811767578,-514.3930053710938,STRICT/PASS
RACE25,C0_DIRECT_H34,2026-04-09,13,-72.31769561767578,-346.0610046386719,STRICT/PASS
RACE25,C0_DIRECT_H34,2026-04-09,14,-83.58802795410156,-389.02899169921875,STRICT/PASS
RACE25,C0_DIRECT_H34,2026-04-09,15,-89.15913391113281,-219.01400756835938,STRICT/PASS
RACE25,C0_DIRECT_H34,2026-04-09,16,-107.23516845703125,-31.666000366210938,STRICT/PASS
RACE25,C0_DIRECT_H34,2026-04-09,17,-101.42704010009766,-61.505001068115234,STRICT/PASS
RACE25,C0_DIRECT_H34,2026-04-09,18,-134.76614379882812,1.7510000467300415,STRICT/PASS
RACE25,C0_DIRECT_H34,2026-04-09,19,-87.10859680175781,-0.061000000685453415,STRICT/PASS
RACE25,C0_DIRECT_H34,2026-04-09,20,-92.01385498046875,5.824999809265137,STRICT/PASS
RACE25,C0_DIRECT_H34,2026-04-09,21,-102.68118286132812,-0.0010000000474974513,STRICT/PASS
RACE25,C0_DIRECT_H34,2026-04-09,22,-101.13176727294922,7.96999979019165,STRICT/PASS
RACE25,C0_DIRECT_H34,2026-04-09,23,-84.52970123291016,-1.0889999866485596,STRICT/PASS
RACE25,C0_DIRECT_H34,2026-04-09,24,-91.93299865722656,-4.5279998779296875,STRICT/PASS
RACE25,L1_D24_MAE_BRIDGE025,2026-04-12,1,-101.64815521240234,10.168000221252441,STRICT/PASS
RACE25,L1_D24_MAE_BRIDGE025,2026-04-12,2,-96.47718811035156,-1.0219999551773071,STRICT/PASS
RACE25,L1_D24_MAE_BRIDGE025,2026-04-12,3,-74.46659088134766,1.3220000267028809,STRICT/PASS
RACE25,L1_D24_MAE_BRIDGE025,2026-04-12,4,-83.72415924072266,5.635000228881836,STRICT/PASS
RACE25,L1_D24_MAE_BRIDGE025,2026-04-12,5,-88.40670013427734,-10.854999542236328,STRICT/PASS
RACE25,L1_D24_MAE_BRIDGE025,2026-04-12,6,-100.64766693115234,24.999000549316406,STRICT/PASS
RACE25,L1_D24_MAE_BRIDGE025,2026-04-12,7,-45.323577880859375,216.0449981689453,STRICT/PASS
RACE25,L1_D24_MAE_BRIDGE025,2026-04-12,8,-41.59471893310547,377.5,STRICT/PASS
RACE25,L1_D24_MAE_BRIDGE025,2026-04-12,9,-83.61690521240234,172.52499389648438,STRICT/PASS
RACE25,L1_D24_MAE_BRIDGE025,2026-04-12,10,-93.27445220947266,104.19999694824219,STRICT/PASS
RACE25,L1_D24_MAE_BRIDGE025,2026-04-12,11,-75.32431030273438,85.625,STRICT/PASS
RACE25,L1_D24_MAE_BRIDGE025,2026-04-12,12,-91.48143768310547,70.0,STRICT/PASS
RACE25,L1_D24_MAE_BRIDGE025,2026-04-12,13,-97.06668090820312,70.0,STRICT/PASS
RACE25,L1_D24_MAE_BRIDGE025,2026-04-12,14,-111.00773620605469,135.625,STRICT/PASS
RACE25,L1_D24_MAE_BRIDGE025,2026-04-12,15,-132.53634643554688,93.02799987792969,STRICT/PASS
RACE25,L1_D24_MAE_BRIDGE025,2026-04-12,16,-92.49067687988281,188.04800415039062,STRICT/PASS
RACE25,L1_D24_MAE_BRIDGE025,2026-04-12,17,-89.75904846191406,120.00599670410156,STRICT/PASS
RACE25,L1_D24_MAE_BRIDGE025,2026-04-12,18,-88.7215576171875,-62.71200180053711,STRICT/PASS
RACE25,L1_D24_MAE_BRIDGE025,2026-04-12,19,-122.13221740722656,-64.8740005493164,STRICT/PASS
RACE25,L1_D24_MAE_BRIDGE025,2026-04-12,20,-110.15686798095703,-78.31400299072266,STRICT/PASS
RACE25,L1_D24_MAE_BRIDGE025,2026-04-12,21,-129.40267944335938,-58.21500015258789,STRICT/PASS
RACE25,L1_D24_MAE_BRIDGE025,2026-04-12,22,-116.28062438964844,-63.90700149536133,STRICT/PASS
RACE25,L1_D24_MAE_BRIDGE025,2026-04-12,23,-108.59001159667969,-71.03600311279297,STRICT/PASS
RACE25,L1_D24_MAE_BRIDGE025,2026-04-12,24,-113.02045440673828,-71.3489990234375,STRICT/PASS
RACE25,C0_DIRECT_H34,2026-04-12,1,-100.32023620605469,10.168000221252441,STRICT/PASS
RACE25,C0_DIRECT_H34,2026-04-12,2,-99.93660736083984,-1.0219999551773071,STRICT/PASS
RACE25,C0_DIRECT_H34,2026-04-12,3,-74.32476806640625,1.3220000267028809,STRICT/PASS
RACE25,C0_DIRECT_H34,2026-04-12,4,-91.7523422241211,5.635000228881836,STRICT/PASS
RACE25,C0_DIRECT_H34,2026-04-12,5,-89.75810241699219,-10.854999542236328,STRICT/PASS
RACE25,C0_DIRECT_H34,2026-04-12,6,-92.60494232177734,24.999000549316406,STRICT/PASS
RACE25,C0_DIRECT_H34,2026-04-12,7,-43.092559814453125,216.0449981689453,STRICT/PASS
RACE25,C0_DIRECT_H34,2026-04-12,8,-47.24897766113281,377.5,STRICT/PASS
RACE25,C0_DIRECT_H34,2026-04-12,9,-85.15481567382812,172.52499389648438,STRICT/PASS
RACE25,C0_DIRECT_H34,2026-04-12,10,-91.66043853759766,104.19999694824219,STRICT/PASS
RACE25,C0_DIRECT_H34,2026-04-12,11,-80.95801544189453,85.625,STRICT/PASS
RACE25,C0_DIRECT_H34,2026-04-12,12,-90.7896499633789,70.0,STRICT/PASS
RACE25,C0_DIRECT_H34,2026-04-12,13,-87.62042999267578,70.0,STRICT/PASS
RACE25,C0_DIRECT_H34,2026-04-12,14,-111.21808624267578,135.625,STRICT/PASS
RACE25,C0_DIRECT_H34,2026-04-12,15,-128.54989624023438,93.02799987792969,STRICT/PASS
RACE25,C0_DIRECT_H34,2026-04-12,16,-86.58621978759766,188.04800415039062,STRICT/PASS
RACE25,C0_DIRECT_H34,2026-04-12,17,-91.98440551757812,120.00599670410156,STRICT/PASS
RACE25,C0_DIRECT_H34,2026-04-12,18,-96.33385467529297,-62.71200180053711,STRICT/PASS
RACE25,C0_DIRECT_H34,2026-04-12,19,-131.07997131347656,-64.8740005493164,STRICT/PASS
RACE25,C0_DIRECT_H34,2026-04-12,20,-119.40635681152344,-78.31400299072266,STRICT/PASS
RACE25,C0_DIRECT_H34,2026-04-12,21,-134.95013427734375,-58.21500015258789,STRICT/PASS
RACE25,C0_DIRECT_H34,2026-04-12,22,-118.08656311035156,-63.90700149536133,STRICT/PASS
RACE25,C0_DIRECT_H34,2026-04-12,23,-115.0895004272461,-71.03600311279297,STRICT/PASS
RACE25,C0_DIRECT_H34,2026-04-12,24,-112.49359893798828,-71.3489990234375,STRICT/PASS
RACE25,L1_D24_MAE_BRIDGE025,2026-04-16,1,20.020427703857422,17.408000946044922,STRICT/PASS
RACE25,L1_D24_MAE_BRIDGE025,2026-04-16,2,26.483596801757812,21.187000274658203,STRICT/PASS
RACE25,L1_D24_MAE_BRIDGE025,2026-04-16,3,32.781517028808594,33.457000732421875,STRICT/PASS
RACE25,L1_D24_MAE_BRIDGE025,2026-04-16,4,32.851158142089844,44.064998626708984,STRICT/PASS
RACE25,L1_D24_MAE_BRIDGE025,2026-04-16,5,34.42045593261719,36.597999572753906,STRICT/PASS
RACE25,L1_D24_MAE_BRIDGE025,2026-04-16,6,34.26789093017578,20.9950008392334,STRICT/PASS
RACE25,L1_D24_MAE_BRIDGE025,2026-04-16,7,67.1764907836914,33.292999267578125,STRICT/PASS
RACE25,L1_D24_MAE_BRIDGE025,2026-04-16,8,81.72199249267578,17.893999099731445,STRICT/PASS
RACE25,L1_D24_MAE_BRIDGE025,2026-04-16,9,28.80405616760254,2.072000026702881,STRICT/PASS
RACE25,L1_D24_MAE_BRIDGE025,2026-04-16,10,46.67045211791992,-16.26799964904785,STRICT/PASS
RACE25,L1_D24_MAE_BRIDGE025,2026-04-16,11,42.71768569946289,-58.85100173950195,STRICT/PASS
RACE25,L1_D24_MAE_BRIDGE025,2026-04-16,12,38.01875686645508,-87.5250015258789,STRICT/PASS
RACE25,L1_D24_MAE_BRIDGE025,2026-04-16,13,47.229713439941406,-130.9709930419922,STRICT/PASS
RACE25,L1_D24_MAE_BRIDGE025,2026-04-16,14,48.242271423339844,-727.219970703125,STRICT/PASS
RACE25,L1_D24_MAE_BRIDGE025,2026-04-16,15,36.16856384277344,-929.25,STRICT/PASS
RACE25,L1_D24_MAE_BRIDGE025,2026-04-16,16,40.62388610839844,-900.0,STRICT/PASS
RACE25,L1_D24_MAE_BRIDGE025,2026-04-16,17,33.94335174560547,-414.93499755859375,STRICT/PASS
RACE25,L1_D24_MAE_BRIDGE025,2026-04-16,18,46.872802734375,4.547999858856201,STRICT/PASS
RACE25,L1_D24_MAE_BRIDGE025,2026-04-16,19,34.26149368286133,-118.11699676513672,STRICT/PASS
RACE25,L1_D24_MAE_BRIDGE025,2026-04-16,20,25.82921028137207,-67.30899810791016,STRICT/PASS
RACE25,L1_D24_MAE_BRIDGE025,2026-04-16,21,23.7576904296875,-253.0019989013672,STRICT/PASS
RACE25,L1_D24_MAE_BRIDGE025,2026-04-16,22,29.410085678100586,-394.4079895019531,STRICT/PASS
RACE25,L1_D24_MAE_BRIDGE025,2026-04-16,23,43.73158645629883,-331.1820068359375,STRICT/PASS
RACE25,L1_D24_MAE_BRIDGE025,2026-04-16,24,47.26258087158203,-45.90700149536133,STRICT/PASS
RACE25,C0_DIRECT_H34,2026-04-16,1,-14.059910774230957,17.408000946044922,STRICT/PASS
RACE25,C0_DIRECT_H34,2026-04-16,2,-16.00478744506836,21.187000274658203,STRICT/PASS
RACE25,C0_DIRECT_H34,2026-04-16,3,-11.167930603027344,33.457000732421875,STRICT/PASS
RACE25,C0_DIRECT_H34,2026-04-16,4,-18.356584548950195,44.064998626708984,STRICT/PASS
RACE25,C0_DIRECT_H34,2026-04-16,5,-7.596689224243164,36.597999572753906,STRICT/PASS
RACE25,C0_DIRECT_H34,2026-04-16,6,-10.48336124420166,20.9950008392334,STRICT/PASS
RACE25,C0_DIRECT_H34,2026-04-16,7,14.817005157470703,33.292999267578125,STRICT/PASS
RACE25,C0_DIRECT_H34,2026-04-16,8,18.92253875732422,17.893999099731445,STRICT/PASS
RACE25,C0_DIRECT_H34,2026-04-16,9,-23.768598556518555,2.072000026702881,STRICT/PASS
RACE25,C0_DIRECT_H34,2026-04-16,10,-3.168121099472046,-16.26799964904785,STRICT/PASS
RACE25,C0_DIRECT_H34,2026-04-16,11,-18.79563331604004,-58.85100173950195,STRICT/PASS
RACE25,C0_DIRECT_H34,2026-04-16,12,-6.7928290367126465,-87.5250015258789,STRICT/PASS
RACE25,C0_DIRECT_H34,2026-04-16,13,1.6354836225509644,-130.9709930419922,STRICT/PASS
RACE25,C0_DIRECT_H34,2026-04-16,14,-0.9158869981765747,-727.219970703125,STRICT/PASS
RACE25,C0_DIRECT_H34,2026-04-16,15,2.3777079582214355,-929.25,STRICT/PASS
RACE25,C0_DIRECT_H34,2026-04-16,16,-13.263838768005371,-900.0,STRICT/PASS
RACE25,C0_DIRECT_H34,2026-04-16,17,-4.51609468460083,-414.93499755859375,STRICT/PASS
RACE25,C0_DIRECT_H34,2026-04-16,18,11.066496849060059,4.547999858856201,STRICT/PASS
RACE25,C0_DIRECT_H34,2026-04-16,19,-5.777087211608887,-118.11699676513672,STRICT/PASS
RACE25,C0_DIRECT_H34,2026-04-16,20,-0.23022940754890442,-67.30899810791016,STRICT/PASS
RACE25,C0_DIRECT_H34,2026-04-16,21,-3.735639810562134,-253.0019989013672,STRICT/PASS
RACE25,C0_DIRECT_H34,2026-04-16,22,-16.323850631713867,-394.4079895019531,STRICT/PASS
RACE25,C0_DIRECT_H34,2026-04-16,23,-7.877012729644775,-331.1820068359375,STRICT/PASS
RACE25,C0_DIRECT_H34,2026-04-16,24,4.767900466918945,-45.90700149536133,STRICT/PASS
RACE25,L1_D24_MAE_BRIDGE025,2026-04-18,1,-105.62142944335938,-10.470999717712402,STRICT/PASS
RACE25,L1_D24_MAE_BRIDGE025,2026-04-18,2,-108.68387603759766,-7.040999889373779,STRICT/PASS
RACE25,L1_D24_MAE_BRIDGE025,2026-04-18,3,-111.36475372314453,-4.5970001220703125,STRICT/PASS
RACE25,L1_D24_MAE_BRIDGE025,2026-04-18,4,-100.98332214355469,6.763999938964844,STRICT/PASS
RACE25,L1_D24_MAE_BRIDGE025,2026-04-18,5,-96.92366027832031,4.048999786376953,STRICT/PASS
RACE25,L1_D24_MAE_BRIDGE025,2026-04-18,6,-97.23834228515625,-15.317000389099121,STRICT/PASS
RACE25,L1_D24_MAE_BRIDGE025,2026-04-18,7,-66.04824829101562,2.9200000762939453,STRICT/PASS
RACE25,L1_D24_MAE_BRIDGE025,2026-04-18,8,-66.36466217041016,242.30799865722656,STRICT/PASS
RACE25,L1_D24_MAE_BRIDGE025,2026-04-18,9,-96.01856231689453,39.486000061035156,STRICT/PASS
RACE25,L1_D24_MAE_BRIDGE025,2026-04-18,10,-72.98332214355469,60.0,STRICT/PASS
RACE25,L1_D24_MAE_BRIDGE025,2026-04-18,11,-90.86072540283203,10.0,STRICT/PASS
RACE25,L1_D24_MAE_BRIDGE025,2026-04-18,12,-100.04476165771484,-70.32599639892578,STRICT/PASS
RACE25,L1_D24_MAE_BRIDGE025,2026-04-18,13,-90.02741241455078,-28.16200065612793,STRICT/PASS
RACE25,L1_D24_MAE_BRIDGE025,2026-04-18,14,-85.39566040039062,-12.862000465393066,STRICT/PASS
RACE25,L1_D24_MAE_BRIDGE025,2026-04-18,15,-113.20124816894531,-9.61400032043457,STRICT/PASS
RACE25,L1_D24_MAE_BRIDGE025,2026-04-18,16,-111.12405395507812,74.88099670410156,STRICT/PASS
RACE25,L1_D24_MAE_BRIDGE025,2026-04-18,17,-91.89815521240234,-38.24300003051758,STRICT/PASS
RACE25,L1_D24_MAE_BRIDGE025,2026-04-18,18,-84.27726745605469,-82.59600067138672,STRICT/PASS
RACE25,L1_D24_MAE_BRIDGE025,2026-04-18,19,-78.71052551269531,-43.48400115966797,STRICT/PASS
RACE25,L1_D24_MAE_BRIDGE025,2026-04-18,20,-89.2339859008789,-138.76100158691406,STRICT/PASS
RACE25,L1_D24_MAE_BRIDGE025,2026-04-18,21,-91.94181060791016,-696.5150146484375,STRICT/PASS
RACE25,L1_D24_MAE_BRIDGE025,2026-04-18,22,-72.26812744140625,-377.7860107421875,STRICT/PASS
RACE25,L1_D24_MAE_BRIDGE025,2026-04-18,23,-96.32108306884766,-22.513999938964844,STRICT/PASS
RACE25,L1_D24_MAE_BRIDGE025,2026-04-18,24,-79.38832092285156,-81.5739974975586,STRICT/PASS
RACE25,C0_DIRECT_H34,2026-04-18,1,-82.5519790649414,-10.470999717712402,STRICT/PASS
RACE25,C0_DIRECT_H34,2026-04-18,2,-87.24597930908203,-7.040999889373779,STRICT/PASS
RACE25,C0_DIRECT_H34,2026-04-18,3,-89.07255554199219,-4.5970001220703125,STRICT/PASS
RACE25,C0_DIRECT_H34,2026-04-18,4,-84.54039764404297,6.763999938964844,STRICT/PASS
RACE25,C0_DIRECT_H34,2026-04-18,5,-71.75556182861328,4.048999786376953,STRICT/PASS
RACE25,C0_DIRECT_H34,2026-04-18,6,-64.39977264404297,-15.317000389099121,STRICT/PASS
RACE25,C0_DIRECT_H34,2026-04-18,7,-25.975961685180664,2.9200000762939453,STRICT/PASS
RACE25,C0_DIRECT_H34,2026-04-18,8,-21.138858795166016,242.30799865722656,STRICT/PASS
RACE25,C0_DIRECT_H34,2026-04-18,9,-62.54852294921875,39.486000061035156,STRICT/PASS
RACE25,C0_DIRECT_H34,2026-04-18,10,-65.86739349365234,60.0,STRICT/PASS
RACE25,C0_DIRECT_H34,2026-04-18,11,-85.5225830078125,10.0,STRICT/PASS
RACE25,C0_DIRECT_H34,2026-04-18,12,-106.7916259765625,-70.32599639892578,STRICT/PASS
RACE25,C0_DIRECT_H34,2026-04-18,13,-84.968505859375,-28.16200065612793,STRICT/PASS
RACE25,C0_DIRECT_H34,2026-04-18,14,-88.6854476928711,-12.862000465393066,STRICT/PASS
RACE25,C0_DIRECT_H34,2026-04-18,15,-115.90985107421875,-9.61400032043457,STRICT/PASS
RACE25,C0_DIRECT_H34,2026-04-18,16,-112.26988983154297,74.88099670410156,STRICT/PASS
RACE25,C0_DIRECT_H34,2026-04-18,17,-108.01836395263672,-38.24300003051758,STRICT/PASS
RACE25,C0_DIRECT_H34,2026-04-18,18,-83.6380844116211,-82.59600067138672,STRICT/PASS
RACE25,C0_DIRECT_H34,2026-04-18,19,-68.52623748779297,-43.48400115966797,STRICT/PASS
RACE25,C0_DIRECT_H34,2026-04-18,20,-84.77311706542969,-138.76100158691406,STRICT/PASS
RACE25,C0_DIRECT_H34,2026-04-18,21,-75.63746643066406,-696.5150146484375,STRICT/PASS
RACE25,C0_DIRECT_H34,2026-04-18,22,-79.53225708007812,-377.7860107421875,STRICT/PASS
RACE25,C0_DIRECT_H34,2026-04-18,23,-77.1177978515625,-22.513999938964844,STRICT/PASS
RACE25,C0_DIRECT_H34,2026-04-18,24,-67.15916442871094,-81.5739974975586,STRICT/PASS
RACE25,L1_D24_MAE_BRIDGE025,2026-06-02,1,46.777069091796875,70.99299621582031,STRICT/PASS
RACE25,L1_D24_MAE_BRIDGE025,2026-06-02,2,62.04831314086914,45.698001861572266,STRICT/PASS
RACE25,L1_D24_MAE_BRIDGE025,2026-06-02,3,56.49793243408203,58.3849983215332,STRICT/PASS
RACE25,L1_D24_MAE_BRIDGE025,2026-06-02,4,52.080039978027344,76.11499786376953,STRICT/PASS
RACE25,L1_D24_MAE_BRIDGE025,2026-06-02,5,46.05119323730469,64.43199920654297,STRICT/PASS
RACE25,L1_D24_MAE_BRIDGE025,2026-06-02,6,57.89577865600586,95.0780029296875,STRICT/PASS
RACE25,L1_D24_MAE_BRIDGE025,2026-06-02,7,66.04744720458984,166.0,STRICT/PASS
RACE25,L1_D24_MAE_BRIDGE025,2026-06-02,8,83.86183166503906,51.0,STRICT/PASS
RACE25,L1_D24_MAE_BRIDGE025,2026-06-02,9,65.28611755371094,10.0,STRICT/PASS
RACE25,L1_D24_MAE_BRIDGE025,2026-06-02,10,68.11040496826172,5.01200008392334,STRICT/PASS
RACE25,L1_D24_MAE_BRIDGE025,2026-06-02,11,77.97217559814453,5.0,STRICT/PASS
RACE25,L1_D24_MAE_BRIDGE025,2026-06-02,12,49.713096618652344,-8.302000045776367,STRICT/PASS
RACE25,L1_D24_MAE_BRIDGE025,2026-06-02,13,57.12348175048828,-15.836999893188477,STRICT/PASS
RACE25,L1_D24_MAE_BRIDGE025,2026-06-02,14,32.59808349609375,-18.011999130249023,STRICT/PASS
RACE25,L1_D24_MAE_BRIDGE025,2026-06-02,15,20.333629608154297,5.992000102996826,STRICT/PASS
RACE25,L1_D24_MAE_BRIDGE025,2026-06-02,16,27.002655029296875,-94.23999786376953,STRICT/PASS
RACE25,L1_D24_MAE_BRIDGE025,2026-06-02,17,20.541135787963867,-151.13299560546875,STRICT/PASS
RACE25,L1_D24_MAE_BRIDGE025,2026-06-02,18,41.071346282958984,-180.71299743652344,STRICT/PASS
RACE25,L1_D24_MAE_BRIDGE025,2026-06-02,19,54.775211334228516,-48.07600021362305,STRICT/PASS
RACE25,L1_D24_MAE_BRIDGE025,2026-06-02,20,65.45728302001953,36.18600082397461,STRICT/PASS
RACE25,L1_D24_MAE_BRIDGE025,2026-06-02,21,63.116729736328125,30.29199981689453,STRICT/PASS
RACE25,L1_D24_MAE_BRIDGE025,2026-06-02,22,52.180145263671875,23.79800033569336,STRICT/PASS
RACE25,L1_D24_MAE_BRIDGE025,2026-06-02,23,65.14739227294922,27.552000045776367,STRICT/PASS
RACE25,L1_D24_MAE_BRIDGE025,2026-06-02,24,62.319862365722656,-115.83300018310547,STRICT/PASS
RACE25,C0_DIRECT_H34,2026-06-02,1,-21.655797958374023,70.99299621582031,STRICT/PASS
RACE25,C0_DIRECT_H34,2026-06-02,2,-10.348237037658691,45.698001861572266,STRICT/PASS
RACE25,C0_DIRECT_H34,2026-06-02,3,-12.285452842712402,58.3849983215332,STRICT/PASS
RACE25,C0_DIRECT_H34,2026-06-02,4,-13.23542308807373,76.11499786376953,STRICT/PASS
RACE25,C0_DIRECT_H34,2026-06-02,5,-5.028461933135986,64.43199920654297,STRICT/PASS
RACE25,C0_DIRECT_H34,2026-06-02,6,6.781091213226318,95.0780029296875,STRICT/PASS
RACE25,C0_DIRECT_H34,2026-06-02,7,11.099238395690918,166.0,STRICT/PASS
RACE25,C0_DIRECT_H34,2026-06-02,8,14.381488800048828,51.0,STRICT/PASS
RACE25,C0_DIRECT_H34,2026-06-02,9,-0.5361273288726807,10.0,STRICT/PASS
RACE25,C0_DIRECT_H34,2026-06-02,10,15.848857879638672,5.01200008392334,STRICT/PASS
RACE25,C0_DIRECT_H34,2026-06-02,11,26.657718658447266,5.0,STRICT/PASS
RACE25,C0_DIRECT_H34,2026-06-02,12,7.325270652770996,-8.302000045776367,STRICT/PASS
RACE25,C0_DIRECT_H34,2026-06-02,13,7.612749099731445,-15.836999893188477,STRICT/PASS
RACE25,C0_DIRECT_H34,2026-06-02,14,-10.795879364013672,-18.011999130249023,STRICT/PASS
RACE25,C0_DIRECT_H34,2026-06-02,15,-8.599488258361816,5.992000102996826,STRICT/PASS
RACE25,C0_DIRECT_H34,2026-06-02,16,-13.168977737426758,-94.23999786376953,STRICT/PASS
RACE25,C0_DIRECT_H34,2026-06-02,17,-29.06673240661621,-151.13299560546875,STRICT/PASS
RACE25,C0_DIRECT_H34,2026-06-02,18,7.710214138031006,-180.71299743652344,STRICT/PASS
RACE25,C0_DIRECT_H34,2026-06-02,19,23.35860252380371,-48.07600021362305,STRICT/PASS
RACE25,C0_DIRECT_H34,2026-06-02,20,23.889739990234375,36.18600082397461,STRICT/PASS
RACE25,C0_DIRECT_H34,2026-06-02,21,6.5543599128723145,30.29199981689453,STRICT/PASS
RACE25,C0_DIRECT_H34,2026-06-02,22,-0.5007906556129456,23.79800033569336,STRICT/PASS
RACE25,C0_DIRECT_H34,2026-06-02,23,6.880894184112549,27.552000045776367,STRICT/PASS
RACE25,C0_DIRECT_H34,2026-06-02,24,5.890320301055908,-115.83300018310547,STRICT/PASS
RACE25,L1_D24_MAE_BRIDGE025,2026-06-11,1,-24.242374420166016,-78.26000213623047,STRICT/PASS
RACE25,L1_D24_MAE_BRIDGE025,2026-06-11,2,7.726626396179199,-45.172000885009766,STRICT/PASS
RACE25,L1_D24_MAE_BRIDGE025,2026-06-11,3,-4.401147365570068,-14.711000442504883,STRICT/PASS
RACE25,L1_D24_MAE_BRIDGE025,2026-06-11,4,5.474209785461426,36.159000396728516,STRICT/PASS
RACE25,L1_D24_MAE_BRIDGE025,2026-06-11,5,25.161909103393555,10.192999839782715,STRICT/PASS
RACE25,L1_D24_MAE_BRIDGE025,2026-06-11,6,45.770721435546875,15.140999794006348,STRICT/PASS
RACE25,L1_D24_MAE_BRIDGE025,2026-06-11,7,26.152456283569336,91.9000015258789,STRICT/PASS
RACE25,L1_D24_MAE_BRIDGE025,2026-06-11,8,14.164166450500488,39.422000885009766,STRICT/PASS
RACE25,L1_D24_MAE_BRIDGE025,2026-06-11,9,25.07323455810547,64.36000061035156,STRICT/PASS
RACE25,L1_D24_MAE_BRIDGE025,2026-06-11,10,34.13592529296875,90.0,STRICT/PASS
RACE25,L1_D24_MAE_BRIDGE025,2026-06-11,11,32.341854095458984,71.0,STRICT/PASS
RACE25,L1_D24_MAE_BRIDGE025,2026-06-11,12,-3.34829044342041,50.0,STRICT/PASS
RACE25,L1_D24_MAE_BRIDGE025,2026-06-11,13,-31.11884307861328,50.0,STRICT/PASS
RACE25,L1_D24_MAE_BRIDGE025,2026-06-11,14,-38.342933654785156,50.0,STRICT/PASS
RACE25,L1_D24_MAE_BRIDGE025,2026-06-11,15,-50.204505920410156,70.0,STRICT/PASS
RACE25,L1_D24_MAE_BRIDGE025,2026-06-11,16,-25.21719741821289,177.25,STRICT/PASS
RACE25,L1_D24_MAE_BRIDGE025,2026-06-11,17,-27.14693832397461,56.946998596191406,STRICT/PASS
RACE25,L1_D24_MAE_BRIDGE025,2026-06-11,18,19.32977867126465,31.090999603271484,STRICT/PASS
RACE25,L1_D24_MAE_BRIDGE025,2026-06-11,19,28.05449867248535,-57.87900161743164,STRICT/PASS
RACE25,L1_D24_MAE_BRIDGE025,2026-06-11,20,25.136510848999023,-33.35100173950195,STRICT/PASS
RACE25,L1_D24_MAE_BRIDGE025,2026-06-11,21,34.19858169555664,-40.90999984741211,STRICT/PASS
RACE25,L1_D24_MAE_BRIDGE025,2026-06-11,22,7.513928413391113,-19.33099937438965,STRICT/PASS
RACE25,L1_D24_MAE_BRIDGE025,2026-06-11,23,4.144686222076416,-23.35700035095215,STRICT/PASS
RACE25,L1_D24_MAE_BRIDGE025,2026-06-11,24,-3.1490650177001953,-16.808000564575195,STRICT/PASS
RACE25,C0_DIRECT_H34,2026-06-11,1,11.078490257263184,-78.26000213623047,STRICT/PASS
RACE25,C0_DIRECT_H34,2026-06-11,2,26.45761489868164,-45.172000885009766,STRICT/PASS
RACE25,C0_DIRECT_H34,2026-06-11,3,28.83514976501465,-14.711000442504883,STRICT/PASS
RACE25,C0_DIRECT_H34,2026-06-11,4,13.680261611938477,36.159000396728516,STRICT/PASS
RACE25,C0_DIRECT_H34,2026-06-11,5,43.711856842041016,10.192999839782715,STRICT/PASS
RACE25,C0_DIRECT_H34,2026-06-11,6,34.9080696105957,15.140999794006348,STRICT/PASS
RACE25,C0_DIRECT_H34,2026-06-11,7,39.88630676269531,91.9000015258789,STRICT/PASS
RACE25,C0_DIRECT_H34,2026-06-11,8,26.60438346862793,39.422000885009766,STRICT/PASS
RACE25,C0_DIRECT_H34,2026-06-11,9,37.46345138549805,64.36000061035156,STRICT/PASS
RACE25,C0_DIRECT_H34,2026-06-11,10,48.99922561645508,90.0,STRICT/PASS
RACE25,C0_DIRECT_H34,2026-06-11,11,60.95814514160156,71.0,STRICT/PASS
RACE25,C0_DIRECT_H34,2026-06-11,12,34.81295394897461,50.0,STRICT/PASS
RACE25,C0_DIRECT_H34,2026-06-11,13,9.670572280883789,50.0,STRICT/PASS
RACE25,C0_DIRECT_H34,2026-06-11,14,0.7241207957267761,50.0,STRICT/PASS
RACE25,C0_DIRECT_H34,2026-06-11,15,10.478533744812012,70.0,STRICT/PASS
RACE25,C0_DIRECT_H34,2026-06-11,16,16.53775978088379,177.25,STRICT/PASS
RACE25,C0_DIRECT_H34,2026-06-11,17,37.55405044555664,56.946998596191406,STRICT/PASS
RACE25,C0_DIRECT_H34,2026-06-11,18,51.917694091796875,31.090999603271484,STRICT/PASS
RACE25,C0_DIRECT_H34,2026-06-11,19,39.52788543701172,-57.87900161743164,STRICT/PASS
RACE25,C0_DIRECT_H34,2026-06-11,20,32.60315704345703,-33.35100173950195,STRICT/PASS
RACE25,C0_DIRECT_H34,2026-06-11,21,44.8731575012207,-40.90999984741211,STRICT/PASS
RACE25,C0_DIRECT_H34,2026-06-11,22,37.087677001953125,-19.33099937438965,STRICT/PASS
RACE25,C0_DIRECT_H34,2026-06-11,23,42.179500579833984,-23.35700035095215,STRICT/PASS
RACE25,C0_DIRECT_H34,2026-06-11,24,40.7241325378418,-16.808000564575195,STRICT/PASS
RACE25,L1_D24_MAE_BRIDGE025,2026-06-14,1,-117.07149505615234,-48.75600051879883,STRICT/PASS
RACE25,L1_D24_MAE_BRIDGE025,2026-06-14,2,-94.03343200683594,-12.522000312805176,STRICT/PASS
RACE25,L1_D24_MAE_BRIDGE025,2026-06-14,3,-77.9139404296875,0.4320000112056732,STRICT/PASS
RACE25,L1_D24_MAE_BRIDGE025,2026-06-14,4,-86.42859649658203,8.116999626159668,STRICT/PASS
RACE25,L1_D24_MAE_BRIDGE025,2026-06-14,5,-94.59042358398438,10.581000328063965,STRICT/PASS
RACE25,L1_D24_MAE_BRIDGE025,2026-06-14,6,-89.18148803710938,5.65500020980835,STRICT/PASS
RACE25,L1_D24_MAE_BRIDGE025,2026-06-14,7,-72.20988464355469,-16.711000442504883,STRICT/PASS
RACE25,L1_D24_MAE_BRIDGE025,2026-06-14,8,-58.62800216674805,-4.166999816894531,STRICT/PASS
RACE25,L1_D24_MAE_BRIDGE025,2026-06-14,9,-54.51520538330078,-35.856998443603516,STRICT/PASS
RACE25,L1_D24_MAE_BRIDGE025,2026-06-14,10,-53.90351104736328,-166.1699981689453,STRICT/PASS
RACE25,L1_D24_MAE_BRIDGE025,2026-06-14,11,-61.005306243896484,-26.25200080871582,STRICT/PASS
RACE25,L1_D24_MAE_BRIDGE025,2026-06-14,12,-51.55659866333008,-169.48599243164062,STRICT/PASS
RACE25,L1_D24_MAE_BRIDGE025,2026-06-14,13,-58.39706802368164,136.875,STRICT/PASS
RACE25,L1_D24_MAE_BRIDGE025,2026-06-14,14,-59.525238037109375,136.0,STRICT/PASS
RACE25,L1_D24_MAE_BRIDGE025,2026-06-14,15,-82.43856048583984,175.10699462890625,STRICT/PASS
RACE25,L1_D24_MAE_BRIDGE025,2026-06-14,16,-68.4622573852539,135.21099853515625,STRICT/PASS
RACE25,L1_D24_MAE_BRIDGE025,2026-06-14,17,-91.6195297241211,102.87000274658203,STRICT/PASS
RACE25,L1_D24_MAE_BRIDGE025,2026-06-14,18,-100.26097106933594,48.49599838256836,STRICT/PASS
RACE25,L1_D24_MAE_BRIDGE025,2026-06-14,19,-99.59317016601562,56.73500061035156,STRICT/PASS
RACE25,L1_D24_MAE_BRIDGE025,2026-06-14,20,-75.92243957519531,44.75400161743164,STRICT/PASS
RACE25,L1_D24_MAE_BRIDGE025,2026-06-14,21,-101.3805923461914,40.0,STRICT/PASS
RACE25,L1_D24_MAE_BRIDGE025,2026-06-14,22,-72.78579711914062,41.779998779296875,STRICT/PASS
RACE25,L1_D24_MAE_BRIDGE025,2026-06-14,23,-92.21099853515625,36.21200180053711,STRICT/PASS
RACE25,L1_D24_MAE_BRIDGE025,2026-06-14,24,-70.23836517333984,38.0099983215332,STRICT/PASS
RACE25,C0_DIRECT_H34,2026-06-14,1,-67.50091552734375,-48.75600051879883,STRICT/PASS
RACE25,C0_DIRECT_H34,2026-06-14,2,-46.64974594116211,-12.522000312805176,STRICT/PASS
RACE25,C0_DIRECT_H34,2026-06-14,3,-44.57011032104492,0.4320000112056732,STRICT/PASS
RACE25,C0_DIRECT_H34,2026-06-14,4,-61.9498291015625,8.116999626159668,STRICT/PASS
RACE25,C0_DIRECT_H34,2026-06-14,5,-55.96145248413086,10.581000328063965,STRICT/PASS
RACE25,C0_DIRECT_H34,2026-06-14,6,-55.363162994384766,5.65500020980835,STRICT/PASS
RACE25,C0_DIRECT_H34,2026-06-14,7,-15.345354080200195,-16.711000442504883,STRICT/PASS
RACE25,C0_DIRECT_H34,2026-06-14,8,-20.713804244995117,-4.166999816894531,STRICT/PASS
RACE25,C0_DIRECT_H34,2026-06-14,9,-26.773311614990234,-35.856998443603516,STRICT/PASS
RACE25,C0_DIRECT_H34,2026-06-14,10,-7.143362998962402,-166.1699981689453,STRICT/PASS
RACE25,C0_DIRECT_H34,2026-06-14,11,-18.48661231994629,-26.25200080871582,STRICT/PASS
RACE25,C0_DIRECT_H34,2026-06-14,12,-22.704532623291016,-169.48599243164062,STRICT/PASS
RACE25,C0_DIRECT_H34,2026-06-14,13,-24.992874145507812,136.875,STRICT/PASS
RACE25,C0_DIRECT_H34,2026-06-14,14,-27.60334014892578,136.0,STRICT/PASS
RACE25,C0_DIRECT_H34,2026-06-14,15,-61.397613525390625,175.10699462890625,STRICT/PASS
RACE25,C0_DIRECT_H34,2026-06-14,16,-43.07655715942383,135.21099853515625,STRICT/PASS
RACE25,C0_DIRECT_H34,2026-06-14,17,-81.2259750366211,102.87000274658203,STRICT/PASS
RACE25,C0_DIRECT_H34,2026-06-14,18,-63.381103515625,48.49599838256836,STRICT/PASS
RACE25,C0_DIRECT_H34,2026-06-14,19,-95.01754760742188,56.73500061035156,STRICT/PASS
RACE25,C0_DIRECT_H34,2026-06-14,20,-57.56552505493164,44.75400161743164,STRICT/PASS
RACE25,C0_DIRECT_H34,2026-06-14,21,-86.44547271728516,40.0,STRICT/PASS
RACE25,C0_DIRECT_H34,2026-06-14,22,-47.65642166137695,41.779998779296875,STRICT/PASS
RACE25,C0_DIRECT_H34,2026-06-14,23,-61.20243453979492,36.21200180053711,STRICT/PASS
RACE25,C0_DIRECT_H34,2026-06-14,24,-67.53213500976562,38.0099983215332,STRICT/PASS
RACE25,L1_D24_MAE_BRIDGE025,2026-06-26,1,-9.780364036560059,-24.832000732421875,STRICT/PASS
RACE25,L1_D24_MAE_BRIDGE025,2026-06-26,2,7.821043014526367,-4.3460001945495605,STRICT/PASS
RACE25,L1_D24_MAE_BRIDGE025,2026-06-26,3,10.901805877685547,21.851999282836914,STRICT/PASS
RACE25,L1_D24_MAE_BRIDGE025,2026-06-26,4,22.36980438232422,22.908000946044922,STRICT/PASS
RACE25,L1_D24_MAE_BRIDGE025,2026-06-26,5,29.015209197998047,17.518999099731445,STRICT/PASS
RACE25,L1_D24_MAE_BRIDGE025,2026-06-26,6,23.319372177124023,46.13199996948242,STRICT/PASS
RACE25,L1_D24_MAE_BRIDGE025,2026-06-26,7,27.39571762084961,322.6830139160156,STRICT/PASS
RACE25,L1_D24_MAE_BRIDGE025,2026-06-26,8,34.771820068359375,107.76300048828125,STRICT/PASS
RACE25,L1_D24_MAE_BRIDGE025,2026-06-26,9,-4.636295318603516,90.02999877929688,STRICT/PASS
RACE25,L1_D24_MAE_BRIDGE025,2026-06-26,10,30.2558650970459,-292.3450012207031,STRICT/PASS
RACE25,L1_D24_MAE_BRIDGE025,2026-06-26,11,15.552961349487305,-367.75,STRICT/PASS
RACE25,L1_D24_MAE_BRIDGE025,2026-06-26,12,12.133818626403809,-363.0660095214844,STRICT/PASS
RACE25,L1_D24_MAE_BRIDGE025,2026-06-26,13,-6.818649768829346,-332.6889953613281,STRICT/PASS
RACE25,L1_D24_MAE_BRIDGE025,2026-06-26,14,-21.83389663696289,-245.6320037841797,STRICT/PASS
RACE25,L1_D24_MAE_BRIDGE025,2026-06-26,15,-32.53512191772461,-178.86300659179688,STRICT/PASS
RACE25,L1_D24_MAE_BRIDGE025,2026-06-26,16,-50.79883575439453,-42.95800018310547,STRICT/PASS
RACE25,L1_D24_MAE_BRIDGE025,2026-06-26,17,-51.16792297363281,19.756000518798828,STRICT/PASS
RACE25,L1_D24_MAE_BRIDGE025,2026-06-26,18,-21.11342430114746,25.84600067138672,STRICT/PASS
RACE25,L1_D24_MAE_BRIDGE025,2026-06-26,19,-5.10442590713501,12.737000465393066,STRICT/PASS
RACE25,L1_D24_MAE_BRIDGE025,2026-06-26,20,-4.249710559844971,0.2800000011920929,STRICT/PASS
RACE25,L1_D24_MAE_BRIDGE025,2026-06-26,21,5.146457195281982,0.7369999885559082,STRICT/PASS
RACE25,L1_D24_MAE_BRIDGE025,2026-06-26,22,-17.024456024169922,-10.730999946594238,STRICT/PASS
RACE25,L1_D24_MAE_BRIDGE025,2026-06-26,23,-10.95556640625,-17.239999771118164,STRICT/PASS
RACE25,L1_D24_MAE_BRIDGE025,2026-06-26,24,-0.7289263010025024,-50.92300033569336,STRICT/PASS
RACE25,C0_DIRECT_H34,2026-06-26,1,9.853652954101562,-24.832000732421875,STRICT/PASS
RACE25,C0_DIRECT_H34,2026-06-26,2,23.351125717163086,-4.3460001945495605,STRICT/PASS
RACE25,C0_DIRECT_H34,2026-06-26,3,18.266002655029297,21.851999282836914,STRICT/PASS
RACE25,C0_DIRECT_H34,2026-06-26,4,32.379310607910156,22.908000946044922,STRICT/PASS
RACE25,C0_DIRECT_H34,2026-06-26,5,33.733802795410156,17.518999099731445,STRICT/PASS
RACE25,C0_DIRECT_H34,2026-06-26,6,38.97787857055664,46.13199996948242,STRICT/PASS
RACE25,C0_DIRECT_H34,2026-06-26,7,46.04385757446289,322.6830139160156,STRICT/PASS
RACE25,C0_DIRECT_H34,2026-06-26,8,51.150638580322266,107.76300048828125,STRICT/PASS
RACE25,C0_DIRECT_H34,2026-06-26,9,11.050601959228516,90.02999877929688,STRICT/PASS
RACE25,C0_DIRECT_H34,2026-06-26,10,38.09059524536133,-292.3450012207031,STRICT/PASS
RACE25,C0_DIRECT_H34,2026-06-26,11,26.8029727935791,-367.75,STRICT/PASS
RACE25,C0_DIRECT_H34,2026-06-26,12,18.606121063232422,-363.0660095214844,STRICT/PASS
RACE25,C0_DIRECT_H34,2026-06-26,13,9.709470748901367,-332.6889953613281,STRICT/PASS
RACE25,C0_DIRECT_H34,2026-06-26,14,-5.413470268249512,-245.6320037841797,STRICT/PASS
RACE25,C0_DIRECT_H34,2026-06-26,15,-14.649679183959961,-178.86300659179688,STRICT/PASS
RACE25,C0_DIRECT_H34,2026-06-26,16,-25.79995346069336,-42.95800018310547,STRICT/PASS
RACE25,C0_DIRECT_H34,2026-06-26,17,-25.06133460998535,19.756000518798828,STRICT/PASS
RACE25,C0_DIRECT_H34,2026-06-26,18,6.383930683135986,25.84600067138672,STRICT/PASS
RACE25,C0_DIRECT_H34,2026-06-26,19,11.191315650939941,12.737000465393066,STRICT/PASS
RACE25,C0_DIRECT_H34,2026-06-26,20,19.68956756591797,0.2800000011920929,STRICT/PASS
RACE25,C0_DIRECT_H34,2026-06-26,21,16.173843383789062,0.7369999885559082,STRICT/PASS
RACE25,C0_DIRECT_H34,2026-06-26,22,-0.8464613556861877,-10.730999946594238,STRICT/PASS
RACE25,C0_DIRECT_H34,2026-06-26,23,0.6477044224739075,-17.239999771118164,STRICT/PASS
RACE25,C0_DIRECT_H34,2026-06-26,24,-0.21686290204524994,-50.92300033569336,STRICT/PASS
RACE25,L1_D24_MAE_BRIDGE025,2026-06-29,1,39.08343505859375,62.86600112915039,STRICT/PASS
RACE25,L1_D24_MAE_BRIDGE025,2026-06-29,2,18.406442642211914,84.38800048828125,STRICT/PASS
RACE25,L1_D24_MAE_BRIDGE025,2026-06-29,3,31.97588539123535,147.75100708007812,STRICT/PASS
RACE25,L1_D24_MAE_BRIDGE025,2026-06-29,4,51.63157653808594,26.201000213623047,STRICT/PASS
RACE25,L1_D24_MAE_BRIDGE025,2026-06-29,5,42.40167236328125,77.91100311279297,STRICT/PASS
RACE25,L1_D24_MAE_BRIDGE025,2026-06-29,6,48.777713775634766,0.9110000133514404,STRICT/PASS
RACE25,L1_D24_MAE_BRIDGE025,2026-06-29,7,58.49304962158203,71.22599792480469,STRICT/PASS
RACE25,L1_D24_MAE_BRIDGE025,2026-06-29,8,31.11522674560547,-15.687000274658203,STRICT/PASS
RACE25,L1_D24_MAE_BRIDGE025,2026-06-29,9,25.237985610961914,11.944999694824219,STRICT/PASS
RACE25,L1_D24_MAE_BRIDGE025,2026-06-29,10,35.83168029785156,-4.830999851226807,STRICT/PASS
RACE25,L1_D24_MAE_BRIDGE025,2026-06-29,11,12.302658081054688,-40.14500045776367,STRICT/PASS
RACE25,L1_D24_MAE_BRIDGE025,2026-06-29,12,5.8872971534729,-80.88500213623047,STRICT/PASS
RACE25,L1_D24_MAE_BRIDGE025,2026-06-29,13,6.297296524047852,-84.35299682617188,STRICT/PASS
RACE25,L1_D24_MAE_BRIDGE025,2026-06-29,14,31.30802345275879,-50.055999755859375,STRICT/PASS
RACE25,L1_D24_MAE_BRIDGE025,2026-06-29,15,23.112272262573242,-29.427000045776367,STRICT/PASS
RACE25,L1_D24_MAE_BRIDGE025,2026-06-29,16,-4.622133255004883,-25.59600067138672,STRICT/PASS
RACE25,L1_D24_MAE_BRIDGE025,2026-06-29,17,-25.47258949279785,27.618000030517578,STRICT/PASS
RACE25,L1_D24_MAE_BRIDGE025,2026-06-29,18,29.002511978149414,-36.111000061035156,STRICT/PASS
RACE25,L1_D24_MAE_BRIDGE025,2026-06-29,19,17.186649322509766,-15.123000144958496,STRICT/PASS
RACE25,L1_D24_MAE_BRIDGE025,2026-06-29,20,-8.241527557373047,-25.895999908447266,STRICT/PASS
RACE25,L1_D24_MAE_BRIDGE025,2026-06-29,21,4.617259979248047,-35.150001525878906,STRICT/PASS
RACE25,L1_D24_MAE_BRIDGE025,2026-06-29,22,4.404173851013184,-58.47800064086914,STRICT/PASS
RACE25,L1_D24_MAE_BRIDGE025,2026-06-29,23,26.875581741333008,-65.6240005493164,STRICT/PASS
RACE25,L1_D24_MAE_BRIDGE025,2026-06-29,24,11.75458812713623,-3.48799991607666,STRICT/PASS
RACE25,C0_DIRECT_H34,2026-06-29,1,65.49652099609375,62.86600112915039,STRICT/PASS
RACE25,C0_DIRECT_H34,2026-06-29,2,34.85190200805664,84.38800048828125,STRICT/PASS
RACE25,C0_DIRECT_H34,2026-06-29,3,54.094974517822266,147.75100708007812,STRICT/PASS
RACE25,C0_DIRECT_H34,2026-06-29,4,69.5110092163086,26.201000213623047,STRICT/PASS
RACE25,C0_DIRECT_H34,2026-06-29,5,76.54424285888672,77.91100311279297,STRICT/PASS
RACE25,C0_DIRECT_H34,2026-06-29,6,89.99568939208984,0.9110000133514404,STRICT/PASS
RACE25,C0_DIRECT_H34,2026-06-29,7,78.61537170410156,71.22599792480469,STRICT/PASS
RACE25,C0_DIRECT_H34,2026-06-29,8,51.79676818847656,-15.687000274658203,STRICT/PASS
RACE25,C0_DIRECT_H34,2026-06-29,9,47.47002410888672,11.944999694824219,STRICT/PASS
RACE25,C0_DIRECT_H34,2026-06-29,10,68.7985610961914,-4.830999851226807,STRICT/PASS
RACE25,C0_DIRECT_H34,2026-06-29,11,40.81831741333008,-40.14500045776367,STRICT/PASS
RACE25,C0_DIRECT_H34,2026-06-29,12,29.629106521606445,-80.88500213623047,STRICT/PASS
RACE25,C0_DIRECT_H34,2026-06-29,13,36.1435661315918,-84.35299682617188,STRICT/PASS
RACE25,C0_DIRECT_H34,2026-06-29,14,50.68305206298828,-50.055999755859375,STRICT/PASS
RACE25,C0_DIRECT_H34,2026-06-29,15,50.941009521484375,-29.427000045776367,STRICT/PASS
RACE25,C0_DIRECT_H34,2026-06-29,16,19.624103546142578,-25.59600067138672,STRICT/PASS
RACE25,C0_DIRECT_H34,2026-06-29,17,2.457918167114258,27.618000030517578,STRICT/PASS
RACE25,C0_DIRECT_H34,2026-06-29,18,51.76407241821289,-36.111000061035156,STRICT/PASS
RACE25,C0_DIRECT_H34,2026-06-29,19,43.51287841796875,-15.123000144958496,STRICT/PASS
RACE25,C0_DIRECT_H34,2026-06-29,20,30.846956253051758,-25.895999908447266,STRICT/PASS
RACE25,C0_DIRECT_H34,2026-06-29,21,46.86778259277344,-35.150001525878906,STRICT/PASS
RACE25,C0_DIRECT_H34,2026-06-29,22,24.529438018798828,-58.47800064086914,STRICT/PASS
RACE25,C0_DIRECT_H34,2026-06-29,23,51.29945373535156,-65.6240005493164,STRICT/PASS
RACE25,C0_DIRECT_H34,2026-06-29,24,30.990318298339844,-3.48799991607666,STRICT/PASS
RACE25,L1_D24_MAE_BRIDGE025,2026-07-03,1,2.814760684967041,-55.319000244140625,STRICT/PASS
RACE25,L1_D24_MAE_BRIDGE025,2026-07-03,2,12.080384254455566,-219.6739959716797,STRICT/PASS
RACE25,L1_D24_MAE_BRIDGE025,2026-07-03,3,1.6825604438781738,-67.40399932861328,STRICT/PASS
RACE25,L1_D24_MAE_BRIDGE025,2026-07-03,4,11.175394058227539,-18.13599967956543,STRICT/PASS
RACE25,L1_D24_MAE_BRIDGE025,2026-07-03,5,25.274660110473633,-46.36899948120117,STRICT/PASS
RACE25,L1_D24_MAE_BRIDGE025,2026-07-03,6,20.335527420043945,-44.53300094604492,STRICT/PASS
RACE25,L1_D24_MAE_BRIDGE025,2026-07-03,7,44.635719299316406,-35.02799987792969,STRICT/PASS
RACE25,L1_D24_MAE_BRIDGE025,2026-07-03,8,31.56900978088379,-167.3350067138672,STRICT/PASS
RACE25,L1_D24_MAE_BRIDGE025,2026-07-03,9,13.370185852050781,-224.1840057373047,STRICT/PASS
RACE25,L1_D24_MAE_BRIDGE025,2026-07-03,10,37.555667877197266,-246.03799438476562,STRICT/PASS
RACE25,L1_D24_MAE_BRIDGE025,2026-07-03,11,24.143295288085938,-289.0360107421875,STRICT/PASS
RACE25,L1_D24_MAE_BRIDGE025,2026-07-03,12,30.278310775756836,-272.0989990234375,STRICT/PASS
RACE25,L1_D24_MAE_BRIDGE025,2026-07-03,13,18.832395553588867,-298.27398681640625,STRICT/PASS
RACE25,L1_D24_MAE_BRIDGE025,2026-07-03,14,-0.2970349192619324,-251.23800659179688,STRICT/PASS
RACE25,L1_D24_MAE_BRIDGE025,2026-07-03,15,12.276081085205078,-104.31700134277344,STRICT/PASS
RACE25,L1_D24_MAE_BRIDGE025,2026-07-03,16,34.3591194152832,204.95700073242188,STRICT/PASS
RACE25,L1_D24_MAE_BRIDGE025,2026-07-03,17,2.9992074966430664,50.71500015258789,STRICT/PASS
RACE25,L1_D24_MAE_BRIDGE025,2026-07-03,18,42.87349319458008,102.61699676513672,STRICT/PASS
RACE25,L1_D24_MAE_BRIDGE025,2026-07-03,19,31.114009857177734,102.61699676513672,STRICT/PASS
RACE25,L1_D24_MAE_BRIDGE025,2026-07-03,20,53.06692886352539,116.59600067138672,STRICT/PASS
RACE25,L1_D24_MAE_BRIDGE025,2026-07-03,21,34.526214599609375,79.43699645996094,STRICT/PASS
RACE25,L1_D24_MAE_BRIDGE025,2026-07-03,22,30.100053787231445,98.61499786376953,STRICT/PASS
RACE25,L1_D24_MAE_BRIDGE025,2026-07-03,23,34.98478317260742,70.12200164794922,STRICT/PASS
RACE25,L1_D24_MAE_BRIDGE025,2026-07-03,24,20.03183937072754,45.308998107910156,STRICT/PASS
RACE25,C0_DIRECT_H34,2026-07-03,1,-9.937253952026367,-55.319000244140625,STRICT/PASS
RACE25,C0_DIRECT_H34,2026-07-03,2,2.070251226425171,-219.6739959716797,STRICT/PASS
RACE25,C0_DIRECT_H34,2026-07-03,3,-0.9457738995552063,-67.40399932861328,STRICT/PASS
RACE25,C0_DIRECT_H34,2026-07-03,4,8.368471145629883,-18.13599967956543,STRICT/PASS
RACE25,C0_DIRECT_H34,2026-07-03,5,11.790261268615723,-46.36899948120117,STRICT/PASS
RACE25,C0_DIRECT_H34,2026-07-03,6,6.662045955657959,-44.53300094604492,STRICT/PASS
RACE25,C0_DIRECT_H34,2026-07-03,7,30.255115509033203,-35.02799987792969,STRICT/PASS
RACE25,C0_DIRECT_H34,2026-07-03,8,21.671960830688477,-167.3350067138672,STRICT/PASS
RACE25,C0_DIRECT_H34,2026-07-03,9,-8.909668922424316,-224.1840057373047,STRICT/PASS
RACE25,C0_DIRECT_H34,2026-07-03,10,21.481517791748047,-246.03799438476562,STRICT/PASS
RACE25,C0_DIRECT_H34,2026-07-03,11,8.479924201965332,-289.0360107421875,STRICT/PASS
RACE25,C0_DIRECT_H34,2026-07-03,12,19.36871910095215,-272.0989990234375,STRICT/PASS
RACE25,C0_DIRECT_H34,2026-07-03,13,13.445618629455566,-298.27398681640625,STRICT/PASS
RACE25,C0_DIRECT_H34,2026-07-03,14,0.5848738551139832,-251.23800659179688,STRICT/PASS
RACE25,C0_DIRECT_H34,2026-07-03,15,8.235457420349121,-104.31700134277344,STRICT/PASS
RACE25,C0_DIRECT_H34,2026-07-03,16,19.93701171875,204.95700073242188,STRICT/PASS
RACE25,C0_DIRECT_H34,2026-07-03,17,-6.933620929718018,50.71500015258789,STRICT/PASS
RACE25,C0_DIRECT_H34,2026-07-03,18,24.018117904663086,102.61699676513672,STRICT/PASS
RACE25,C0_DIRECT_H34,2026-07-03,19,17.31928253173828,102.61699676513672,STRICT/PASS
RACE25,C0_DIRECT_H34,2026-07-03,20,41.977760314941406,116.59600067138672,STRICT/PASS
RACE25,C0_DIRECT_H34,2026-07-03,21,22.12018585205078,79.43699645996094,STRICT/PASS
RACE25,C0_DIRECT_H34,2026-07-03,22,17.024629592895508,98.61499786376953,STRICT/PASS
RACE25,C0_DIRECT_H34,2026-07-03,23,22.627214431762695,70.12200164794922,STRICT/PASS
RACE25,C0_DIRECT_H34,2026-07-03,24,16.800291061401367,45.308998107910156,STRICT/PASS
RACE25,L1_D24_MAE_BRIDGE025,2026-07-07,1,6.497526168823242,16.28499984741211,STRICT/PASS
RACE25,L1_D24_MAE_BRIDGE025,2026-07-07,2,-13.053552627563477,0.6679999828338623,STRICT/PASS
RACE25,L1_D24_MAE_BRIDGE025,2026-07-07,3,-9.92463207244873,5.770999908447266,STRICT/PASS
RACE25,L1_D24_MAE_BRIDGE025,2026-07-07,4,-7.071040630340576,8.944999694824219,STRICT/PASS
RACE25,L1_D24_MAE_BRIDGE025,2026-07-07,5,-9.14432144165039,10.918000221252441,STRICT/PASS
RACE25,L1_D24_MAE_BRIDGE025,2026-07-07,6,-9.682297706604004,15.338000297546387,STRICT/PASS
RACE25,L1_D24_MAE_BRIDGE025,2026-07-07,7,9.465873718261719,-14.081000328063965,STRICT/PASS
RACE25,L1_D24_MAE_BRIDGE025,2026-07-07,8,18.506553649902344,14.309000015258789,STRICT/PASS
RACE25,L1_D24_MAE_BRIDGE025,2026-07-07,9,-59.6411247253418,19.82900047302246,STRICT/PASS
RACE25,L1_D24_MAE_BRIDGE025,2026-07-07,10,-55.316802978515625,61.612998962402344,STRICT/PASS
RACE25,L1_D24_MAE_BRIDGE025,2026-07-07,11,-69.68033599853516,99.15899658203125,STRICT/PASS
RACE25,L1_D24_MAE_BRIDGE025,2026-07-07,12,-53.707271575927734,207.7570037841797,STRICT/PASS
RACE25,L1_D24_MAE_BRIDGE025,2026-07-07,13,-69.3955307006836,443.4540100097656,STRICT/PASS
RACE25,L1_D24_MAE_BRIDGE025,2026-07-07,14,-54.16537857055664,448.8420104980469,STRICT/PASS
RACE25,L1_D24_MAE_BRIDGE025,2026-07-07,15,-44.075035095214844,438.1510009765625,STRICT/PASS
RACE25,L1_D24_MAE_BRIDGE025,2026-07-07,16,-36.32732391357422,233.7830047607422,STRICT/PASS
RACE25,L1_D24_MAE_BRIDGE025,2026-07-07,17,-47.20744705200195,38.41999816894531,STRICT/PASS
RACE25,L1_D24_MAE_BRIDGE025,2026-07-07,18,18.104917526245117,22.763999938964844,STRICT/PASS
RACE25,L1_D24_MAE_BRIDGE025,2026-07-07,19,-15.570932388305664,15.51099967956543,STRICT/PASS
RACE25,L1_D24_MAE_BRIDGE025,2026-07-07,20,-9.145944595336914,22.509000778198242,STRICT/PASS
RACE25,L1_D24_MAE_BRIDGE025,2026-07-07,21,-4.430195331573486,24.06399917602539,STRICT/PASS
RACE25,L1_D24_MAE_BRIDGE025,2026-07-07,22,-14.517861366271973,14.484999656677246,STRICT/PASS
RACE25,L1_D24_MAE_BRIDGE025,2026-07-07,23,-3.255199909210205,29.62700080871582,STRICT/PASS
RACE25,L1_D24_MAE_BRIDGE025,2026-07-07,24,11.557113647460938,31.132999420166016,STRICT/PASS
RACE25,C0_DIRECT_H34,2026-07-07,1,15.988471984863281,16.28499984741211,STRICT/PASS
RACE25,C0_DIRECT_H34,2026-07-07,2,-14.99111557006836,0.6679999828338623,STRICT/PASS
RACE25,C0_DIRECT_H34,2026-07-07,3,-16.521930694580078,5.770999908447266,STRICT/PASS
RACE25,C0_DIRECT_H34,2026-07-07,4,-33.372337341308594,8.944999694824219,STRICT/PASS
RACE25,C0_DIRECT_H34,2026-07-07,5,-16.711254119873047,10.918000221252441,STRICT/PASS
RACE25,C0_DIRECT_H34,2026-07-07,6,-12.25679874420166,15.338000297546387,STRICT/PASS
RACE25,C0_DIRECT_H34,2026-07-07,7,2.848803758621216,-14.081000328063965,STRICT/PASS
RACE25,C0_DIRECT_H34,2026-07-07,8,15.666594505310059,14.309000015258789,STRICT/PASS
RACE25,C0_DIRECT_H34,2026-07-07,9,-64.86759185791016,19.82900047302246,STRICT/PASS
RACE25,C0_DIRECT_H34,2026-07-07,10,-42.348026275634766,61.612998962402344,STRICT/PASS
RACE25,C0_DIRECT_H34,2026-07-07,11,-80.34219360351562,99.15899658203125,STRICT/PASS
RACE25,C0_DIRECT_H34,2026-07-07,12,-57.52284240722656,207.7570037841797,STRICT/PASS
RACE25,C0_DIRECT_H34,2026-07-07,13,-70.20875549316406,443.4540100097656,STRICT/PASS
RACE25,C0_DIRECT_H34,2026-07-07,14,-58.590232849121094,448.8420104980469,STRICT/PASS
RACE25,C0_DIRECT_H34,2026-07-07,15,-53.22037124633789,438.1510009765625,STRICT/PASS
RACE25,C0_DIRECT_H34,2026-07-07,16,-42.835357666015625,233.7830047607422,STRICT/PASS
RACE25,C0_DIRECT_H34,2026-07-07,17,-44.47201919555664,38.41999816894531,STRICT/PASS
RACE25,C0_DIRECT_H34,2026-07-07,18,21.342023849487305,22.763999938964844,STRICT/PASS
RACE25,C0_DIRECT_H34,2026-07-07,19,-9.590340614318848,15.51099967956543,STRICT/PASS
RACE25,C0_DIRECT_H34,2026-07-07,20,13.754644393920898,22.509000778198242,STRICT/PASS
RACE25,C0_DIRECT_H34,2026-07-07,21,0.4595150053501129,24.06399917602539,STRICT/PASS
RACE25,C0_DIRECT_H34,2026-07-07,22,-15.805964469909668,14.484999656677246,STRICT/PASS
RACE25,C0_DIRECT_H34,2026-07-07,23,-0.23338168859481812,29.62700080871582,STRICT/PASS
RACE25,C0_DIRECT_H34,2026-07-07,24,13.827263832092285,31.132999420166016,STRICT/PASS
RACE25,L1_D24_MAE_BRIDGE025,2026-07-15,1,11.09006404876709,27.94300079345703,STRICT/PASS
RACE25,L1_D24_MAE_BRIDGE025,2026-07-15,2,23.415010452270508,27.240999221801758,STRICT/PASS
RACE25,L1_D24_MAE_BRIDGE025,2026-07-15,3,22.18547821044922,14.432000160217285,STRICT/PASS
RACE25,L1_D24_MAE_BRIDGE025,2026-07-15,4,5.291281223297119,12.873000144958496,STRICT/PASS
RACE25,L1_D24_MAE_BRIDGE025,2026-07-15,5,13.549727439880371,23.69300079345703,STRICT/PASS
RACE25,L1_D24_MAE_BRIDGE025,2026-07-15,6,34.205753326416016,22.429000854492188,STRICT/PASS
RACE25,L1_D24_MAE_BRIDGE025,2026-07-15,7,44.00468444824219,32.8120002746582,STRICT/PASS
RACE25,L1_D24_MAE_BRIDGE025,2026-07-15,8,72.98960876464844,19.57200050354004,STRICT/PASS
RACE25,L1_D24_MAE_BRIDGE025,2026-07-15,9,65.86550903320312,32.23400115966797,STRICT/PASS
RACE25,L1_D24_MAE_BRIDGE025,2026-07-15,10,96.01355743408203,32.50899887084961,STRICT/PASS
RACE25,L1_D24_MAE_BRIDGE025,2026-07-15,11,123.14059448242188,79.54100036621094,STRICT/PASS
RACE25,L1_D24_MAE_BRIDGE025,2026-07-15,12,107.6742935180664,78.87999725341797,STRICT/PASS
RACE25,L1_D24_MAE_BRIDGE025,2026-07-15,13,94.37806701660156,122.86100006103516,STRICT/PASS
RACE25,L1_D24_MAE_BRIDGE025,2026-07-15,14,75.48251342773438,97.78900146484375,STRICT/PASS
RACE25,L1_D24_MAE_BRIDGE025,2026-07-15,15,65.29234313964844,113.96900177001953,STRICT/PASS
RACE25,L1_D24_MAE_BRIDGE025,2026-07-15,16,13.283679008483887,52.27899932861328,STRICT/PASS
RACE25,L1_D24_MAE_BRIDGE025,2026-07-15,17,63.7614631652832,85.32599639892578,STRICT/PASS
RACE25,L1_D24_MAE_BRIDGE025,2026-07-15,18,49.36231994628906,98.37300109863281,STRICT/PASS
RACE25,L1_D24_MAE_BRIDGE025,2026-07-15,19,59.41794204711914,81.94999694824219,STRICT/PASS
RACE25,L1_D24_MAE_BRIDGE025,2026-07-15,20,76.3818588256836,75.87699890136719,STRICT/PASS
RACE25,L1_D24_MAE_BRIDGE025,2026-07-15,21,87.78425598144531,41.72600173950195,STRICT/PASS
RACE25,L1_D24_MAE_BRIDGE025,2026-07-15,22,90.69564819335938,46.33300018310547,STRICT/PASS
RACE25,L1_D24_MAE_BRIDGE025,2026-07-15,23,33.77482604980469,77.51399993896484,STRICT/PASS
RACE25,L1_D24_MAE_BRIDGE025,2026-07-15,24,29.7967586517334,51.479000091552734,STRICT/PASS
RACE25,C0_DIRECT_H34,2026-07-15,1,10.221402168273926,27.94300079345703,STRICT/PASS
RACE25,C0_DIRECT_H34,2026-07-15,2,18.117359161376953,27.240999221801758,STRICT/PASS
RACE25,C0_DIRECT_H34,2026-07-15,3,26.18230628967285,14.432000160217285,STRICT/PASS
RACE25,C0_DIRECT_H34,2026-07-15,4,0.8782150149345398,12.873000144958496,STRICT/PASS
RACE25,C0_DIRECT_H34,2026-07-15,5,29.4417667388916,23.69300079345703,STRICT/PASS
RACE25,C0_DIRECT_H34,2026-07-15,6,48.783294677734375,22.429000854492188,STRICT/PASS
RACE25,C0_DIRECT_H34,2026-07-15,7,45.774436950683594,32.8120002746582,STRICT/PASS
RACE25,C0_DIRECT_H34,2026-07-15,8,70.22325134277344,19.57200050354004,STRICT/PASS
RACE25,C0_DIRECT_H34,2026-07-15,9,50.11648178100586,32.23400115966797,STRICT/PASS
RACE25,C0_DIRECT_H34,2026-07-15,10,90.99726104736328,32.50899887084961,STRICT/PASS
RACE25,C0_DIRECT_H34,2026-07-15,11,106.14181518554688,79.54100036621094,STRICT/PASS
RACE25,C0_DIRECT_H34,2026-07-15,12,86.8665771484375,78.87999725341797,STRICT/PASS
RACE25,C0_DIRECT_H34,2026-07-15,13,86.38445281982422,122.86100006103516,STRICT/PASS
RACE25,C0_DIRECT_H34,2026-07-15,14,40.28424835205078,97.78900146484375,STRICT/PASS
RACE25,C0_DIRECT_H34,2026-07-15,15,69.12340545654297,113.96900177001953,STRICT/PASS
RACE25,C0_DIRECT_H34,2026-07-15,16,12.297170639038086,52.27899932861328,STRICT/PASS
RACE25,C0_DIRECT_H34,2026-07-15,17,60.64147186279297,85.32599639892578,STRICT/PASS
RACE25,C0_DIRECT_H34,2026-07-15,18,64.81412506103516,98.37300109863281,STRICT/PASS
RACE25,C0_DIRECT_H34,2026-07-15,19,74.8970947265625,81.94999694824219,STRICT/PASS
RACE25,C0_DIRECT_H34,2026-07-15,20,94.24229431152344,75.87699890136719,STRICT/PASS
RACE25,C0_DIRECT_H34,2026-07-15,21,110.2817611694336,41.72600173950195,STRICT/PASS
RACE25,C0_DIRECT_H34,2026-07-15,22,92.04229736328125,46.33300018310547,STRICT/PASS
RACE25,C0_DIRECT_H34,2026-07-15,23,40.167606353759766,77.51399993896484,STRICT/PASS
RACE25,C0_DIRECT_H34,2026-07-15,24,34.45368576049805,51.479000091552734,STRICT/PASS
RACE25,L1_D24_MAE_BRIDGE025,2026-07-25,1,-10.042976379394531,15.166000366210938,STRICT/PASS
RACE25,L1_D24_MAE_BRIDGE025,2026-07-25,2,-1.0938869714736938,37.66299819946289,STRICT/PASS
RACE25,L1_D24_MAE_BRIDGE025,2026-07-25,3,-0.5800520181655884,20.17799949645996,STRICT/PASS
RACE25,L1_D24_MAE_BRIDGE025,2026-07-25,4,-14.437893867492676,19.67799949645996,STRICT/PASS
RACE25,L1_D24_MAE_BRIDGE025,2026-07-25,5,10.33409595489502,16.12700080871582,STRICT/PASS
RACE25,L1_D24_MAE_BRIDGE025,2026-07-25,6,7.754763126373291,17.44700050354004,STRICT/PASS
RACE25,L1_D24_MAE_BRIDGE025,2026-07-25,7,21.86163330078125,-3.486999988555908,STRICT/PASS
RACE25,L1_D24_MAE_BRIDGE025,2026-07-25,8,-3.976120948791504,2.059999942779541,STRICT/PASS
RACE25,L1_D24_MAE_BRIDGE025,2026-07-25,9,13.837773323059082,11.791000366210938,STRICT/PASS
RACE25,L1_D24_MAE_BRIDGE025,2026-07-25,10,32.161827087402344,12.439000129699707,STRICT/PASS
RACE25,L1_D24_MAE_BRIDGE025,2026-07-25,11,41.89692687988281,-30.614999771118164,STRICT/PASS
RACE25,L1_D24_MAE_BRIDGE025,2026-07-25,12,27.785362243652344,79.5999984741211,STRICT/PASS
RACE25,L1_D24_MAE_BRIDGE025,2026-07-25,13,33.353736877441406,208.218994140625,STRICT/PASS
RACE25,L1_D24_MAE_BRIDGE025,2026-07-25,14,28.94439697265625,-55.48899841308594,STRICT/PASS
RACE25,L1_D24_MAE_BRIDGE025,2026-07-25,15,18.970447540283203,-64.81999969482422,STRICT/PASS
RACE25,L1_D24_MAE_BRIDGE025,2026-07-25,16,18.447298049926758,-12.477999687194824,STRICT/PASS
RACE25,L1_D24_MAE_BRIDGE025,2026-07-25,17,10.706510543823242,15.675999641418457,STRICT/PASS
RACE25,L1_D24_MAE_BRIDGE025,2026-07-25,18,26.307771682739258,32.97100067138672,STRICT/PASS
RACE25,L1_D24_MAE_BRIDGE025,2026-07-25,19,28.956947326660156,31.099000930786133,STRICT/PASS
RACE25,L1_D24_MAE_BRIDGE025,2026-07-25,20,35.788597106933594,12.673999786376953,STRICT/PASS
RACE25,L1_D24_MAE_BRIDGE025,2026-07-25,21,36.848289489746094,-62.23500061035156,STRICT/PASS
RACE25,L1_D24_MAE_BRIDGE025,2026-07-25,22,27.417327880859375,-16.06599998474121,STRICT/PASS
RACE25,L1_D24_MAE_BRIDGE025,2026-07-25,23,12.587922096252441,-4.081999778747559,STRICT/PASS
RACE25,L1_D24_MAE_BRIDGE025,2026-07-25,24,15.406818389892578,8.119999885559082,STRICT/PASS
RACE25,C0_DIRECT_H34,2026-07-25,1,4.408180236816406,15.166000366210938,STRICT/PASS
RACE25,C0_DIRECT_H34,2026-07-25,2,9.299263000488281,37.66299819946289,STRICT/PASS
RACE25,C0_DIRECT_H34,2026-07-25,3,7.996978759765625,20.17799949645996,STRICT/PASS
RACE25,C0_DIRECT_H34,2026-07-25,4,-5.904558181762695,19.67799949645996,STRICT/PASS
RACE25,C0_DIRECT_H34,2026-07-25,5,17.1417236328125,16.12700080871582,STRICT/PASS
RACE25,C0_DIRECT_H34,2026-07-25,6,14.805251121520996,17.44700050354004,STRICT/PASS
RACE25,C0_DIRECT_H34,2026-07-25,7,19.441116333007812,-3.486999988555908,STRICT/PASS
RACE25,C0_DIRECT_H34,2026-07-25,8,6.689820766448975,2.059999942779541,STRICT/PASS
RACE25,C0_DIRECT_H34,2026-07-25,9,24.285619735717773,11.791000366210938,STRICT/PASS
RACE25,C0_DIRECT_H34,2026-07-25,10,33.06313705444336,12.439000129699707,STRICT/PASS
RACE25,C0_DIRECT_H34,2026-07-25,11,55.45484161376953,-30.614999771118164,STRICT/PASS
RACE25,C0_DIRECT_H34,2026-07-25,12,33.89464569091797,79.5999984741211,STRICT/PASS
RACE25,C0_DIRECT_H34,2026-07-25,13,41.976112365722656,208.218994140625,STRICT/PASS
RACE25,C0_DIRECT_H34,2026-07-25,14,36.79391860961914,-55.48899841308594,STRICT/PASS
RACE25,C0_DIRECT_H34,2026-07-25,15,29.151609420776367,-64.81999969482422,STRICT/PASS
RACE25,C0_DIRECT_H34,2026-07-25,16,34.73925018310547,-12.477999687194824,STRICT/PASS
RACE25,C0_DIRECT_H34,2026-07-25,17,14.067953109741211,15.675999641418457,STRICT/PASS
RACE25,C0_DIRECT_H34,2026-07-25,18,40.71623992919922,32.97100067138672,STRICT/PASS
RACE25,C0_DIRECT_H34,2026-07-25,19,40.2962646484375,31.099000930786133,STRICT/PASS
RACE25,C0_DIRECT_H34,2026-07-25,20,45.694068908691406,12.673999786376953,STRICT/PASS
RACE25,C0_DIRECT_H34,2026-07-25,21,35.42137145996094,-62.23500061035156,STRICT/PASS
RACE25,C0_DIRECT_H34,2026-07-25,22,29.142274856567383,-16.06599998474121,STRICT/PASS
RACE25,C0_DIRECT_H34,2026-07-25,23,17.946102142333984,-4.081999778747559,STRICT/PASS
RACE25,C0_DIRECT_H34,2026-07-25,24,29.668392181396484,8.119999885559082,STRICT/PASS
RACE25,L1_D24_MAE_BRIDGE025,2026-07-28,1,-20.471261978149414,31.100000381469727,STRICT/PASS
RACE25,L1_D24_MAE_BRIDGE025,2026-07-28,2,-29.811399459838867,34.37799835205078,STRICT/PASS
RACE25,L1_D24_MAE_BRIDGE025,2026-07-28,3,-15.997499465942383,4.144999980926514,STRICT/PASS
RACE25,L1_D24_MAE_BRIDGE025,2026-07-28,4,-18.299516677856445,20.642000198364258,STRICT/PASS
RACE25,L1_D24_MAE_BRIDGE025,2026-07-28,5,-22.0051326751709,14.717000007629395,STRICT/PASS
RACE25,L1_D24_MAE_BRIDGE025,2026-07-28,6,-7.957464218139648,4.585999965667725,STRICT/PASS
RACE25,L1_D24_MAE_BRIDGE025,2026-07-28,7,4.12666130065918,21.450000762939453,STRICT/PASS
RACE25,L1_D24_MAE_BRIDGE025,2026-07-28,8,-22.807035446166992,37.56399917602539,STRICT/PASS
RACE25,L1_D24_MAE_BRIDGE025,2026-07-28,9,-14.934947967529297,1.906000018119812,STRICT/PASS
RACE25,L1_D24_MAE_BRIDGE025,2026-07-28,10,-2.659174680709839,-75.46199798583984,STRICT/PASS
RACE25,L1_D24_MAE_BRIDGE025,2026-07-28,11,11.683526992797852,-65.72200012207031,STRICT/PASS
RACE25,L1_D24_MAE_BRIDGE025,2026-07-28,12,3.5499706268310547,-72.64299774169922,STRICT/PASS
RACE25,L1_D24_MAE_BRIDGE025,2026-07-28,13,15.440756797790527,-95.72599792480469,STRICT/PASS
RACE25,L1_D24_MAE_BRIDGE025,2026-07-28,14,-5.114980220794678,-74.8030014038086,STRICT/PASS
RACE25,L1_D24_MAE_BRIDGE025,2026-07-28,15,24.235536575317383,-31.990999221801758,STRICT/PASS
RACE25,L1_D24_MAE_BRIDGE025,2026-07-28,16,-3.5011355876922607,-6.179999828338623,STRICT/PASS
RACE25,L1_D24_MAE_BRIDGE025,2026-07-28,17,2.2971396446228027,25.239999771118164,STRICT/PASS
RACE25,L1_D24_MAE_BRIDGE025,2026-07-28,18,33.972015380859375,41.183998107910156,STRICT/PASS
RACE25,L1_D24_MAE_BRIDGE025,2026-07-28,19,73.49771881103516,52.29899978637695,STRICT/PASS
RACE25,L1_D24_MAE_BRIDGE025,2026-07-28,20,73.74589538574219,50.50400161743164,STRICT/PASS
RACE25,L1_D24_MAE_BRIDGE025,2026-07-28,21,101.50312805175781,46.27299880981445,STRICT/PASS
RACE25,L1_D24_MAE_BRIDGE025,2026-07-28,22,49.7679328918457,35.78200149536133,STRICT/PASS
RACE25,L1_D24_MAE_BRIDGE025,2026-07-28,23,42.51994323730469,40.6349983215332,STRICT/PASS
RACE25,L1_D24_MAE_BRIDGE025,2026-07-28,24,65.73541259765625,16.499000549316406,STRICT/PASS
RACE25,C0_DIRECT_H34,2026-07-28,1,-12.617329597473145,31.100000381469727,STRICT/PASS
RACE25,C0_DIRECT_H34,2026-07-28,2,-9.625879287719727,34.37799835205078,STRICT/PASS
RACE25,C0_DIRECT_H34,2026-07-28,3,-19.537736892700195,4.144999980926514,STRICT/PASS
RACE25,C0_DIRECT_H34,2026-07-28,4,-4.494847297668457,20.642000198364258,STRICT/PASS
RACE25,C0_DIRECT_H34,2026-07-28,5,-8.458176612854004,14.717000007629395,STRICT/PASS
RACE25,C0_DIRECT_H34,2026-07-28,6,2.4608006477355957,4.585999965667725,STRICT/PASS
RACE25,C0_DIRECT_H34,2026-07-28,7,9.827616691589355,21.450000762939453,STRICT/PASS
RACE25,C0_DIRECT_H34,2026-07-28,8,-8.416641235351562,37.56399917602539,STRICT/PASS
RACE25,C0_DIRECT_H34,2026-07-28,9,-35.112586975097656,1.906000018119812,STRICT/PASS
RACE25,C0_DIRECT_H34,2026-07-28,10,5.0082244873046875,-75.46199798583984,STRICT/PASS
RACE25,C0_DIRECT_H34,2026-07-28,11,-1.3257371187210083,-65.72200012207031,STRICT/PASS
RACE25,C0_DIRECT_H34,2026-07-28,12,1.5753427743911743,-72.64299774169922,STRICT/PASS
RACE25,C0_DIRECT_H34,2026-07-28,13,10.068129539489746,-95.72599792480469,STRICT/PASS
RACE25,C0_DIRECT_H34,2026-07-28,14,-18.89242172241211,-74.8030014038086,STRICT/PASS
RACE25,C0_DIRECT_H34,2026-07-28,15,9.610920906066895,-31.990999221801758,STRICT/PASS
RACE25,C0_DIRECT_H34,2026-07-28,16,-17.415966033935547,-6.179999828338623,STRICT/PASS
RACE25,C0_DIRECT_H34,2026-07-28,17,-12.802997589111328,25.239999771118164,STRICT/PASS
RACE25,C0_DIRECT_H34,2026-07-28,18,42.9456672668457,41.183998107910156,STRICT/PASS
RACE25,C0_DIRECT_H34,2026-07-28,19,59.308929443359375,52.29899978637695,STRICT/PASS
RACE25,C0_DIRECT_H34,2026-07-28,20,57.95530319213867,50.50400161743164,STRICT/PASS
RACE25,C0_DIRECT_H34,2026-07-28,21,58.69508361816406,46.27299880981445,STRICT/PASS
RACE25,C0_DIRECT_H34,2026-07-28,22,27.348167419433594,35.78200149536133,STRICT/PASS
RACE25,C0_DIRECT_H34,2026-07-28,23,21.514760971069336,40.6349983215332,STRICT/PASS
RACE25,C0_DIRECT_H34,2026-07-28,24,35.702430725097656,16.499000549316406,STRICT/PASS
