task,target_day,business_day,business_period,ds,hour_business,period,y_true,actual_available_at,source_file
dayahead,2026-08-06,2026-08-06,43,2026-08-06 10:45:00,11,33_64,418.16,2026-09-19T06:34:53.854728+00:00,/root/rivermind-data/electricity_forecast_model2.5/data/96/authoritative/pmos_96_全量.csv
dayahead,2026-07-20,2026-07-20,73,2026-07-20 18:15:00,19,65_96,469.0,2026-09-19T06:34:53.854728+00:00,/root/rivermind-data/electricity_forecast_model2.5/data/96/authoritative/pmos_96_全量.csv
dayahead,2026-07-18,2026-07-18,18,2026-07-18 04:30:00,5,1_32,390.5,2026-09-19T06:34:53.854728+00:00,/root/rivermind-data/electricity_forecast_model2.5/data/96/authoritative/pmos_96_全量.csv
dayahead,2026-07-30,2026-07-30,64,2026-07-30 16:00:00,16,33_64,387.6,2026-09-19T06:34:53.854728+00:00,/root/rivermind-data/electricity_forecast_model2.5/data/96/authoritative/pmos_96_全量.csv
dayahead,2026-07-19,2026-07-19,77,2026-07-19 19:15:00,20,65_96,396.77,2026-09-19T06:34:53.854728+00:00,/root/rivermind-data/electricity_forecast_model2.5/data/96/authoritative/pmos_96_全量.csv
dayahead,2026-07-19,2026-07-19,86,2026-07-19 21:30:00,22,65_96,396.77,2026-09-19T06:34:53.854728+00:00,/root/rivermind-data/electricity_forecast_model2.5/data/96/authoritative/pmos_96_全量.csv
dayahead,2026-07-29,2026-07-29,48,2026-07-29 12:00:00,12,33_64,331.14,2026-09-19T06:34:53.854728+00:00,/root/rivermind-data/electricity_forecast_model2.5/data/96/authoritative/pmos_96_全量.csv
dayahead,2026-07-29,2026-07-29,6,2026-07-29 01:30:00,2,1_32,449.76,2026-09-19T06:34:53.854728+00:00,/root/rivermind-data/electricity_forecast_model2.5/data/96/authoritative/pmos_96_全量.csv
dayahead,2026-07-29,2026-07-29,13,2026-07-29 03:15:00,4,1_32,416.21,2026-09-19T06:34:53.854728+00:00,/root/rivermind-data/electricity_forecast_model2.5/data/96/authoritative/pmos_96_全量.csv
dayahead,2026-07-19,2026-07-19,88,2026-07-19 22:00:00,22,65_96,396.77,2026-09-19T06:34:53.854728+00:00,/root/rivermind-data/electricity_forecast_model2.5/data/96/authoritative/pmos_96_全量.csv
dayahead,2026-07-29,2026-07-29,62,2026-07-29 15:30:00,16,33_64,400.0,2026-09-19T06:34:53.854728+00:00,/root/rivermind-data/electricity_forecast_model2.5/data/96/authoritative/pmos_96_全量.csv
dayahead,2026-07-24,2026-07-24,49,2026-07-24 12:15:00,13,33_64,172.02,2026-09-19T06:34:53.854728+00:00,/root/rivermind-data/electricity_forecast_model2.5/data/96/authoritative/pmos_96_全量.csv
dayahead,2026-07-29,2026-07-29,20,2026-07-29 05:00:00,5,1_32,422.0,2026-09-19T06:34:53.854728+00:00,/root/rivermind-data/electricity_forecast_model2.5/data/96/authoritative/pmos_96_全量.csv
dayahead,2026-07-19,2026-07-19,78,2026-07-19 19:30:00,20,65_96,396.77,2026-09-19T06:34:53.854728+00:00,/root/rivermind-data/electricity_forecast_model2.5/data/96/authoritative/pmos_96_全量.csv
dayahead,2026-07-29,2026-07-29,80,2026-07-29 20:00:00,20,65_96,772.83,2026-09-19T06:34:53.854728+00:00,/root/rivermind-data/electricity_forecast_model2.5/data/96/authoritative/pmos_96_全量.csv
dayahead,2026-07-29,2026-07-29,86,2026-07-29 21:30:00,22,65_96,772.83,2026-09-19T06:34:53.854728+00:00,/root/rivermind-data/electricity_forecast_model2.5/data/96/authoritative/pmos_96_全量.csv
dayahead,2026-07-29,2026-07-29,81,2026-07-29 20:15:00,21,65_96,772.83,2026-09-19T06:34:53.854728+00:00,/root/rivermind-data/electricity_forecast_model2.5/data/96/authoritative/pmos_96_全量.csv
dayahead,2026-07-23,2026-07-23,78,2026-07-23 19:30:00,20,65_96,555.88,2026-09-19T06:34:53.854728+00:00,/root/rivermind-data/electricity_forecast_model2.5/data/96/authoritative/pmos_96_全量.csv
dayahead,2026-07-16,2026-07-16,55,2026-07-16 13:45:00,14,33_64,352.0,2026-09-19T06:34:53.854728+00:00,/root/rivermind-data/electricity_forecast_model2.5/data/96/authoritative/pmos_96_全量.csv
dayahead,2026-07-16,2026-07-16,49,2026-07-16 12:15:00,13,33_64,336.0,2026-09-19T06:34:53.854728+00:00,/root/rivermind-data/electricity_forecast_model2.5/data/96/authoritative/pmos_96_全量.csv
dayahead,2026-07-16,2026-07-16,64,2026-07-16 16:00:00,16,33_64,708.32,2026-09-19T06:34:53.854728+00:00,/root/rivermind-data/electricity_forecast_model2.5/data/96/authoritative/pmos_96_全量.csv
dayahead,2026-07-19,2026-07-19,76,2026-07-19 19:00:00,19,65_96,397.3,2026-09-19T06:34:53.854728+00:00,/root/rivermind-data/electricity_forecast_model2.5/data/96/authoritative/pmos_96_全量.csv
dayahead,2026-07-16,2026-07-16,90,2026-07-16 22:30:00,23,65_96,464.0,2026-09-19T06:34:53.854728+00:00,/root/rivermind-data/electricity_forecast_model2.5/data/96/authoritative/pmos_96_全量.csv
dayahead,2026-07-17,2026-07-17,91,2026-07-17 22:45:00,23,65_96,386.0,2026-09-19T06:34:53.854728+00:00,/root/rivermind-data/electricity_forecast_model2.5/data/96/authoritative/pmos_96_全量.csv
dayahead,2026-07-16,2026-07-16,69,2026-07-16 17:15:00,18,65_96,414.0,2026-09-19T06:34:53.854728+00:00,/root/rivermind-data/electricity_forecast_model2.5/data/96/authoritative/pmos_96_全量.csv
dayahead,2026-07-20,2026-07-20,64,2026-07-20 16:00:00,16,33_64,134.98,2026-09-19T06:34:53.854728+00:00,/root/rivermind-data/electricity_forecast_model2.5/data/96/authoritative/pmos_96_全量.csv
dayahead,2026-07-16,2026-07-16,78,2026-07-16 19:30:00,20,65_96,765.22,2026-09-19T06:34:53.854728+00:00,/root/rivermind-data/electricity_forecast_model2.5/data/96/authoritative/pmos_96_全量.csv
dayahead,2026-07-20,2026-07-20,70,2026-07-20 17:30:00,18,65_96,399.81,2026-09-19T06:34:53.854728+00:00,/root/rivermind-data/electricity_forecast_model2.5/data/96/authoritative/pmos_96_全量.csv
dayahead,2026-07-16,2026-07-16,51,2026-07-16 12:45:00,13,33_64,338.27,2026-09-19T06:34:53.854728+00:00,/root/rivermind-data/electricity_forecast_model2.5/data/96/authoritative/pmos_96_全量.csv
dayahead,2026-07-20,2026-07-20,9,2026-07-20 02:15:00,3,1_32,432.0,2026-09-19T06:34:53.854728+00:00,/root/rivermind-data/electricity_forecast_model2.5/data/96/authoritative/pmos_96_全量.csv
dayahead,2026-07-30,2026-07-30,66,2026-07-30 16:30:00,17,65_96,399.21,2026-09-19T06:34:53.854728+00:00,/root/rivermind-data/electricity_forecast_model2.5/data/96/authoritative/pmos_96_全量.csv
dayahead,2026-07-17,2026-07-17,41,2026-07-17 10:15:00,11,33_64,401.28,2026-09-19T06:34:53.854728+00:00,/root/rivermind-data/electricity_forecast_model2.5/data/96/authoritative/pmos_96_全量.csv
dayahead,2026-07-20,2026-07-20,71,2026-07-20 17:45:00,18,65_96,416.63,2026-09-19T06:34:53.854728+00:00,/root/rivermind-data/electricity_forecast_model2.5/data/96/authoritative/pmos_96_全量.csv
dayahead,2026-07-16,2026-07-16,21,2026-07-16 05:15:00,6,1_32,401.0,2026-09-19T06:34:53.854728+00:00,/root/rivermind-data/electricity_forecast_model2.5/data/96/authoritative/pmos_96_全量.csv
dayahead,2026-07-16,2026-07-16,34,2026-07-16 08:30:00,9,33_64,350.77,2026-09-19T06:34:53.854728+00:00,/root/rivermind-data/electricity_forecast_model2.5/data/96/authoritative/pmos_96_全量.csv
dayahead,2026-07-16,2026-07-16,68,2026-07-16 17:00:00,17,65_96,411.67,2026-09-19T06:34:53.854728+00:00,/root/rivermind-data/electricity_forecast_model2.5/data/96/authoritative/pmos_96_全量.csv
dayahead,2026-07-18,2026-07-18,39,2026-07-18 09:45:00,10,33_64,-80.0,2026-09-19T06:34:53.854728+00:00,/root/rivermind-data/electricity_forecast_model2.5/data/96/authoritative/pmos_96_全量.csv
dayahead,2026-07-16,2026-07-16,62,2026-07-16 15:30:00,16,33_64,395.26,2026-09-19T06:34:53.854728+00:00,/root/rivermind-data/electricity_forecast_model2.5/data/96/authoritative/pmos_96_全量.csv
dayahead,2026-07-19,2026-07-19,79,2026-07-19 19:45:00,20,65_96,396.77,2026-09-19T06:34:53.854728+00:00,/root/rivermind-data/electricity_forecast_model2.5/data/96/authoritative/pmos_96_全量.csv
dayahead,2026-07-16,2026-07-16,63,2026-07-16 15:45:00,16,33_64,692.03,2026-09-19T06:34:53.854728+00:00,/root/rivermind-data/electricity_forecast_model2.5/data/96/authoritative/pmos_96_全量.csv
dayahead,2026-07-20,2026-07-20,89,2026-07-20 22:15:00,23,65_96,1500.0,2026-09-19T06:34:53.854728+00:00,/root/rivermind-data/electricity_forecast_model2.5/data/96/authoritative/pmos_96_全量.csv
dayahead,2026-07-29,2026-07-29,17,2026-07-29 04:15:00,5,1_32,412.0,2026-09-19T06:34:53.854728+00:00,/root/rivermind-data/electricity_forecast_model2.5/data/96/authoritative/pmos_96_全量.csv
dayahead,2026-07-19,2026-07-19,30,2026-07-19 07:30:00,8,1_32,339.74,2026-09-19T06:34:53.854728+00:00,/root/rivermind-data/electricity_forecast_model2.5/data/96/authoritative/pmos_96_全量.csv
dayahead,2026-07-29,2026-07-29,77,2026-07-29 19:15:00,20,65_96,772.83,2026-09-19T06:34:53.854728+00:00,/root/rivermind-data/electricity_forecast_model2.5/data/96/authoritative/pmos_96_全量.csv
dayahead,2026-07-17,2026-07-17,52,2026-07-17 13:00:00,13,33_64,375.34,2026-09-19T06:34:53.854728+00:00,/root/rivermind-data/electricity_forecast_model2.5/data/96/authoritative/pmos_96_全量.csv
dayahead,2026-07-29,2026-07-29,8,2026-07-29 02:00:00,2,1_32,434.0,2026-09-19T06:34:53.854728+00:00,/root/rivermind-data/electricity_forecast_model2.5/data/96/authoritative/pmos_96_全量.csv
dayahead,2026-07-29,2026-07-29,88,2026-07-29 22:00:00,22,65_96,772.83,2026-09-19T06:34:53.854728+00:00,/root/rivermind-data/electricity_forecast_model2.5/data/96/authoritative/pmos_96_全量.csv
dayahead,2026-07-29,2026-07-29,79,2026-07-29 19:45:00,20,65_96,772.83,2026-09-19T06:34:53.854728+00:00,/root/rivermind-data/electricity_forecast_model2.5/data/96/authoritative/pmos_96_全量.csv
dayahead,2026-07-29,2026-07-29,82,2026-07-29 20:30:00,21,65_96,772.83,2026-09-19T06:34:53.854728+00:00,/root/rivermind-data/electricity_forecast_model2.5/data/96/authoritative/pmos_96_全量.csv
dayahead,2026-07-30,2026-07-30,61,2026-07-30 15:15:00,16,33_64,364.0,2026-09-19T06:34:53.854728+00:00,/root/rivermind-data/electricity_forecast_model2.5/data/96/authoritative/pmos_96_全量.csv
dayahead,2026-07-19,2026-07-19,81,2026-07-19 20:15:00,21,65_96,396.75,2026-09-19T06:34:53.854728+00:00,/root/rivermind-data/electricity_forecast_model2.5/data/96/authoritative/pmos_96_全量.csv
dayahead,2026-07-19,2026-07-19,84,2026-07-19 21:00:00,21,65_96,396.77,2026-09-19T06:34:53.854728+00:00,/root/rivermind-data/electricity_forecast_model2.5/data/96/authoritative/pmos_96_全量.csv
dayahead,2026-07-29,2026-07-29,27,2026-07-29 06:45:00,7,1_32,378.55,2026-09-19T06:34:53.854728+00:00,/root/rivermind-data/electricity_forecast_model2.5/data/96/authoritative/pmos_96_全量.csv
dayahead,2026-07-29,2026-07-29,87,2026-07-29 21:45:00,22,65_96,772.83,2026-09-19T06:34:53.854728+00:00,/root/rivermind-data/electricity_forecast_model2.5/data/96/authoritative/pmos_96_全量.csv
dayahead,2026-07-29,2026-07-29,91,2026-07-29 22:45:00,23,65_96,474.0,2026-09-19T06:34:53.854728+00:00,/root/rivermind-data/electricity_forecast_model2.5/data/96/authoritative/pmos_96_全量.csv
dayahead,2026-07-29,2026-07-29,66,2026-07-29 16:30:00,17,65_96,436.0,2026-09-19T06:34:53.854728+00:00,/root/rivermind-data/electricity_forecast_model2.5/data/96/authoritative/pmos_96_全量.csv
dayahead,2026-07-19,2026-07-19,75,2026-07-19 18:45:00,19,65_96,396.44,2026-09-19T06:34:53.854728+00:00,/root/rivermind-data/electricity_forecast_model2.5/data/96/authoritative/pmos_96_全量.csv
dayahead,2026-07-29,2026-07-29,75,2026-07-29 18:45:00,19,65_96,490.52,2026-09-19T06:34:53.854728+00:00,/root/rivermind-data/electricity_forecast_model2.5/data/96/authoritative/pmos_96_全量.csv
dayahead,2026-07-29,2026-07-29,26,2026-07-29 06:30:00,7,1_32,386.44,2026-09-19T06:34:53.854728+00:00,/root/rivermind-data/electricity_forecast_model2.5/data/96/authoritative/pmos_96_全量.csv
dayahead,2026-07-17,2026-07-17,87,2026-07-17 21:45:00,22,65_96,387.5,2026-09-19T06:34:53.854728+00:00,/root/rivermind-data/electricity_forecast_model2.5/data/96/authoritative/pmos_96_全量.csv
dayahead,2026-07-29,2026-07-29,83,2026-07-29 20:45:00,21,65_96,772.83,2026-09-19T06:34:53.854728+00:00,/root/rivermind-data/electricity_forecast_model2.5/data/96/authoritative/pmos_96_全量.csv
dayahead,2026-07-20,2026-07-20,11,2026-07-20 02:45:00,3,1_32,432.0,2026-09-19T06:34:53.854728+00:00,/root/rivermind-data/electricity_forecast_model2.5/data/96/authoritative/pmos_96_全量.csv
dayahead,2026-07-30,2026-07-30,69,2026-07-30 17:15:00,18,65_96,414.2,2026-09-19T06:34:53.854728+00:00,/root/rivermind-data/electricity_forecast_model2.5/data/96/authoritative/pmos_96_全量.csv
dayahead,2026-07-19,2026-07-19,96,2026-07-20 00:00:00,24,65_96,395.0,2026-09-19T06:34:53.854728+00:00,/root/rivermind-data/electricity_forecast_model2.5/data/96/authoritative/pmos_96_全量.csv
dayahead,2026-07-17,2026-07-17,53,2026-07-17 13:15:00,14,33_64,376.1,2026-09-19T06:34:53.854728+00:00,/root/rivermind-data/electricity_forecast_model2.5/data/96/authoritative/pmos_96_全量.csv
dayahead,2026-07-29,2026-07-29,30,2026-07-29 07:30:00,8,1_32,360.0,2026-09-19T06:34:53.854728+00:00,/root/rivermind-data/electricity_forecast_model2.5/data/96/authoritative/pmos_96_全量.csv
dayahead,2026-07-19,2026-07-19,85,2026-07-19 21:15:00,22,65_96,396.77,2026-09-19T06:34:53.854728+00:00,/root/rivermind-data/electricity_forecast_model2.5/data/96/authoritative/pmos_96_全量.csv
dayahead,2026-07-29,2026-07-29,14,2026-07-29 03:30:00,4,1_32,414.5,2026-09-19T06:34:53.854728+00:00,/root/rivermind-data/electricity_forecast_model2.5/data/96/authoritative/pmos_96_全量.csv
dayahead,2026-07-19,2026-07-19,80,2026-07-19 20:00:00,20,65_96,396.77,2026-09-19T06:34:53.854728+00:00,/root/rivermind-data/electricity_forecast_model2.5/data/96/authoritative/pmos_96_全量.csv
dayahead,2026-07-16,2026-07-16,22,2026-07-16 05:30:00,6,1_32,398.29,2026-09-19T06:34:53.854728+00:00,/root/rivermind-data/electricity_forecast_model2.5/data/96/authoritative/pmos_96_全量.csv
dayahead,2026-07-29,2026-07-29,19,2026-07-29 04:45:00,5,1_32,416.0,2026-09-19T06:34:53.854728+00:00,/root/rivermind-data/electricity_forecast_model2.5/data/96/authoritative/pmos_96_全量.csv
dayahead,2026-07-16,2026-07-16,14,2026-07-16 03:30:00,4,1_32,398.33,2026-09-19T06:34:53.854728+00:00,/root/rivermind-data/electricity_forecast_model2.5/data/96/authoritative/pmos_96_全量.csv
dayahead,2026-07-19,2026-07-19,21,2026-07-19 05:15:00,6,1_32,484.0,2026-09-19T06:34:53.854728+00:00,/root/rivermind-data/electricity_forecast_model2.5/data/96/authoritative/pmos_96_全量.csv
dayahead,2026-07-16,2026-07-16,15,2026-07-16 03:45:00,4,1_32,398.0,2026-09-19T06:34:53.854728+00:00,/root/rivermind-data/electricity_forecast_model2.5/data/96/authoritative/pmos_96_全量.csv
dayahead,2026-07-19,2026-07-19,19,2026-07-19 04:45:00,5,1_32,464.0,2026-09-19T06:34:53.854728+00:00,/root/rivermind-data/electricity_forecast_model2.5/data/96/authoritative/pmos_96_全量.csv
dayahead,2026-07-16,2026-07-16,52,2026-07-16 13:00:00,13,33_64,341.98,2026-09-19T06:34:53.854728+00:00,/root/rivermind-data/electricity_forecast_model2.5/data/96/authoritative/pmos_96_全量.csv
dayahead,2026-07-16,2026-07-16,20,2026-07-16 05:00:00,5,1_32,400.0,2026-09-19T06:34:53.854728+00:00,/root/rivermind-data/electricity_forecast_model2.5/data/96/authoritative/pmos_96_全量.csv
dayahead,2026-07-16,2026-07-16,2,2026-07-16 00:30:00,1,1_32,404.0,2026-09-19T06:34:53.854728+00:00,/root/rivermind-data/electricity_forecast_model2.5/data/96/authoritative/pmos_96_全量.csv
dayahead,2026-07-17,2026-07-17,17,2026-07-17 04:15:00,5,1_32,393.5,2026-09-19T06:34:53.854728+00:00,/root/rivermind-data/electricity_forecast_model2.5/data/96/authoritative/pmos_96_全量.csv
dayahead,2026-07-20,2026-07-20,17,2026-07-20 04:15:00,5,1_32,423.0,2026-09-19T06:34:53.854728+00:00,/root/rivermind-data/electricity_forecast_model2.5/data/96/authoritative/pmos_96_全量.csv
dayahead,2026-07-29,2026-07-29,89,2026-07-29 22:15:00,23,65_96,772.83,2026-09-19T06:34:53.854728+00:00,/root/rivermind-data/electricity_forecast_model2.5/data/96/authoritative/pmos_96_全量.csv
dayahead,2026-07-29,2026-07-29,29,2026-07-29 07:15:00,8,1_32,366.6,2026-09-19T06:34:53.854728+00:00,/root/rivermind-data/electricity_forecast_model2.5/data/96/authoritative/pmos_96_全量.csv
dayahead,2026-07-29,2026-07-29,15,2026-07-29 03:45:00,4,1_32,412.0,2026-09-19T06:34:53.854728+00:00,/root/rivermind-data/electricity_forecast_model2.5/data/96/authoritative/pmos_96_全量.csv
dayahead,2026-07-19,2026-07-19,18,2026-07-19 04:30:00,5,1_32,460.0,2026-09-19T06:34:53.854728+00:00,/root/rivermind-data/electricity_forecast_model2.5/data/96/authoritative/pmos_96_全量.csv
dayahead,2026-07-16,2026-07-16,17,2026-07-16 04:15:00,5,1_32,397.0,2026-09-19T06:34:53.854728+00:00,/root/rivermind-data/electricity_forecast_model2.5/data/96/authoritative/pmos_96_全量.csv
dayahead,2026-07-29,2026-07-29,24,2026-07-29 06:00:00,6,1_32,407.0,2026-09-19T06:34:53.854728+00:00,/root/rivermind-data/electricity_forecast_model2.5/data/96/authoritative/pmos_96_全量.csv
dayahead,2026-07-16,2026-07-16,58,2026-07-16 14:30:00,15,33_64,363.75,2026-09-19T06:34:53.854728+00:00,/root/rivermind-data/electricity_forecast_model2.5/data/96/authoritative/pmos_96_全量.csv
dayahead,2026-07-16,2026-07-16,86,2026-07-16 21:30:00,22,65_96,765.22,2026-09-19T06:34:53.854728+00:00,/root/rivermind-data/electricity_forecast_model2.5/data/96/authoritative/pmos_96_全量.csv
dayahead,2026-07-16,2026-07-16,43,2026-07-16 10:45:00,11,33_64,338.29,2026-09-19T06:34:53.854728+00:00,/root/rivermind-data/electricity_forecast_model2.5/data/96/authoritative/pmos_96_全量.csv
dayahead,2026-07-16,2026-07-16,42,2026-07-16 10:30:00,11,33_64,338.29,2026-09-19T06:34:53.854728+00:00,/root/rivermind-data/electricity_forecast_model2.5/data/96/authoritative/pmos_96_全量.csv
dayahead,2026-07-16,2026-07-16,31,2026-07-16 07:45:00,8,1_32,355.36,2026-09-19T06:34:53.854728+00:00,/root/rivermind-data/electricity_forecast_model2.5/data/96/authoritative/pmos_96_全量.csv
dayahead,2026-07-16,2026-07-16,36,2026-07-16 09:00:00,9,33_64,342.0,2026-09-19T06:34:53.854728+00:00,/root/rivermind-data/electricity_forecast_model2.5/data/96/authoritative/pmos_96_全量.csv
dayahead,2026-07-16,2026-07-16,41,2026-07-16 10:15:00,11,33_64,338.29,2026-09-19T06:34:53.854728+00:00,/root/rivermind-data/electricity_forecast_model2.5/data/96/authoritative/pmos_96_全量.csv
dayahead,2026-07-16,2026-07-16,40,2026-07-16 10:00:00,10,33_64,338.29,2026-09-19T06:34:53.854728+00:00,/root/rivermind-data/electricity_forecast_model2.5/data/96/authoritative/pmos_96_全量.csv
dayahead,2026-07-16,2026-07-16,6,2026-07-16 01:30:00,2,1_32,418.8,2026-09-19T06:34:53.854728+00:00,/root/rivermind-data/electricity_forecast_model2.5/data/96/authoritative/pmos_96_全量.csv
dayahead,2026-07-16,2026-07-16,39,2026-07-16 09:45:00,10,33_64,338.0,2026-09-19T06:34:53.854728+00:00,/root/rivermind-data/electricity_forecast_model2.5/data/96/authoritative/pmos_96_全量.csv
dayahead,2026-07-16,2026-07-16,18,2026-07-16 04:30:00,5,1_32,396.0,2026-09-19T06:34:53.854728+00:00,/root/rivermind-data/electricity_forecast_model2.5/data/96/authoritative/pmos_96_全量.csv
dayahead,2026-07-16,2026-07-16,45,2026-07-16 11:15:00,12,33_64,316.25,2026-09-19T06:34:53.854728+00:00,/root/rivermind-data/electricity_forecast_model2.5/data/96/authoritative/pmos_96_全量.csv
dayahead,2026-07-16,2026-07-16,35,2026-07-16 08:45:00,9,33_64,348.0,2026-09-19T06:34:53.854728+00:00,/root/rivermind-data/electricity_forecast_model2.5/data/96/authoritative/pmos_96_全量.csv
dayahead,2026-07-16,2026-07-16,11,2026-07-16 02:45:00,3,1_32,403.33,2026-09-19T06:34:53.854728+00:00,/root/rivermind-data/electricity_forecast_model2.5/data/96/authoritative/pmos_96_全量.csv
dayahead,2026-07-16,2026-07-16,37,2026-07-16 09:15:00,10,33_64,338.33,2026-09-19T06:34:53.854728+00:00,/root/rivermind-data/electricity_forecast_model2.5/data/96/authoritative/pmos_96_全量.csv
dayahead,2026-07-16,2026-07-16,1,2026-07-16 00:15:00,1,1_32,406.67,2026-09-19T06:34:53.854728+00:00,/root/rivermind-data/electricity_forecast_model2.5/data/96/authoritative/pmos_96_全量.csv
dayahead,2026-07-16,2026-07-16,24,2026-07-16 06:00:00,6,1_32,386.0,2026-09-19T06:34:53.854728+00:00,/root/rivermind-data/electricity_forecast_model2.5/data/96/authoritative/pmos_96_全量.csv
dayahead,2026-07-16,2026-07-16,13,2026-07-16 03:15:00,4,1_32,400.0,2026-09-19T06:34:53.854728+00:00,/root/rivermind-data/electricity_forecast_model2.5/data/96/authoritative/pmos_96_全量.csv
dayahead,2026-07-16,2026-07-16,70,2026-07-16 17:30:00,18,65_96,418.0,2026-09-19T06:34:53.854728+00:00,/root/rivermind-data/electricity_forecast_model2.5/data/96/authoritative/pmos_96_全量.csv
dayahead,2026-07-16,2026-07-16,26,2026-07-16 06:30:00,7,1_32,374.19,2026-09-19T06:34:53.854728+00:00,/root/rivermind-data/electricity_forecast_model2.5/data/96/authoritative/pmos_96_全量.csv
dayahead,2026-07-16,2026-07-16,28,2026-07-16 07:00:00,7,1_32,360.0,2026-09-19T06:34:53.854728+00:00,/root/rivermind-data/electricity_forecast_model2.5/data/96/authoritative/pmos_96_全量.csv
dayahead,2026-07-16,2026-07-16,38,2026-07-16 09:30:00,10,33_64,338.29,2026-09-19T06:34:53.854728+00:00,/root/rivermind-data/electricity_forecast_model2.5/data/96/authoritative/pmos_96_全量.csv
dayahead,2026-07-16,2026-07-16,89,2026-07-16 22:15:00,23,65_96,488.55,2026-09-19T06:34:53.854728+00:00,/root/rivermind-data/electricity_forecast_model2.5/data/96/authoritative/pmos_96_全量.csv
dayahead,2026-07-20,2026-07-20,6,2026-07-20 01:30:00,2,1_32,507.2,2026-09-19T06:34:53.854728+00:00,/root/rivermind-data/electricity_forecast_model2.5/data/96/authoritative/pmos_96_全量.csv
dayahead,2026-07-20,2026-07-20,16,2026-07-20 04:00:00,4,1_32,421.25,2026-09-19T06:34:53.854728+00:00,/root/rivermind-data/electricity_forecast_model2.5/data/96/authoritative/pmos_96_全量.csv
dayahead,2026-07-17,2026-07-17,5,2026-07-17 01:15:00,2,1_32,470.0,2026-09-19T06:34:53.854728+00:00,/root/rivermind-data/electricity_forecast_model2.5/data/96/authoritative/pmos_96_全量.csv
dayahead,2026-07-20,2026-07-20,13,2026-07-20 03:15:00,4,1_32,426.0,2026-09-19T06:34:53.854728+00:00,/root/rivermind-data/electricity_forecast_model2.5/data/96/authoritative/pmos_96_全量.csv
dayahead,2026-07-18,2026-07-18,43,2026-07-18 10:45:00,11,33_64,-80.0,2026-09-19T06:34:53.854728+00:00,/root/rivermind-data/electricity_forecast_model2.5/data/96/authoritative/pmos_96_全量.csv
dayahead,2026-07-16,2026-07-16,4,2026-07-16 01:00:00,1,1_32,403.66,2026-09-19T06:34:53.854728+00:00,/root/rivermind-data/electricity_forecast_model2.5/data/96/authoritative/pmos_96_全量.csv
dayahead,2026-07-17,2026-07-17,3,2026-07-17 00:45:00,1,1_32,412.0,2026-09-19T06:34:53.854728+00:00,/root/rivermind-data/electricity_forecast_model2.5/data/96/authoritative/pmos_96_全量.csv
dayahead,2026-07-20,2026-07-20,14,2026-07-20 03:30:00,4,1_32,422.61,2026-09-19T06:34:53.854728+00:00,/root/rivermind-data/electricity_forecast_model2.5/data/96/authoritative/pmos_96_全量.csv
dayahead,2026-07-16,2026-07-16,7,2026-07-16 01:45:00,2,1_32,414.33,2026-09-19T06:34:53.854728+00:00,/root/rivermind-data/electricity_forecast_model2.5/data/96/authoritative/pmos_96_全量.csv
dayahead,2026-07-16,2026-07-16,73,2026-07-16 18:15:00,19,65_96,430.0,2026-09-19T06:34:53.854728+00:00,/root/rivermind-data/electricity_forecast_model2.5/data/96/authoritative/pmos_96_全量.csv
dayahead,2026-07-17,2026-07-17,55,2026-07-17 13:45:00,14,33_64,374.0,2026-09-19T06:34:53.854728+00:00,/root/rivermind-data/electricity_forecast_model2.5/data/96/authoritative/pmos_96_全量.csv
dayahead,2026-07-16,2026-07-16,27,2026-07-16 06:45:00,7,1_32,365.66,2026-09-19T06:34:53.854728+00:00,/root/rivermind-data/electricity_forecast_model2.5/data/96/authoritative/pmos_96_全量.csv
dayahead,2026-07-20,2026-07-20,22,2026-07-20 05:30:00,6,1_32,432.0,2026-09-19T06:34:53.854728+00:00,/root/rivermind-data/electricity_forecast_model2.5/data/96/authoritative/pmos_96_全量.csv
dayahead,2026-07-16,2026-07-16,47,2026-07-16 11:45:00,12,33_64,312.65,2026-09-19T06:34:53.854728+00:00,/root/rivermind-data/electricity_forecast_model2.5/data/96/authoritative/pmos_96_全量.csv
dayahead,2026-07-20,2026-07-20,5,2026-07-20 01:15:00,2,1_32,518.0,2026-09-19T06:34:53.854728+00:00,/root/rivermind-data/electricity_forecast_model2.5/data/96/authoritative/pmos_96_全量.csv
dayahead,2026-07-16,2026-07-16,33,2026-07-16 08:15:00,9,33_64,354.42,2026-09-19T06:34:53.854728+00:00,/root/rivermind-data/electricity_forecast_model2.5/data/96/authoritative/pmos_96_全量.csv
dayahead,2026-07-19,2026-07-19,24,2026-07-19 06:00:00,6,1_32,412.0,2026-09-19T06:34:53.854728+00:00,/root/rivermind-data/electricity_forecast_model2.5/data/96/authoritative/pmos_96_全量.csv
dayahead,2026-07-16,2026-07-16,19,2026-07-16 04:45:00,5,1_32,398.0,2026-09-19T06:34:53.854728+00:00,/root/rivermind-data/electricity_forecast_model2.5/data/96/authoritative/pmos_96_全量.csv
dayahead,2026-07-20,2026-07-20,4,2026-07-20 01:00:00,1,1_32,426.0,2026-09-19T06:34:53.854728+00:00,/root/rivermind-data/electricity_forecast_model2.5/data/96/authoritative/pmos_96_全量.csv
dayahead,2026-07-16,2026-07-16,23,2026-07-16 05:45:00,6,1_32,394.0,2026-09-19T06:34:53.854728+00:00,/root/rivermind-data/electricity_forecast_model2.5/data/96/authoritative/pmos_96_全量.csv
dayahead,2026-07-16,2026-07-16,88,2026-07-16 22:00:00,22,65_96,765.22,2026-09-19T06:34:53.854728+00:00,/root/rivermind-data/electricity_forecast_model2.5/data/96/authoritative/pmos_96_全量.csv
dayahead,2026-07-16,2026-07-16,5,2026-07-16 01:15:00,2,1_32,422.0,2026-09-19T06:34:53.854728+00:00,/root/rivermind-data/electricity_forecast_model2.5/data/96/authoritative/pmos_96_全量.csv
dayahead,2026-07-16,2026-07-16,56,2026-07-16 14:00:00,14,33_64,358.0,2026-09-19T06:34:53.854728+00:00,/root/rivermind-data/electricity_forecast_model2.5/data/96/authoritative/pmos_96_全量.csv
dayahead,2026-07-16,2026-07-16,80,2026-07-16 20:00:00,20,65_96,766.42,2026-09-19T06:34:53.854728+00:00,/root/rivermind-data/electricity_forecast_model2.5/data/96/authoritative/pmos_96_全量.csv
dayahead,2026-07-16,2026-07-16,77,2026-07-16 19:15:00,20,65_96,765.22,2026-09-19T06:34:53.854728+00:00,/root/rivermind-data/electricity_forecast_model2.5/data/96/authoritative/pmos_96_全量.csv
dayahead,2026-07-16,2026-07-16,81,2026-07-16 20:15:00,21,65_96,766.42,2026-09-19T06:34:53.854728+00:00,/root/rivermind-data/electricity_forecast_model2.5/data/96/authoritative/pmos_96_全量.csv
dayahead,2026-07-16,2026-07-16,96,2026-07-17 00:00:00,24,65_96,427.0,2026-09-19T06:34:53.854728+00:00,/root/rivermind-data/electricity_forecast_model2.5/data/96/authoritative/pmos_96_全量.csv
dayahead,2026-07-16,2026-07-16,48,2026-07-16 12:00:00,12,33_64,316.25,2026-09-19T06:34:53.854728+00:00,/root/rivermind-data/electricity_forecast_model2.5/data/96/authoritative/pmos_96_全量.csv
dayahead,2026-07-16,2026-07-16,87,2026-07-16 21:45:00,22,65_96,765.22,2026-09-19T06:34:53.854728+00:00,/root/rivermind-data/electricity_forecast_model2.5/data/96/authoritative/pmos_96_全量.csv
dayahead,2026-07-16,2026-07-16,84,2026-07-16 21:00:00,21,65_96,765.22,2026-09-19T06:34:53.854728+00:00,/root/rivermind-data/electricity_forecast_model2.5/data/96/authoritative/pmos_96_全量.csv
dayahead,2026-07-16,2026-07-16,50,2026-07-16 12:30:00,13,33_64,337.66,2026-09-19T06:34:53.854728+00:00,/root/rivermind-data/electricity_forecast_model2.5/data/96/authoritative/pmos_96_全量.csv
dayahead,2026-07-16,2026-07-16,79,2026-07-16 19:45:00,20,65_96,765.22,2026-09-19T06:34:53.854728+00:00,/root/rivermind-data/electricity_forecast_model2.5/data/96/authoritative/pmos_96_全量.csv
dayahead,2026-07-16,2026-07-16,61,2026-07-16 15:15:00,16,33_64,388.0,2026-09-19T06:34:53.854728+00:00,/root/rivermind-data/electricity_forecast_model2.5/data/96/authoritative/pmos_96_全量.csv
dayahead,2026-07-16,2026-07-16,46,2026-07-16 11:30:00,12,33_64,321.94,2026-09-19T06:34:53.854728+00:00,/root/rivermind-data/electricity_forecast_model2.5/data/96/authoritative/pmos_96_全量.csv
dayahead,2026-07-16,2026-07-16,75,2026-07-16 18:45:00,19,65_96,448.87,2026-09-19T06:34:53.854728+00:00,/root/rivermind-data/electricity_forecast_model2.5/data/96/authoritative/pmos_96_全量.csv
dayahead,2026-07-16,2026-07-16,57,2026-07-16 14:15:00,15,33_64,360.0,2026-09-19T06:34:53.854728+00:00,/root/rivermind-data/electricity_forecast_model2.5/data/96/authoritative/pmos_96_全量.csv
dayahead,2026-07-16,2026-07-16,85,2026-07-16 21:15:00,22,65_96,765.22,2026-09-19T06:34:53.854728+00:00,/root/rivermind-data/electricity_forecast_model2.5/data/96/authoritative/pmos_96_全量.csv
dayahead,2026-07-16,2026-07-16,72,2026-07-16 18:00:00,18,65_96,428.0,2026-09-19T06:34:53.854728+00:00,/root/rivermind-data/electricity_forecast_model2.5/data/96/authoritative/pmos_96_全量.csv
dayahead,2026-07-16,2026-07-16,93,2026-07-16 23:15:00,24,65_96,765.22,2026-09-19T06:34:53.854728+00:00,/root/rivermind-data/electricity_forecast_model2.5/data/96/authoritative/pmos_96_全量.csv
dayahead,2026-07-16,2026-07-16,59,2026-07-16 14:45:00,15,33_64,378.63,2026-09-19T06:34:53.854728+00:00,/root/rivermind-data/electricity_forecast_model2.5/data/96/authoritative/pmos_96_全量.csv
dayahead,2026-07-16,2026-07-16,92,2026-07-16 23:00:00,23,65_96,453.74,2026-09-19T06:34:53.854728+00:00,/root/rivermind-data/electricity_forecast_model2.5/data/96/authoritative/pmos_96_全量.csv
dayahead,2026-07-16,2026-07-16,65,2026-07-16 16:15:00,17,65_96,693.75,2026-09-19T06:34:53.854728+00:00,/root/rivermind-data/electricity_forecast_model2.5/data/96/authoritative/pmos_96_全量.csv
dayahead,2026-07-16,2026-07-16,25,2026-07-16 06:15:00,7,1_32,380.0,2026-09-19T06:34:53.854728+00:00,/root/rivermind-data/electricity_forecast_model2.5/data/96/authoritative/pmos_96_全量.csv
dayahead,2026-07-16,2026-07-16,10,2026-07-16 02:30:00,3,1_32,406.0,2026-09-19T06:34:53.854728+00:00,/root/rivermind-data/electricity_forecast_model2.5/data/96/authoritative/pmos_96_全量.csv
dayahead,2026-07-16,2026-07-16,3,2026-07-16 00:45:00,1,1_32,404.0,2026-09-19T06:34:53.854728+00:00,/root/rivermind-data/electricity_forecast_model2.5/data/96/authoritative/pmos_96_全量.csv
dayahead,2026-07-16,2026-07-16,60,2026-07-16 15:00:00,15,33_64,691.06,2026-09-19T06:34:53.854728+00:00,/root/rivermind-data/electricity_forecast_model2.5/data/96/authoritative/pmos_96_全量.csv
dayahead,2026-07-16,2026-07-16,53,2026-07-16 13:15:00,14,33_64,339.92,2026-09-19T06:34:53.854728+00:00,/root/rivermind-data/electricity_forecast_model2.5/data/96/authoritative/pmos_96_全量.csv
dayahead,2026-07-16,2026-07-16,76,2026-07-16 19:00:00,19,65_96,486.63,2026-09-19T06:34:53.854728+00:00,/root/rivermind-data/electricity_forecast_model2.5/data/96/authoritative/pmos_96_全量.csv
dayahead,2026-07-16,2026-07-16,54,2026-07-16 13:30:00,14,33_64,343.04,2026-09-19T06:34:53.854728+00:00,/root/rivermind-data/electricity_forecast_model2.5/data/96/authoritative/pmos_96_全量.csv
dayahead,2026-07-16,2026-07-16,74,2026-07-16 18:30:00,19,65_96,441.0,2026-09-19T06:34:53.854728+00:00,/root/rivermind-data/electricity_forecast_model2.5/data/96/authoritative/pmos_96_全量.csv
dayahead,2026-07-16,2026-07-16,32,2026-07-16 08:00:00,8,1_32,355.19,2026-09-19T06:34:53.854728+00:00,/root/rivermind-data/electricity_forecast_model2.5/data/96/authoritative/pmos_96_全量.csv
dayahead,2026-07-16,2026-07-16,9,2026-07-16 02:15:00,3,1_32,408.33,2026-09-19T06:34:53.854728+00:00,/root/rivermind-data/electricity_forecast_model2.5/data/96/authoritative/pmos_96_全量.csv
dayahead,2026-07-16,2026-07-16,8,2026-07-16 02:00:00,2,1_32,411.0,2026-09-19T06:34:53.854728+00:00,/root/rivermind-data/electricity_forecast_model2.5/data/96/authoritative/pmos_96_全量.csv
dayahead,2026-07-16,2026-07-16,67,2026-07-16 16:45:00,17,65_96,666.57,2026-09-19T06:34:53.854728+00:00,/root/rivermind-data/electricity_forecast_model2.5/data/96/authoritative/pmos_96_全量.csv
dayahead,2026-07-16,2026-07-16,71,2026-07-16 17:45:00,18,65_96,424.45,2026-09-19T06:34:53.854728+00:00,/root/rivermind-data/electricity_forecast_model2.5/data/96/authoritative/pmos_96_全量.csv
dayahead,2026-07-16,2026-07-16,82,2026-07-16 20:30:00,21,65_96,765.59,2026-09-19T06:34:53.854728+00:00,/root/rivermind-data/electricity_forecast_model2.5/data/96/authoritative/pmos_96_全量.csv
dayahead,2026-07-16,2026-07-16,94,2026-07-16 23:30:00,24,65_96,468.0,2026-09-19T06:34:53.854728+00:00,/root/rivermind-data/electricity_forecast_model2.5/data/96/authoritative/pmos_96_全量.csv
dayahead,2026-07-16,2026-07-16,30,2026-07-16 07:30:00,8,1_32,356.0,2026-09-19T06:34:53.854728+00:00,/root/rivermind-data/electricity_forecast_model2.5/data/96/authoritative/pmos_96_全量.csv
dayahead,2026-07-16,2026-07-16,16,2026-07-16 04:00:00,4,1_32,396.67,2026-09-19T06:34:53.854728+00:00,/root/rivermind-data/electricity_forecast_model2.5/data/96/authoritative/pmos_96_全量.csv
dayahead,2026-07-16,2026-07-16,66,2026-07-16 16:30:00,17,65_96,693.97,2026-09-19T06:34:53.854728+00:00,/root/rivermind-data/electricity_forecast_model2.5/data/96/authoritative/pmos_96_全量.csv
dayahead,2026-07-16,2026-07-16,12,2026-07-16 03:00:00,3,1_32,402.0,2026-09-19T06:34:53.854728+00:00,/root/rivermind-data/electricity_forecast_model2.5/data/96/authoritative/pmos_96_全量.csv
dayahead,2026-07-16,2026-07-16,29,2026-07-16 07:15:00,8,1_32,358.0,2026-09-19T06:34:53.854728+00:00,/root/rivermind-data/electricity_forecast_model2.5/data/96/authoritative/pmos_96_全量.csv
dayahead,2026-07-19,2026-07-19,35,2026-07-19 08:45:00,9,33_64,-44.05,2026-09-19T06:34:53.854728+00:00,/root/rivermind-data/electricity_forecast_model2.5/data/96/authoritative/pmos_96_全量.csv
dayahead,2026-07-20,2026-07-20,8,2026-07-20 02:00:00,2,1_32,462.0,2026-09-19T06:34:53.854728+00:00,/root/rivermind-data/electricity_forecast_model2.5/data/96/authoritative/pmos_96_全量.csv
dayahead,2026-07-29,2026-07-29,74,2026-07-29 18:30:00,19,65_96,483.0,2026-09-19T06:34:53.854728+00:00,/root/rivermind-data/electricity_forecast_model2.5/data/96/authoritative/pmos_96_全量.csv
dayahead,2026-07-19,2026-07-19,61,2026-07-19 15:15:00,16,33_64,-51.15,2026-09-19T06:34:53.854728+00:00,/root/rivermind-data/electricity_forecast_model2.5/data/96/authoritative/pmos_96_全量.csv
dayahead,2026-07-17,2026-07-17,30,2026-07-17 07:30:00,8,1_32,386.0,2026-09-19T06:34:53.854728+00:00,/root/rivermind-data/electricity_forecast_model2.5/data/96/authoritative/pmos_96_全量.csv
dayahead,2026-07-17,2026-07-17,71,2026-07-17 17:45:00,18,65_96,366.0,2026-09-19T06:34:53.854728+00:00,/root/rivermind-data/electricity_forecast_model2.5/data/96/authoritative/pmos_96_全量.csv
dayahead,2026-07-17,2026-07-17,39,2026-07-17 09:45:00,10,33_64,405.0,2026-09-19T06:34:53.854728+00:00,/root/rivermind-data/electricity_forecast_model2.5/data/96/authoritative/pmos_96_全量.csv
dayahead,2026-07-17,2026-07-17,48,2026-07-17 12:00:00,12,33_64,384.5,2026-09-19T06:34:53.854728+00:00,/root/rivermind-data/electricity_forecast_model2.5/data/96/authoritative/pmos_96_全量.csv
dayahead,2026-07-17,2026-07-17,27,2026-07-17 06:45:00,7,1_32,383.0,2026-09-19T06:34:53.854728+00:00,/root/rivermind-data/electricity_forecast_model2.5/data/96/authoritative/pmos_96_全量.csv
dayahead,2026-07-17,2026-07-17,74,2026-07-17 18:30:00,19,65_96,376.0,2026-09-19T06:34:53.854728+00:00,/root/rivermind-data/electricity_forecast_model2.5/data/96/authoritative/pmos_96_全量.csv
dayahead,2026-07-18,2026-07-18,96,2026-07-19 00:00:00,24,65_96,504.54,2026-09-19T06:34:53.854728+00:00,/root/rivermind-data/electricity_forecast_model2.5/data/96/authoritative/pmos_96_全量.csv
dayahead,2026-07-20,2026-07-20,88,2026-07-20 22:00:00,22,65_96,1500.0,2026-09-19T06:34:53.854728+00:00,/root/rivermind-data/electricity_forecast_model2.5/data/96/authoritative/pmos_96_全量.csv
dayahead,2026-07-17,2026-07-17,62,2026-07-17 15:30:00,16,33_64,366.0,2026-09-19T06:34:53.854728+00:00,/root/rivermind-data/electricity_forecast_model2.5/data/96/authoritative/pmos_96_全量.csv
dayahead,2026-07-17,2026-07-17,61,2026-07-17 15:15:00,16,33_64,364.0,2026-09-19T06:34:53.854728+00:00,/root/rivermind-data/electricity_forecast_model2.5/data/96/authoritative/pmos_96_全量.csv
dayahead,2026-07-17,2026-07-17,21,2026-07-17 05:15:00,6,1_32,393.5,2026-09-19T06:34:53.854728+00:00,/root/rivermind-data/electricity_forecast_model2.5/data/96/authoritative/pmos_96_全量.csv
dayahead,2026-07-17,2026-07-17,43,2026-07-17 10:45:00,11,33_64,398.33,2026-09-19T06:34:53.854728+00:00,/root/rivermind-data/electricity_forecast_model2.5/data/96/authoritative/pmos_96_全量.csv
dayahead,2026-07-17,2026-07-17,25,2026-07-17 06:15:00,7,1_32,383.33,2026-09-19T06:34:53.854728+00:00,/root/rivermind-data/electricity_forecast_model2.5/data/96/authoritative/pmos_96_全量.csv
dayahead,2026-07-17,2026-07-17,88,2026-07-17 22:00:00,22,65_96,387.5,2026-09-19T06:34:53.854728+00:00,/root/rivermind-data/electricity_forecast_model2.5/data/96/authoritative/pmos_96_全量.csv
dayahead,2026-07-18,2026-07-18,16,2026-07-18 04:00:00,4,1_32,390.5,2026-09-19T06:34:53.854728+00:00,/root/rivermind-data/electricity_forecast_model2.5/data/96/authoritative/pmos_96_全量.csv
dayahead,2026-07-17,2026-07-17,38,2026-07-17 09:30:00,10,33_64,404.0,2026-09-19T06:34:53.854728+00:00,/root/rivermind-data/electricity_forecast_model2.5/data/96/authoritative/pmos_96_全量.csv
dayahead,2026-07-17,2026-07-17,37,2026-07-17 09:15:00,10,33_64,405.0,2026-09-19T06:34:53.854728+00:00,/root/rivermind-data/electricity_forecast_model2.5/data/96/authoritative/pmos_96_全量.csv
dayahead,2026-07-18,2026-07-18,13,2026-07-18 03:15:00,4,1_32,393.33,2026-09-19T06:34:53.854728+00:00,/root/rivermind-data/electricity_forecast_model2.5/data/96/authoritative/pmos_96_全量.csv
dayahead,2026-07-17,2026-07-17,45,2026-07-17 11:15:00,12,33_64,396.0,2026-09-19T06:34:53.854728+00:00,/root/rivermind-data/electricity_forecast_model2.5/data/96/authoritative/pmos_96_全量.csv
dayahead,2026-07-17,2026-07-17,6,2026-07-17 01:30:00,2,1_32,461.67,2026-09-19T06:34:53.854728+00:00,/root/rivermind-data/electricity_forecast_model2.5/data/96/authoritative/pmos_96_全量.csv
dayahead,2026-07-17,2026-07-17,57,2026-07-17 14:15:00,15,33_64,368.85,2026-09-19T06:34:53.854728+00:00,/root/rivermind-data/electricity_forecast_model2.5/data/96/authoritative/pmos_96_全量.csv
dayahead,2026-07-17,2026-07-17,69,2026-07-17 17:15:00,18,65_96,358.28,2026-09-19T06:34:53.854728+00:00,/root/rivermind-data/electricity_forecast_model2.5/data/96/authoritative/pmos_96_全量.csv
dayahead,2026-07-17,2026-07-17,66,2026-07-17 16:30:00,17,65_96,365.08,2026-09-19T06:34:53.854728+00:00,/root/rivermind-data/electricity_forecast_model2.5/data/96/authoritative/pmos_96_全量.csv
dayahead,2026-07-17,2026-07-17,46,2026-07-17 11:30:00,12,33_64,392.8,2026-09-19T06:34:53.854728+00:00,/root/rivermind-data/electricity_forecast_model2.5/data/96/authoritative/pmos_96_全量.csv
dayahead,2026-07-17,2026-07-17,76,2026-07-17 19:00:00,19,65_96,381.5,2026-09-19T06:34:53.854728+00:00,/root/rivermind-data/electricity_forecast_model2.5/data/96/authoritative/pmos_96_全量.csv
dayahead,2026-07-17,2026-07-17,75,2026-07-17 18:45:00,19,65_96,380.0,2026-09-19T06:34:53.854728+00:00,/root/rivermind-data/electricity_forecast_model2.5/data/96/authoritative/pmos_96_全量.csv
dayahead,2026-07-17,2026-07-17,67,2026-07-17 16:45:00,17,65_96,364.03,2026-09-19T06:34:53.854728+00:00,/root/rivermind-data/electricity_forecast_model2.5/data/96/authoritative/pmos_96_全量.csv
dayahead,2026-07-17,2026-07-17,68,2026-07-17 17:00:00,17,65_96,360.0,2026-09-19T06:34:53.854728+00:00,/root/rivermind-data/electricity_forecast_model2.5/data/96/authoritative/pmos_96_全量.csv
dayahead,2026-07-19,2026-07-19,20,2026-07-19 05:00:00,5,1_32,480.0,2026-09-19T06:34:53.854728+00:00,/root/rivermind-data/electricity_forecast_model2.5/data/96/authoritative/pmos_96_全量.csv
dayahead,2026-07-23,2026-07-23,14,2026-07-23 03:30:00,4,1_32,420.0,2026-09-19T06:34:53.854728+00:00,/root/rivermind-data/electricity_forecast_model2.5/data/96/authoritative/pmos_96_全量.csv
dayahead,2026-07-18,2026-07-18,26,2026-07-18 06:30:00,7,1_32,348.0,2026-09-19T06:34:53.854728+00:00,/root/rivermind-data/electricity_forecast_model2.5/data/96/authoritative/pmos_96_全量.csv
dayahead,2026-07-17,2026-07-17,65,2026-07-17 16:15:00,17,65_96,365.84,2026-09-19T06:34:53.854728+00:00,/root/rivermind-data/electricity_forecast_model2.5/data/96/authoritative/pmos_96_全量.csv
dayahead,2026-07-17,2026-07-17,84,2026-07-17 21:00:00,21,65_96,383.37,2026-09-19T06:34:53.854728+00:00,/root/rivermind-data/electricity_forecast_model2.5/data/96/authoritative/pmos_96_全量.csv
dayahead,2026-07-17,2026-07-17,51,2026-07-17 12:45:00,13,33_64,378.2,2026-09-19T06:34:53.854728+00:00,/root/rivermind-data/electricity_forecast_model2.5/data/96/authoritative/pmos_96_全量.csv
dayahead,2026-07-17,2026-07-17,80,2026-07-17 20:00:00,20,65_96,385.09,2026-09-19T06:34:53.854728+00:00,/root/rivermind-data/electricity_forecast_model2.5/data/96/authoritative/pmos_96_全量.csv
dayahead,2026-07-17,2026-07-17,10,2026-07-17 02:30:00,3,1_32,412.5,2026-09-19T06:34:53.854728+00:00,/root/rivermind-data/electricity_forecast_model2.5/data/96/authoritative/pmos_96_全量.csv
dayahead,2026-07-17,2026-07-17,7,2026-07-17 01:45:00,2,1_32,443.0,2026-09-19T06:34:53.854728+00:00,/root/rivermind-data/electricity_forecast_model2.5/data/96/authoritative/pmos_96_全量.csv
dayahead,2026-07-18,2026-07-18,21,2026-07-18 05:15:00,6,1_32,393.5,2026-09-19T06:34:53.854728+00:00,/root/rivermind-data/electricity_forecast_model2.5/data/96/authoritative/pmos_96_全量.csv
dayahead,2026-07-17,2026-07-17,82,2026-07-17 20:30:00,21,65_96,385.14,2026-09-19T06:34:53.854728+00:00,/root/rivermind-data/electricity_forecast_model2.5/data/96/authoritative/pmos_96_全量.csv
dayahead,2026-07-17,2026-07-17,92,2026-07-17 23:00:00,23,65_96,386.0,2026-09-19T06:34:53.854728+00:00,/root/rivermind-data/electricity_forecast_model2.5/data/96/authoritative/pmos_96_全量.csv
dayahead,2026-07-23,2026-07-23,19,2026-07-23 04:45:00,5,1_32,421.15,2026-09-19T06:34:53.854728+00:00,/root/rivermind-data/electricity_forecast_model2.5/data/96/authoritative/pmos_96_全量.csv
dayahead,2026-07-23,2026-07-23,50,2026-07-23 12:30:00,13,33_64,79.12,2026-09-19T06:34:53.854728+00:00,/root/rivermind-data/electricity_forecast_model2.5/data/96/authoritative/pmos_96_全量.csv
dayahead,2026-07-29,2026-07-29,25,2026-07-29 06:15:00,7,1_32,395.0,2026-09-19T06:34:53.854728+00:00,/root/rivermind-data/electricity_forecast_model2.5/data/96/authoritative/pmos_96_全量.csv
dayahead,2026-07-28,2026-07-28,6,2026-07-28 01:30:00,2,1_32,500.0,2026-09-19T06:34:53.854728+00:00,/root/rivermind-data/electricity_forecast_model2.5/data/96/authoritative/pmos_96_全量.csv
dayahead,2026-07-28,2026-07-28,96,2026-07-29 00:00:00,24,65_96,445.0,2026-09-19T06:34:53.854728+00:00,/root/rivermind-data/electricity_forecast_model2.5/data/96/authoritative/pmos_96_全量.csv
dayahead,2026-07-28,2026-07-28,19,2026-07-28 04:45:00,5,1_32,430.0,2026-09-19T06:34:53.854728+00:00,/root/rivermind-data/electricity_forecast_model2.5/data/96/authoritative/pmos_96_全量.csv
dayahead,2026-07-30,2026-07-30,56,2026-07-30 14:00:00,14,33_64,302.0,2026-09-19T06:34:53.854728+00:00,/root/rivermind-data/electricity_forecast_model2.5/data/96/authoritative/pmos_96_全量.csv
dayahead,2026-07-31,2026-07-31,85,2026-07-31 21:15:00,22,65_96,620.0,2026-09-19T06:34:53.854728+00:00,/root/rivermind-data/electricity_forecast_model2.5/data/96/authoritative/pmos_96_全量.csv
dayahead,2026-07-29,2026-07-29,1,2026-07-29 00:15:00,1,1_32,428.7,2026-09-19T06:34:53.854728+00:00,/root/rivermind-data/electricity_forecast_model2.5/data/96/authoritative/pmos_96_全量.csv
dayahead,2026-07-31,2026-07-31,26,2026-07-31 06:30:00,7,1_32,364.0,2026-09-19T06:34:53.854728+00:00,/root/rivermind-data/electricity_forecast_model2.5/data/96/authoritative/pmos_96_全量.csv
dayahead,2026-07-28,2026-07-28,16,2026-07-28 04:00:00,4,1_32,432.0,2026-09-19T06:34:53.854728+00:00,/root/rivermind-data/electricity_forecast_model2.5/data/96/authoritative/pmos_96_全量.csv
dayahead,2026-07-24,2026-07-24,51,2026-07-24 12:45:00,13,33_64,184.4,2026-09-19T06:34:53.854728+00:00,/root/rivermind-data/electricity_forecast_model2.5/data/96/authoritative/pmos_96_全量.csv
dayahead,2026-07-31,2026-07-31,51,2026-07-31 12:45:00,13,33_64,96.18,2026-09-19T06:34:53.854728+00:00,/root/rivermind-data/electricity_forecast_model2.5/data/96/authoritative/pmos_96_全量.csv
dayahead,2026-07-28,2026-07-28,35,2026-07-28 08:45:00,9,33_64,359.6,2026-09-19T06:34:53.854728+00:00,/root/rivermind-data/electricity_forecast_model2.5/data/96/authoritative/pmos_96_全量.csv
dayahead,2026-07-31,2026-07-31,47,2026-07-31 11:45:00,12,33_64,96.09,2026-09-19T06:34:53.854728+00:00,/root/rivermind-data/electricity_forecast_model2.5/data/96/authoritative/pmos_96_全量.csv
dayahead,2026-07-29,2026-07-29,45,2026-07-29 11:15:00,12,33_64,331.43,2026-09-19T06:34:53.854728+00:00,/root/rivermind-data/electricity_forecast_model2.5/data/96/authoritative/pmos_96_全量.csv
dayahead,2026-07-31,2026-07-31,23,2026-07-31 05:45:00,6,1_32,386.67,2026-09-19T06:34:53.854728+00:00,/root/rivermind-data/electricity_forecast_model2.5/data/96/authoritative/pmos_96_全量.csv
dayahead,2026-07-28,2026-07-28,80,2026-07-28 20:00:00,20,65_96,807.38,2026-09-19T06:34:53.854728+00:00,/root/rivermind-data/electricity_forecast_model2.5/data/96/authoritative/pmos_96_全量.csv
dayahead,2026-07-28,2026-07-28,37,2026-07-28 09:15:00,10,33_64,351.0,2026-09-19T06:34:53.854728+00:00,/root/rivermind-data/electricity_forecast_model2.5/data/96/authoritative/pmos_96_全量.csv
dayahead,2026-07-31,2026-07-31,29,2026-07-31 07:15:00,8,1_32,336.0,2026-09-19T06:34:53.854728+00:00,/root/rivermind-data/electricity_forecast_model2.5/data/96/authoritative/pmos_96_全量.csv
dayahead,2026-07-31,2026-07-31,56,2026-07-31 14:00:00,14,33_64,132.72,2026-09-19T06:34:53.854728+00:00,/root/rivermind-data/electricity_forecast_model2.5/data/96/authoritative/pmos_96_全量.csv
dayahead,2026-07-28,2026-07-28,15,2026-07-28 03:45:00,4,1_32,434.0,2026-09-19T06:34:53.854728+00:00,/root/rivermind-data/electricity_forecast_model2.5/data/96/authoritative/pmos_96_全量.csv
dayahead,2026-07-19,2026-07-19,73,2026-07-19 18:15:00,19,65_96,396.67,2026-09-19T06:34:53.854728+00:00,/root/rivermind-data/electricity_forecast_model2.5/data/96/authoritative/pmos_96_全量.csv
dayahead,2026-07-23,2026-07-23,44,2026-07-23 11:00:00,11,33_64,79.18,2026-09-19T06:34:53.854728+00:00,/root/rivermind-data/electricity_forecast_model2.5/data/96/authoritative/pmos_96_全量.csv
dayahead,2026-07-19,2026-07-19,13,2026-07-19 03:15:00,4,1_32,478.0,2026-09-19T06:34:53.854728+00:00,/root/rivermind-data/electricity_forecast_model2.5/data/96/authoritative/pmos_96_全量.csv
dayahead,2026-07-30,2026-07-30,58,2026-07-30 14:30:00,15,33_64,338.13,2026-09-19T06:34:53.854728+00:00,/root/rivermind-data/electricity_forecast_model2.5/data/96/authoritative/pmos_96_全量.csv
dayahead,2026-07-28,2026-07-28,76,2026-07-28 19:00:00,19,65_96,807.38,2026-09-19T06:34:53.854728+00:00,/root/rivermind-data/electricity_forecast_model2.5/data/96/authoritative/pmos_96_全量.csv
dayahead,2026-07-29,2026-07-29,42,2026-07-29 10:30:00,11,33_64,331.16,2026-09-19T06:34:53.854728+00:00,/root/rivermind-data/electricity_forecast_model2.5/data/96/authoritative/pmos_96_全量.csv
dayahead,2026-07-22,2026-07-22,90,2026-07-22 22:30:00,23,65_96,638.5,2026-09-19T06:34:53.854728+00:00,/root/rivermind-data/electricity_forecast_model2.5/data/96/authoritative/pmos_96_全量.csv
dayahead,2026-07-29,2026-07-29,5,2026-07-29 01:15:00,2,1_32,454.0,2026-09-19T06:34:53.854728+00:00,/root/rivermind-data/electricity_forecast_model2.5/data/96/authoritative/pmos_96_全量.csv
dayahead,2026-07-30,2026-07-30,50,2026-07-30 12:30:00,13,33_64,281.4,2026-09-19T06:34:53.854728+00:00,/root/rivermind-data/electricity_forecast_model2.5/data/96/authoritative/pmos_96_全量.csv
dayahead,2026-07-29,2026-07-29,43,2026-07-29 10:45:00,11,33_64,331.15,2026-09-19T06:34:53.854728+00:00,/root/rivermind-data/electricity_forecast_model2.5/data/96/authoritative/pmos_96_全量.csv
dayahead,2026-07-29,2026-07-29,2,2026-07-29 00:30:00,1,1_32,424.0,2026-09-19T06:34:53.854728+00:00,/root/rivermind-data/electricity_forecast_model2.5/data/96/authoritative/pmos_96_全量.csv
dayahead,2026-07-23,2026-07-23,39,2026-07-23 09:45:00,10,33_64,79.93,2026-09-19T06:34:53.854728+00:00,/root/rivermind-data/electricity_forecast_model2.5/data/96/authoritative/pmos_96_全量.csv
dayahead,2026-07-28,2026-07-28,47,2026-07-28 11:45:00,12,33_64,351.0,2026-09-19T06:34:53.854728+00:00,/root/rivermind-data/electricity_forecast_model2.5/data/96/authoritative/pmos_96_全量.csv
dayahead,2026-07-29,2026-07-29,59,2026-07-29 14:45:00,15,33_64,368.22,2026-09-19T06:34:53.854728+00:00,/root/rivermind-data/electricity_forecast_model2.5/data/96/authoritative/pmos_96_全量.csv
dayahead,2026-07-31,2026-07-31,67,2026-07-31 16:45:00,17,65_96,378.0,2026-09-19T06:34:53.854728+00:00,/root/rivermind-data/electricity_forecast_model2.5/data/96/authoritative/pmos_96_全量.csv
dayahead,2026-07-29,2026-07-29,41,2026-07-29 10:15:00,11,33_64,331.14,2026-09-19T06:34:53.854728+00:00,/root/rivermind-data/electricity_forecast_model2.5/data/96/authoritative/pmos_96_全量.csv
dayahead,2026-07-25,2026-07-25,34,2026-07-25 08:30:00,9,33_64,331.0,2026-09-19T06:34:53.854728+00:00,/root/rivermind-data/electricity_forecast_model2.5/data/96/authoritative/pmos_96_全量.csv
dayahead,2026-07-31,2026-07-31,12,2026-07-31 03:00:00,3,1_32,390.0,2026-09-19T06:34:53.854728+00:00,/root/rivermind-data/electricity_forecast_model2.5/data/96/authoritative/pmos_96_全量.csv
dayahead,2026-07-29,2026-07-29,12,2026-07-29 03:00:00,3,1_32,418.0,2026-09-19T06:34:53.854728+00:00,/root/rivermind-data/electricity_forecast_model2.5/data/96/authoritative/pmos_96_全量.csv
dayahead,2026-07-28,2026-07-28,81,2026-07-28 20:15:00,21,65_96,807.38,2026-09-19T06:34:53.854728+00:00,/root/rivermind-data/electricity_forecast_model2.5/data/96/authoritative/pmos_96_全量.csv
dayahead,2026-07-22,2026-07-22,72,2026-07-22 18:00:00,18,65_96,638.5,2026-09-19T06:34:53.854728+00:00,/root/rivermind-data/electricity_forecast_model2.5/data/96/authoritative/pmos_96_全量.csv
dayahead,2026-07-29,2026-07-29,51,2026-07-29 12:45:00,13,33_64,331.12,2026-09-19T06:34:53.854728+00:00,/root/rivermind-data/electricity_forecast_model2.5/data/96/authoritative/pmos_96_全量.csv
dayahead,2026-07-19,2026-07-19,41,2026-07-19 10:15:00,11,33_64,-58.84,2026-09-19T06:34:53.854728+00:00,/root/rivermind-data/electricity_forecast_model2.5/data/96/authoritative/pmos_96_全量.csv
dayahead,2026-07-17,2026-07-17,72,2026-07-17 18:00:00,18,65_96,369.89,2026-09-19T06:34:53.854728+00:00,/root/rivermind-data/electricity_forecast_model2.5/data/96/authoritative/pmos_96_全量.csv
dayahead,2026-07-17,2026-07-17,70,2026-07-17 17:30:00,18,65_96,363.25,2026-09-19T06:34:53.854728+00:00,/root/rivermind-data/electricity_forecast_model2.5/data/96/authoritative/pmos_96_全量.csv
dayahead,2026-07-18,2026-07-18,48,2026-07-18 12:00:00,12,33_64,-80.0,2026-09-19T06:34:53.854728+00:00,/root/rivermind-data/electricity_forecast_model2.5/data/96/authoritative/pmos_96_全量.csv
dayahead,2026-07-19,2026-07-19,60,2026-07-19 15:00:00,15,33_64,-53.43,2026-09-19T06:34:53.854728+00:00,/root/rivermind-data/electricity_forecast_model2.5/data/96/authoritative/pmos_96_全量.csv
dayahead,2026-07-17,2026-07-17,56,2026-07-17 14:00:00,14,33_64,369.87,2026-09-19T06:34:53.854728+00:00,/root/rivermind-data/electricity_forecast_model2.5/data/96/authoritative/pmos_96_全量.csv
dayahead,2026-07-18,2026-07-18,76,2026-07-18 19:00:00,19,65_96,504.54,2026-09-19T06:34:53.854728+00:00,/root/rivermind-data/electricity_forecast_model2.5/data/96/authoritative/pmos_96_全量.csv
dayahead,2026-07-29,2026-07-29,96,2026-07-30 00:00:00,24,65_96,456.0,2026-09-19T06:34:53.854728+00:00,/root/rivermind-data/electricity_forecast_model2.5/data/96/authoritative/pmos_96_全量.csv
dayahead,2026-07-18,2026-07-18,77,2026-07-18 19:15:00,20,65_96,504.54,2026-09-19T06:34:53.854728+00:00,/root/rivermind-data/electricity_forecast_model2.5/data/96/authoritative/pmos_96_全量.csv
dayahead,2026-07-29,2026-07-29,40,2026-07-29 10:00:00,10,33_64,331.18,2026-09-19T06:34:53.854728+00:00,/root/rivermind-data/electricity_forecast_model2.5/data/96/authoritative/pmos_96_全量.csv
dayahead,2026-07-29,2026-07-29,34,2026-07-29 08:30:00,9,33_64,356.0,2026-09-19T06:34:53.854728+00:00,/root/rivermind-data/electricity_forecast_model2.5/data/96/authoritative/pmos_96_全量.csv
dayahead,2026-07-18,2026-07-18,17,2026-07-18 04:15:00,5,1_32,390.5,2026-09-19T06:34:53.854728+00:00,/root/rivermind-data/electricity_forecast_model2.5/data/96/authoritative/pmos_96_全量.csv
dayahead,2026-07-20,2026-07-20,92,2026-07-20 23:00:00,23,65_96,435.02,2026-09-19T06:34:53.854728+00:00,/root/rivermind-data/electricity_forecast_model2.5/data/96/authoritative/pmos_96_全量.csv
dayahead,2026-07-29,2026-07-29,22,2026-07-29 05:30:00,6,1_32,425.48,2026-09-19T06:34:53.854728+00:00,/root/rivermind-data/electricity_forecast_model2.5/data/96/authoritative/pmos_96_全量.csv
dayahead,2026-07-18,2026-07-18,20,2026-07-18 05:00:00,5,1_32,393.5,2026-09-19T06:34:53.854728+00:00,/root/rivermind-data/electricity_forecast_model2.5/data/96/authoritative/pmos_96_全量.csv
dayahead,2026-07-19,2026-07-19,82,2026-07-19 20:30:00,21,65_96,396.77,2026-09-19T06:34:53.854728+00:00,/root/rivermind-data/electricity_forecast_model2.5/data/96/authoritative/pmos_96_全量.csv
dayahead,2026-07-18,2026-07-18,19,2026-07-18 04:45:00,5,1_32,393.5,2026-09-19T06:34:53.854728+00:00,/root/rivermind-data/electricity_forecast_model2.5/data/96/authoritative/pmos_96_全量.csv
dayahead,2026-07-29,2026-07-29,16,2026-07-29 04:00:00,4,1_32,410.9,2026-09-19T06:34:53.854728+00:00,/root/rivermind-data/electricity_forecast_model2.5/data/96/authoritative/pmos_96_全量.csv
dayahead,2026-07-17,2026-07-17,93,2026-07-17 23:15:00,24,65_96,392.0,2026-09-19T06:34:53.854728+00:00,/root/rivermind-data/electricity_forecast_model2.5/data/96/authoritative/pmos_96_全量.csv
dayahead,2026-07-17,2026-07-17,36,2026-07-17 09:00:00,9,33_64,404.0,2026-09-19T06:34:53.854728+00:00,/root/rivermind-data/electricity_forecast_model2.5/data/96/authoritative/pmos_96_全量.csv
dayahead,2026-07-30,2026-07-30,70,2026-07-30 17:30:00,18,65_96,424.19,2026-09-19T06:34:53.854728+00:00,/root/rivermind-data/electricity_forecast_model2.5/data/96/authoritative/pmos_96_全量.csv
dayahead,2026-07-29,2026-07-29,78,2026-07-29 19:30:00,20,65_96,772.83,2026-09-19T06:34:53.854728+00:00,/root/rivermind-data/electricity_forecast_model2.5/data/96/authoritative/pmos_96_全量.csv
dayahead,2026-07-18,2026-07-18,81,2026-07-18 20:15:00,21,65_96,504.54,2026-09-19T06:34:53.854728+00:00,/root/rivermind-data/electricity_forecast_model2.5/data/96/authoritative/pmos_96_全量.csv
dayahead,2026-07-22,2026-07-22,41,2026-07-22 10:15:00,11,33_64,188.16,2026-09-19T06:34:53.854728+00:00,/root/rivermind-data/electricity_forecast_model2.5/data/96/authoritative/pmos_96_全量.csv
dayahead,2026-07-29,2026-07-29,92,2026-07-29 23:00:00,23,65_96,468.8,2026-09-19T06:34:53.854728+00:00,/root/rivermind-data/electricity_forecast_model2.5/data/96/authoritative/pmos_96_全量.csv
dayahead,2026-07-19,2026-07-19,46,2026-07-19 11:30:00,12,33_64,-58.84,2026-09-19T06:34:53.854728+00:00,/root/rivermind-data/electricity_forecast_model2.5/data/96/authoritative/pmos_96_全量.csv
dayahead,2026-07-29,2026-07-29,9,2026-07-29 02:15:00,3,1_32,427.0,2026-09-19T06:34:53.854728+00:00,/root/rivermind-data/electricity_forecast_model2.5/data/96/authoritative/pmos_96_全量.csv
dayahead,2026-07-18,2026-07-18,83,2026-07-18 20:45:00,21,65_96,504.54,2026-09-19T06:34:53.854728+00:00,/root/rivermind-data/electricity_forecast_model2.5/data/96/authoritative/pmos_96_全量.csv
dayahead,2026-07-29,2026-07-29,84,2026-07-29 21:00:00,21,65_96,772.83,2026-09-19T06:34:53.854728+00:00,/root/rivermind-data/electricity_forecast_model2.5/data/96/authoritative/pmos_96_全量.csv
dayahead,2026-07-29,2026-07-29,7,2026-07-29 01:45:00,2,1_32,442.0,2026-09-19T06:34:53.854728+00:00,/root/rivermind-data/electricity_forecast_model2.5/data/96/authoritative/pmos_96_全量.csv
dayahead,2026-07-29,2026-07-29,18,2026-07-29 04:30:00,5,1_32,414.0,2026-09-19T06:34:53.854728+00:00,/root/rivermind-data/electricity_forecast_model2.5/data/96/authoritative/pmos_96_全量.csv
dayahead,2026-07-29,2026-07-29,28,2026-07-29 07:00:00,7,1_32,370.0,2026-09-19T06:34:53.854728+00:00,/root/rivermind-data/electricity_forecast_model2.5/data/96/authoritative/pmos_96_全量.csv
dayahead,2026-07-18,2026-07-18,86,2026-07-18 21:30:00,22,65_96,504.54,2026-09-19T06:34:53.854728+00:00,/root/rivermind-data/electricity_forecast_model2.5/data/96/authoritative/pmos_96_全量.csv
dayahead,2026-07-29,2026-07-29,90,2026-07-29 22:30:00,23,65_96,480.0,2026-09-19T06:34:53.854728+00:00,/root/rivermind-data/electricity_forecast_model2.5/data/96/authoritative/pmos_96_全量.csv
dayahead,2026-07-20,2026-07-20,91,2026-07-20 22:45:00,23,65_96,1500.0,2026-09-19T06:34:53.854728+00:00,/root/rivermind-data/electricity_forecast_model2.5/data/96/authoritative/pmos_96_全量.csv
dayahead,2026-07-30,2026-07-30,68,2026-07-30 17:00:00,17,65_96,410.0,2026-09-19T06:34:53.854728+00:00,/root/rivermind-data/electricity_forecast_model2.5/data/96/authoritative/pmos_96_全量.csv
dayahead,2026-07-19,2026-07-19,50,2026-07-19 12:30:00,13,33_64,-58.84,2026-09-19T06:34:53.854728+00:00,/root/rivermind-data/electricity_forecast_model2.5/data/96/authoritative/pmos_96_全量.csv
dayahead,2026-07-19,2026-07-19,95,2026-07-19 23:45:00,24,65_96,396.77,2026-09-19T06:34:53.854728+00:00,/root/rivermind-data/electricity_forecast_model2.5/data/96/authoritative/pmos_96_全量.csv
dayahead,2026-07-30,2026-07-30,65,2026-07-30 16:15:00,17,65_96,395.69,2026-09-19T06:34:53.854728+00:00,/root/rivermind-data/electricity_forecast_model2.5/data/96/authoritative/pmos_96_全量.csv
dayahead,2026-07-18,2026-07-18,14,2026-07-18 03:30:00,4,1_32,390.5,2026-09-19T06:34:53.854728+00:00,/root/rivermind-data/electricity_forecast_model2.5/data/96/authoritative/pmos_96_全量.csv
dayahead,2026-07-24,2026-07-24,17,2026-07-24 04:15:00,5,1_32,422.0,2026-09-19T06:34:53.854728+00:00,/root/rivermind-data/electricity_forecast_model2.5/data/96/authoritative/pmos_96_全量.csv
dayahead,2026-07-29,2026-07-29,94,2026-07-29 23:30:00,24,65_96,472.18,2026-09-19T06:34:53.854728+00:00,/root/rivermind-data/electricity_forecast_model2.5/data/96/authoritative/pmos_96_全量.csv
dayahead,2026-07-29,2026-07-29,11,2026-07-29 02:45:00,3,1_32,421.0,2026-09-19T06:34:53.854728+00:00,/root/rivermind-data/electricity_forecast_model2.5/data/96/authoritative/pmos_96_全量.csv
dayahead,2026-07-20,2026-07-20,2,2026-07-20 00:30:00,1,1_32,428.83,2026-09-19T06:34:53.854728+00:00,/root/rivermind-data/electricity_forecast_model2.5/data/96/authoritative/pmos_96_全量.csv
dayahead,2026-07-18,2026-07-18,73,2026-07-18 18:15:00,19,65_96,485.0,2026-09-19T06:34:53.854728+00:00,/root/rivermind-data/electricity_forecast_model2.5/data/96/authoritative/pmos_96_全量.csv
dayahead,2026-07-18,2026-07-18,9,2026-07-18 02:15:00,3,1_32,395.0,2026-09-19T06:34:53.854728+00:00,/root/rivermind-data/electricity_forecast_model2.5/data/96/authoritative/pmos_96_全量.csv
dayahead,2026-07-17,2026-07-17,89,2026-07-17 22:15:00,23,65_96,386.9,2026-09-19T06:34:53.854728+00:00,/root/rivermind-data/electricity_forecast_model2.5/data/96/authoritative/pmos_96_全量.csv
dayahead,2026-07-17,2026-07-17,32,2026-07-17 08:00:00,8,1_32,393.5,2026-09-19T06:34:53.854728+00:00,/root/rivermind-data/electricity_forecast_model2.5/data/96/authoritative/pmos_96_全量.csv
dayahead,2026-07-18,2026-07-18,78,2026-07-18 19:30:00,20,65_96,504.54,2026-09-19T06:34:53.854728+00:00,/root/rivermind-data/electricity_forecast_model2.5/data/96/authoritative/pmos_96_全量.csv
dayahead,2026-07-17,2026-07-17,83,2026-07-17 20:45:00,21,65_96,383.8,2026-09-19T06:34:53.854728+00:00,/root/rivermind-data/electricity_forecast_model2.5/data/96/authoritative/pmos_96_全量.csv
dayahead,2026-07-17,2026-07-17,95,2026-07-17 23:45:00,24,65_96,387.5,2026-09-19T06:34:53.854728+00:00,/root/rivermind-data/electricity_forecast_model2.5/data/96/authoritative/pmos_96_全量.csv
dayahead,2026-07-17,2026-07-17,54,2026-07-17 13:30:00,14,33_64,375.62,2026-09-19T06:34:53.854728+00:00,/root/rivermind-data/electricity_forecast_model2.5/data/96/authoritative/pmos_96_全量.csv
dayahead,2026-07-17,2026-07-17,22,2026-07-17 05:30:00,6,1_32,392.0,2026-09-19T06:34:53.854728+00:00,/root/rivermind-data/electricity_forecast_model2.5/data/96/authoritative/pmos_96_全量.csv
dayahead,2026-07-20,2026-07-20,19,2026-07-20 04:45:00,5,1_32,427.34,2026-09-19T06:34:53.854728+00:00,/root/rivermind-data/electricity_forecast_model2.5/data/96/authoritative/pmos_96_全量.csv
dayahead,2026-07-17,2026-07-17,81,2026-07-17 20:15:00,21,65_96,386.26,2026-09-19T06:34:53.854728+00:00,/root/rivermind-data/electricity_forecast_model2.5/data/96/authoritative/pmos_96_全量.csv
dayahead,2026-07-17,2026-07-17,85,2026-07-17 21:15:00,22,65_96,382.64,2026-09-19T06:34:53.854728+00:00,/root/rivermind-data/electricity_forecast_model2.5/data/96/authoritative/pmos_96_全量.csv
dayahead,2026-07-18,2026-07-18,38,2026-07-18 09:30:00,10,33_64,-80.0,2026-09-19T06:34:53.854728+00:00,/root/rivermind-data/electricity_forecast_model2.5/data/96/authoritative/pmos_96_全量.csv
dayahead,2026-07-17,2026-07-17,24,2026-07-17 06:00:00,6,1_32,386.0,2026-09-19T06:34:53.854728+00:00,/root/rivermind-data/electricity_forecast_model2.5/data/96/authoritative/pmos_96_全量.csv
dayahead,2026-07-17,2026-07-17,23,2026-07-17 05:45:00,6,1_32,390.0,2026-09-19T06:34:53.854728+00:00,/root/rivermind-data/electricity_forecast_model2.5/data/96/authoritative/pmos_96_全量.csv
dayahead,2026-07-17,2026-07-17,60,2026-07-17 15:00:00,15,33_64,363.79,2026-09-19T06:34:53.854728+00:00,/root/rivermind-data/electricity_forecast_model2.5/data/96/authoritative/pmos_96_全量.csv
dayahead,2026-07-17,2026-07-17,63,2026-07-17 15:45:00,16,33_64,367.84,2026-09-19T06:34:53.854728+00:00,/root/rivermind-data/electricity_forecast_model2.5/data/96/authoritative/pmos_96_全量.csv
dayahead,2026-07-17,2026-07-17,59,2026-07-17 14:45:00,15,33_64,363.84,2026-09-19T06:34:53.854728+00:00,/root/rivermind-data/electricity_forecast_model2.5/data/96/authoritative/pmos_96_全量.csv
dayahead,2026-07-24,2026-07-24,72,2026-07-24 18:00:00,18,65_96,454.0,2026-09-19T06:34:53.854728+00:00,/root/rivermind-data/electricity_forecast_model2.5/data/96/authoritative/pmos_96_全量.csv
dayahead,2026-07-19,2026-07-19,40,2026-07-19 10:00:00,10,33_64,-58.84,2026-09-19T06:34:53.854728+00:00,/root/rivermind-data/electricity_forecast_model2.5/data/96/authoritative/pmos_96_全量.csv
dayahead,2026-07-17,2026-07-17,42,2026-07-17 10:30:00,11,33_64,399.72,2026-09-19T06:34:53.854728+00:00,/root/rivermind-data/electricity_forecast_model2.5/data/96/authoritative/pmos_96_全量.csv
dayahead,2026-07-17,2026-07-17,86,2026-07-17 21:30:00,22,65_96,385.07,2026-09-19T06:34:53.854728+00:00,/root/rivermind-data/electricity_forecast_model2.5/data/96/authoritative/pmos_96_全量.csv
dayahead,2026-07-17,2026-07-17,50,2026-07-17 12:30:00,13,33_64,380.0,2026-09-19T06:34:53.854728+00:00,/root/rivermind-data/electricity_forecast_model2.5/data/96/authoritative/pmos_96_全量.csv
dayahead,2026-07-17,2026-07-17,94,2026-07-17 23:30:00,24,65_96,390.5,2026-09-19T06:34:53.854728+00:00,/root/rivermind-data/electricity_forecast_model2.5/data/96/authoritative/pmos_96_全量.csv
dayahead,2026-07-29,2026-07-29,33,2026-07-29 08:15:00,9,33_64,358.38,2026-09-19T06:34:53.854728+00:00,/root/rivermind-data/electricity_forecast_model2.5/data/96/authoritative/pmos_96_全量.csv
dayahead,2026-07-18,2026-07-18,10,2026-07-18 02:30:00,3,1_32,393.5,2026-09-19T06:34:53.854728+00:00,/root/rivermind-data/electricity_forecast_model2.5/data/96/authoritative/pmos_96_全量.csv
dayahead,2026-07-17,2026-07-17,90,2026-07-17 22:30:00,23,65_96,387.24,2026-09-19T06:34:53.854728+00:00,/root/rivermind-data/electricity_forecast_model2.5/data/96/authoritative/pmos_96_全量.csv
dayahead,2026-07-30,2026-07-30,63,2026-07-30 15:45:00,16,33_64,380.05,2026-09-19T06:34:53.854728+00:00,/root/rivermind-data/electricity_forecast_model2.5/data/96/authoritative/pmos_96_全量.csv
dayahead,2026-07-18,2026-07-18,75,2026-07-18 18:45:00,19,65_96,504.54,2026-09-19T06:34:53.854728+00:00,/root/rivermind-data/electricity_forecast_model2.5/data/96/authoritative/pmos_96_全量.csv
dayahead,2026-07-18,2026-07-18,42,2026-07-18 10:30:00,11,33_64,-80.0,2026-09-19T06:34:53.854728+00:00,/root/rivermind-data/electricity_forecast_model2.5/data/96/authoritative/pmos_96_全量.csv
dayahead,2026-07-18,2026-07-18,15,2026-07-18 03:45:00,4,1_32,390.5,2026-09-19T06:34:53.854728+00:00,/root/rivermind-data/electricity_forecast_model2.5/data/96/authoritative/pmos_96_全量.csv
dayahead,2026-07-18,2026-07-18,12,2026-07-18 03:00:00,3,1_32,393.13,2026-09-19T06:34:53.854728+00:00,/root/rivermind-data/electricity_forecast_model2.5/data/96/authoritative/pmos_96_全量.csv
dayahead,2026-07-17,2026-07-17,77,2026-07-17 19:15:00,20,65_96,381.5,2026-09-19T06:34:53.854728+00:00,/root/rivermind-data/electricity_forecast_model2.5/data/96/authoritative/pmos_96_全量.csv
dayahead,2026-07-29,2026-07-29,32,2026-07-29 08:00:00,8,1_32,352.32,2026-09-19T06:34:53.854728+00:00,/root/rivermind-data/electricity_forecast_model2.5/data/96/authoritative/pmos_96_全量.csv
dayahead,2026-07-17,2026-07-17,58,2026-07-17 14:30:00,15,33_64,363.79,2026-09-19T06:34:53.854728+00:00,/root/rivermind-data/electricity_forecast_model2.5/data/96/authoritative/pmos_96_全量.csv
dayahead,2026-07-29,2026-07-29,31,2026-07-29 07:45:00,8,1_32,355.26,2026-09-19T06:34:53.854728+00:00,/root/rivermind-data/electricity_forecast_model2.5/data/96/authoritative/pmos_96_全量.csv
dayahead,2026-07-17,2026-07-17,79,2026-07-17 19:45:00,20,65_96,384.0,2026-09-19T06:34:53.854728+00:00,/root/rivermind-data/electricity_forecast_model2.5/data/96/authoritative/pmos_96_全量.csv
dayahead,2026-07-18,2026-07-18,8,2026-07-18 02:00:00,2,1_32,428.0,2026-09-19T06:34:53.854728+00:00,/root/rivermind-data/electricity_forecast_model2.5/data/96/authoritative/pmos_96_全量.csv
dayahead,2026-07-29,2026-07-29,21,2026-07-29 05:15:00,6,1_32,426.25,2026-09-19T06:34:53.854728+00:00,/root/rivermind-data/electricity_forecast_model2.5/data/96/authoritative/pmos_96_全量.csv
dayahead,2026-07-20,2026-07-20,66,2026-07-20 16:30:00,17,65_96,342.44,2026-09-19T06:34:53.854728+00:00,/root/rivermind-data/electricity_forecast_model2.5/data/96/authoritative/pmos_96_全量.csv
dayahead,2026-07-29,2026-07-29,10,2026-07-29 02:30:00,3,1_32,424.0,2026-09-19T06:34:53.854728+00:00,/root/rivermind-data/electricity_forecast_model2.5/data/96/authoritative/pmos_96_全量.csv
dayahead,2026-07-29,2026-07-29,76,2026-07-29 19:00:00,19,65_96,772.83,2026-09-19T06:34:53.854728+00:00,/root/rivermind-data/electricity_forecast_model2.5/data/96/authoritative/pmos_96_全量.csv
dayahead,2026-07-18,2026-07-18,40,2026-07-18 10:00:00,10,33_64,-80.0,2026-09-19T06:34:53.854728+00:00,/root/rivermind-data/electricity_forecast_model2.5/data/96/authoritative/pmos_96_全量.csv
dayahead,2026-07-30,2026-07-30,92,2026-07-30 23:00:00,23,65_96,433.8,2026-09-19T06:34:53.854728+00:00,/root/rivermind-data/electricity_forecast_model2.5/data/96/authoritative/pmos_96_全量.csv
dayahead,2026-07-20,2026-07-20,1,2026-07-20 00:15:00,1,1_32,446.0,2026-09-19T06:34:53.854728+00:00,/root/rivermind-data/electricity_forecast_model2.5/data/96/authoritative/pmos_96_全量.csv
dayahead,2026-07-17,2026-07-17,1,2026-07-17 00:15:00,1,1_32,424.0,2026-09-19T06:34:53.854728+00:00,/root/rivermind-data/electricity_forecast_model2.5/data/96/authoritative/pmos_96_全量.csv
dayahead,2026-07-23,2026-07-23,52,2026-07-23 13:00:00,13,33_64,79.22,2026-09-19T06:34:53.854728+00:00,/root/rivermind-data/electricity_forecast_model2.5/data/96/authoritative/pmos_96_全量.csv
dayahead,2026-07-23,2026-07-23,53,2026-07-23 13:15:00,14,33_64,164.44,2026-09-19T06:34:53.854728+00:00,/root/rivermind-data/electricity_forecast_model2.5/data/96/authoritative/pmos_96_全量.csv
dayahead,2026-07-23,2026-07-23,73,2026-07-23 18:15:00,19,65_96,439.0,2026-09-19T06:34:53.854728+00:00,/root/rivermind-data/electricity_forecast_model2.5/data/96/authoritative/pmos_96_全量.csv
dayahead,2026-07-23,2026-07-23,95,2026-07-23 23:45:00,24,65_96,439.0,2026-09-19T06:34:53.854728+00:00,/root/rivermind-data/electricity_forecast_model2.5/data/96/authoritative/pmos_96_全量.csv
dayahead,2026-07-18,2026-07-18,44,2026-07-18 11:00:00,11,33_64,-80.0,2026-09-19T06:34:53.854728+00:00,/root/rivermind-data/electricity_forecast_model2.5/data/96/authoritative/pmos_96_全量.csv
dayahead,2026-07-18,2026-07-18,92,2026-07-18 23:00:00,23,65_96,478.0,2026-09-19T06:34:53.854728+00:00,/root/rivermind-data/electricity_forecast_model2.5/data/96/authoritative/pmos_96_全量.csv
dayahead,2026-07-24,2026-07-24,60,2026-07-24 15:00:00,15,33_64,358.68,2026-09-19T06:34:53.854728+00:00,/root/rivermind-data/electricity_forecast_model2.5/data/96/authoritative/pmos_96_全量.csv
dayahead,2026-07-21,2026-07-21,18,2026-07-21 04:30:00,5,1_32,463.0,2026-09-19T06:34:53.854728+00:00,/root/rivermind-data/electricity_forecast_model2.5/data/96/authoritative/pmos_96_全量.csv
dayahead,2026-07-23,2026-07-23,56,2026-07-23 14:00:00,14,33_64,301.76,2026-09-19T06:34:53.854728+00:00,/root/rivermind-data/electricity_forecast_model2.5/data/96/authoritative/pmos_96_全量.csv
dayahead,2026-07-19,2026-07-19,15,2026-07-19 03:45:00,4,1_32,462.0,2026-09-19T06:34:53.854728+00:00,/root/rivermind-data/electricity_forecast_model2.5/data/96/authoritative/pmos_96_全量.csv
dayahead,2026-07-18,2026-07-18,95,2026-07-18 23:45:00,24,65_96,504.54,2026-09-19T06:34:53.854728+00:00,/root/rivermind-data/electricity_forecast_model2.5/data/96/authoritative/pmos_96_全量.csv
dayahead,2026-07-23,2026-07-23,74,2026-07-23 18:30:00,19,65_96,555.88,2026-09-19T06:34:53.854728+00:00,/root/rivermind-data/electricity_forecast_model2.5/data/96/authoritative/pmos_96_全量.csv
dayahead,2026-07-18,2026-07-18,53,2026-07-18 13:15:00,14,33_64,-80.0,2026-09-19T06:34:53.854728+00:00,/root/rivermind-data/electricity_forecast_model2.5/data/96/authoritative/pmos_96_全量.csv
dayahead,2026-07-20,2026-07-20,44,2026-07-20 11:00:00,11,33_64,-80.25,2026-09-19T06:34:53.854728+00:00,/root/rivermind-data/electricity_forecast_model2.5/data/96/authoritative/pmos_96_全量.csv
dayahead,2026-07-18,2026-07-18,61,2026-07-18 15:15:00,16,33_64,263.0,2026-09-19T06:34:53.854728+00:00,/root/rivermind-data/electricity_forecast_model2.5/data/96/authoritative/pmos_96_全量.csv
dayahead,2026-07-23,2026-07-23,96,2026-07-24 00:00:00,24,65_96,425.0,2026-09-19T06:34:53.854728+00:00,/root/rivermind-data/electricity_forecast_model2.5/data/96/authoritative/pmos_96_全量.csv
dayahead,2026-07-23,2026-07-23,54,2026-07-23 13:30:00,14,33_64,229.73,2026-09-19T06:34:53.854728+00:00,/root/rivermind-data/electricity_forecast_model2.5/data/96/authoritative/pmos_96_全量.csv
dayahead,2026-07-19,2026-07-19,92,2026-07-19 23:00:00,23,65_96,394.54,2026-09-19T06:34:53.854728+00:00,/root/rivermind-data/electricity_forecast_model2.5/data/96/authoritative/pmos_96_全量.csv
dayahead,2026-07-19,2026-07-19,52,2026-07-19 13:00:00,13,33_64,-58.84,2026-09-19T06:34:53.854728+00:00,/root/rivermind-data/electricity_forecast_model2.5/data/96/authoritative/pmos_96_全量.csv
dayahead,2026-07-23,2026-07-23,51,2026-07-23 12:45:00,13,33_64,79.13,2026-09-19T06:34:53.854728+00:00,/root/rivermind-data/electricity_forecast_model2.5/data/96/authoritative/pmos_96_全量.csv
dayahead,2026-07-20,2026-07-20,86,2026-07-20 21:30:00,22,65_96,1500.0,2026-09-19T06:34:53.854728+00:00,/root/rivermind-data/electricity_forecast_model2.5/data/96/authoritative/pmos_96_全量.csv
dayahead,2026-07-19,2026-07-19,57,2026-07-19 14:15:00,15,33_64,-58.84,2026-09-19T06:34:53.854728+00:00,/root/rivermind-data/electricity_forecast_model2.5/data/96/authoritative/pmos_96_全量.csv
dayahead,2026-07-19,2026-07-19,67,2026-07-19 16:45:00,17,65_96,362.0,2026-09-19T06:34:53.854728+00:00,/root/rivermind-data/electricity_forecast_model2.5/data/96/authoritative/pmos_96_全量.csv
dayahead,2026-07-21,2026-07-21,54,2026-07-21 13:30:00,14,33_64,-76.07,2026-09-19T06:34:53.854728+00:00,/root/rivermind-data/electricity_forecast_model2.5/data/96/authoritative/pmos_96_全量.csv
dayahead,2026-07-23,2026-07-23,89,2026-07-23 22:15:00,23,65_96,554.68,2026-09-19T06:34:53.854728+00:00,/root/rivermind-data/electricity_forecast_model2.5/data/96/authoritative/pmos_96_全量.csv
dayahead,2026-07-23,2026-07-23,91,2026-07-23 22:45:00,23,65_96,445.0,2026-09-19T06:34:53.854728+00:00,/root/rivermind-data/electricity_forecast_model2.5/data/96/authoritative/pmos_96_全量.csv
dayahead,2026-07-24,2026-07-24,82,2026-07-24 20:30:00,21,65_96,479.3,2026-09-19T06:34:53.854728+00:00,/root/rivermind-data/electricity_forecast_model2.5/data/96/authoritative/pmos_96_全量.csv
dayahead,2026-07-23,2026-07-23,83,2026-07-23 20:45:00,21,65_96,555.88,2026-09-19T06:34:53.854728+00:00,/root/rivermind-data/electricity_forecast_model2.5/data/96/authoritative/pmos_96_全量.csv
dayahead,2026-07-20,2026-07-20,61,2026-07-20 15:15:00,16,33_64,-80.02,2026-09-19T06:34:53.854728+00:00,/root/rivermind-data/electricity_forecast_model2.5/data/96/authoritative/pmos_96_全量.csv
dayahead,2026-07-23,2026-07-23,57,2026-07-23 14:15:00,15,33_64,323.81,2026-09-19T06:34:53.854728+00:00,/root/rivermind-data/electricity_forecast_model2.5/data/96/authoritative/pmos_96_全量.csv
dayahead,2026-07-23,2026-07-23,55,2026-07-23 13:45:00,14,33_64,278.16,2026-09-19T06:34:53.854728+00:00,/root/rivermind-data/electricity_forecast_model2.5/data/96/authoritative/pmos_96_全量.csv
dayahead,2026-07-19,2026-07-19,9,2026-07-19 02:15:00,3,1_32,504.0,2026-09-19T06:34:53.854728+00:00,/root/rivermind-data/electricity_forecast_model2.5/data/96/authoritative/pmos_96_全量.csv
dayahead,2026-07-23,2026-07-23,67,2026-07-23 16:45:00,17,65_96,413.26,2026-09-19T06:34:53.854728+00:00,/root/rivermind-data/electricity_forecast_model2.5/data/96/authoritative/pmos_96_全量.csv
dayahead,2026-07-29,2026-07-29,4,2026-07-29 01:00:00,1,1_32,422.5,2026-09-19T06:34:53.854728+00:00,/root/rivermind-data/electricity_forecast_model2.5/data/96/authoritative/pmos_96_全量.csv
dayahead,2026-07-23,2026-07-23,59,2026-07-23 14:45:00,15,33_64,348.07,2026-09-19T06:34:53.854728+00:00,/root/rivermind-data/electricity_forecast_model2.5/data/96/authoritative/pmos_96_全量.csv
dayahead,2026-07-19,2026-07-19,71,2026-07-19 17:45:00,18,65_96,392.0,2026-09-19T06:34:53.854728+00:00,/root/rivermind-data/electricity_forecast_model2.5/data/96/authoritative/pmos_96_全量.csv
dayahead,2026-07-19,2026-07-19,10,2026-07-19 02:30:00,3,1_32,484.0,2026-09-19T06:34:53.854728+00:00,/root/rivermind-data/electricity_forecast_model2.5/data/96/authoritative/pmos_96_全量.csv
dayahead,2026-07-21,2026-07-21,53,2026-07-21 13:15:00,14,33_64,-76.08,2026-09-19T06:34:53.854728+00:00,/root/rivermind-data/electricity_forecast_model2.5/data/96/authoritative/pmos_96_全量.csv
dayahead,2026-07-19,2026-07-19,87,2026-07-19 21:45:00,22,65_96,396.77,2026-09-19T06:34:53.854728+00:00,/root/rivermind-data/electricity_forecast_model2.5/data/96/authoritative/pmos_96_全量.csv
dayahead,2026-07-22,2026-07-22,83,2026-07-22 20:45:00,21,65_96,638.5,2026-09-19T06:34:53.854728+00:00,/root/rivermind-data/electricity_forecast_model2.5/data/96/authoritative/pmos_96_全量.csv
dayahead,2026-07-18,2026-07-18,71,2026-07-18 17:45:00,18,65_96,418.0,2026-09-19T06:34:53.854728+00:00,/root/rivermind-data/electricity_forecast_model2.5/data/96/authoritative/pmos_96_全量.csv
dayahead,2026-07-22,2026-07-22,96,2026-07-23 00:00:00,24,65_96,501.0,2026-09-19T06:34:53.854728+00:00,/root/rivermind-data/electricity_forecast_model2.5/data/96/authoritative/pmos_96_全量.csv
dayahead,2026-07-23,2026-07-23,72,2026-07-23 18:00:00,18,65_96,437.0,2026-09-19T06:34:53.854728+00:00,/root/rivermind-data/electricity_forecast_model2.5/data/96/authoritative/pmos_96_全量.csv
dayahead,2026-07-21,2026-07-21,59,2026-07-21 14:45:00,15,33_64,-73.25,2026-09-19T06:34:53.854728+00:00,/root/rivermind-data/electricity_forecast_model2.5/data/96/authoritative/pmos_96_全量.csv
dayahead,2026-07-18,2026-07-18,66,2026-07-18 16:30:00,17,65_96,374.0,2026-09-19T06:34:53.854728+00:00,/root/rivermind-data/electricity_forecast_model2.5/data/96/authoritative/pmos_96_全量.csv
dayahead,2026-07-18,2026-07-18,67,2026-07-18 16:45:00,17,65_96,381.5,2026-09-19T06:34:53.854728+00:00,/root/rivermind-data/electricity_forecast_model2.5/data/96/authoritative/pmos_96_全量.csv
dayahead,2026-07-18,2026-07-18,5,2026-07-18 01:15:00,2,1_32,475.86,2026-09-19T06:34:53.854728+00:00,/root/rivermind-data/electricity_forecast_model2.5/data/96/authoritative/pmos_96_全量.csv
dayahead,2026-07-18,2026-07-18,94,2026-07-18 23:30:00,24,65_96,504.54,2026-09-19T06:34:53.854728+00:00,/root/rivermind-data/electricity_forecast_model2.5/data/96/authoritative/pmos_96_全量.csv
dayahead,2026-07-18,2026-07-18,59,2026-07-18 14:45:00,15,33_64,-80.0,2026-09-19T06:34:53.854728+00:00,/root/rivermind-data/electricity_forecast_model2.5/data/96/authoritative/pmos_96_全量.csv
dayahead,2026-07-20,2026-07-20,7,2026-07-20 01:45:00,2,1_32,480.0,2026-09-19T06:34:53.854728+00:00,/root/rivermind-data/electricity_forecast_model2.5/data/96/authoritative/pmos_96_全量.csv
dayahead,2026-07-18,2026-07-18,2,2026-07-18 00:30:00,1,1_32,395.0,2026-09-19T06:34:53.854728+00:00,/root/rivermind-data/electricity_forecast_model2.5/data/96/authoritative/pmos_96_全量.csv
dayahead,2026-07-23,2026-07-23,61,2026-07-23 15:15:00,16,33_64,362.92,2026-09-19T06:34:53.854728+00:00,/root/rivermind-data/electricity_forecast_model2.5/data/96/authoritative/pmos_96_全量.csv
dayahead,2026-07-17,2026-07-17,28,2026-07-17 07:00:00,7,1_32,382.0,2026-09-19T06:34:53.854728+00:00,/root/rivermind-data/electricity_forecast_model2.5/data/96/authoritative/pmos_96_全量.csv
dayahead,2026-07-18,2026-07-18,22,2026-07-18 05:30:00,6,1_32,393.5,2026-09-19T06:34:53.854728+00:00,/root/rivermind-data/electricity_forecast_model2.5/data/96/authoritative/pmos_96_全量.csv
dayahead,2026-07-23,2026-07-23,86,2026-07-23 21:30:00,22,65_96,555.88,2026-09-19T06:34:53.854728+00:00,/root/rivermind-data/electricity_forecast_model2.5/data/96/authoritative/pmos_96_全量.csv
dayahead,2026-07-23,2026-07-23,60,2026-07-23 15:00:00,15,33_64,360.34,2026-09-19T06:34:53.854728+00:00,/root/rivermind-data/electricity_forecast_model2.5/data/96/authoritative/pmos_96_全量.csv
dayahead,2026-07-22,2026-07-22,49,2026-07-22 12:15:00,13,33_64,187.59,2026-09-19T06:34:53.854728+00:00,/root/rivermind-data/electricity_forecast_model2.5/data/96/authoritative/pmos_96_全量.csv
dayahead,2026-07-17,2026-07-17,31,2026-07-17 07:45:00,8,1_32,390.0,2026-09-19T06:34:53.854728+00:00,/root/rivermind-data/electricity_forecast_model2.5/data/96/authoritative/pmos_96_全量.csv
dayahead,2026-07-23,2026-07-23,90,2026-07-23 22:30:00,23,65_96,451.0,2026-09-19T06:34:53.854728+00:00,/root/rivermind-data/electricity_forecast_model2.5/data/96/authoritative/pmos_96_全量.csv
dayahead,2026-07-18,2026-07-18,47,2026-07-18 11:45:00,12,33_64,-80.0,2026-09-19T06:34:53.854728+00:00,/root/rivermind-data/electricity_forecast_model2.5/data/96/authoritative/pmos_96_全量.csv
dayahead,2026-07-18,2026-07-18,3,2026-07-18 00:45:00,1,1_32,395.0,2026-09-19T06:34:53.854728+00:00,/root/rivermind-data/electricity_forecast_model2.5/data/96/authoritative/pmos_96_全量.csv
dayahead,2026-07-18,2026-07-18,70,2026-07-18 17:30:00,18,65_96,398.91,2026-09-19T06:34:53.854728+00:00,/root/rivermind-data/electricity_forecast_model2.5/data/96/authoritative/pmos_96_全量.csv
dayahead,2026-07-18,2026-07-18,50,2026-07-18 12:30:00,13,33_64,-80.0,2026-09-19T06:34:53.854728+00:00,/root/rivermind-data/electricity_forecast_model2.5/data/96/authoritative/pmos_96_全量.csv
dayahead,2026-07-18,2026-07-18,55,2026-07-18 13:45:00,14,33_64,-80.0,2026-09-19T06:34:53.854728+00:00,/root/rivermind-data/electricity_forecast_model2.5/data/96/authoritative/pmos_96_全量.csv
dayahead,2026-07-18,2026-07-18,80,2026-07-18 20:00:00,20,65_96,504.54,2026-09-19T06:34:53.854728+00:00,/root/rivermind-data/electricity_forecast_model2.5/data/96/authoritative/pmos_96_全量.csv
dayahead,2026-07-23,2026-07-23,87,2026-07-23 21:45:00,22,65_96,555.88,2026-09-19T06:34:53.854728+00:00,/root/rivermind-data/electricity_forecast_model2.5/data/96/authoritative/pmos_96_全量.csv
dayahead,2026-07-18,2026-07-18,74,2026-07-18 18:30:00,19,65_96,504.54,2026-09-19T06:34:53.854728+00:00,/root/rivermind-data/electricity_forecast_model2.5/data/96/authoritative/pmos_96_全量.csv
dayahead,2026-07-19,2026-07-19,7,2026-07-19 01:45:00,2,1_32,656.0,2026-09-19T06:34:53.854728+00:00,/root/rivermind-data/electricity_forecast_model2.5/data/96/authoritative/pmos_96_全量.csv
dayahead,2026-07-18,2026-07-18,30,2026-07-18 07:30:00,8,1_32,263.73,2026-09-19T06:34:53.854728+00:00,/root/rivermind-data/electricity_forecast_model2.5/data/96/authoritative/pmos_96_全量.csv
dayahead,2026-07-23,2026-07-23,71,2026-07-23 17:45:00,18,65_96,434.0,2026-09-19T06:34:53.854728+00:00,/root/rivermind-data/electricity_forecast_model2.5/data/96/authoritative/pmos_96_全量.csv
dayahead,2026-07-17,2026-07-17,26,2026-07-17 06:30:00,7,1_32,383.0,2026-09-19T06:34:53.854728+00:00,/root/rivermind-data/electricity_forecast_model2.5/data/96/authoritative/pmos_96_全量.csv
dayahead,2026-07-18,2026-07-18,51,2026-07-18 12:45:00,13,33_64,-80.0,2026-09-19T06:34:53.854728+00:00,/root/rivermind-data/electricity_forecast_model2.5/data/96/authoritative/pmos_96_全量.csv
dayahead,2026-07-18,2026-07-18,63,2026-07-18 15:45:00,16,33_64,332.0,2026-09-19T06:34:53.854728+00:00,/root/rivermind-data/electricity_forecast_model2.5/data/96/authoritative/pmos_96_全量.csv
dayahead,2026-07-18,2026-07-18,68,2026-07-18 17:00:00,17,65_96,386.2,2026-09-19T06:34:53.854728+00:00,/root/rivermind-data/electricity_forecast_model2.5/data/96/authoritative/pmos_96_全量.csv
dayahead,2026-07-22,2026-07-22,32,2026-07-22 08:00:00,8,1_32,275.81,2026-09-19T06:34:53.854728+00:00,/root/rivermind-data/electricity_forecast_model2.5/data/96/authoritative/pmos_96_全量.csv
dayahead,2026-07-22,2026-07-22,71,2026-07-22 17:45:00,18,65_96,638.5,2026-09-19T06:34:53.854728+00:00,/root/rivermind-data/electricity_forecast_model2.5/data/96/authoritative/pmos_96_全量.csv
dayahead,2026-07-23,2026-07-23,75,2026-07-23 18:45:00,19,65_96,555.88,2026-09-19T06:34:53.854728+00:00,/root/rivermind-data/electricity_forecast_model2.5/data/96/authoritative/pmos_96_全量.csv
dayahead,2026-07-23,2026-07-23,94,2026-07-23 23:30:00,24,65_96,447.0,2026-09-19T06:34:53.854728+00:00,/root/rivermind-data/electricity_forecast_model2.5/data/96/authoritative/pmos_96_全量.csv
dayahead,2026-07-17,2026-07-17,34,2026-07-17 08:30:00,9,33_64,400.0,2026-09-19T06:34:53.854728+00:00,/root/rivermind-data/electricity_forecast_model2.5/data/96/authoritative/pmos_96_全量.csv
dayahead,2026-07-18,2026-07-18,56,2026-07-18 14:00:00,14,33_64,-80.0,2026-09-19T06:34:53.854728+00:00,/root/rivermind-data/electricity_forecast_model2.5/data/96/authoritative/pmos_96_全量.csv
dayahead,2026-07-17,2026-07-17,33,2026-07-17 08:15:00,9,33_64,396.5,2026-09-19T06:34:53.854728+00:00,/root/rivermind-data/electricity_forecast_model2.5/data/96/authoritative/pmos_96_全量.csv
dayahead,2026-07-18,2026-07-18,62,2026-07-18 15:30:00,16,33_64,306.0,2026-09-19T06:34:53.854728+00:00,/root/rivermind-data/electricity_forecast_model2.5/data/96/authoritative/pmos_96_全量.csv
dayahead,2026-07-18,2026-07-18,65,2026-07-18 16:15:00,17,65_96,356.8,2026-09-19T06:34:53.854728+00:00,/root/rivermind-data/electricity_forecast_model2.5/data/96/authoritative/pmos_96_全量.csv
dayahead,2026-07-24,2026-07-24,54,2026-07-24 13:30:00,14,33_64,245.61,2026-09-19T06:34:53.854728+00:00,/root/rivermind-data/electricity_forecast_model2.5/data/96/authoritative/pmos_96_全量.csv
dayahead,2026-07-24,2026-07-24,75,2026-07-24 18:45:00,19,65_96,478.0,2026-09-19T06:34:53.854728+00:00,/root/rivermind-data/electricity_forecast_model2.5/data/96/authoritative/pmos_96_全量.csv
dayahead,2026-07-19,2026-07-19,68,2026-07-19 17:00:00,17,65_96,372.0,2026-09-19T06:34:53.854728+00:00,/root/rivermind-data/electricity_forecast_model2.5/data/96/authoritative/pmos_96_全量.csv
dayahead,2026-07-24,2026-07-24,47,2026-07-24 11:45:00,12,33_64,206.14,2026-09-19T06:34:53.854728+00:00,/root/rivermind-data/electricity_forecast_model2.5/data/96/authoritative/pmos_96_全量.csv
dayahead,2026-07-20,2026-07-20,77,2026-07-20 19:15:00,20,65_96,1500.0,2026-09-19T06:34:53.854728+00:00,/root/rivermind-data/electricity_forecast_model2.5/data/96/authoritative/pmos_96_全量.csv
dayahead,2026-07-19,2026-07-19,72,2026-07-19 18:00:00,18,65_96,396.67,2026-09-19T06:34:53.854728+00:00,/root/rivermind-data/electricity_forecast_model2.5/data/96/authoritative/pmos_96_全量.csv
dayahead,2026-07-19,2026-07-19,94,2026-07-19 23:30:00,24,65_96,396.77,2026-09-19T06:34:53.854728+00:00,/root/rivermind-data/electricity_forecast_model2.5/data/96/authoritative/pmos_96_全量.csv
dayahead,2026-07-19,2026-07-19,17,2026-07-19 04:15:00,5,1_32,454.12,2026-09-19T06:34:53.854728+00:00,/root/rivermind-data/electricity_forecast_model2.5/data/96/authoritative/pmos_96_全量.csv
dayahead,2026-07-19,2026-07-19,74,2026-07-19 18:30:00,19,65_96,396.67,2026-09-19T06:34:53.854728+00:00,/root/rivermind-data/electricity_forecast_model2.5/data/96/authoritative/pmos_96_全量.csv
dayahead,2026-07-30,2026-07-30,62,2026-07-30 15:30:00,16,33_64,372.31,2026-09-19T06:34:53.854728+00:00,/root/rivermind-data/electricity_forecast_model2.5/data/96/authoritative/pmos_96_全量.csv
dayahead,2026-07-19,2026-07-19,54,2026-07-19 13:30:00,14,33_64,-58.84,2026-09-19T06:34:53.854728+00:00,/root/rivermind-data/electricity_forecast_model2.5/data/96/authoritative/pmos_96_全量.csv
dayahead,2026-07-24,2026-07-24,64,2026-07-24 16:00:00,16,33_64,395.0,2026-09-19T06:34:53.854728+00:00,/root/rivermind-data/electricity_forecast_model2.5/data/96/authoritative/pmos_96_全量.csv
dayahead,2026-07-17,2026-07-17,96,2026-07-18 00:00:00,24,65_96,385.0,2026-09-19T06:34:53.854728+00:00,/root/rivermind-data/electricity_forecast_model2.5/data/96/authoritative/pmos_96_全量.csv
dayahead,2026-07-29,2026-07-29,49,2026-07-29 12:15:00,13,33_64,331.12,2026-09-19T06:34:53.854728+00:00,/root/rivermind-data/electricity_forecast_model2.5/data/96/authoritative/pmos_96_全量.csv
dayahead,2026-07-18,2026-07-18,32,2026-07-18 08:00:00,8,1_32,51.6,2026-09-19T06:34:53.854728+00:00,/root/rivermind-data/electricity_forecast_model2.5/data/96/authoritative/pmos_96_全量.csv
dayahead,2026-07-19,2026-07-19,62,2026-07-19 15:30:00,16,33_64,184.0,2026-09-19T06:34:53.854728+00:00,/root/rivermind-data/electricity_forecast_model2.5/data/96/authoritative/pmos_96_全量.csv
dayahead,2026-07-21,2026-07-21,86,2026-07-21 21:30:00,22,65_96,475.63,2026-09-19T06:34:53.854728+00:00,/root/rivermind-data/electricity_forecast_model2.5/data/96/authoritative/pmos_96_全量.csv
dayahead,2026-07-20,2026-07-20,62,2026-07-20 15:30:00,16,33_64,-77.84,2026-09-19T06:34:53.854728+00:00,/root/rivermind-data/electricity_forecast_model2.5/data/96/authoritative/pmos_96_全量.csv
dayahead,2026-07-20,2026-07-20,50,2026-07-20 12:30:00,13,33_64,-80.01,2026-09-19T06:34:53.854728+00:00,/root/rivermind-data/electricity_forecast_model2.5/data/96/authoritative/pmos_96_全量.csv
dayahead,2026-07-20,2026-07-20,85,2026-07-20 21:15:00,22,65_96,1500.0,2026-09-19T06:34:53.854728+00:00,/root/rivermind-data/electricity_forecast_model2.5/data/96/authoritative/pmos_96_全量.csv
dayahead,2026-07-20,2026-07-20,82,2026-07-20 20:30:00,21,65_96,1500.0,2026-09-19T06:34:53.854728+00:00,/root/rivermind-data/electricity_forecast_model2.5/data/96/authoritative/pmos_96_全量.csv
dayahead,2026-07-19,2026-07-19,91,2026-07-19 22:45:00,23,65_96,396.77,2026-09-19T06:34:53.854728+00:00,/root/rivermind-data/electricity_forecast_model2.5/data/96/authoritative/pmos_96_全量.csv
dayahead,2026-07-19,2026-07-19,43,2026-07-19 10:45:00,11,33_64,-58.84,2026-09-19T06:34:53.854728+00:00,/root/rivermind-data/electricity_forecast_model2.5/data/96/authoritative/pmos_96_全量.csv
dayahead,2026-07-20,2026-07-20,83,2026-07-20 20:45:00,21,65_96,1500.0,2026-09-19T06:34:53.854728+00:00,/root/rivermind-data/electricity_forecast_model2.5/data/96/authoritative/pmos_96_全量.csv
dayahead,2026-07-21,2026-07-21,94,2026-07-21 23:30:00,24,65_96,475.63,2026-09-19T06:34:53.854728+00:00,/root/rivermind-data/electricity_forecast_model2.5/data/96/authoritative/pmos_96_全量.csv
dayahead,2026-07-20,2026-07-20,94,2026-07-20 23:30:00,24,65_96,1500.0,2026-09-19T06:34:53.854728+00:00,/root/rivermind-data/electricity_forecast_model2.5/data/96/authoritative/pmos_96_全量.csv
dayahead,2026-08-01,2026-08-01,33,2026-08-01 08:15:00,9,33_64,324.0,2026-09-19T06:34:53.854728+00:00,/root/rivermind-data/electricity_forecast_model2.5/data/96/authoritative/pmos_96_全量.csv
dayahead,2026-07-20,2026-07-20,78,2026-07-20 19:30:00,20,65_96,1500.0,2026-09-19T06:34:53.854728+00:00,/root/rivermind-data/electricity_forecast_model2.5/data/96/authoritative/pmos_96_全量.csv
dayahead,2026-07-20,2026-07-20,93,2026-07-20 23:15:00,24,65_96,1500.0,2026-09-19T06:34:53.854728+00:00,/root/rivermind-data/electricity_forecast_model2.5/data/96/authoritative/pmos_96_全量.csv
dayahead,2026-07-21,2026-07-21,50,2026-07-21 12:30:00,13,33_64,-76.06,2026-09-19T06:34:53.854728+00:00,/root/rivermind-data/electricity_forecast_model2.5/data/96/authoritative/pmos_96_全量.csv
dayahead,2026-07-18,2026-07-18,45,2026-07-18 11:15:00,12,33_64,-80.0,2026-09-19T06:34:53.854728+00:00,/root/rivermind-data/electricity_forecast_model2.5/data/96/authoritative/pmos_96_全量.csv
dayahead,2026-07-20,2026-07-20,80,2026-07-20 20:00:00,20,65_96,1500.0,2026-09-19T06:34:53.854728+00:00,/root/rivermind-data/electricity_forecast_model2.5/data/96/authoritative/pmos_96_全量.csv
dayahead,2026-07-19,2026-07-19,1,2026-07-19 00:15:00,1,1_32,636.0,2026-09-19T06:34:53.854728+00:00,/root/rivermind-data/electricity_forecast_model2.5/data/96/authoritative/pmos_96_全量.csv
dayahead,2026-07-20,2026-07-20,47,2026-07-20 11:45:00,12,33_64,-80.5,2026-09-19T06:34:53.854728+00:00,/root/rivermind-data/electricity_forecast_model2.5/data/96/authoritative/pmos_96_全量.csv
dayahead,2026-07-19,2026-07-19,51,2026-07-19 12:45:00,13,33_64,-58.84,2026-09-19T06:34:53.854728+00:00,/root/rivermind-data/electricity_forecast_model2.5/data/96/authoritative/pmos_96_全量.csv
dayahead,2026-07-20,2026-07-20,79,2026-07-20 19:45:00,20,65_96,1500.0,2026-09-19T06:34:53.854728+00:00,/root/rivermind-data/electricity_forecast_model2.5/data/96/authoritative/pmos_96_全量.csv
dayahead,2026-07-23,2026-07-23,12,2026-07-23 03:00:00,3,1_32,425.0,2026-09-19T06:34:53.854728+00:00,/root/rivermind-data/electricity_forecast_model2.5/data/96/authoritative/pmos_96_全量.csv
dayahead,2026-07-19,2026-07-19,42,2026-07-19 10:30:00,11,33_64,-58.84,2026-09-19T06:34:53.854728+00:00,/root/rivermind-data/electricity_forecast_model2.5/data/96/authoritative/pmos_96_全量.csv
dayahead,2026-07-21,2026-07-21,76,2026-07-21 19:00:00,19,65_96,476.26,2026-09-19T06:34:53.854728+00:00,/root/rivermind-data/electricity_forecast_model2.5/data/96/authoritative/pmos_96_全量.csv
dayahead,2026-07-24,2026-07-24,88,2026-07-24 22:00:00,22,65_96,479.0,2026-09-19T06:34:53.854728+00:00,/root/rivermind-data/electricity_forecast_model2.5/data/96/authoritative/pmos_96_全量.csv
dayahead,2026-07-23,2026-07-23,48,2026-07-23 12:00:00,12,33_64,79.12,2026-09-19T06:34:53.854728+00:00,/root/rivermind-data/electricity_forecast_model2.5/data/96/authoritative/pmos_96_全量.csv
dayahead,2026-07-23,2026-07-23,37,2026-07-23 09:15:00,10,33_64,79.94,2026-09-19T06:34:53.854728+00:00,/root/rivermind-data/electricity_forecast_model2.5/data/96/authoritative/pmos_96_全量.csv
dayahead,2026-07-23,2026-07-23,29,2026-07-23 07:15:00,8,1_32,355.0,2026-09-19T06:34:53.854728+00:00,/root/rivermind-data/electricity_forecast_model2.5/data/96/authoritative/pmos_96_全量.csv
dayahead,2026-07-19,2026-07-19,93,2026-07-19 23:15:00,24,65_96,399.0,2026-09-19T06:34:53.854728+00:00,/root/rivermind-data/electricity_forecast_model2.5/data/96/authoritative/pmos_96_全量.csv
dayahead,2026-07-20,2026-07-20,81,2026-07-20 20:15:00,21,65_96,1500.0,2026-09-19T06:34:53.854728+00:00,/root/rivermind-data/electricity_forecast_model2.5/data/96/authoritative/pmos_96_全量.csv
dayahead,2026-07-20,2026-07-20,18,2026-07-20 04:30:00,5,1_32,422.4,2026-09-19T06:34:53.854728+00:00,/root/rivermind-data/electricity_forecast_model2.5/data/96/authoritative/pmos_96_全量.csv
dayahead,2026-07-28,2026-07-28,11,2026-07-28 02:45:00,3,1_32,447.0,2026-09-19T06:34:53.854728+00:00,/root/rivermind-data/electricity_forecast_model2.5/data/96/authoritative/pmos_96_全量.csv
dayahead,2026-07-20,2026-07-20,87,2026-07-20 21:45:00,22,65_96,1500.0,2026-09-19T06:34:53.854728+00:00,/root/rivermind-data/electricity_forecast_model2.5/data/96/authoritative/pmos_96_全量.csv
dayahead,2026-07-19,2026-07-19,6,2026-07-19 01:30:00,2,1_32,689.0,2026-09-19T06:34:53.854728+00:00,/root/rivermind-data/electricity_forecast_model2.5/data/96/authoritative/pmos_96_全量.csv
dayahead,2026-07-19,2026-07-19,49,2026-07-19 12:15:00,13,33_64,-58.84,2026-09-19T06:34:53.854728+00:00,/root/rivermind-data/electricity_forecast_model2.5/data/96/authoritative/pmos_96_全量.csv
dayahead,2026-07-19,2026-07-19,22,2026-07-19 05:30:00,6,1_32,481.68,2026-09-19T06:34:53.854728+00:00,/root/rivermind-data/electricity_forecast_model2.5/data/96/authoritative/pmos_96_全量.csv
dayahead,2026-07-20,2026-07-20,49,2026-07-20 12:15:00,13,33_64,-80.01,2026-09-19T06:34:53.854728+00:00,/root/rivermind-data/electricity_forecast_model2.5/data/96/authoritative/pmos_96_全量.csv
dayahead,2026-07-19,2026-07-19,11,2026-07-19 02:45:00,3,1_32,482.0,2026-09-19T06:34:53.854728+00:00,/root/rivermind-data/electricity_forecast_model2.5/data/96/authoritative/pmos_96_全量.csv
dayahead,2026-07-19,2026-07-19,5,2026-07-19 01:15:00,2,1_32,712.87,2026-09-19T06:34:53.854728+00:00,/root/rivermind-data/electricity_forecast_model2.5/data/96/authoritative/pmos_96_全量.csv
dayahead,2026-07-19,2026-07-19,12,2026-07-19 03:00:00,3,1_32,475.52,2026-09-19T06:34:53.854728+00:00,/root/rivermind-data/electricity_forecast_model2.5/data/96/authoritative/pmos_96_全量.csv
dayahead,2026-07-18,2026-07-18,35,2026-07-18 08:45:00,9,33_64,-80.0,2026-09-19T06:34:53.854728+00:00,/root/rivermind-data/electricity_forecast_model2.5/data/96/authoritative/pmos_96_全量.csv
dayahead,2026-07-20,2026-07-20,74,2026-07-20 18:30:00,19,65_96,1500.0,2026-09-19T06:34:53.854728+00:00,/root/rivermind-data/electricity_forecast_model2.5/data/96/authoritative/pmos_96_全量.csv
dayahead,2026-07-29,2026-07-29,56,2026-07-29 14:00:00,14,33_64,344.73,2026-09-19T06:34:53.854728+00:00,/root/rivermind-data/electricity_forecast_model2.5/data/96/authoritative/pmos_96_全量.csv
dayahead,2026-07-19,2026-07-19,14,2026-07-19 03:30:00,4,1_32,468.0,2026-09-19T06:34:53.854728+00:00,/root/rivermind-data/electricity_forecast_model2.5/data/96/authoritative/pmos_96_全量.csv
dayahead,2026-07-18,2026-07-18,34,2026-07-18 08:30:00,9,33_64,-80.0,2026-09-19T06:34:53.854728+00:00,/root/rivermind-data/electricity_forecast_model2.5/data/96/authoritative/pmos_96_全量.csv
dayahead,2026-07-18,2026-07-18,25,2026-07-18 06:15:00,7,1_32,362.78,2026-09-19T06:34:53.854728+00:00,/root/rivermind-data/electricity_forecast_model2.5/data/96/authoritative/pmos_96_全量.csv
dayahead,2026-07-19,2026-07-19,3,2026-07-19 00:45:00,1,1_32,554.0,2026-09-19T06:34:53.854728+00:00,/root/rivermind-data/electricity_forecast_model2.5/data/96/authoritative/pmos_96_全量.csv
dayahead,2026-07-30,2026-07-30,67,2026-07-30 16:45:00,17,65_96,407.01,2026-09-19T06:34:53.854728+00:00,/root/rivermind-data/electricity_forecast_model2.5/data/96/authoritative/pmos_96_全量.csv
dayahead,2026-07-18,2026-07-18,37,2026-07-18 09:15:00,10,33_64,-80.0,2026-09-19T06:34:53.854728+00:00,/root/rivermind-data/electricity_forecast_model2.5/data/96/authoritative/pmos_96_全量.csv
dayahead,2026-07-22,2026-07-22,34,2026-07-22 08:30:00,9,33_64,190.18,2026-09-19T06:34:53.854728+00:00,/root/rivermind-data/electricity_forecast_model2.5/data/96/authoritative/pmos_96_全量.csv
dayahead,2026-07-19,2026-07-19,4,2026-07-19 01:00:00,1,1_32,541.39,2026-09-19T06:34:53.854728+00:00,/root/rivermind-data/electricity_forecast_model2.5/data/96/authoritative/pmos_96_全量.csv
dayahead,2026-07-18,2026-07-18,89,2026-07-18 22:15:00,23,65_96,504.54,2026-09-19T06:34:53.854728+00:00,/root/rivermind-data/electricity_forecast_model2.5/data/96/authoritative/pmos_96_全量.csv
dayahead,2026-07-24,2026-07-24,50,2026-07-24 12:30:00,13,33_64,174.84,2026-09-19T06:34:53.854728+00:00,/root/rivermind-data/electricity_forecast_model2.5/data/96/authoritative/pmos_96_全量.csv
dayahead,2026-07-29,2026-07-29,95,2026-07-29 23:45:00,24,65_96,465.56,2026-09-19T06:34:53.854728+00:00,/root/rivermind-data/electricity_forecast_model2.5/data/96/authoritative/pmos_96_全量.csv
dayahead,2026-07-20,2026-07-20,76,2026-07-20 19:00:00,19,65_96,1500.0,2026-09-19T06:34:53.854728+00:00,/root/rivermind-data/electricity_forecast_model2.5/data/96/authoritative/pmos_96_全量.csv
dayahead,2026-07-18,2026-07-18,72,2026-07-18 18:00:00,18,65_96,440.1,2026-09-19T06:34:53.854728+00:00,/root/rivermind-data/electricity_forecast_model2.5/data/96/authoritative/pmos_96_全量.csv
dayahead,2026-07-18,2026-07-18,33,2026-07-18 08:15:00,9,33_64,-80.0,2026-09-19T06:34:53.854728+00:00,/root/rivermind-data/electricity_forecast_model2.5/data/96/authoritative/pmos_96_全量.csv
dayahead,2026-07-19,2026-07-19,37,2026-07-19 09:15:00,10,33_64,-58.47,2026-09-19T06:34:53.854728+00:00,/root/rivermind-data/electricity_forecast_model2.5/data/96/authoritative/pmos_96_全量.csv
dayahead,2026-07-18,2026-07-18,31,2026-07-18 07:45:00,8,1_32,67.05,2026-09-19T06:34:53.854728+00:00,/root/rivermind-data/electricity_forecast_model2.5/data/96/authoritative/pmos_96_全量.csv
dayahead,2026-07-19,2026-07-19,89,2026-07-19 22:15:00,23,65_96,396.77,2026-09-19T06:34:53.854728+00:00,/root/rivermind-data/electricity_forecast_model2.5/data/96/authoritative/pmos_96_全量.csv
dayahead,2026-07-19,2026-07-19,23,2026-07-19 05:45:00,6,1_32,445.0,2026-09-19T06:34:53.854728+00:00,/root/rivermind-data/electricity_forecast_model2.5/data/96/authoritative/pmos_96_全量.csv
dayahead,2026-07-19,2026-07-19,66,2026-07-19 16:30:00,17,65_96,347.5,2026-09-19T06:34:53.854728+00:00,/root/rivermind-data/electricity_forecast_model2.5/data/96/authoritative/pmos_96_全量.csv
dayahead,2026-07-21,2026-07-21,19,2026-07-21 04:45:00,5,1_32,473.63,2026-09-19T06:34:53.854728+00:00,/root/rivermind-data/electricity_forecast_model2.5/data/96/authoritative/pmos_96_全量.csv
dayahead,2026-07-18,2026-07-18,29,2026-07-18 07:15:00,8,1_32,319.47,2026-09-19T06:34:53.854728+00:00,/root/rivermind-data/electricity_forecast_model2.5/data/96/authoritative/pmos_96_全量.csv
dayahead,2026-07-18,2026-07-18,27,2026-07-18 06:45:00,7,1_32,342.53,2026-09-19T06:34:53.854728+00:00,/root/rivermind-data/electricity_forecast_model2.5/data/96/authoritative/pmos_96_全量.csv
dayahead,2026-07-19,2026-07-19,69,2026-07-19 17:15:00,18,65_96,380.0,2026-09-19T06:34:53.854728+00:00,/root/rivermind-data/electricity_forecast_model2.5/data/96/authoritative/pmos_96_全量.csv
dayahead,2026-07-18,2026-07-18,54,2026-07-18 13:30:00,14,33_64,-80.0,2026-09-19T06:34:53.854728+00:00,/root/rivermind-data/electricity_forecast_model2.5/data/96/authoritative/pmos_96_全量.csv
dayahead,2026-07-18,2026-07-18,11,2026-07-18 02:45:00,3,1_32,393.5,2026-09-19T06:34:53.854728+00:00,/root/rivermind-data/electricity_forecast_model2.5/data/96/authoritative/pmos_96_全量.csv
dayahead,2026-07-19,2026-07-19,58,2026-07-19 14:30:00,15,33_64,-58.81,2026-09-19T06:34:53.854728+00:00,/root/rivermind-data/electricity_forecast_model2.5/data/96/authoritative/pmos_96_全量.csv
dayahead,2026-07-17,2026-07-17,78,2026-07-17 19:30:00,20,65_96,382.0,2026-09-19T06:34:53.854728+00:00,/root/rivermind-data/electricity_forecast_model2.5/data/96/authoritative/pmos_96_全量.csv
dayahead,2026-07-19,2026-07-19,2,2026-07-19 00:30:00,1,1_32,575.6,2026-09-19T06:34:53.854728+00:00,/root/rivermind-data/electricity_forecast_model2.5/data/96/authoritative/pmos_96_全量.csv
dayahead,2026-07-18,2026-07-18,90,2026-07-18 22:30:00,23,65_96,504.54,2026-09-19T06:34:53.854728+00:00,/root/rivermind-data/electricity_forecast_model2.5/data/96/authoritative/pmos_96_全量.csv
dayahead,2026-07-29,2026-07-29,54,2026-07-29 13:30:00,14,33_64,331.16,2026-09-19T06:34:53.854728+00:00,/root/rivermind-data/electricity_forecast_model2.5/data/96/authoritative/pmos_96_全量.csv
dayahead,2026-07-17,2026-07-17,44,2026-07-17 11:00:00,11,33_64,396.82,2026-09-19T06:34:53.854728+00:00,/root/rivermind-data/electricity_forecast_model2.5/data/96/authoritative/pmos_96_全量.csv
dayahead,2026-07-23,2026-07-23,26,2026-07-23 06:30:00,7,1_32,383.27,2026-09-19T06:34:53.854728+00:00,/root/rivermind-data/electricity_forecast_model2.5/data/96/authoritative/pmos_96_全量.csv
dayahead,2026-07-18,2026-07-18,64,2026-07-18 16:00:00,16,33_64,348.0,2026-09-19T06:34:53.854728+00:00,/root/rivermind-data/electricity_forecast_model2.5/data/96/authoritative/pmos_96_全量.csv
dayahead,2026-07-19,2026-07-19,31,2026-07-19 07:45:00,8,1_32,323.76,2026-09-19T06:34:53.854728+00:00,/root/rivermind-data/electricity_forecast_model2.5/data/96/authoritative/pmos_96_全量.csv
dayahead,2026-07-16,2026-07-16,91,2026-07-16 22:45:00,23,65_96,453.74,2026-09-19T06:34:53.854728+00:00,/root/rivermind-data/electricity_forecast_model2.5/data/96/authoritative/pmos_96_全量.csv
dayahead,2026-07-17,2026-07-17,19,2026-07-17 04:45:00,5,1_32,393.5,2026-09-19T06:34:53.854728+00:00,/root/rivermind-data/electricity_forecast_model2.5/data/96/authoritative/pmos_96_全量.csv
dayahead,2026-07-20,2026-07-20,84,2026-07-20 21:00:00,21,65_96,1500.0,2026-09-19T06:34:53.854728+00:00,/root/rivermind-data/electricity_forecast_model2.5/data/96/authoritative/pmos_96_全量.csv
dayahead,2026-07-20,2026-07-20,12,2026-07-20 03:00:00,3,1_32,430.0,2026-09-19T06:34:53.854728+00:00,/root/rivermind-data/electricity_forecast_model2.5/data/96/authoritative/pmos_96_全量.csv
dayahead,2026-07-20,2026-07-20,56,2026-07-20 14:00:00,14,33_64,-80.03,2026-09-19T06:34:53.854728+00:00,/root/rivermind-data/electricity_forecast_model2.5/data/96/authoritative/pmos_96_全量.csv
dayahead,2026-07-17,2026-07-17,14,2026-07-17 03:30:00,4,1_32,397.0,2026-09-19T06:34:53.854728+00:00,/root/rivermind-data/electricity_forecast_model2.5/data/96/authoritative/pmos_96_全量.csv
dayahead,2026-07-17,2026-07-17,47,2026-07-17 11:45:00,12,33_64,389.24,2026-09-19T06:34:53.854728+00:00,/root/rivermind-data/electricity_forecast_model2.5/data/96/authoritative/pmos_96_全量.csv
dayahead,2026-07-17,2026-07-17,16,2026-07-17 04:00:00,4,1_32,394.6,2026-09-19T06:34:53.854728+00:00,/root/rivermind-data/electricity_forecast_model2.5/data/96/authoritative/pmos_96_全量.csv
dayahead,2026-07-17,2026-07-17,8,2026-07-17 02:00:00,2,1_32,428.0,2026-09-19T06:34:53.854728+00:00,/root/rivermind-data/electricity_forecast_model2.5/data/96/authoritative/pmos_96_全量.csv
dayahead,2026-07-22,2026-07-22,16,2026-07-22 04:00:00,4,1_32,478.0,2026-09-19T06:34:53.854728+00:00,/root/rivermind-data/electricity_forecast_model2.5/data/96/authoritative/pmos_96_全量.csv
dayahead,2026-07-17,2026-07-17,4,2026-07-17 01:00:00,1,1_32,414.0,2026-09-19T06:34:53.854728+00:00,/root/rivermind-data/electricity_forecast_model2.5/data/96/authoritative/pmos_96_全量.csv
dayahead,2026-07-17,2026-07-17,13,2026-07-17 03:15:00,4,1_32,400.0,2026-09-19T06:34:53.854728+00:00,/root/rivermind-data/electricity_forecast_model2.5/data/96/authoritative/pmos_96_全量.csv
dayahead,2026-07-21,2026-07-21,68,2026-07-21 17:00:00,17,65_96,409.75,2026-09-19T06:34:53.854728+00:00,/root/rivermind-data/electricity_forecast_model2.5/data/96/authoritative/pmos_96_全量.csv
dayahead,2026-07-20,2026-07-20,58,2026-07-20 14:30:00,15,33_64,-80.01,2026-09-19T06:34:53.854728+00:00,/root/rivermind-data/electricity_forecast_model2.5/data/96/authoritative/pmos_96_全量.csv
dayahead,2026-07-17,2026-07-17,15,2026-07-17 03:45:00,4,1_32,395.6,2026-09-19T06:34:53.854728+00:00,/root/rivermind-data/electricity_forecast_model2.5/data/96/authoritative/pmos_96_全量.csv
dayahead,2026-07-21,2026-07-21,62,2026-07-21 15:30:00,16,33_64,132.92,2026-09-19T06:34:53.854728+00:00,/root/rivermind-data/electricity_forecast_model2.5/data/96/authoritative/pmos_96_全量.csv
dayahead,2026-07-17,2026-07-17,20,2026-07-17 05:00:00,5,1_32,393.5,2026-09-19T06:34:53.854728+00:00,/root/rivermind-data/electricity_forecast_model2.5/data/96/authoritative/pmos_96_全量.csv
dayahead,2026-07-20,2026-07-20,54,2026-07-20 13:30:00,14,33_64,-80.26,2026-09-19T06:34:53.854728+00:00,/root/rivermind-data/electricity_forecast_model2.5/data/96/authoritative/pmos_96_全量.csv
dayahead,2026-07-29,2026-07-29,50,2026-07-29 12:30:00,13,33_64,331.11,2026-09-19T06:34:53.854728+00:00,/root/rivermind-data/electricity_forecast_model2.5/data/96/authoritative/pmos_96_全量.csv
dayahead,2026-07-20,2026-07-20,59,2026-07-20 14:45:00,15,33_64,-80.07,2026-09-19T06:34:53.854728+00:00,/root/rivermind-data/electricity_forecast_model2.5/data/96/authoritative/pmos_96_全量.csv
dayahead,2026-07-20,2026-07-20,48,2026-07-20 12:00:00,12,33_64,-80.03,2026-09-19T06:34:53.854728+00:00,/root/rivermind-data/electricity_forecast_model2.5/data/96/authoritative/pmos_96_全量.csv
dayahead,2026-07-22,2026-07-22,17,2026-07-22 04:15:00,5,1_32,479.0,2026-09-19T06:34:53.854728+00:00,/root/rivermind-data/electricity_forecast_model2.5/data/96/authoritative/pmos_96_全量.csv
dayahead,2026-07-23,2026-07-23,5,2026-07-23 01:15:00,2,1_32,1500.0,2026-09-19T06:34:53.854728+00:00,/root/rivermind-data/electricity_forecast_model2.5/data/96/authoritative/pmos_96_全量.csv
dayahead,2026-07-21,2026-07-21,65,2026-07-21 16:15:00,17,65_96,360.0,2026-09-19T06:34:53.854728+00:00,/root/rivermind-data/electricity_forecast_model2.5/data/96/authoritative/pmos_96_全量.csv
dayahead,2026-07-21,2026-07-21,63,2026-07-21 15:45:00,16,33_64,323.0,2026-09-19T06:34:53.854728+00:00,/root/rivermind-data/electricity_forecast_model2.5/data/96/authoritative/pmos_96_全量.csv
dayahead,2026-08-04,2026-08-04,71,2026-08-04 17:45:00,18,65_96,1300.0,2026-09-19T06:34:53.854728+00:00,/root/rivermind-data/electricity_forecast_model2.5/data/96/authoritative/pmos_96_全量.csv
dayahead,2026-07-19,2026-07-19,48,2026-07-19 12:00:00,12,33_64,-58.84,2026-09-19T06:34:53.854728+00:00,/root/rivermind-data/electricity_forecast_model2.5/data/96/authoritative/pmos_96_全量.csv
dayahead,2026-07-21,2026-07-21,95,2026-07-21 23:45:00,24,65_96,475.63,2026-09-19T06:34:53.854728+00:00,/root/rivermind-data/electricity_forecast_model2.5/data/96/authoritative/pmos_96_全量.csv
dayahead,2026-07-20,2026-07-20,23,2026-07-20 05:45:00,6,1_32,428.48,2026-09-19T06:34:53.854728+00:00,/root/rivermind-data/electricity_forecast_model2.5/data/96/authoritative/pmos_96_全量.csv
dayahead,2026-07-20,2026-07-20,63,2026-07-20 15:45:00,16,33_64,-7.41,2026-09-19T06:34:53.854728+00:00,/root/rivermind-data/electricity_forecast_model2.5/data/96/authoritative/pmos_96_全量.csv
dayahead,2026-07-21,2026-07-21,21,2026-07-21 05:15:00,6,1_32,497.4,2026-09-19T06:34:53.854728+00:00,/root/rivermind-data/electricity_forecast_model2.5/data/96/authoritative/pmos_96_全量.csv
dayahead,2026-07-24,2026-07-24,89,2026-07-24 22:15:00,23,65_96,478.9,2026-09-19T06:34:53.854728+00:00,/root/rivermind-data/electricity_forecast_model2.5/data/96/authoritative/pmos_96_全量.csv
dayahead,2026-07-17,2026-07-17,12,2026-07-17 03:00:00,3,1_32,404.0,2026-09-19T06:34:53.854728+00:00,/root/rivermind-data/electricity_forecast_model2.5/data/96/authoritative/pmos_96_全量.csv
dayahead,2026-07-20,2026-07-20,38,2026-07-20 09:30:00,10,33_64,-80.0,2026-09-19T06:34:53.854728+00:00,/root/rivermind-data/electricity_forecast_model2.5/data/96/authoritative/pmos_96_全量.csv
dayahead,2026-07-19,2026-07-19,53,2026-07-19 13:15:00,14,33_64,-58.84,2026-09-19T06:34:53.854728+00:00,/root/rivermind-data/electricity_forecast_model2.5/data/96/authoritative/pmos_96_全量.csv
dayahead,2026-07-17,2026-07-17,18,2026-07-17 04:30:00,5,1_32,393.5,2026-09-19T06:34:53.854728+00:00,/root/rivermind-data/electricity_forecast_model2.5/data/96/authoritative/pmos_96_全量.csv
dayahead,2026-07-21,2026-07-21,96,2026-07-22 00:00:00,24,65_96,463.0,2026-09-19T06:34:53.854728+00:00,/root/rivermind-data/electricity_forecast_model2.5/data/96/authoritative/pmos_96_全量.csv
dayahead,2026-07-20,2026-07-20,29,2026-07-20 07:15:00,8,1_32,322.0,2026-09-19T06:34:53.854728+00:00,/root/rivermind-data/electricity_forecast_model2.5/data/96/authoritative/pmos_96_全量.csv
dayahead,2026-07-21,2026-07-21,22,2026-07-21 05:30:00,6,1_32,486.25,2026-09-19T06:34:53.854728+00:00,/root/rivermind-data/electricity_forecast_model2.5/data/96/authoritative/pmos_96_全量.csv
dayahead,2026-07-19,2026-07-19,55,2026-07-19 13:45:00,14,33_64,-58.84,2026-09-19T06:34:53.854728+00:00,/root/rivermind-data/electricity_forecast_model2.5/data/96/authoritative/pmos_96_全量.csv
dayahead,2026-07-20,2026-07-20,51,2026-07-20 12:45:00,13,33_64,-80.32,2026-09-19T06:34:53.854728+00:00,/root/rivermind-data/electricity_forecast_model2.5/data/96/authoritative/pmos_96_全量.csv
dayahead,2026-07-16,2026-07-16,44,2026-07-16 11:00:00,11,33_64,332.0,2026-09-19T06:34:53.854728+00:00,/root/rivermind-data/electricity_forecast_model2.5/data/96/authoritative/pmos_96_全量.csv
dayahead,2026-07-20,2026-07-20,72,2026-07-20 18:00:00,18,65_96,444.84,2026-09-19T06:34:53.854728+00:00,/root/rivermind-data/electricity_forecast_model2.5/data/96/authoritative/pmos_96_全量.csv
dayahead,2026-07-20,2026-07-20,65,2026-07-20 16:15:00,17,65_96,332.37,2026-09-19T06:34:53.854728+00:00,/root/rivermind-data/electricity_forecast_model2.5/data/96/authoritative/pmos_96_全量.csv
dayahead,2026-07-19,2026-07-19,32,2026-07-19 08:00:00,8,1_32,314.0,2026-09-19T06:34:53.854728+00:00,/root/rivermind-data/electricity_forecast_model2.5/data/96/authoritative/pmos_96_全量.csv
dayahead,2026-07-19,2026-07-19,29,2026-07-19 07:15:00,8,1_32,360.0,2026-09-19T06:34:53.854728+00:00,/root/rivermind-data/electricity_forecast_model2.5/data/96/authoritative/pmos_96_全量.csv
dayahead,2026-07-19,2026-07-19,33,2026-07-19 08:15:00,9,33_64,273.2,2026-09-19T06:34:53.854728+00:00,/root/rivermind-data/electricity_forecast_model2.5/data/96/authoritative/pmos_96_全量.csv
dayahead,2026-07-19,2026-07-19,38,2026-07-19 09:30:00,10,33_64,-58.84,2026-09-19T06:34:53.854728+00:00,/root/rivermind-data/electricity_forecast_model2.5/data/96/authoritative/pmos_96_全量.csv
dayahead,2026-07-19,2026-07-19,47,2026-07-19 11:45:00,12,33_64,-58.77,2026-09-19T06:34:53.854728+00:00,/root/rivermind-data/electricity_forecast_model2.5/data/96/authoritative/pmos_96_全量.csv
dayahead,2026-07-20,2026-07-20,15,2026-07-20 03:45:00,4,1_32,421.82,2026-09-19T06:34:53.854728+00:00,/root/rivermind-data/electricity_forecast_model2.5/data/96/authoritative/pmos_96_全量.csv
dayahead,2026-07-19,2026-07-19,26,2026-07-19 06:30:00,7,1_32,384.5,2026-09-19T06:34:53.854728+00:00,/root/rivermind-data/electricity_forecast_model2.5/data/96/authoritative/pmos_96_全量.csv
dayahead,2026-07-19,2026-07-19,25,2026-07-19 06:15:00,7,1_32,392.0,2026-09-19T06:34:53.854728+00:00,/root/rivermind-data/electricity_forecast_model2.5/data/96/authoritative/pmos_96_全量.csv
dayahead,2026-07-20,2026-07-20,75,2026-07-20 18:45:00,19,65_96,470.0,2026-09-19T06:34:53.854728+00:00,/root/rivermind-data/electricity_forecast_model2.5/data/96/authoritative/pmos_96_全量.csv
dayahead,2026-07-16,2026-07-16,83,2026-07-16 20:45:00,21,65_96,765.22,2026-09-19T06:34:53.854728+00:00,/root/rivermind-data/electricity_forecast_model2.5/data/96/authoritative/pmos_96_全量.csv
dayahead,2026-07-20,2026-07-20,69,2026-07-20 17:15:00,18,65_96,385.77,2026-09-19T06:34:53.854728+00:00,/root/rivermind-data/electricity_forecast_model2.5/data/96/authoritative/pmos_96_全量.csv
dayahead,2026-07-19,2026-07-19,39,2026-07-19 09:45:00,10,33_64,-58.84,2026-09-19T06:34:53.854728+00:00,/root/rivermind-data/electricity_forecast_model2.5/data/96/authoritative/pmos_96_全量.csv
dayahead,2026-07-20,2026-07-20,10,2026-07-20 02:30:00,3,1_32,432.0,2026-09-19T06:34:53.854728+00:00,/root/rivermind-data/electricity_forecast_model2.5/data/96/authoritative/pmos_96_全量.csv
dayahead,2026-07-20,2026-07-20,55,2026-07-20 13:45:00,14,33_64,-80.15,2026-09-19T06:34:53.854728+00:00,/root/rivermind-data/electricity_forecast_model2.5/data/96/authoritative/pmos_96_全量.csv
dayahead,2026-07-20,2026-07-20,95,2026-07-20 23:45:00,24,65_96,1500.0,2026-09-19T06:34:53.854728+00:00,/root/rivermind-data/electricity_forecast_model2.5/data/96/authoritative/pmos_96_全量.csv
dayahead,2026-07-20,2026-07-20,67,2026-07-20 16:45:00,17,65_96,359.86,2026-09-19T06:34:53.854728+00:00,/root/rivermind-data/electricity_forecast_model2.5/data/96/authoritative/pmos_96_全量.csv
dayahead,2026-07-19,2026-07-19,34,2026-07-19 08:30:00,9,33_64,222.0,2026-09-19T06:34:53.854728+00:00,/root/rivermind-data/electricity_forecast_model2.5/data/96/authoritative/pmos_96_全量.csv
dayahead,2026-07-21,2026-07-21,69,2026-07-21 17:15:00,18,65_96,413.5,2026-09-19T06:34:53.854728+00:00,/root/rivermind-data/electricity_forecast_model2.5/data/96/authoritative/pmos_96_全量.csv
dayahead,2026-07-19,2026-07-19,45,2026-07-19 11:15:00,12,33_64,-58.84,2026-09-19T06:34:53.854728+00:00,/root/rivermind-data/electricity_forecast_model2.5/data/96/authoritative/pmos_96_全量.csv
dayahead,2026-07-20,2026-07-20,3,2026-07-20 00:45:00,1,1_32,428.88,2026-09-19T06:34:53.854728+00:00,/root/rivermind-data/electricity_forecast_model2.5/data/96/authoritative/pmos_96_全量.csv
dayahead,2026-07-20,2026-07-20,60,2026-07-20 15:00:00,15,33_64,-80.13,2026-09-19T06:34:53.854728+00:00,/root/rivermind-data/electricity_forecast_model2.5/data/96/authoritative/pmos_96_全量.csv
dayahead,2026-07-17,2026-07-17,11,2026-07-17 02:45:00,3,1_32,406.0,2026-09-19T06:34:53.854728+00:00,/root/rivermind-data/electricity_forecast_model2.5/data/96/authoritative/pmos_96_全量.csv
dayahead,2026-07-18,2026-07-18,60,2026-07-18 15:00:00,15,33_64,34.8,2026-09-19T06:34:53.854728+00:00,/root/rivermind-data/electricity_forecast_model2.5/data/96/authoritative/pmos_96_全量.csv
dayahead,2026-07-17,2026-07-17,49,2026-07-17 12:15:00,13,33_64,382.0,2026-09-19T06:34:53.854728+00:00,/root/rivermind-data/electricity_forecast_model2.5/data/96/authoritative/pmos_96_全量.csv
dayahead,2026-07-18,2026-07-18,6,2026-07-18 01:30:00,2,1_32,472.11,2026-09-19T06:34:53.854728+00:00,/root/rivermind-data/electricity_forecast_model2.5/data/96/authoritative/pmos_96_全量.csv
dayahead,2026-07-20,2026-07-20,52,2026-07-20 13:00:00,13,33_64,-80.3,2026-09-19T06:34:53.854728+00:00,/root/rivermind-data/electricity_forecast_model2.5/data/96/authoritative/pmos_96_全量.csv
dayahead,2026-07-17,2026-07-17,2,2026-07-17 00:30:00,1,1_32,416.94,2026-09-19T06:34:53.854728+00:00,/root/rivermind-data/electricity_forecast_model2.5/data/96/authoritative/pmos_96_全量.csv
dayahead,2026-07-20,2026-07-20,57,2026-07-20 14:15:00,15,33_64,-80.06,2026-09-19T06:34:53.854728+00:00,/root/rivermind-data/electricity_forecast_model2.5/data/96/authoritative/pmos_96_全量.csv
dayahead,2026-07-19,2026-07-19,27,2026-07-19 06:45:00,7,1_32,376.0,2026-09-19T06:34:53.854728+00:00,/root/rivermind-data/electricity_forecast_model2.5/data/96/authoritative/pmos_96_全量.csv
dayahead,2026-07-24,2026-07-24,68,2026-07-24 17:00:00,17,65_96,431.0,2026-09-19T06:34:53.854728+00:00,/root/rivermind-data/electricity_forecast_model2.5/data/96/authoritative/pmos_96_全量.csv
dayahead,2026-07-18,2026-07-18,41,2026-07-18 10:15:00,11,33_64,-80.01,2026-09-19T06:34:53.854728+00:00,/root/rivermind-data/electricity_forecast_model2.5/data/96/authoritative/pmos_96_全量.csv
dayahead,2026-07-20,2026-07-20,20,2026-07-20 05:00:00,5,1_32,432.0,2026-09-19T06:34:53.854728+00:00,/root/rivermind-data/electricity_forecast_model2.5/data/96/authoritative/pmos_96_全量.csv
dayahead,2026-07-20,2026-07-20,96,2026-07-21 00:00:00,24,65_96,1500.0,2026-09-19T06:34:53.854728+00:00,/root/rivermind-data/electricity_forecast_model2.5/data/96/authoritative/pmos_96_全量.csv
dayahead,2026-07-19,2026-07-19,28,2026-07-19 07:00:00,7,1_32,364.0,2026-09-19T06:34:53.854728+00:00,/root/rivermind-data/electricity_forecast_model2.5/data/96/authoritative/pmos_96_全量.csv
dayahead,2026-07-20,2026-07-20,68,2026-07-20 17:00:00,17,65_96,373.95,2026-09-19T06:34:53.854728+00:00,/root/rivermind-data/electricity_forecast_model2.5/data/96/authoritative/pmos_96_全量.csv
dayahead,2026-07-19,2026-07-19,36,2026-07-19 09:00:00,9,33_64,-56.35,2026-09-19T06:34:53.854728+00:00,/root/rivermind-data/electricity_forecast_model2.5/data/96/authoritative/pmos_96_全量.csv
dayahead,2026-07-17,2026-07-17,9,2026-07-17 02:15:00,3,1_32,416.0,2026-09-19T06:34:53.854728+00:00,/root/rivermind-data/electricity_forecast_model2.5/data/96/authoritative/pmos_96_全量.csv
dayahead,2026-07-18,2026-07-18,79,2026-07-18 19:45:00,20,65_96,504.54,2026-09-19T06:34:53.854728+00:00,/root/rivermind-data/electricity_forecast_model2.5/data/96/authoritative/pmos_96_全量.csv
dayahead,2026-07-21,2026-07-21,57,2026-07-21 14:15:00,15,33_64,-74.99,2026-09-19T06:34:53.854728+00:00,/root/rivermind-data/electricity_forecast_model2.5/data/96/authoritative/pmos_96_全量.csv
dayahead,2026-07-20,2026-07-20,21,2026-07-20 05:15:00,6,1_32,432.0,2026-09-19T06:34:53.854728+00:00,/root/rivermind-data/electricity_forecast_model2.5/data/96/authoritative/pmos_96_全量.csv
dayahead,2026-07-22,2026-07-22,15,2026-07-22 03:45:00,4,1_32,478.0,2026-09-19T06:34:53.854728+00:00,/root/rivermind-data/electricity_forecast_model2.5/data/96/authoritative/pmos_96_全量.csv
dayahead,2026-07-20,2026-07-20,30,2026-07-20 07:30:00,8,1_32,20.8,2026-09-19T06:34:53.854728+00:00,/root/rivermind-data/electricity_forecast_model2.5/data/96/authoritative/pmos_96_全量.csv
dayahead,2026-07-22,2026-07-22,95,2026-07-22 23:45:00,24,65_96,506.0,2026-09-19T06:34:53.854728+00:00,/root/rivermind-data/electricity_forecast_model2.5/data/96/authoritative/pmos_96_全量.csv
dayahead,2026-07-24,2026-07-24,61,2026-07-24 15:15:00,16,33_64,364.0,2026-09-19T06:34:53.854728+00:00,/root/rivermind-data/electricity_forecast_model2.5/data/96/authoritative/pmos_96_全量.csv
dayahead,2026-07-22,2026-07-22,61,2026-07-22 15:15:00,16,33_64,358.56,2026-09-19T06:34:53.854728+00:00,/root/rivermind-data/electricity_forecast_model2.5/data/96/authoritative/pmos_96_全量.csv
dayahead,2026-07-22,2026-07-22,86,2026-07-22 21:30:00,22,65_96,638.5,2026-09-19T06:34:53.854728+00:00,/root/rivermind-data/electricity_forecast_model2.5/data/96/authoritative/pmos_96_全量.csv
dayahead,2026-07-22,2026-07-22,74,2026-07-22 18:30:00,19,65_96,638.5,2026-09-19T06:34:53.854728+00:00,/root/rivermind-data/electricity_forecast_model2.5/data/96/authoritative/pmos_96_全量.csv
dayahead,2026-07-23,2026-07-23,93,2026-07-23 23:15:00,24,65_96,555.88,2026-09-19T06:34:53.854728+00:00,/root/rivermind-data/electricity_forecast_model2.5/data/96/authoritative/pmos_96_全量.csv
dayahead,2026-07-23,2026-07-23,32,2026-07-23 08:00:00,8,1_32,324.0,2026-09-19T06:34:53.854728+00:00,/root/rivermind-data/electricity_forecast_model2.5/data/96/authoritative/pmos_96_全量.csv
dayahead,2026-07-20,2026-07-20,26,2026-07-20 06:30:00,7,1_32,380.0,2026-09-19T06:34:53.854728+00:00,/root/rivermind-data/electricity_forecast_model2.5/data/96/authoritative/pmos_96_全量.csv
dayahead,2026-07-18,2026-07-18,7,2026-07-18 01:45:00,2,1_32,445.6,2026-09-19T06:34:53.854728+00:00,/root/rivermind-data/electricity_forecast_model2.5/data/96/authoritative/pmos_96_全量.csv
dayahead,2026-07-22,2026-07-22,54,2026-07-22 13:30:00,14,33_64,187.95,2026-09-19T06:34:53.854728+00:00,/root/rivermind-data/electricity_forecast_model2.5/data/96/authoritative/pmos_96_全量.csv
dayahead,2026-07-22,2026-07-22,73,2026-07-22 18:15:00,19,65_96,638.5,2026-09-19T06:34:53.854728+00:00,/root/rivermind-data/electricity_forecast_model2.5/data/96/authoritative/pmos_96_全量.csv
dayahead,2026-07-18,2026-07-18,91,2026-07-18 22:45:00,23,65_96,504.54,2026-09-19T06:34:53.854728+00:00,/root/rivermind-data/electricity_forecast_model2.5/data/96/authoritative/pmos_96_全量.csv
dayahead,2026-07-20,2026-07-20,24,2026-07-20 06:00:00,6,1_32,417.83,2026-09-19T06:34:53.854728+00:00,/root/rivermind-data/electricity_forecast_model2.5/data/96/authoritative/pmos_96_全量.csv
dayahead,2026-07-21,2026-07-21,52,2026-07-21 13:00:00,13,33_64,-76.05,2026-09-19T06:34:53.854728+00:00,/root/rivermind-data/electricity_forecast_model2.5/data/96/authoritative/pmos_96_全量.csv
dayahead,2026-07-31,2026-07-31,36,2026-07-31 09:00:00,9,33_64,155.6,2026-09-19T06:34:53.854728+00:00,/root/rivermind-data/electricity_forecast_model2.5/data/96/authoritative/pmos_96_全量.csv
dayahead,2026-07-23,2026-07-23,2,2026-07-23 00:30:00,1,1_32,439.5,2026-09-19T06:34:53.854728+00:00,/root/rivermind-data/electricity_forecast_model2.5/data/96/authoritative/pmos_96_全量.csv
dayahead,2026-07-22,2026-07-22,88,2026-07-22 22:00:00,22,65_96,638.5,2026-09-19T06:34:53.854728+00:00,/root/rivermind-data/electricity_forecast_model2.5/data/96/authoritative/pmos_96_全量.csv
dayahead,2026-07-22,2026-07-22,84,2026-07-22 21:00:00,21,65_96,638.5,2026-09-19T06:34:53.854728+00:00,/root/rivermind-data/electricity_forecast_model2.5/data/96/authoritative/pmos_96_全量.csv
dayahead,2026-07-18,2026-07-18,1,2026-07-18 00:15:00,1,1_32,395.6,2026-09-19T06:34:53.854728+00:00,/root/rivermind-data/electricity_forecast_model2.5/data/96/authoritative/pmos_96_全量.csv
dayahead,2026-07-22,2026-07-22,85,2026-07-22 21:15:00,22,65_96,638.5,2026-09-19T06:34:53.854728+00:00,/root/rivermind-data/electricity_forecast_model2.5/data/96/authoritative/pmos_96_全量.csv
dayahead,2026-07-21,2026-07-21,4,2026-07-21 01:00:00,1,1_32,434.56,2026-09-19T06:34:53.854728+00:00,/root/rivermind-data/electricity_forecast_model2.5/data/96/authoritative/pmos_96_全量.csv
dayahead,2026-07-18,2026-07-18,46,2026-07-18 11:30:00,12,33_64,-80.0,2026-09-19T06:34:53.854728+00:00,/root/rivermind-data/electricity_forecast_model2.5/data/96/authoritative/pmos_96_全量.csv
dayahead,2026-07-23,2026-07-23,46,2026-07-23 11:30:00,12,33_64,79.1,2026-09-19T06:34:53.854728+00:00,/root/rivermind-data/electricity_forecast_model2.5/data/96/authoritative/pmos_96_全量.csv
dayahead,2026-07-22,2026-07-22,78,2026-07-22 19:30:00,20,65_96,638.5,2026-09-19T06:34:53.854728+00:00,/root/rivermind-data/electricity_forecast_model2.5/data/96/authoritative/pmos_96_全量.csv
dayahead,2026-07-22,2026-07-22,42,2026-07-22 10:30:00,11,33_64,188.17,2026-09-19T06:34:53.854728+00:00,/root/rivermind-data/electricity_forecast_model2.5/data/96/authoritative/pmos_96_全量.csv
dayahead,2026-07-18,2026-07-18,36,2026-07-18 09:00:00,9,33_64,-80.0,2026-09-19T06:34:53.854728+00:00,/root/rivermind-data/electricity_forecast_model2.5/data/96/authoritative/pmos_96_全量.csv
dayahead,2026-07-22,2026-07-22,94,2026-07-22 23:30:00,24,65_96,771.0,2026-09-19T06:34:53.854728+00:00,/root/rivermind-data/electricity_forecast_model2.5/data/96/authoritative/pmos_96_全量.csv
dayahead,2026-07-22,2026-07-22,81,2026-07-22 20:15:00,21,65_96,638.5,2026-09-19T06:34:53.854728+00:00,/root/rivermind-data/electricity_forecast_model2.5/data/96/authoritative/pmos_96_全量.csv
dayahead,2026-07-22,2026-07-22,18,2026-07-22 04:30:00,5,1_32,481.0,2026-09-19T06:34:53.854728+00:00,/root/rivermind-data/electricity_forecast_model2.5/data/96/authoritative/pmos_96_全量.csv
dayahead,2026-07-22,2026-07-22,93,2026-07-22 23:15:00,24,65_96,776.0,2026-09-19T06:34:53.854728+00:00,/root/rivermind-data/electricity_forecast_model2.5/data/96/authoritative/pmos_96_全量.csv
dayahead,2026-07-17,2026-07-17,29,2026-07-17 07:15:00,8,1_32,384.5,2026-09-19T06:34:53.854728+00:00,/root/rivermind-data/electricity_forecast_model2.5/data/96/authoritative/pmos_96_全量.csv
dayahead,2026-07-22,2026-07-22,20,2026-07-22 05:00:00,5,1_32,489.0,2026-09-19T06:34:53.854728+00:00,/root/rivermind-data/electricity_forecast_model2.5/data/96/authoritative/pmos_96_全量.csv
dayahead,2026-07-18,2026-07-18,58,2026-07-18 14:30:00,15,33_64,-80.0,2026-09-19T06:34:53.854728+00:00,/root/rivermind-data/electricity_forecast_model2.5/data/96/authoritative/pmos_96_全量.csv
dayahead,2026-07-20,2026-07-20,25,2026-07-20 06:15:00,7,1_32,396.67,2026-09-19T06:34:53.854728+00:00,/root/rivermind-data/electricity_forecast_model2.5/data/96/authoritative/pmos_96_全量.csv
dayahead,2026-07-18,2026-07-18,24,2026-07-18 06:00:00,6,1_32,383.0,2026-09-19T06:34:53.854728+00:00,/root/rivermind-data/electricity_forecast_model2.5/data/96/authoritative/pmos_96_全量.csv
dayahead,2026-07-22,2026-07-22,87,2026-07-22 21:45:00,22,65_96,638.5,2026-09-19T06:34:53.854728+00:00,/root/rivermind-data/electricity_forecast_model2.5/data/96/authoritative/pmos_96_全量.csv
dayahead,2026-07-23,2026-07-23,92,2026-07-23 23:00:00,23,65_96,440.0,2026-09-19T06:34:53.854728+00:00,/root/rivermind-data/electricity_forecast_model2.5/data/96/authoritative/pmos_96_全量.csv
dayahead,2026-07-22,2026-07-22,11,2026-07-22 02:45:00,3,1_32,489.0,2026-09-19T06:34:53.854728+00:00,/root/rivermind-data/electricity_forecast_model2.5/data/96/authoritative/pmos_96_全量.csv
dayahead,2026-07-18,2026-07-18,84,2026-07-18 21:00:00,21,65_96,504.54,2026-09-19T06:34:53.854728+00:00,/root/rivermind-data/electricity_forecast_model2.5/data/96/authoritative/pmos_96_全量.csv
dayahead,2026-07-30,2026-07-30,84,2026-07-30 21:00:00,21,65_96,706.62,2026-09-19T06:34:53.854728+00:00,/root/rivermind-data/electricity_forecast_model2.5/data/96/authoritative/pmos_96_全量.csv
dayahead,2026-07-22,2026-07-22,23,2026-07-22 05:45:00,6,1_32,482.46,2026-09-19T06:34:53.854728+00:00,/root/rivermind-data/electricity_forecast_model2.5/data/96/authoritative/pmos_96_全量.csv
dayahead,2026-07-22,2026-07-22,52,2026-07-22 13:00:00,13,33_64,187.63,2026-09-19T06:34:53.854728+00:00,/root/rivermind-data/electricity_forecast_model2.5/data/96/authoritative/pmos_96_全量.csv
dayahead,2026-07-22,2026-07-22,56,2026-07-22 14:00:00,14,33_64,203.77,2026-09-19T06:34:53.854728+00:00,/root/rivermind-data/electricity_forecast_model2.5/data/96/authoritative/pmos_96_全量.csv
dayahead,2026-07-20,2026-07-20,37,2026-07-20 09:15:00,10,33_64,-79.99,2026-09-19T06:34:53.854728+00:00,/root/rivermind-data/electricity_forecast_model2.5/data/96/authoritative/pmos_96_全量.csv
dayahead,2026-07-21,2026-07-21,64,2026-07-21 16:00:00,16,33_64,340.2,2026-09-19T06:34:53.854728+00:00,/root/rivermind-data/electricity_forecast_model2.5/data/96/authoritative/pmos_96_全量.csv
dayahead,2026-07-21,2026-07-21,72,2026-07-21 18:00:00,18,65_96,473.63,2026-09-19T06:34:53.854728+00:00,/root/rivermind-data/electricity_forecast_model2.5/data/96/authoritative/pmos_96_全量.csv
dayahead,2026-07-19,2026-07-19,8,2026-07-19 02:00:00,2,1_32,600.0,2026-09-19T06:34:53.854728+00:00,/root/rivermind-data/electricity_forecast_model2.5/data/96/authoritative/pmos_96_全量.csv
dayahead,2026-07-29,2026-07-29,85,2026-07-29 21:15:00,22,65_96,772.83,2026-09-19T06:34:53.854728+00:00,/root/rivermind-data/electricity_forecast_model2.5/data/96/authoritative/pmos_96_全量.csv
dayahead,2026-07-20,2026-07-20,32,2026-07-20 08:00:00,8,1_32,-79.84,2026-09-19T06:34:53.854728+00:00,/root/rivermind-data/electricity_forecast_model2.5/data/96/authoritative/pmos_96_全量.csv
dayahead,2026-07-20,2026-07-20,27,2026-07-20 06:45:00,7,1_32,357.12,2026-09-19T06:34:53.854728+00:00,/root/rivermind-data/electricity_forecast_model2.5/data/96/authoritative/pmos_96_全量.csv
dayahead,2026-07-20,2026-07-20,45,2026-07-20 11:15:00,12,33_64,-80.57,2026-09-19T06:34:53.854728+00:00,/root/rivermind-data/electricity_forecast_model2.5/data/96/authoritative/pmos_96_全量.csv
dayahead,2026-07-20,2026-07-20,42,2026-07-20 10:30:00,11,33_64,-80.01,2026-09-19T06:34:53.854728+00:00,/root/rivermind-data/electricity_forecast_model2.5/data/96/authoritative/pmos_96_全量.csv
dayahead,2026-07-21,2026-07-21,55,2026-07-21 13:45:00,14,33_64,-76.03,2026-09-19T06:34:53.854728+00:00,/root/rivermind-data/electricity_forecast_model2.5/data/96/authoritative/pmos_96_全量.csv
dayahead,2026-07-19,2026-07-19,83,2026-07-19 20:45:00,21,65_96,396.77,2026-09-19T06:34:53.854728+00:00,/root/rivermind-data/electricity_forecast_model2.5/data/96/authoritative/pmos_96_全量.csv
dayahead,2026-07-24,2026-07-24,81,2026-07-24 20:15:00,21,65_96,479.3,2026-09-19T06:34:53.854728+00:00,/root/rivermind-data/electricity_forecast_model2.5/data/96/authoritative/pmos_96_全量.csv
dayahead,2026-07-20,2026-07-20,39,2026-07-20 09:45:00,10,33_64,-79.99,2026-09-19T06:34:53.854728+00:00,/root/rivermind-data/electricity_forecast_model2.5/data/96/authoritative/pmos_96_全量.csv
dayahead,2026-07-21,2026-07-21,70,2026-07-21 17:30:00,18,65_96,436.0,2026-09-19T06:34:53.854728+00:00,/root/rivermind-data/electricity_forecast_model2.5/data/96/authoritative/pmos_96_全量.csv
dayahead,2026-07-20,2026-07-20,31,2026-07-20 07:45:00,8,1_32,-66.0,2026-09-19T06:34:53.854728+00:00,/root/rivermind-data/electricity_forecast_model2.5/data/96/authoritative/pmos_96_全量.csv
dayahead,2026-07-24,2026-07-24,62,2026-07-24 15:30:00,16,33_64,376.6,2026-09-19T06:34:53.854728+00:00,/root/rivermind-data/electricity_forecast_model2.5/data/96/authoritative/pmos_96_全量.csv
dayahead,2026-07-20,2026-07-20,43,2026-07-20 10:45:00,11,33_64,-80.13,2026-09-19T06:34:53.854728+00:00,/root/rivermind-data/electricity_forecast_model2.5/data/96/authoritative/pmos_96_全量.csv
dayahead,2026-07-21,2026-07-21,51,2026-07-21 12:45:00,13,33_64,-76.08,2026-09-19T06:34:53.854728+00:00,/root/rivermind-data/electricity_forecast_model2.5/data/96/authoritative/pmos_96_全量.csv
dayahead,2026-07-20,2026-07-20,40,2026-07-20 10:00:00,10,33_64,-80.0,2026-09-19T06:34:53.854728+00:00,/root/rivermind-data/electricity_forecast_model2.5/data/96/authoritative/pmos_96_全量.csv
dayahead,2026-07-22,2026-07-22,79,2026-07-22 19:45:00,20,65_96,638.5,2026-09-19T06:34:53.854728+00:00,/root/rivermind-data/electricity_forecast_model2.5/data/96/authoritative/pmos_96_全量.csv
dayahead,2026-07-20,2026-07-20,33,2026-07-20 08:15:00,9,33_64,-79.9,2026-09-19T06:34:53.854728+00:00,/root/rivermind-data/electricity_forecast_model2.5/data/96/authoritative/pmos_96_全量.csv
dayahead,2026-07-22,2026-07-22,19,2026-07-22 04:45:00,5,1_32,485.0,2026-09-19T06:34:53.854728+00:00,/root/rivermind-data/electricity_forecast_model2.5/data/96/authoritative/pmos_96_全量.csv
dayahead,2026-07-22,2026-07-22,92,2026-07-22 23:00:00,23,65_96,501.0,2026-09-19T06:34:53.854728+00:00,/root/rivermind-data/electricity_forecast_model2.5/data/96/authoritative/pmos_96_全量.csv
dayahead,2026-07-24,2026-07-24,69,2026-07-24 17:15:00,18,65_96,434.0,2026-09-19T06:34:53.854728+00:00,/root/rivermind-data/electricity_forecast_model2.5/data/96/authoritative/pmos_96_全量.csv
dayahead,2026-07-23,2026-07-23,22,2026-07-23 05:30:00,6,1_32,431.0,2026-09-19T06:34:53.854728+00:00,/root/rivermind-data/electricity_forecast_model2.5/data/96/authoritative/pmos_96_全量.csv
dayahead,2026-07-22,2026-07-22,13,2026-07-22 03:15:00,4,1_32,484.0,2026-09-19T06:34:53.854728+00:00,/root/rivermind-data/electricity_forecast_model2.5/data/96/authoritative/pmos_96_全量.csv
dayahead,2026-07-22,2026-07-22,89,2026-07-22 22:15:00,23,65_96,638.5,2026-09-19T06:34:53.854728+00:00,/root/rivermind-data/electricity_forecast_model2.5/data/96/authoritative/pmos_96_全量.csv
dayahead,2026-07-20,2026-07-20,35,2026-07-20 08:45:00,9,33_64,-79.9,2026-09-19T06:34:53.854728+00:00,/root/rivermind-data/electricity_forecast_model2.5/data/96/authoritative/pmos_96_全量.csv
dayahead,2026-07-21,2026-07-21,67,2026-07-21 16:45:00,17,65_96,390.0,2026-09-19T06:34:53.854728+00:00,/root/rivermind-data/electricity_forecast_model2.5/data/96/authoritative/pmos_96_全量.csv
dayahead,2026-07-18,2026-07-18,28,2026-07-18 07:00:00,7,1_32,328.0,2026-09-19T06:34:53.854728+00:00,/root/rivermind-data/electricity_forecast_model2.5/data/96/authoritative/pmos_96_全量.csv
dayahead,2026-08-01,2026-08-01,75,2026-08-01 18:45:00,19,65_96,804.0,2026-09-19T06:34:53.854728+00:00,/root/rivermind-data/electricity_forecast_model2.5/data/96/authoritative/pmos_96_全量.csv
dayahead,2026-07-21,2026-07-21,66,2026-07-21 16:30:00,17,65_96,372.22,2026-09-19T06:34:53.854728+00:00,/root/rivermind-data/electricity_forecast_model2.5/data/96/authoritative/pmos_96_全量.csv
dayahead,2026-07-29,2026-07-29,3,2026-07-29 00:45:00,1,1_32,423.85,2026-09-19T06:34:53.854728+00:00,/root/rivermind-data/electricity_forecast_model2.5/data/96/authoritative/pmos_96_全量.csv
dayahead,2026-07-18,2026-07-18,23,2026-07-18 05:45:00,6,1_32,390.5,2026-09-19T06:34:53.854728+00:00,/root/rivermind-data/electricity_forecast_model2.5/data/96/authoritative/pmos_96_全量.csv
dayahead,2026-07-22,2026-07-22,60,2026-07-22 15:00:00,15,33_64,351.25,2026-09-19T06:34:53.854728+00:00,/root/rivermind-data/electricity_forecast_model2.5/data/96/authoritative/pmos_96_全量.csv
dayahead,2026-07-20,2026-07-20,28,2026-07-20 07:00:00,7,1_32,326.8,2026-09-19T06:34:53.854728+00:00,/root/rivermind-data/electricity_forecast_model2.5/data/96/authoritative/pmos_96_全量.csv
dayahead,2026-07-18,2026-07-18,85,2026-07-18 21:15:00,22,65_96,504.54,2026-09-19T06:34:53.854728+00:00,/root/rivermind-data/electricity_forecast_model2.5/data/96/authoritative/pmos_96_全量.csv
dayahead,2026-07-20,2026-07-20,41,2026-07-20 10:15:00,11,33_64,-80.0,2026-09-19T06:34:53.854728+00:00,/root/rivermind-data/electricity_forecast_model2.5/data/96/authoritative/pmos_96_全量.csv
dayahead,2026-07-19,2026-07-19,65,2026-07-19 16:15:00,17,65_96,337.2,2026-09-19T06:34:53.854728+00:00,/root/rivermind-data/electricity_forecast_model2.5/data/96/authoritative/pmos_96_全量.csv
dayahead,2026-07-21,2026-07-21,60,2026-07-21 15:00:00,15,33_64,-49.68,2026-09-19T06:34:53.854728+00:00,/root/rivermind-data/electricity_forecast_model2.5/data/96/authoritative/pmos_96_全量.csv
dayahead,2026-07-22,2026-07-22,91,2026-07-22 22:45:00,23,65_96,638.5,2026-09-19T06:34:53.854728+00:00,/root/rivermind-data/electricity_forecast_model2.5/data/96/authoritative/pmos_96_全量.csv
dayahead,2026-07-28,2026-07-28,92,2026-07-28 23:00:00,23,65_96,475.0,2026-09-19T06:34:53.854728+00:00,/root/rivermind-data/electricity_forecast_model2.5/data/96/authoritative/pmos_96_全量.csv
dayahead,2026-07-28,2026-07-28,1,2026-07-28 00:15:00,1,1_32,468.0,2026-09-19T06:34:53.854728+00:00,/root/rivermind-data/electricity_forecast_model2.5/data/96/authoritative/pmos_96_全量.csv
dayahead,2026-07-31,2026-07-31,62,2026-07-31 15:30:00,16,33_64,346.63,2026-09-19T06:34:53.854728+00:00,/root/rivermind-data/electricity_forecast_model2.5/data/96/authoritative/pmos_96_全量.csv
dayahead,2026-07-22,2026-07-22,28,2026-07-22 07:00:00,7,1_32,362.0,2026-09-19T06:34:53.854728+00:00,/root/rivermind-data/electricity_forecast_model2.5/data/96/authoritative/pmos_96_全量.csv
dayahead,2026-07-23,2026-07-23,69,2026-07-23 17:15:00,18,65_96,424.0,2026-09-19T06:34:53.854728+00:00,/root/rivermind-data/electricity_forecast_model2.5/data/96/authoritative/pmos_96_全量.csv
dayahead,2026-07-26,2026-07-26,47,2026-07-26 11:45:00,12,33_64,293.84,2026-09-19T06:34:53.854728+00:00,/root/rivermind-data/electricity_forecast_model2.5/data/96/authoritative/pmos_96_全量.csv
dayahead,2026-07-23,2026-07-23,68,2026-07-23 17:00:00,17,65_96,420.0,2026-09-19T06:34:53.854728+00:00,/root/rivermind-data/electricity_forecast_model2.5/data/96/authoritative/pmos_96_全量.csv
dayahead,2026-07-22,2026-07-22,9,2026-07-22 02:15:00,3,1_32,493.0,2026-09-19T06:34:53.854728+00:00,/root/rivermind-data/electricity_forecast_model2.5/data/96/authoritative/pmos_96_全量.csv
dayahead,2026-07-24,2026-07-24,85,2026-07-24 21:15:00,22,65_96,471.0,2026-09-19T06:34:53.854728+00:00,/root/rivermind-data/electricity_forecast_model2.5/data/96/authoritative/pmos_96_全量.csv
dayahead,2026-07-24,2026-07-24,91,2026-07-24 22:45:00,23,65_96,470.0,2026-09-19T06:34:53.854728+00:00,/root/rivermind-data/electricity_forecast_model2.5/data/96/authoritative/pmos_96_全量.csv
dayahead,2026-07-22,2026-07-22,35,2026-07-22 08:45:00,9,33_64,188.93,2026-09-19T06:34:53.854728+00:00,/root/rivermind-data/electricity_forecast_model2.5/data/96/authoritative/pmos_96_全量.csv
dayahead,2026-07-26,2026-07-26,38,2026-07-26 09:30:00,10,33_64,294.1,2026-09-19T06:34:53.854728+00:00,/root/rivermind-data/electricity_forecast_model2.5/data/96/authoritative/pmos_96_全量.csv
dayahead,2026-07-24,2026-07-24,59,2026-07-24 14:45:00,15,33_64,344.0,2026-09-19T06:34:53.854728+00:00,/root/rivermind-data/electricity_forecast_model2.5/data/96/authoritative/pmos_96_全量.csv
dayahead,2026-07-27,2026-07-27,27,2026-07-27 06:45:00,7,1_32,371.76,2026-09-19T06:34:53.854728+00:00,/root/rivermind-data/electricity_forecast_model2.5/data/96/authoritative/pmos_96_全量.csv
dayahead,2026-07-27,2026-07-27,91,2026-07-27 22:45:00,23,65_96,635.55,2026-09-19T06:34:53.854728+00:00,/root/rivermind-data/electricity_forecast_model2.5/data/96/authoritative/pmos_96_全量.csv
dayahead,2026-07-24,2026-07-24,57,2026-07-24 14:15:00,15,33_64,317.1,2026-09-19T06:34:53.854728+00:00,/root/rivermind-data/electricity_forecast_model2.5/data/96/authoritative/pmos_96_全量.csv
dayahead,2026-07-22,2026-07-22,1,2026-07-22 00:15:00,1,1_32,513.69,2026-09-19T06:34:53.854728+00:00,/root/rivermind-data/electricity_forecast_model2.5/data/96/authoritative/pmos_96_全量.csv
dayahead,2026-07-26,2026-07-26,86,2026-07-26 21:30:00,22,65_96,654.05,2026-09-19T06:34:53.854728+00:00,/root/rivermind-data/electricity_forecast_model2.5/data/96/authoritative/pmos_96_全量.csv
dayahead,2026-07-24,2026-07-24,67,2026-07-24 16:45:00,17,65_96,427.0,2026-09-19T06:34:53.854728+00:00,/root/rivermind-data/electricity_forecast_model2.5/data/96/authoritative/pmos_96_全量.csv
dayahead,2026-07-23,2026-07-23,65,2026-07-23 16:15:00,17,65_96,398.0,2026-09-19T06:34:53.854728+00:00,/root/rivermind-data/electricity_forecast_model2.5/data/96/authoritative/pmos_96_全量.csv
dayahead,2026-07-23,2026-07-23,18,2026-07-23 04:30:00,5,1_32,419.0,2026-09-19T06:34:53.854728+00:00,/root/rivermind-data/electricity_forecast_model2.5/data/96/authoritative/pmos_96_全量.csv
dayahead,2026-07-24,2026-07-24,71,2026-07-24 17:45:00,18,65_96,446.71,2026-09-19T06:34:53.854728+00:00,/root/rivermind-data/electricity_forecast_model2.5/data/96/authoritative/pmos_96_全量.csv
dayahead,2026-07-22,2026-07-22,45,2026-07-22 11:15:00,12,33_64,187.55,2026-09-19T06:34:53.854728+00:00,/root/rivermind-data/electricity_forecast_model2.5/data/96/authoritative/pmos_96_全量.csv
dayahead,2026-07-18,2026-07-18,4,2026-07-18 01:00:00,1,1_32,396.0,2026-09-19T06:34:53.854728+00:00,/root/rivermind-data/electricity_forecast_model2.5/data/96/authoritative/pmos_96_全量.csv
dayahead,2026-07-27,2026-07-27,38,2026-07-27 09:30:00,10,33_64,342.38,2026-09-19T06:34:53.854728+00:00,/root/rivermind-data/electricity_forecast_model2.5/data/96/authoritative/pmos_96_全量.csv
dayahead,2026-07-24,2026-07-24,65,2026-07-24 16:15:00,17,65_96,410.0,2026-09-19T06:34:53.854728+00:00,/root/rivermind-data/electricity_forecast_model2.5/data/96/authoritative/pmos_96_全量.csv
dayahead,2026-07-23,2026-07-23,17,2026-07-23 04:15:00,5,1_32,417.31,2026-09-19T06:34:53.854728+00:00,/root/rivermind-data/electricity_forecast_model2.5/data/96/authoritative/pmos_96_全量.csv
dayahead,2026-07-23,2026-07-23,40,2026-07-23 10:00:00,10,33_64,79.9,2026-09-19T06:34:53.854728+00:00,/root/rivermind-data/electricity_forecast_model2.5/data/96/authoritative/pmos_96_全量.csv
dayahead,2026-07-18,2026-07-18,69,2026-07-18 17:15:00,18,65_96,391.0,2026-09-19T06:34:53.854728+00:00,/root/rivermind-data/electricity_forecast_model2.5/data/96/authoritative/pmos_96_全量.csv
dayahead,2026-07-29,2026-07-29,46,2026-07-29 11:30:00,12,33_64,331.14,2026-09-19T06:34:53.854728+00:00,/root/rivermind-data/electricity_forecast_model2.5/data/96/authoritative/pmos_96_全量.csv
dayahead,2026-07-22,2026-07-22,48,2026-07-22 12:00:00,12,33_64,187.58,2026-09-19T06:34:53.854728+00:00,/root/rivermind-data/electricity_forecast_model2.5/data/96/authoritative/pmos_96_全量.csv
dayahead,2026-07-24,2026-07-24,66,2026-07-24 16:30:00,17,65_96,417.2,2026-09-19T06:34:53.854728+00:00,/root/rivermind-data/electricity_forecast_model2.5/data/96/authoritative/pmos_96_全量.csv
dayahead,2026-07-22,2026-07-22,39,2026-07-22 09:45:00,10,33_64,188.32,2026-09-19T06:34:53.854728+00:00,/root/rivermind-data/electricity_forecast_model2.5/data/96/authoritative/pmos_96_全量.csv
dayahead,2026-07-27,2026-07-27,51,2026-07-27 12:45:00,13,33_64,342.57,2026-09-19T06:34:53.854728+00:00,/root/rivermind-data/electricity_forecast_model2.5/data/96/authoritative/pmos_96_全量.csv
dayahead,2026-07-26,2026-07-26,93,2026-07-26 23:15:00,24,65_96,654.05,2026-09-19T06:34:53.854728+00:00,/root/rivermind-data/electricity_forecast_model2.5/data/96/authoritative/pmos_96_全量.csv
dayahead,2026-07-27,2026-07-27,8,2026-07-27 02:00:00,2,1_32,434.0,2026-09-19T06:34:53.854728+00:00,/root/rivermind-data/electricity_forecast_model2.5/data/96/authoritative/pmos_96_全量.csv
dayahead,2026-07-27,2026-07-27,10,2026-07-27 02:30:00,3,1_32,421.25,2026-09-19T06:34:53.854728+00:00,/root/rivermind-data/electricity_forecast_model2.5/data/96/authoritative/pmos_96_全量.csv
dayahead,2026-07-26,2026-07-26,35,2026-07-26 08:45:00,9,33_64,312.0,2026-09-19T06:34:53.854728+00:00,/root/rivermind-data/electricity_forecast_model2.5/data/96/authoritative/pmos_96_全量.csv
dayahead,2026-07-27,2026-07-27,76,2026-07-27 19:00:00,19,65_96,815.6,2026-09-19T06:34:53.854728+00:00,/root/rivermind-data/electricity_forecast_model2.5/data/96/authoritative/pmos_96_全量.csv
dayahead,2026-07-22,2026-07-22,30,2026-07-22 07:30:00,8,1_32,326.0,2026-09-19T06:34:53.854728+00:00,/root/rivermind-data/electricity_forecast_model2.5/data/96/authoritative/pmos_96_全量.csv
dayahead,2026-07-22,2026-07-22,38,2026-07-22 09:30:00,10,33_64,188.31,2026-09-19T06:34:53.854728+00:00,/root/rivermind-data/electricity_forecast_model2.5/data/96/authoritative/pmos_96_全量.csv
dayahead,2026-07-23,2026-07-23,41,2026-07-23 10:15:00,11,33_64,79.84,2026-09-19T06:34:53.854728+00:00,/root/rivermind-data/electricity_forecast_model2.5/data/96/authoritative/pmos_96_全量.csv
dayahead,2026-07-24,2026-07-24,58,2026-07-24 14:30:00,15,33_64,329.08,2026-09-19T06:34:53.854728+00:00,/root/rivermind-data/electricity_forecast_model2.5/data/96/authoritative/pmos_96_全量.csv
dayahead,2026-07-22,2026-07-22,10,2026-07-22 02:30:00,3,1_32,490.0,2026-09-19T06:34:53.854728+00:00,/root/rivermind-data/electricity_forecast_model2.5/data/96/authoritative/pmos_96_全量.csv
dayahead,2026-07-22,2026-07-22,47,2026-07-22 11:45:00,12,33_64,187.57,2026-09-19T06:34:53.854728+00:00,/root/rivermind-data/electricity_forecast_model2.5/data/96/authoritative/pmos_96_全量.csv
dayahead,2026-07-22,2026-07-22,33,2026-07-22 08:15:00,9,33_64,220.0,2026-09-19T06:34:53.854728+00:00,/root/rivermind-data/electricity_forecast_model2.5/data/96/authoritative/pmos_96_全量.csv
dayahead,2026-07-27,2026-07-27,82,2026-07-27 20:30:00,21,65_96,815.6,2026-09-19T06:34:53.854728+00:00,/root/rivermind-data/electricity_forecast_model2.5/data/96/authoritative/pmos_96_全量.csv
dayahead,2026-07-24,2026-07-24,20,2026-07-24 05:00:00,5,1_32,431.0,2026-09-19T06:34:53.854728+00:00,/root/rivermind-data/electricity_forecast_model2.5/data/96/authoritative/pmos_96_全量.csv
dayahead,2026-07-24,2026-07-24,30,2026-07-24 07:30:00,8,1_32,360.0,2026-09-19T06:34:53.854728+00:00,/root/rivermind-data/electricity_forecast_model2.5/data/96/authoritative/pmos_96_全量.csv
dayahead,2026-07-24,2026-07-24,44,2026-07-24 11:00:00,11,33_64,250.0,2026-09-19T06:34:53.854728+00:00,/root/rivermind-data/electricity_forecast_model2.5/data/96/authoritative/pmos_96_全量.csv
dayahead,2026-07-22,2026-07-22,26,2026-07-22 06:30:00,7,1_32,408.46,2026-09-19T06:34:53.854728+00:00,/root/rivermind-data/electricity_forecast_model2.5/data/96/authoritative/pmos_96_全量.csv
dayahead,2026-07-26,2026-07-26,3,2026-07-26 00:45:00,1,1_32,435.0,2026-09-19T06:34:53.854728+00:00,/root/rivermind-data/electricity_forecast_model2.5/data/96/authoritative/pmos_96_全量.csv
dayahead,2026-07-24,2026-07-24,90,2026-07-24 22:30:00,23,65_96,477.0,2026-09-19T06:34:53.854728+00:00,/root/rivermind-data/electricity_forecast_model2.5/data/96/authoritative/pmos_96_全量.csv
dayahead,2026-07-23,2026-07-23,81,2026-07-23 20:15:00,21,65_96,555.88,2026-09-19T06:34:53.854728+00:00,/root/rivermind-data/electricity_forecast_model2.5/data/96/authoritative/pmos_96_全量.csv
dayahead,2026-07-23,2026-07-23,79,2026-07-23 19:45:00,20,65_96,555.88,2026-09-19T06:34:53.854728+00:00,/root/rivermind-data/electricity_forecast_model2.5/data/96/authoritative/pmos_96_全量.csv
dayahead,2026-07-21,2026-07-21,56,2026-07-21 14:00:00,14,33_64,-75.45,2026-09-19T06:34:53.854728+00:00,/root/rivermind-data/electricity_forecast_model2.5/data/96/authoritative/pmos_96_全量.csv
dayahead,2026-07-27,2026-07-27,7,2026-07-27 01:45:00,2,1_32,443.0,2026-09-19T06:34:53.854728+00:00,/root/rivermind-data/electricity_forecast_model2.5/data/96/authoritative/pmos_96_全量.csv
dayahead,2026-07-23,2026-07-23,85,2026-07-23 21:15:00,22,65_96,555.88,2026-09-19T06:34:53.854728+00:00,/root/rivermind-data/electricity_forecast_model2.5/data/96/authoritative/pmos_96_全量.csv
dayahead,2026-07-29,2026-07-29,64,2026-07-29 16:00:00,16,33_64,423.13,2026-09-19T06:34:53.854728+00:00,/root/rivermind-data/electricity_forecast_model2.5/data/96/authoritative/pmos_96_全量.csv
dayahead,2026-07-27,2026-07-27,37,2026-07-27 09:15:00,10,33_64,342.58,2026-09-19T06:34:53.854728+00:00,/root/rivermind-data/electricity_forecast_model2.5/data/96/authoritative/pmos_96_全量.csv
dayahead,2026-07-27,2026-07-27,41,2026-07-27 10:15:00,11,33_64,342.07,2026-09-19T06:34:53.854728+00:00,/root/rivermind-data/electricity_forecast_model2.5/data/96/authoritative/pmos_96_全量.csv
dayahead,2026-07-25,2026-07-25,63,2026-07-25 15:45:00,16,33_64,376.2,2026-09-19T06:34:53.854728+00:00,/root/rivermind-data/electricity_forecast_model2.5/data/96/authoritative/pmos_96_全量.csv
dayahead,2026-07-25,2026-07-25,73,2026-07-25 18:15:00,19,65_96,428.0,2026-09-19T06:34:53.854728+00:00,/root/rivermind-data/electricity_forecast_model2.5/data/96/authoritative/pmos_96_全量.csv
dayahead,2026-07-26,2026-07-26,6,2026-07-26 01:30:00,2,1_32,468.0,2026-09-19T06:34:53.854728+00:00,/root/rivermind-data/electricity_forecast_model2.5/data/96/authoritative/pmos_96_全量.csv
dayahead,2026-07-24,2026-07-24,78,2026-07-24 19:30:00,20,65_96,479.3,2026-09-19T06:34:53.854728+00:00,/root/rivermind-data/electricity_forecast_model2.5/data/96/authoritative/pmos_96_全量.csv
dayahead,2026-07-22,2026-07-22,29,2026-07-22 07:15:00,8,1_32,347.33,2026-09-19T06:34:53.854728+00:00,/root/rivermind-data/electricity_forecast_model2.5/data/96/authoritative/pmos_96_全量.csv
dayahead,2026-07-23,2026-07-23,64,2026-07-23 16:00:00,16,33_64,389.77,2026-09-19T06:34:53.854728+00:00,/root/rivermind-data/electricity_forecast_model2.5/data/96/authoritative/pmos_96_全量.csv
dayahead,2026-07-26,2026-07-26,10,2026-07-26 02:30:00,3,1_32,430.0,2026-09-19T06:34:53.854728+00:00,/root/rivermind-data/electricity_forecast_model2.5/data/96/authoritative/pmos_96_全量.csv
dayahead,2026-07-22,2026-07-22,6,2026-07-22 01:30:00,2,1_32,1500.0,2026-09-19T06:34:53.854728+00:00,/root/rivermind-data/electricity_forecast_model2.5/data/96/authoritative/pmos_96_全量.csv
dayahead,2026-07-22,2026-07-22,44,2026-07-22 11:00:00,11,33_64,187.6,2026-09-19T06:34:53.854728+00:00,/root/rivermind-data/electricity_forecast_model2.5/data/96/authoritative/pmos_96_全量.csv
dayahead,2026-07-24,2026-07-24,77,2026-07-24 19:15:00,20,65_96,479.3,2026-09-19T06:34:53.854728+00:00,/root/rivermind-data/electricity_forecast_model2.5/data/96/authoritative/pmos_96_全量.csv
dayahead,2026-07-23,2026-07-23,76,2026-07-23 19:00:00,19,65_96,555.88,2026-09-19T06:34:53.854728+00:00,/root/rivermind-data/electricity_forecast_model2.5/data/96/authoritative/pmos_96_全量.csv
dayahead,2026-07-22,2026-07-22,40,2026-07-22 10:00:00,10,33_64,188.03,2026-09-19T06:34:53.854728+00:00,/root/rivermind-data/electricity_forecast_model2.5/data/96/authoritative/pmos_96_全量.csv
dayahead,2026-07-23,2026-07-23,58,2026-07-23 14:30:00,15,33_64,336.51,2026-09-19T06:34:53.854728+00:00,/root/rivermind-data/electricity_forecast_model2.5/data/96/authoritative/pmos_96_全量.csv
dayahead,2026-07-23,2026-07-23,84,2026-07-23 21:00:00,21,65_96,555.88,2026-09-19T06:34:53.854728+00:00,/root/rivermind-data/electricity_forecast_model2.5/data/96/authoritative/pmos_96_全量.csv
dayahead,2026-07-27,2026-07-27,78,2026-07-27 19:30:00,20,65_96,815.6,2026-09-19T06:34:53.854728+00:00,/root/rivermind-data/electricity_forecast_model2.5/data/96/authoritative/pmos_96_全量.csv
dayahead,2026-07-22,2026-07-22,31,2026-07-22 07:45:00,8,1_32,304.0,2026-09-19T06:34:53.854728+00:00,/root/rivermind-data/electricity_forecast_model2.5/data/96/authoritative/pmos_96_全量.csv
dayahead,2026-07-23,2026-07-23,62,2026-07-23 15:30:00,16,33_64,373.56,2026-09-19T06:34:53.854728+00:00,/root/rivermind-data/electricity_forecast_model2.5/data/96/authoritative/pmos_96_全量.csv
dayahead,2026-07-23,2026-07-23,82,2026-07-23 20:30:00,21,65_96,555.88,2026-09-19T06:34:53.854728+00:00,/root/rivermind-data/electricity_forecast_model2.5/data/96/authoritative/pmos_96_全量.csv
dayahead,2026-07-22,2026-07-22,21,2026-07-22 05:15:00,6,1_32,490.0,2026-09-19T06:34:53.854728+00:00,/root/rivermind-data/electricity_forecast_model2.5/data/96/authoritative/pmos_96_全量.csv
dayahead,2026-07-19,2026-07-19,70,2026-07-19 17:30:00,18,65_96,384.5,2026-09-19T06:34:53.854728+00:00,/root/rivermind-data/electricity_forecast_model2.5/data/96/authoritative/pmos_96_全量.csv
dayahead,2026-07-23,2026-07-23,88,2026-07-23 22:00:00,22,65_96,555.88,2026-09-19T06:34:53.854728+00:00,/root/rivermind-data/electricity_forecast_model2.5/data/96/authoritative/pmos_96_全量.csv
dayahead,2026-07-18,2026-07-18,57,2026-07-18 14:15:00,15,33_64,-80.0,2026-09-19T06:34:53.854728+00:00,/root/rivermind-data/electricity_forecast_model2.5/data/96/authoritative/pmos_96_全量.csv
dayahead,2026-07-24,2026-07-24,84,2026-07-24 21:00:00,21,65_96,475.39,2026-09-19T06:34:53.854728+00:00,/root/rivermind-data/electricity_forecast_model2.5/data/96/authoritative/pmos_96_全量.csv
dayahead,2026-07-24,2026-07-24,43,2026-07-24 10:45:00,11,33_64,267.59,2026-09-19T06:34:53.854728+00:00,/root/rivermind-data/electricity_forecast_model2.5/data/96/authoritative/pmos_96_全量.csv
dayahead,2026-07-23,2026-07-23,49,2026-07-23 12:15:00,13,33_64,79.11,2026-09-19T06:34:53.854728+00:00,/root/rivermind-data/electricity_forecast_model2.5/data/96/authoritative/pmos_96_全量.csv
dayahead,2026-07-23,2026-07-23,80,2026-07-23 20:00:00,20,65_96,555.88,2026-09-19T06:34:53.854728+00:00,/root/rivermind-data/electricity_forecast_model2.5/data/96/authoritative/pmos_96_全量.csv
dayahead,2026-07-27,2026-07-27,54,2026-07-27 13:30:00,14,33_64,346.92,2026-09-19T06:34:53.854728+00:00,/root/rivermind-data/electricity_forecast_model2.5/data/96/authoritative/pmos_96_全量.csv
dayahead,2026-07-24,2026-07-24,83,2026-07-24 20:45:00,21,65_96,479.3,2026-09-19T06:34:53.854728+00:00,/root/rivermind-data/electricity_forecast_model2.5/data/96/authoritative/pmos_96_全量.csv
dayahead,2026-07-22,2026-07-22,4,2026-07-22 01:00:00,1,1_32,500.0,2026-09-19T06:34:53.854728+00:00,/root/rivermind-data/electricity_forecast_model2.5/data/96/authoritative/pmos_96_全量.csv
dayahead,2026-07-28,2026-07-28,66,2026-07-28 16:30:00,17,65_96,432.0,2026-09-19T06:34:53.854728+00:00,/root/rivermind-data/electricity_forecast_model2.5/data/96/authoritative/pmos_96_全量.csv
dayahead,2026-07-27,2026-07-27,9,2026-07-27 02:15:00,3,1_32,425.67,2026-09-19T06:34:53.854728+00:00,/root/rivermind-data/electricity_forecast_model2.5/data/96/authoritative/pmos_96_全量.csv
dayahead,2026-07-27,2026-07-27,90,2026-07-27 22:30:00,23,65_96,815.6,2026-09-19T06:34:53.854728+00:00,/root/rivermind-data/electricity_forecast_model2.5/data/96/authoritative/pmos_96_全量.csv
dayahead,2026-07-27,2026-07-27,44,2026-07-27 11:00:00,11,33_64,342.41,2026-09-19T06:34:53.854728+00:00,/root/rivermind-data/electricity_forecast_model2.5/data/96/authoritative/pmos_96_全量.csv
dayahead,2026-07-22,2026-07-22,37,2026-07-22 09:15:00,10,33_64,188.82,2026-09-19T06:34:53.854728+00:00,/root/rivermind-data/electricity_forecast_model2.5/data/96/authoritative/pmos_96_全量.csv
dayahead,2026-07-27,2026-07-27,75,2026-07-27 18:45:00,19,65_96,815.6,2026-09-19T06:34:53.854728+00:00,/root/rivermind-data/electricity_forecast_model2.5/data/96/authoritative/pmos_96_全量.csv
dayahead,2026-07-24,2026-07-24,96,2026-07-25 00:00:00,24,65_96,454.36,2026-09-19T06:34:53.854728+00:00,/root/rivermind-data/electricity_forecast_model2.5/data/96/authoritative/pmos_96_全量.csv
dayahead,2026-07-27,2026-07-27,81,2026-07-27 20:15:00,21,65_96,815.6,2026-09-19T06:34:53.854728+00:00,/root/rivermind-data/electricity_forecast_model2.5/data/96/authoritative/pmos_96_全量.csv
dayahead,2026-07-27,2026-07-27,29,2026-07-27 07:15:00,8,1_32,359.26,2026-09-19T06:34:53.854728+00:00,/root/rivermind-data/electricity_forecast_model2.5/data/96/authoritative/pmos_96_全量.csv
dayahead,2026-07-22,2026-07-22,5,2026-07-22 01:15:00,2,1_32,1500.0,2026-09-19T06:34:53.854728+00:00,/root/rivermind-data/electricity_forecast_model2.5/data/96/authoritative/pmos_96_全量.csv
dayahead,2026-07-27,2026-07-27,40,2026-07-27 10:00:00,10,33_64,342.21,2026-09-19T06:34:53.854728+00:00,/root/rivermind-data/electricity_forecast_model2.5/data/96/authoritative/pmos_96_全量.csv
dayahead,2026-07-28,2026-07-28,69,2026-07-28 17:15:00,18,65_96,446.33,2026-09-19T06:34:53.854728+00:00,/root/rivermind-data/electricity_forecast_model2.5/data/96/authoritative/pmos_96_全量.csv
dayahead,2026-07-24,2026-07-24,3,2026-07-24 00:45:00,1,1_32,436.86,2026-09-19T06:34:53.854728+00:00,/root/rivermind-data/electricity_forecast_model2.5/data/96/authoritative/pmos_96_全量.csv
dayahead,2026-07-27,2026-07-27,71,2026-07-27 17:45:00,18,65_96,815.6,2026-09-19T06:34:53.854728+00:00,/root/rivermind-data/electricity_forecast_model2.5/data/96/authoritative/pmos_96_全量.csv
dayahead,2026-07-28,2026-07-28,63,2026-07-28 15:45:00,16,33_64,408.33,2026-09-19T06:34:53.854728+00:00,/root/rivermind-data/electricity_forecast_model2.5/data/96/authoritative/pmos_96_全量.csv
dayahead,2026-07-27,2026-07-27,46,2026-07-27 11:30:00,12,33_64,342.33,2026-09-19T06:34:53.854728+00:00,/root/rivermind-data/electricity_forecast_model2.5/data/96/authoritative/pmos_96_全量.csv
dayahead,2026-07-24,2026-07-24,24,2026-07-24 06:00:00,6,1_32,419.0,2026-09-19T06:34:53.854728+00:00,/root/rivermind-data/electricity_forecast_model2.5/data/96/authoritative/pmos_96_全量.csv
dayahead,2026-07-27,2026-07-27,87,2026-07-27 21:45:00,22,65_96,815.6,2026-09-19T06:34:53.854728+00:00,/root/rivermind-data/electricity_forecast_model2.5/data/96/authoritative/pmos_96_全量.csv
dayahead,2026-07-28,2026-07-28,71,2026-07-28 17:45:00,18,65_96,460.0,2026-09-19T06:34:53.854728+00:00,/root/rivermind-data/electricity_forecast_model2.5/data/96/authoritative/pmos_96_全量.csv
dayahead,2026-07-29,2026-07-29,36,2026-07-29 09:00:00,9,33_64,346.82,2026-09-19T06:34:53.854728+00:00,/root/rivermind-data/electricity_forecast_model2.5/data/96/authoritative/pmos_96_全量.csv
dayahead,2026-07-24,2026-07-24,11,2026-07-24 02:45:00,3,1_32,435.75,2026-09-19T06:34:53.854728+00:00,/root/rivermind-data/electricity_forecast_model2.5/data/96/authoritative/pmos_96_全量.csv
dayahead,2026-07-27,2026-07-27,21,2026-07-27 05:15:00,6,1_32,411.88,2026-09-19T06:34:53.854728+00:00,/root/rivermind-data/electricity_forecast_model2.5/data/96/authoritative/pmos_96_全量.csv
dayahead,2026-07-27,2026-07-27,22,2026-07-27 05:30:00,6,1_32,409.0,2026-09-19T06:34:53.854728+00:00,/root/rivermind-data/electricity_forecast_model2.5/data/96/authoritative/pmos_96_全量.csv
dayahead,2026-07-23,2026-07-23,63,2026-07-23 15:45:00,16,33_64,382.0,2026-09-19T06:34:53.854728+00:00,/root/rivermind-data/electricity_forecast_model2.5/data/96/authoritative/pmos_96_全量.csv
dayahead,2026-07-27,2026-07-27,84,2026-07-27 21:00:00,21,65_96,815.6,2026-09-19T06:34:53.854728+00:00,/root/rivermind-data/electricity_forecast_model2.5/data/96/authoritative/pmos_96_全量.csv
dayahead,2026-07-27,2026-07-27,45,2026-07-27 11:15:00,12,33_64,342.47,2026-09-19T06:34:53.854728+00:00,/root/rivermind-data/electricity_forecast_model2.5/data/96/authoritative/pmos_96_全量.csv
dayahead,2026-07-28,2026-07-28,74,2026-07-28 18:30:00,19,65_96,631.04,2026-09-19T06:34:53.854728+00:00,/root/rivermind-data/electricity_forecast_model2.5/data/96/authoritative/pmos_96_全量.csv
dayahead,2026-07-27,2026-07-27,47,2026-07-27 11:45:00,12,33_64,342.38,2026-09-19T06:34:53.854728+00:00,/root/rivermind-data/electricity_forecast_model2.5/data/96/authoritative/pmos_96_全量.csv
dayahead,2026-07-22,2026-07-22,36,2026-07-22 09:00:00,9,33_64,184.99,2026-09-19T06:34:53.854728+00:00,/root/rivermind-data/electricity_forecast_model2.5/data/96/authoritative/pmos_96_全量.csv
dayahead,2026-07-26,2026-07-26,9,2026-07-26 02:15:00,3,1_32,434.4,2026-09-19T06:34:53.854728+00:00,/root/rivermind-data/electricity_forecast_model2.5/data/96/authoritative/pmos_96_全量.csv
dayahead,2026-07-28,2026-07-28,55,2026-07-28 13:45:00,14,33_64,352.02,2026-09-19T06:34:53.854728+00:00,/root/rivermind-data/electricity_forecast_model2.5/data/96/authoritative/pmos_96_全量.csv
dayahead,2026-07-28,2026-07-28,68,2026-07-28 17:00:00,17,65_96,441.2,2026-09-19T06:34:53.854728+00:00,/root/rivermind-data/electricity_forecast_model2.5/data/96/authoritative/pmos_96_全量.csv
dayahead,2026-07-24,2026-07-24,9,2026-07-24 02:15:00,3,1_32,442.5,2026-09-19T06:34:53.854728+00:00,/root/rivermind-data/electricity_forecast_model2.5/data/96/authoritative/pmos_96_全量.csv
dayahead,2026-07-28,2026-07-28,46,2026-07-28 11:30:00,12,33_64,351.0,2026-09-19T06:34:53.854728+00:00,/root/rivermind-data/electricity_forecast_model2.5/data/96/authoritative/pmos_96_全量.csv
dayahead,2026-07-28,2026-07-28,57,2026-07-28 14:15:00,15,33_64,361.92,2026-09-19T06:34:53.854728+00:00,/root/rivermind-data/electricity_forecast_model2.5/data/96/authoritative/pmos_96_全量.csv
dayahead,2026-07-27,2026-07-27,18,2026-07-27 04:30:00,5,1_32,402.0,2026-09-19T06:34:53.854728+00:00,/root/rivermind-data/electricity_forecast_model2.5/data/96/authoritative/pmos_96_全量.csv
dayahead,2026-07-27,2026-07-27,6,2026-07-27 01:30:00,2,1_32,451.0,2026-09-19T06:34:53.854728+00:00,/root/rivermind-data/electricity_forecast_model2.5/data/96/authoritative/pmos_96_全量.csv
dayahead,2026-07-22,2026-07-22,3,2026-07-22 00:45:00,1,1_32,500.0,2026-09-19T06:34:53.854728+00:00,/root/rivermind-data/electricity_forecast_model2.5/data/96/authoritative/pmos_96_全量.csv
dayahead,2026-07-24,2026-07-24,76,2026-07-24 19:00:00,19,65_96,479.3,2026-09-19T06:34:53.854728+00:00,/root/rivermind-data/electricity_forecast_model2.5/data/96/authoritative/pmos_96_全量.csv
dayahead,2026-07-27,2026-07-27,36,2026-07-27 09:00:00,9,33_64,343.99,2026-09-19T06:34:53.854728+00:00,/root/rivermind-data/electricity_forecast_model2.5/data/96/authoritative/pmos_96_全量.csv
dayahead,2026-07-28,2026-07-28,53,2026-07-28 13:15:00,14,33_64,351.0,2026-09-19T06:34:53.854728+00:00,/root/rivermind-data/electricity_forecast_model2.5/data/96/authoritative/pmos_96_全量.csv
dayahead,2026-07-25,2026-07-25,71,2026-07-25 17:45:00,18,65_96,420.63,2026-09-19T06:34:53.854728+00:00,/root/rivermind-data/electricity_forecast_model2.5/data/96/authoritative/pmos_96_全量.csv
dayahead,2026-07-27,2026-07-27,15,2026-07-27 03:45:00,4,1_32,404.0,2026-09-19T06:34:53.854728+00:00,/root/rivermind-data/electricity_forecast_model2.5/data/96/authoritative/pmos_96_全量.csv
dayahead,2026-07-24,2026-07-24,92,2026-07-24 23:00:00,23,65_96,466.4,2026-09-19T06:34:53.854728+00:00,/root/rivermind-data/electricity_forecast_model2.5/data/96/authoritative/pmos_96_全量.csv
dayahead,2026-07-28,2026-07-28,64,2026-07-28 16:00:00,16,33_64,417.0,2026-09-19T06:34:53.854728+00:00,/root/rivermind-data/electricity_forecast_model2.5/data/96/authoritative/pmos_96_全量.csv
dayahead,2026-07-24,2026-07-24,79,2026-07-24 19:45:00,20,65_96,479.3,2026-09-19T06:34:53.854728+00:00,/root/rivermind-data/electricity_forecast_model2.5/data/96/authoritative/pmos_96_全量.csv
dayahead,2026-07-27,2026-07-27,19,2026-07-27 04:45:00,5,1_32,404.36,2026-09-19T06:34:53.854728+00:00,/root/rivermind-data/electricity_forecast_model2.5/data/96/authoritative/pmos_96_全量.csv
dayahead,2026-07-27,2026-07-27,77,2026-07-27 19:15:00,20,65_96,815.6,2026-09-19T06:34:53.854728+00:00,/root/rivermind-data/electricity_forecast_model2.5/data/96/authoritative/pmos_96_全量.csv
dayahead,2026-07-26,2026-07-26,71,2026-07-26 17:45:00,18,65_96,444.0,2026-09-19T06:34:53.854728+00:00,/root/rivermind-data/electricity_forecast_model2.5/data/96/authoritative/pmos_96_全量.csv
dayahead,2026-07-31,2026-07-31,94,2026-07-31 23:30:00,24,65_96,448.0,2026-09-19T06:34:53.854728+00:00,/root/rivermind-data/electricity_forecast_model2.5/data/96/authoritative/pmos_96_全量.csv
dayahead,2026-07-23,2026-07-23,77,2026-07-23 19:15:00,20,65_96,555.88,2026-09-19T06:34:53.854728+00:00,/root/rivermind-data/electricity_forecast_model2.5/data/96/authoritative/pmos_96_全量.csv
dayahead,2026-07-27,2026-07-27,20,2026-07-27 05:00:00,5,1_32,409.0,2026-09-19T06:34:53.854728+00:00,/root/rivermind-data/electricity_forecast_model2.5/data/96/authoritative/pmos_96_全量.csv
dayahead,2026-07-28,2026-07-28,52,2026-07-28 13:00:00,13,33_64,351.0,2026-09-19T06:34:53.854728+00:00,/root/rivermind-data/electricity_forecast_model2.5/data/96/authoritative/pmos_96_全量.csv
dayahead,2026-07-27,2026-07-27,12,2026-07-27 03:00:00,3,1_32,413.9,2026-09-19T06:34:53.854728+00:00,/root/rivermind-data/electricity_forecast_model2.5/data/96/authoritative/pmos_96_全量.csv
dayahead,2026-07-23,2026-07-23,66,2026-07-23 16:30:00,17,65_96,406.0,2026-09-19T06:34:53.854728+00:00,/root/rivermind-data/electricity_forecast_model2.5/data/96/authoritative/pmos_96_全量.csv
dayahead,2026-07-22,2026-07-22,7,2026-07-22 01:45:00,2,1_32,521.0,2026-09-19T06:34:53.854728+00:00,/root/rivermind-data/electricity_forecast_model2.5/data/96/authoritative/pmos_96_全量.csv
dayahead,2026-07-24,2026-07-24,80,2026-07-24 20:00:00,20,65_96,479.3,2026-09-19T06:34:53.854728+00:00,/root/rivermind-data/electricity_forecast_model2.5/data/96/authoritative/pmos_96_全量.csv
dayahead,2026-07-24,2026-07-24,53,2026-07-24 13:15:00,14,33_64,226.37,2026-09-19T06:34:53.854728+00:00,/root/rivermind-data/electricity_forecast_model2.5/data/96/authoritative/pmos_96_全量.csv
dayahead,2026-07-24,2026-07-24,74,2026-07-24 18:30:00,19,65_96,470.0,2026-09-19T06:34:53.854728+00:00,/root/rivermind-data/electricity_forecast_model2.5/data/96/authoritative/pmos_96_全量.csv
dayahead,2026-07-28,2026-07-28,33,2026-07-28 08:15:00,9,33_64,366.0,2026-09-19T06:34:53.854728+00:00,/root/rivermind-data/electricity_forecast_model2.5/data/96/authoritative/pmos_96_全量.csv
dayahead,2026-07-24,2026-07-24,55,2026-07-24 13:45:00,14,33_64,266.33,2026-09-19T06:34:53.854728+00:00,/root/rivermind-data/electricity_forecast_model2.5/data/96/authoritative/pmos_96_全量.csv
dayahead,2026-07-27,2026-07-27,74,2026-07-27 18:30:00,19,65_96,815.6,2026-09-19T06:34:53.854728+00:00,/root/rivermind-data/electricity_forecast_model2.5/data/96/authoritative/pmos_96_全量.csv
dayahead,2026-07-29,2026-07-29,68,2026-07-29 17:00:00,17,65_96,443.0,2026-09-19T06:34:53.854728+00:00,/root/rivermind-data/electricity_forecast_model2.5/data/96/authoritative/pmos_96_全量.csv
dayahead,2026-07-24,2026-07-24,94,2026-07-24 23:30:00,24,65_96,474.0,2026-09-19T06:34:53.854728+00:00,/root/rivermind-data/electricity_forecast_model2.5/data/96/authoritative/pmos_96_全量.csv
dayahead,2026-07-27,2026-07-27,4,2026-07-27 01:00:00,1,1_32,425.0,2026-09-19T06:34:53.854728+00:00,/root/rivermind-data/electricity_forecast_model2.5/data/96/authoritative/pmos_96_全量.csv
dayahead,2026-07-28,2026-07-28,56,2026-07-28 14:00:00,14,33_64,356.0,2026-09-19T06:34:53.854728+00:00,/root/rivermind-data/electricity_forecast_model2.5/data/96/authoritative/pmos_96_全量.csv
dayahead,2026-07-27,2026-07-27,32,2026-07-27 08:00:00,8,1_32,350.0,2026-09-19T06:34:53.854728+00:00,/root/rivermind-data/electricity_forecast_model2.5/data/96/authoritative/pmos_96_全量.csv
dayahead,2026-07-27,2026-07-27,3,2026-07-27 00:45:00,1,1_32,426.0,2026-09-19T06:34:53.854728+00:00,/root/rivermind-data/electricity_forecast_model2.5/data/96/authoritative/pmos_96_全量.csv
dayahead,2026-07-24,2026-07-24,29,2026-07-24 07:15:00,8,1_32,372.0,2026-09-19T06:34:53.854728+00:00,/root/rivermind-data/electricity_forecast_model2.5/data/96/authoritative/pmos_96_全量.csv
dayahead,2026-07-27,2026-07-27,30,2026-07-27 07:30:00,8,1_32,352.08,2026-09-19T06:34:53.854728+00:00,/root/rivermind-data/electricity_forecast_model2.5/data/96/authoritative/pmos_96_全量.csv
dayahead,2026-07-27,2026-07-27,24,2026-07-27 06:00:00,6,1_32,398.33,2026-09-19T06:34:53.854728+00:00,/root/rivermind-data/electricity_forecast_model2.5/data/96/authoritative/pmos_96_全量.csv
dayahead,2026-07-27,2026-07-27,26,2026-07-27 06:30:00,7,1_32,378.0,2026-09-19T06:34:53.854728+00:00,/root/rivermind-data/electricity_forecast_model2.5/data/96/authoritative/pmos_96_全量.csv
dayahead,2026-07-28,2026-07-28,54,2026-07-28 13:30:00,14,33_64,351.24,2026-09-19T06:34:53.854728+00:00,/root/rivermind-data/electricity_forecast_model2.5/data/96/authoritative/pmos_96_全量.csv
dayahead,2026-07-28,2026-07-28,67,2026-07-28 16:45:00,17,65_96,439.56,2026-09-19T06:34:53.854728+00:00,/root/rivermind-data/electricity_forecast_model2.5/data/96/authoritative/pmos_96_全量.csv
dayahead,2026-07-28,2026-07-28,58,2026-07-28 14:30:00,15,33_64,366.0,2026-09-19T06:34:53.854728+00:00,/root/rivermind-data/electricity_forecast_model2.5/data/96/authoritative/pmos_96_全量.csv
dayahead,2026-07-24,2026-07-24,10,2026-07-24 02:30:00,3,1_32,439.09,2026-09-19T06:34:53.854728+00:00,/root/rivermind-data/electricity_forecast_model2.5/data/96/authoritative/pmos_96_全量.csv
dayahead,2026-07-23,2026-07-23,70,2026-07-23 17:30:00,18,65_96,429.0,2026-09-19T06:34:53.854728+00:00,/root/rivermind-data/electricity_forecast_model2.5/data/96/authoritative/pmos_96_全量.csv
dayahead,2026-07-29,2026-07-29,23,2026-07-29 05:45:00,6,1_32,416.96,2026-09-19T06:34:53.854728+00:00,/root/rivermind-data/electricity_forecast_model2.5/data/96/authoritative/pmos_96_全量.csv
dayahead,2026-07-24,2026-07-24,95,2026-07-24 23:45:00,24,65_96,465.0,2026-09-19T06:34:53.854728+00:00,/root/rivermind-data/electricity_forecast_model2.5/data/96/authoritative/pmos_96_全量.csv
dayahead,2026-07-28,2026-07-28,59,2026-07-28 14:45:00,15,33_64,374.48,2026-09-19T06:34:53.854728+00:00,/root/rivermind-data/electricity_forecast_model2.5/data/96/authoritative/pmos_96_全量.csv
dayahead,2026-07-22,2026-07-22,25,2026-07-22 06:15:00,7,1_32,438.6,2026-09-19T06:34:53.854728+00:00,/root/rivermind-data/electricity_forecast_model2.5/data/96/authoritative/pmos_96_全量.csv
dayahead,2026-07-28,2026-07-28,62,2026-07-28 15:30:00,16,33_64,398.0,2026-09-19T06:34:53.854728+00:00,/root/rivermind-data/electricity_forecast_model2.5/data/96/authoritative/pmos_96_全量.csv
dayahead,2026-07-27,2026-07-27,42,2026-07-27 10:30:00,11,33_64,342.37,2026-09-19T06:34:53.854728+00:00,/root/rivermind-data/electricity_forecast_model2.5/data/96/authoritative/pmos_96_全量.csv
dayahead,2026-07-27,2026-07-27,49,2026-07-27 12:15:00,13,33_64,342.36,2026-09-19T06:34:53.854728+00:00,/root/rivermind-data/electricity_forecast_model2.5/data/96/authoritative/pmos_96_全量.csv
dayahead,2026-07-27,2026-07-27,79,2026-07-27 19:45:00,20,65_96,815.6,2026-09-19T06:34:53.854728+00:00,/root/rivermind-data/electricity_forecast_model2.5/data/96/authoritative/pmos_96_全量.csv
dayahead,2026-07-26,2026-07-26,30,2026-07-26 07:30:00,8,1_32,344.07,2026-09-19T06:34:53.854728+00:00,/root/rivermind-data/electricity_forecast_model2.5/data/96/authoritative/pmos_96_全量.csv
dayahead,2026-07-26,2026-07-26,13,2026-07-26 03:15:00,4,1_32,419.38,2026-09-19T06:34:53.854728+00:00,/root/rivermind-data/electricity_forecast_model2.5/data/96/authoritative/pmos_96_全量.csv
dayahead,2026-07-27,2026-07-27,13,2026-07-27 03:15:00,4,1_32,409.0,2026-09-19T06:34:53.854728+00:00,/root/rivermind-data/electricity_forecast_model2.5/data/96/authoritative/pmos_96_全量.csv
dayahead,2026-07-27,2026-07-27,23,2026-07-27 05:45:00,6,1_32,405.0,2026-09-19T06:34:53.854728+00:00,/root/rivermind-data/electricity_forecast_model2.5/data/96/authoritative/pmos_96_全量.csv
dayahead,2026-07-24,2026-07-24,4,2026-07-24 01:00:00,1,1_32,437.0,2026-09-19T06:34:53.854728+00:00,/root/rivermind-data/electricity_forecast_model2.5/data/96/authoritative/pmos_96_全量.csv
dayahead,2026-07-26,2026-07-26,11,2026-07-26 02:45:00,3,1_32,424.9,2026-09-19T06:34:53.854728+00:00,/root/rivermind-data/electricity_forecast_model2.5/data/96/authoritative/pmos_96_全量.csv
dayahead,2026-07-24,2026-07-24,7,2026-07-24 01:45:00,2,1_32,458.0,2026-09-19T06:34:53.854728+00:00,/root/rivermind-data/electricity_forecast_model2.5/data/96/authoritative/pmos_96_全量.csv
dayahead,2026-07-24,2026-07-24,18,2026-07-24 04:30:00,5,1_32,425.0,2026-09-19T06:34:53.854728+00:00,/root/rivermind-data/electricity_forecast_model2.5/data/96/authoritative/pmos_96_全量.csv
dayahead,2026-07-25,2026-07-25,6,2026-07-25 01:30:00,2,1_32,451.0,2026-09-19T06:34:53.854728+00:00,/root/rivermind-data/electricity_forecast_model2.5/data/96/authoritative/pmos_96_全量.csv
dayahead,2026-07-28,2026-07-28,72,2026-07-28 18:00:00,18,65_96,466.0,2026-09-19T06:34:53.854728+00:00,/root/rivermind-data/electricity_forecast_model2.5/data/96/authoritative/pmos_96_全量.csv
dayahead,2026-07-24,2026-07-24,40,2026-07-24 10:00:00,10,33_64,292.82,2026-09-19T06:34:53.854728+00:00,/root/rivermind-data/electricity_forecast_model2.5/data/96/authoritative/pmos_96_全量.csv
dayahead,2026-07-24,2026-07-24,2,2026-07-24 00:30:00,1,1_32,439.0,2026-09-19T06:34:53.854728+00:00,/root/rivermind-data/electricity_forecast_model2.5/data/96/authoritative/pmos_96_全量.csv
dayahead,2026-07-24,2026-07-24,15,2026-07-24 03:45:00,4,1_32,426.0,2026-09-19T06:34:53.854728+00:00,/root/rivermind-data/electricity_forecast_model2.5/data/96/authoritative/pmos_96_全量.csv
dayahead,2026-07-27,2026-07-27,16,2026-07-27 04:00:00,4,1_32,404.0,2026-09-19T06:34:53.854728+00:00,/root/rivermind-data/electricity_forecast_model2.5/data/96/authoritative/pmos_96_全量.csv
dayahead,2026-07-24,2026-07-24,28,2026-07-24 07:00:00,7,1_32,376.0,2026-09-19T06:34:53.854728+00:00,/root/rivermind-data/electricity_forecast_model2.5/data/96/authoritative/pmos_96_全量.csv
dayahead,2026-07-28,2026-07-28,60,2026-07-28 15:00:00,15,33_64,382.2,2026-09-19T06:34:53.854728+00:00,/root/rivermind-data/electricity_forecast_model2.5/data/96/authoritative/pmos_96_全量.csv
dayahead,2026-07-24,2026-07-24,45,2026-07-24 11:15:00,12,33_64,272.81,2026-09-19T06:34:53.854728+00:00,/root/rivermind-data/electricity_forecast_model2.5/data/96/authoritative/pmos_96_全量.csv
dayahead,2026-07-24,2026-07-24,13,2026-07-24 03:15:00,4,1_32,433.36,2026-09-19T06:34:53.854728+00:00,/root/rivermind-data/electricity_forecast_model2.5/data/96/authoritative/pmos_96_全量.csv
dayahead,2026-07-24,2026-07-24,19,2026-07-24 04:45:00,5,1_32,426.0,2026-09-19T06:34:53.854728+00:00,/root/rivermind-data/electricity_forecast_model2.5/data/96/authoritative/pmos_96_全量.csv
dayahead,2026-07-26,2026-07-26,53,2026-07-26 13:15:00,14,33_64,293.86,2026-09-19T06:34:53.854728+00:00,/root/rivermind-data/electricity_forecast_model2.5/data/96/authoritative/pmos_96_全量.csv
dayahead,2026-07-24,2026-07-24,12,2026-07-24 03:00:00,3,1_32,434.0,2026-09-19T06:34:53.854728+00:00,/root/rivermind-data/electricity_forecast_model2.5/data/96/authoritative/pmos_96_全量.csv
dayahead,2026-07-24,2026-07-24,48,2026-07-24 12:00:00,12,33_64,171.49,2026-09-19T06:34:53.854728+00:00,/root/rivermind-data/electricity_forecast_model2.5/data/96/authoritative/pmos_96_全量.csv
dayahead,2026-07-27,2026-07-27,43,2026-07-27 10:45:00,11,33_64,342.37,2026-09-19T06:34:53.854728+00:00,/root/rivermind-data/electricity_forecast_model2.5/data/96/authoritative/pmos_96_全量.csv
dayahead,2026-07-25,2026-07-25,72,2026-07-25 18:00:00,18,65_96,427.0,2026-09-19T06:34:53.854728+00:00,/root/rivermind-data/electricity_forecast_model2.5/data/96/authoritative/pmos_96_全量.csv
dayahead,2026-07-24,2026-07-24,21,2026-07-24 05:15:00,6,1_32,439.0,2026-09-19T06:34:53.854728+00:00,/root/rivermind-data/electricity_forecast_model2.5/data/96/authoritative/pmos_96_全量.csv
dayahead,2026-07-25,2026-07-25,65,2026-07-25 16:15:00,17,65_96,388.0,2026-09-19T06:34:53.854728+00:00,/root/rivermind-data/electricity_forecast_model2.5/data/96/authoritative/pmos_96_全量.csv
dayahead,2026-07-24,2026-07-24,35,2026-07-24 08:45:00,9,33_64,340.0,2026-09-19T06:34:53.854728+00:00,/root/rivermind-data/electricity_forecast_model2.5/data/96/authoritative/pmos_96_全量.csv
dayahead,2026-07-24,2026-07-24,34,2026-07-24 08:30:00,9,33_64,344.0,2026-09-19T06:34:53.854728+00:00,/root/rivermind-data/electricity_forecast_model2.5/data/96/authoritative/pmos_96_全量.csv
dayahead,2026-07-24,2026-07-24,25,2026-07-24 06:15:00,7,1_32,408.0,2026-09-19T06:34:53.854728+00:00,/root/rivermind-data/electricity_forecast_model2.5/data/96/authoritative/pmos_96_全量.csv
dayahead,2026-07-25,2026-07-25,68,2026-07-25 17:00:00,17,65_96,407.0,2026-09-19T06:34:53.854728+00:00,/root/rivermind-data/electricity_forecast_model2.5/data/96/authoritative/pmos_96_全量.csv
dayahead,2026-07-25,2026-07-25,84,2026-07-25 21:00:00,21,65_96,452.0,2026-09-19T06:34:53.854728+00:00,/root/rivermind-data/electricity_forecast_model2.5/data/96/authoritative/pmos_96_全量.csv
dayahead,2026-07-27,2026-07-27,39,2026-07-27 09:45:00,10,33_64,342.31,2026-09-19T06:34:53.854728+00:00,/root/rivermind-data/electricity_forecast_model2.5/data/96/authoritative/pmos_96_全量.csv
dayahead,2026-07-25,2026-07-25,53,2026-07-25 13:15:00,14,33_64,242.14,2026-09-19T06:34:53.854728+00:00,/root/rivermind-data/electricity_forecast_model2.5/data/96/authoritative/pmos_96_全量.csv
dayahead,2026-07-24,2026-07-24,39,2026-07-24 09:45:00,10,33_64,300.72,2026-09-19T06:34:53.854728+00:00,/root/rivermind-data/electricity_forecast_model2.5/data/96/authoritative/pmos_96_全量.csv
dayahead,2026-07-24,2026-07-24,22,2026-07-24 05:30:00,6,1_32,437.18,2026-09-19T06:34:53.854728+00:00,/root/rivermind-data/electricity_forecast_model2.5/data/96/authoritative/pmos_96_全量.csv
dayahead,2026-07-26,2026-07-26,36,2026-07-26 09:00:00,9,33_64,307.0,2026-09-19T06:34:53.854728+00:00,/root/rivermind-data/electricity_forecast_model2.5/data/96/authoritative/pmos_96_全量.csv
dayahead,2026-07-27,2026-07-27,31,2026-07-27 07:45:00,8,1_32,350.73,2026-09-19T06:34:53.854728+00:00,/root/rivermind-data/electricity_forecast_model2.5/data/96/authoritative/pmos_96_全量.csv
dayahead,2026-07-25,2026-07-25,80,2026-07-25 20:00:00,20,65_96,462.0,2026-09-19T06:34:53.854728+00:00,/root/rivermind-data/electricity_forecast_model2.5/data/96/authoritative/pmos_96_全量.csv
dayahead,2026-07-25,2026-07-25,64,2026-07-25 16:00:00,16,33_64,380.0,2026-09-19T06:34:53.854728+00:00,/root/rivermind-data/electricity_forecast_model2.5/data/96/authoritative/pmos_96_全量.csv
dayahead,2026-07-24,2026-07-24,31,2026-07-24 07:45:00,8,1_32,354.0,2026-09-19T06:34:53.854728+00:00,/root/rivermind-data/electricity_forecast_model2.5/data/96/authoritative/pmos_96_全量.csv
dayahead,2026-07-28,2026-07-28,51,2026-07-28 12:45:00,13,33_64,351.0,2026-09-19T06:34:53.854728+00:00,/root/rivermind-data/electricity_forecast_model2.5/data/96/authoritative/pmos_96_全量.csv
dayahead,2026-07-26,2026-07-26,50,2026-07-26 12:30:00,13,33_64,291.61,2026-09-19T06:34:53.854728+00:00,/root/rivermind-data/electricity_forecast_model2.5/data/96/authoritative/pmos_96_全量.csv
dayahead,2026-07-26,2026-07-26,76,2026-07-26 19:00:00,19,65_96,654.05,2026-09-19T06:34:53.854728+00:00,/root/rivermind-data/electricity_forecast_model2.5/data/96/authoritative/pmos_96_全量.csv
dayahead,2026-07-25,2026-07-25,81,2026-07-25 20:15:00,21,65_96,461.0,2026-09-19T06:34:53.854728+00:00,/root/rivermind-data/electricity_forecast_model2.5/data/96/authoritative/pmos_96_全量.csv
dayahead,2026-07-25,2026-07-25,91,2026-07-25 22:45:00,23,65_96,448.0,2026-09-19T06:34:53.854728+00:00,/root/rivermind-data/electricity_forecast_model2.5/data/96/authoritative/pmos_96_全量.csv
dayahead,2026-07-25,2026-07-25,74,2026-07-25 18:30:00,19,65_96,438.0,2026-09-19T06:34:53.854728+00:00,/root/rivermind-data/electricity_forecast_model2.5/data/96/authoritative/pmos_96_全量.csv
dayahead,2026-07-24,2026-07-24,23,2026-07-24 05:45:00,6,1_32,432.0,2026-09-19T06:34:53.854728+00:00,/root/rivermind-data/electricity_forecast_model2.5/data/96/authoritative/pmos_96_全量.csv
dayahead,2026-07-26,2026-07-26,1,2026-07-26 00:15:00,1,1_32,448.0,2026-09-19T06:34:53.854728+00:00,/root/rivermind-data/electricity_forecast_model2.5/data/96/authoritative/pmos_96_全量.csv
dayahead,2026-07-25,2026-07-25,94,2026-07-25 23:30:00,24,65_96,449.0,2026-09-19T06:34:53.854728+00:00,/root/rivermind-data/electricity_forecast_model2.5/data/96/authoritative/pmos_96_全量.csv
dayahead,2026-07-25,2026-07-25,70,2026-07-25 17:30:00,18,65_96,416.0,2026-09-19T06:34:53.854728+00:00,/root/rivermind-data/electricity_forecast_model2.5/data/96/authoritative/pmos_96_全量.csv
dayahead,2026-07-25,2026-07-25,66,2026-07-25 16:30:00,17,65_96,396.0,2026-09-19T06:34:53.854728+00:00,/root/rivermind-data/electricity_forecast_model2.5/data/96/authoritative/pmos_96_全量.csv
dayahead,2026-07-25,2026-07-25,89,2026-07-25 22:15:00,23,65_96,454.6,2026-09-19T06:34:53.854728+00:00,/root/rivermind-data/electricity_forecast_model2.5/data/96/authoritative/pmos_96_全量.csv
dayahead,2026-07-27,2026-07-27,89,2026-07-27 22:15:00,23,65_96,815.6,2026-09-19T06:34:53.854728+00:00,/root/rivermind-data/electricity_forecast_model2.5/data/96/authoritative/pmos_96_全量.csv
dayahead,2026-07-25,2026-07-25,93,2026-07-25 23:15:00,24,65_96,456.0,2026-09-19T06:34:53.854728+00:00,/root/rivermind-data/electricity_forecast_model2.5/data/96/authoritative/pmos_96_全量.csv
dayahead,2026-07-24,2026-07-24,1,2026-07-24 00:15:00,1,1_32,446.0,2026-09-19T06:34:53.854728+00:00,/root/rivermind-data/electricity_forecast_model2.5/data/96/authoritative/pmos_96_全量.csv
dayahead,2026-07-25,2026-07-25,56,2026-07-25 14:00:00,14,33_64,312.4,2026-09-19T06:34:53.854728+00:00,/root/rivermind-data/electricity_forecast_model2.5/data/96/authoritative/pmos_96_全量.csv
dayahead,2026-07-25,2026-07-25,51,2026-07-25 12:45:00,13,33_64,190.9,2026-09-19T06:34:53.854728+00:00,/root/rivermind-data/electricity_forecast_model2.5/data/96/authoritative/pmos_96_全量.csv
dayahead,2026-07-24,2026-07-24,27,2026-07-24 06:45:00,7,1_32,384.4,2026-09-19T06:34:53.854728+00:00,/root/rivermind-data/electricity_forecast_model2.5/data/96/authoritative/pmos_96_全量.csv
dayahead,2026-07-25,2026-07-25,69,2026-07-25 17:15:00,18,65_96,408.0,2026-09-19T06:34:53.854728+00:00,/root/rivermind-data/electricity_forecast_model2.5/data/96/authoritative/pmos_96_全量.csv
dayahead,2026-07-26,2026-07-26,87,2026-07-26 21:45:00,22,65_96,654.05,2026-09-19T06:34:53.854728+00:00,/root/rivermind-data/electricity_forecast_model2.5/data/96/authoritative/pmos_96_全量.csv
dayahead,2026-07-24,2026-07-24,41,2026-07-24 10:15:00,11,33_64,283.07,2026-09-19T06:34:53.854728+00:00,/root/rivermind-data/electricity_forecast_model2.5/data/96/authoritative/pmos_96_全量.csv
dayahead,2026-07-25,2026-07-25,52,2026-07-25 13:00:00,13,33_64,209.5,2026-09-19T06:34:53.854728+00:00,/root/rivermind-data/electricity_forecast_model2.5/data/96/authoritative/pmos_96_全量.csv
dayahead,2026-07-24,2026-07-24,32,2026-07-24 08:00:00,8,1_32,348.33,2026-09-19T06:34:53.854728+00:00,/root/rivermind-data/electricity_forecast_model2.5/data/96/authoritative/pmos_96_全量.csv
dayahead,2026-07-25,2026-07-25,54,2026-07-25 13:30:00,14,33_64,272.94,2026-09-19T06:34:53.854728+00:00,/root/rivermind-data/electricity_forecast_model2.5/data/96/authoritative/pmos_96_全量.csv
dayahead,2026-07-24,2026-07-24,5,2026-07-24 01:15:00,2,1_32,468.3,2026-09-19T06:34:53.854728+00:00,/root/rivermind-data/electricity_forecast_model2.5/data/96/authoritative/pmos_96_全量.csv
dayahead,2026-07-24,2026-07-24,33,2026-07-24 08:15:00,9,33_64,347.22,2026-09-19T06:34:53.854728+00:00,/root/rivermind-data/electricity_forecast_model2.5/data/96/authoritative/pmos_96_全量.csv
dayahead,2026-07-24,2026-07-24,8,2026-07-24 02:00:00,2,1_32,450.0,2026-09-19T06:34:53.854728+00:00,/root/rivermind-data/electricity_forecast_model2.5/data/96/authoritative/pmos_96_全量.csv
dayahead,2026-07-25,2026-07-25,82,2026-07-25 20:30:00,21,65_96,456.2,2026-09-19T06:34:53.854728+00:00,/root/rivermind-data/electricity_forecast_model2.5/data/96/authoritative/pmos_96_全量.csv
dayahead,2026-07-25,2026-07-25,95,2026-07-25 23:45:00,24,65_96,438.0,2026-09-19T06:34:53.854728+00:00,/root/rivermind-data/electricity_forecast_model2.5/data/96/authoritative/pmos_96_全量.csv
dayahead,2026-07-25,2026-07-25,29,2026-07-25 07:15:00,8,1_32,352.0,2026-09-19T06:34:53.854728+00:00,/root/rivermind-data/electricity_forecast_model2.5/data/96/authoritative/pmos_96_全量.csv
dayahead,2026-07-26,2026-07-26,7,2026-07-26 01:45:00,2,1_32,458.0,2026-09-19T06:34:53.854728+00:00,/root/rivermind-data/electricity_forecast_model2.5/data/96/authoritative/pmos_96_全量.csv
dayahead,2026-07-25,2026-07-25,83,2026-07-25 20:45:00,21,65_96,454.6,2026-09-19T06:34:53.854728+00:00,/root/rivermind-data/electricity_forecast_model2.5/data/96/authoritative/pmos_96_全量.csv
dayahead,2026-07-25,2026-07-25,90,2026-07-25 22:30:00,23,65_96,454.0,2026-09-19T06:34:53.854728+00:00,/root/rivermind-data/electricity_forecast_model2.5/data/96/authoritative/pmos_96_全量.csv
dayahead,2026-07-26,2026-07-26,18,2026-07-26 04:30:00,5,1_32,410.0,2026-09-19T06:34:53.854728+00:00,/root/rivermind-data/electricity_forecast_model2.5/data/96/authoritative/pmos_96_全量.csv
dayahead,2026-07-25,2026-07-25,61,2026-07-25 15:15:00,16,33_64,355.6,2026-09-19T06:34:53.854728+00:00,/root/rivermind-data/electricity_forecast_model2.5/data/96/authoritative/pmos_96_全量.csv
dayahead,2026-07-25,2026-07-25,85,2026-07-25 21:15:00,22,65_96,447.0,2026-09-19T06:34:53.854728+00:00,/root/rivermind-data/electricity_forecast_model2.5/data/96/authoritative/pmos_96_全量.csv
dayahead,2026-07-25,2026-07-25,60,2026-07-25 15:00:00,15,33_64,351.0,2026-09-19T06:34:53.854728+00:00,/root/rivermind-data/electricity_forecast_model2.5/data/96/authoritative/pmos_96_全量.csv
dayahead,2026-07-24,2026-07-24,37,2026-07-24 09:15:00,10,33_64,323.79,2026-09-19T06:34:53.854728+00:00,/root/rivermind-data/electricity_forecast_model2.5/data/96/authoritative/pmos_96_全量.csv
dayahead,2026-07-25,2026-07-25,67,2026-07-25 16:45:00,17,65_96,404.2,2026-09-19T06:34:53.854728+00:00,/root/rivermind-data/electricity_forecast_model2.5/data/96/authoritative/pmos_96_全量.csv
dayahead,2026-07-25,2026-07-25,96,2026-07-26 00:00:00,24,65_96,424.38,2026-09-19T06:34:53.854728+00:00,/root/rivermind-data/electricity_forecast_model2.5/data/96/authoritative/pmos_96_全量.csv
dayahead,2026-07-25,2026-07-25,88,2026-07-25 22:00:00,22,65_96,454.6,2026-09-19T06:34:53.854728+00:00,/root/rivermind-data/electricity_forecast_model2.5/data/96/authoritative/pmos_96_全量.csv
dayahead,2026-07-24,2026-07-24,46,2026-07-24 11:30:00,12,33_64,209.32,2026-09-19T06:34:53.854728+00:00,/root/rivermind-data/electricity_forecast_model2.5/data/96/authoritative/pmos_96_全量.csv
dayahead,2026-07-25,2026-07-25,55,2026-07-25 13:45:00,14,33_64,299.0,2026-09-19T06:34:53.854728+00:00,/root/rivermind-data/electricity_forecast_model2.5/data/96/authoritative/pmos_96_全量.csv
dayahead,2026-07-25,2026-07-25,92,2026-07-25 23:00:00,23,65_96,440.0,2026-09-19T06:34:53.854728+00:00,/root/rivermind-data/electricity_forecast_model2.5/data/96/authoritative/pmos_96_全量.csv
dayahead,2026-07-26,2026-07-26,80,2026-07-26 20:00:00,20,65_96,654.85,2026-09-19T06:34:53.854728+00:00,/root/rivermind-data/electricity_forecast_model2.5/data/96/authoritative/pmos_96_全量.csv
dayahead,2026-07-25,2026-07-25,62,2026-07-25 15:30:00,16,33_64,367.0,2026-09-19T06:34:53.854728+00:00,/root/rivermind-data/electricity_forecast_model2.5/data/96/authoritative/pmos_96_全量.csv
dayahead,2026-07-26,2026-07-26,37,2026-07-26 09:15:00,10,33_64,296.0,2026-09-19T06:34:53.854728+00:00,/root/rivermind-data/electricity_forecast_model2.5/data/96/authoritative/pmos_96_全量.csv
dayahead,2026-07-24,2026-07-24,26,2026-07-24 06:30:00,7,1_32,393.76,2026-09-19T06:34:53.854728+00:00,/root/rivermind-data/electricity_forecast_model2.5/data/96/authoritative/pmos_96_全量.csv
dayahead,2026-07-25,2026-07-25,79,2026-07-25 19:45:00,20,65_96,461.09,2026-09-19T06:34:53.854728+00:00,/root/rivermind-data/electricity_forecast_model2.5/data/96/authoritative/pmos_96_全量.csv
dayahead,2026-07-26,2026-07-26,16,2026-07-26 04:00:00,4,1_32,414.0,2026-09-19T06:34:53.854728+00:00,/root/rivermind-data/electricity_forecast_model2.5/data/96/authoritative/pmos_96_全量.csv
dayahead,2026-07-26,2026-07-26,41,2026-07-26 10:15:00,11,33_64,293.99,2026-09-19T06:34:53.854728+00:00,/root/rivermind-data/electricity_forecast_model2.5/data/96/authoritative/pmos_96_全量.csv
dayahead,2026-07-27,2026-07-27,66,2026-07-27 16:30:00,17,65_96,720.4,2026-09-19T06:34:53.854728+00:00,/root/rivermind-data/electricity_forecast_model2.5/data/96/authoritative/pmos_96_全量.csv
dayahead,2026-07-26,2026-07-26,17,2026-07-26 04:15:00,5,1_32,411.25,2026-09-19T06:34:53.854728+00:00,/root/rivermind-data/electricity_forecast_model2.5/data/96/authoritative/pmos_96_全量.csv
dayahead,2026-07-27,2026-07-27,63,2026-07-27 15:45:00,16,33_64,419.38,2026-09-19T06:34:53.854728+00:00,/root/rivermind-data/electricity_forecast_model2.5/data/96/authoritative/pmos_96_全量.csv
dayahead,2026-07-26,2026-07-26,49,2026-07-26 12:15:00,13,33_64,291.79,2026-09-19T06:34:53.854728+00:00,/root/rivermind-data/electricity_forecast_model2.5/data/96/authoritative/pmos_96_全量.csv
dayahead,2026-07-27,2026-07-27,52,2026-07-27 13:00:00,13,33_64,342.67,2026-09-19T06:34:53.854728+00:00,/root/rivermind-data/electricity_forecast_model2.5/data/96/authoritative/pmos_96_全量.csv
dayahead,2026-07-25,2026-07-25,58,2026-07-25 14:30:00,15,33_64,334.0,2026-09-19T06:34:53.854728+00:00,/root/rivermind-data/electricity_forecast_model2.5/data/96/authoritative/pmos_96_全量.csv
dayahead,2026-07-26,2026-07-26,19,2026-07-26 04:45:00,5,1_32,413.0,2026-09-19T06:34:53.854728+00:00,/root/rivermind-data/electricity_forecast_model2.5/data/96/authoritative/pmos_96_全量.csv
dayahead,2026-07-24,2026-07-24,16,2026-07-24 04:00:00,4,1_32,424.0,2026-09-19T06:34:53.854728+00:00,/root/rivermind-data/electricity_forecast_model2.5/data/96/authoritative/pmos_96_全量.csv
dayahead,2026-07-26,2026-07-26,8,2026-07-26 02:00:00,2,1_32,445.63,2026-09-19T06:34:53.854728+00:00,/root/rivermind-data/electricity_forecast_model2.5/data/96/authoritative/pmos_96_全量.csv
dayahead,2026-07-25,2026-07-25,22,2026-07-25 05:30:00,6,1_32,417.0,2026-09-19T06:34:53.854728+00:00,/root/rivermind-data/electricity_forecast_model2.5/data/96/authoritative/pmos_96_全量.csv
dayahead,2026-07-27,2026-07-27,50,2026-07-27 12:30:00,13,33_64,342.28,2026-09-19T06:34:53.854728+00:00,/root/rivermind-data/electricity_forecast_model2.5/data/96/authoritative/pmos_96_全量.csv
dayahead,2026-07-26,2026-07-26,44,2026-07-26 11:00:00,11,33_64,293.84,2026-09-19T06:34:53.854728+00:00,/root/rivermind-data/electricity_forecast_model2.5/data/96/authoritative/pmos_96_全量.csv
dayahead,2026-07-26,2026-07-26,4,2026-07-26 01:00:00,1,1_32,435.0,2026-09-19T06:34:53.854728+00:00,/root/rivermind-data/electricity_forecast_model2.5/data/96/authoritative/pmos_96_全量.csv
dayahead,2026-07-27,2026-07-27,58,2026-07-27 14:30:00,15,33_64,376.8,2026-09-19T06:34:53.854728+00:00,/root/rivermind-data/electricity_forecast_model2.5/data/96/authoritative/pmos_96_全量.csv
dayahead,2026-07-26,2026-07-26,82,2026-07-26 20:30:00,21,65_96,654.05,2026-09-19T06:34:53.854728+00:00,/root/rivermind-data/electricity_forecast_model2.5/data/96/authoritative/pmos_96_全量.csv
dayahead,2026-07-26,2026-07-26,74,2026-07-26 18:30:00,19,65_96,462.0,2026-09-19T06:34:53.854728+00:00,/root/rivermind-data/electricity_forecast_model2.5/data/96/authoritative/pmos_96_全量.csv
dayahead,2026-07-27,2026-07-27,59,2026-07-27 14:45:00,15,33_64,386.0,2026-09-19T06:34:53.854728+00:00,/root/rivermind-data/electricity_forecast_model2.5/data/96/authoritative/pmos_96_全量.csv
dayahead,2026-07-31,2026-07-31,91,2026-07-31 22:45:00,23,65_96,442.0,2026-09-19T06:34:53.854728+00:00,/root/rivermind-data/electricity_forecast_model2.5/data/96/authoritative/pmos_96_全量.csv
dayahead,2026-07-26,2026-07-26,79,2026-07-26 19:45:00,20,65_96,654.05,2026-09-19T06:34:53.854728+00:00,/root/rivermind-data/electricity_forecast_model2.5/data/96/authoritative/pmos_96_全量.csv
dayahead,2026-07-26,2026-07-26,31,2026-07-26 07:45:00,8,1_32,336.0,2026-09-19T06:34:53.854728+00:00,/root/rivermind-data/electricity_forecast_model2.5/data/96/authoritative/pmos_96_全量.csv
dayahead,2026-07-26,2026-07-26,61,2026-07-26 15:15:00,16,33_64,375.0,2026-09-19T06:34:53.854728+00:00,/root/rivermind-data/electricity_forecast_model2.5/data/96/authoritative/pmos_96_全量.csv
dayahead,2026-07-27,2026-07-27,60,2026-07-27 15:00:00,15,33_64,396.67,2026-09-19T06:34:53.854728+00:00,/root/rivermind-data/electricity_forecast_model2.5/data/96/authoritative/pmos_96_全量.csv
dayahead,2026-07-26,2026-07-26,81,2026-07-26 20:15:00,21,65_96,654.85,2026-09-19T06:34:53.854728+00:00,/root/rivermind-data/electricity_forecast_model2.5/data/96/authoritative/pmos_96_全量.csv
dayahead,2026-07-27,2026-07-27,92,2026-07-27 23:00:00,23,65_96,465.0,2026-09-19T06:34:53.854728+00:00,/root/rivermind-data/electricity_forecast_model2.5/data/96/authoritative/pmos_96_全量.csv
dayahead,2026-07-26,2026-07-26,20,2026-07-26 05:00:00,5,1_32,417.0,2026-09-19T06:34:53.854728+00:00,/root/rivermind-data/electricity_forecast_model2.5/data/96/authoritative/pmos_96_全量.csv
dayahead,2026-07-24,2026-07-24,6,2026-07-24 01:30:00,2,1_32,465.83,2026-09-19T06:34:53.854728+00:00,/root/rivermind-data/electricity_forecast_model2.5/data/96/authoritative/pmos_96_全量.csv
dayahead,2026-07-26,2026-07-26,2,2026-07-26 00:30:00,1,1_32,440.79,2026-09-19T06:34:53.854728+00:00,/root/rivermind-data/electricity_forecast_model2.5/data/96/authoritative/pmos_96_全量.csv
dayahead,2026-07-27,2026-07-27,64,2026-07-27 16:00:00,16,33_64,424.38,2026-09-19T06:34:53.854728+00:00,/root/rivermind-data/electricity_forecast_model2.5/data/96/authoritative/pmos_96_全量.csv
dayahead,2026-07-26,2026-07-26,21,2026-07-26 05:15:00,6,1_32,421.25,2026-09-19T06:34:53.854728+00:00,/root/rivermind-data/electricity_forecast_model2.5/data/96/authoritative/pmos_96_全量.csv
dayahead,2026-08-01,2026-08-01,84,2026-08-01 21:00:00,21,65_96,804.0,2026-09-19T06:34:53.854728+00:00,/root/rivermind-data/electricity_forecast_model2.5/data/96/authoritative/pmos_96_全量.csv
dayahead,2026-07-26,2026-07-26,5,2026-07-26 01:15:00,2,1_32,474.23,2026-09-19T06:34:53.854728+00:00,/root/rivermind-data/electricity_forecast_model2.5/data/96/authoritative/pmos_96_全量.csv
dayahead,2026-07-27,2026-07-27,14,2026-07-27 03:30:00,4,1_32,406.0,2026-09-19T06:34:53.854728+00:00,/root/rivermind-data/electricity_forecast_model2.5/data/96/authoritative/pmos_96_全量.csv
dayahead,2026-07-26,2026-07-26,23,2026-07-26 05:45:00,6,1_32,413.0,2026-09-19T06:34:53.854728+00:00,/root/rivermind-data/electricity_forecast_model2.5/data/96/authoritative/pmos_96_全量.csv
dayahead,2026-07-26,2026-07-26,83,2026-07-26 20:45:00,21,65_96,654.05,2026-09-19T06:34:53.854728+00:00,/root/rivermind-data/electricity_forecast_model2.5/data/96/authoritative/pmos_96_全量.csv
dayahead,2026-07-26,2026-07-26,28,2026-07-26 07:00:00,7,1_32,360.0,2026-09-19T06:34:53.854728+00:00,/root/rivermind-data/electricity_forecast_model2.5/data/96/authoritative/pmos_96_全量.csv
dayahead,2026-07-26,2026-07-26,40,2026-07-26 10:00:00,10,33_64,294.02,2026-09-19T06:34:53.854728+00:00,/root/rivermind-data/electricity_forecast_model2.5/data/96/authoritative/pmos_96_全量.csv
dayahead,2026-07-26,2026-07-26,43,2026-07-26 10:45:00,11,33_64,293.84,2026-09-19T06:34:53.854728+00:00,/root/rivermind-data/electricity_forecast_model2.5/data/96/authoritative/pmos_96_全量.csv
dayahead,2026-07-26,2026-07-26,77,2026-07-26 19:15:00,20,65_96,654.05,2026-09-19T06:34:53.854728+00:00,/root/rivermind-data/electricity_forecast_model2.5/data/96/authoritative/pmos_96_全量.csv
dayahead,2026-07-26,2026-07-26,32,2026-07-26 08:00:00,8,1_32,330.0,2026-09-19T06:34:53.854728+00:00,/root/rivermind-data/electricity_forecast_model2.5/data/96/authoritative/pmos_96_全量.csv
dayahead,2026-07-26,2026-07-26,39,2026-07-26 09:45:00,10,33_64,296.0,2026-09-19T06:34:53.854728+00:00,/root/rivermind-data/electricity_forecast_model2.5/data/96/authoritative/pmos_96_全量.csv
dayahead,2026-07-27,2026-07-27,33,2026-07-27 08:15:00,9,33_64,350.0,2026-09-19T06:34:53.854728+00:00,/root/rivermind-data/electricity_forecast_model2.5/data/96/authoritative/pmos_96_全量.csv
dayahead,2026-07-27,2026-07-27,65,2026-07-27 16:15:00,17,65_96,433.67,2026-09-19T06:34:53.854728+00:00,/root/rivermind-data/electricity_forecast_model2.5/data/96/authoritative/pmos_96_全量.csv
dayahead,2026-07-27,2026-07-27,53,2026-07-27 13:15:00,14,33_64,345.37,2026-09-19T06:34:53.854728+00:00,/root/rivermind-data/electricity_forecast_model2.5/data/96/authoritative/pmos_96_全量.csv
dayahead,2026-07-26,2026-07-26,26,2026-07-26 06:30:00,7,1_32,382.12,2026-09-19T06:34:53.854728+00:00,/root/rivermind-data/electricity_forecast_model2.5/data/96/authoritative/pmos_96_全量.csv
dayahead,2026-07-26,2026-07-26,25,2026-07-26 06:15:00,7,1_32,391.67,2026-09-19T06:34:53.854728+00:00,/root/rivermind-data/electricity_forecast_model2.5/data/96/authoritative/pmos_96_全量.csv
dayahead,2026-07-26,2026-07-26,29,2026-07-26 07:15:00,8,1_32,350.0,2026-09-19T06:34:53.854728+00:00,/root/rivermind-data/electricity_forecast_model2.5/data/96/authoritative/pmos_96_全量.csv
dayahead,2026-07-26,2026-07-26,14,2026-07-26 03:30:00,4,1_32,416.0,2026-09-19T06:34:53.854728+00:00,/root/rivermind-data/electricity_forecast_model2.5/data/96/authoritative/pmos_96_全量.csv
dayahead,2026-07-27,2026-07-27,72,2026-07-27 18:00:00,18,65_96,815.6,2026-09-19T06:34:53.854728+00:00,/root/rivermind-data/electricity_forecast_model2.5/data/96/authoritative/pmos_96_全量.csv
dayahead,2026-07-27,2026-07-27,70,2026-07-27 17:30:00,18,65_96,815.6,2026-09-19T06:34:53.854728+00:00,/root/rivermind-data/electricity_forecast_model2.5/data/96/authoritative/pmos_96_全量.csv
dayahead,2026-07-26,2026-07-26,15,2026-07-26 03:45:00,4,1_32,415.0,2026-09-19T06:34:53.854728+00:00,/root/rivermind-data/electricity_forecast_model2.5/data/96/authoritative/pmos_96_全量.csv
dayahead,2026-07-27,2026-07-27,55,2026-07-27 13:45:00,14,33_64,351.93,2026-09-19T06:34:53.854728+00:00,/root/rivermind-data/electricity_forecast_model2.5/data/96/authoritative/pmos_96_全量.csv
dayahead,2026-07-22,2026-07-22,77,2026-07-22 19:15:00,20,65_96,638.5,2026-09-19T06:34:53.854728+00:00,/root/rivermind-data/electricity_forecast_model2.5/data/96/authoritative/pmos_96_全量.csv
dayahead,2026-07-26,2026-07-26,12,2026-07-26 03:00:00,3,1_32,423.0,2026-09-19T06:34:53.854728+00:00,/root/rivermind-data/electricity_forecast_model2.5/data/96/authoritative/pmos_96_全量.csv
dayahead,2026-07-27,2026-07-27,93,2026-07-27 23:15:00,24,65_96,1100.24,2026-09-19T06:34:53.854728+00:00,/root/rivermind-data/electricity_forecast_model2.5/data/96/authoritative/pmos_96_全量.csv
dayahead,2026-07-26,2026-07-26,46,2026-07-26 11:30:00,12,33_64,293.84,2026-09-19T06:34:53.854728+00:00,/root/rivermind-data/electricity_forecast_model2.5/data/96/authoritative/pmos_96_全量.csv
dayahead,2026-07-27,2026-07-27,86,2026-07-27 21:30:00,22,65_96,815.6,2026-09-19T06:34:53.854728+00:00,/root/rivermind-data/electricity_forecast_model2.5/data/96/authoritative/pmos_96_全量.csv
dayahead,2026-07-27,2026-07-27,85,2026-07-27 21:15:00,22,65_96,815.57,2026-09-19T06:34:53.854728+00:00,/root/rivermind-data/electricity_forecast_model2.5/data/96/authoritative/pmos_96_全量.csv
dayahead,2026-07-25,2026-07-25,86,2026-07-25 21:30:00,22,65_96,451.38,2026-09-19T06:34:53.854728+00:00,/root/rivermind-data/electricity_forecast_model2.5/data/96/authoritative/pmos_96_全量.csv
dayahead,2026-07-25,2026-07-25,87,2026-07-25 21:45:00,22,65_96,454.6,2026-09-19T06:34:53.854728+00:00,/root/rivermind-data/electricity_forecast_model2.5/data/96/authoritative/pmos_96_全量.csv
dayahead,2026-07-27,2026-07-27,68,2026-07-27 17:00:00,17,65_96,815.6,2026-09-19T06:34:53.854728+00:00,/root/rivermind-data/electricity_forecast_model2.5/data/96/authoritative/pmos_96_全量.csv
dayahead,2026-07-24,2026-07-24,38,2026-07-24 09:30:00,10,33_64,316.88,2026-09-19T06:34:53.854728+00:00,/root/rivermind-data/electricity_forecast_model2.5/data/96/authoritative/pmos_96_全量.csv
dayahead,2026-07-31,2026-07-31,22,2026-07-31 05:30:00,6,1_32,392.5,2026-09-19T06:34:53.854728+00:00,/root/rivermind-data/electricity_forecast_model2.5/data/96/authoritative/pmos_96_全量.csv
dayahead,2026-07-22,2026-07-22,76,2026-07-22 19:00:00,19,65_96,638.5,2026-09-19T06:34:53.854728+00:00,/root/rivermind-data/electricity_forecast_model2.5/data/96/authoritative/pmos_96_全量.csv
dayahead,2026-07-31,2026-07-31,57,2026-07-31 14:15:00,15,33_64,164.61,2026-09-19T06:34:53.854728+00:00,/root/rivermind-data/electricity_forecast_model2.5/data/96/authoritative/pmos_96_全量.csv
dayahead,2026-07-26,2026-07-26,42,2026-07-26 10:30:00,11,33_64,293.84,2026-09-19T06:34:53.854728+00:00,/root/rivermind-data/electricity_forecast_model2.5/data/96/authoritative/pmos_96_全量.csv
dayahead,2026-07-26,2026-07-26,22,2026-07-26 05:30:00,6,1_32,419.0,2026-09-19T06:34:53.854728+00:00,/root/rivermind-data/electricity_forecast_model2.5/data/96/authoritative/pmos_96_全量.csv
dayahead,2026-07-27,2026-07-27,96,2026-07-28 00:00:00,24,65_96,454.0,2026-09-19T06:34:53.854728+00:00,/root/rivermind-data/electricity_forecast_model2.5/data/96/authoritative/pmos_96_全量.csv
dayahead,2026-07-27,2026-07-27,69,2026-07-27 17:15:00,18,65_96,448.0,2026-09-19T06:34:53.854728+00:00,/root/rivermind-data/electricity_forecast_model2.5/data/96/authoritative/pmos_96_全量.csv
dayahead,2026-07-26,2026-07-26,27,2026-07-26 06:45:00,7,1_32,372.0,2026-09-19T06:34:53.854728+00:00,/root/rivermind-data/electricity_forecast_model2.5/data/96/authoritative/pmos_96_全量.csv
dayahead,2026-07-25,2026-07-25,35,2026-07-25 08:45:00,9,33_64,328.0,2026-09-19T06:34:53.854728+00:00,/root/rivermind-data/electricity_forecast_model2.5/data/96/authoritative/pmos_96_全量.csv
dayahead,2026-07-25,2026-07-25,78,2026-07-25 19:30:00,20,65_96,457.0,2026-09-19T06:34:53.854728+00:00,/root/rivermind-data/electricity_forecast_model2.5/data/96/authoritative/pmos_96_全量.csv
dayahead,2026-07-26,2026-07-26,45,2026-07-26 11:15:00,12,33_64,293.84,2026-09-19T06:34:53.854728+00:00,/root/rivermind-data/electricity_forecast_model2.5/data/96/authoritative/pmos_96_全量.csv
dayahead,2026-07-31,2026-07-31,77,2026-07-31 19:15:00,20,65_96,620.0,2026-09-19T06:34:53.854728+00:00,/root/rivermind-data/electricity_forecast_model2.5/data/96/authoritative/pmos_96_全量.csv
dayahead,2026-07-31,2026-07-31,60,2026-07-31 15:00:00,15,33_64,320.22,2026-09-19T06:34:53.854728+00:00,/root/rivermind-data/electricity_forecast_model2.5/data/96/authoritative/pmos_96_全量.csv
dayahead,2026-07-31,2026-07-31,90,2026-07-31 22:30:00,23,65_96,452.24,2026-09-19T06:34:53.854728+00:00,/root/rivermind-data/electricity_forecast_model2.5/data/96/authoritative/pmos_96_全量.csv
dayahead,2026-07-27,2026-07-27,95,2026-07-27 23:45:00,24,65_96,464.0,2026-09-19T06:34:53.854728+00:00,/root/rivermind-data/electricity_forecast_model2.5/data/96/authoritative/pmos_96_全量.csv
dayahead,2026-07-27,2026-07-27,94,2026-07-27 23:30:00,24,65_96,815.6,2026-09-19T06:34:53.854728+00:00,/root/rivermind-data/electricity_forecast_model2.5/data/96/authoritative/pmos_96_全量.csv
dayahead,2026-07-27,2026-07-27,57,2026-07-27 14:15:00,15,33_64,362.0,2026-09-19T06:34:53.854728+00:00,/root/rivermind-data/electricity_forecast_model2.5/data/96/authoritative/pmos_96_全量.csv
dayahead,2026-07-25,2026-07-25,59,2026-07-25 14:45:00,15,33_64,344.33,2026-09-19T06:34:53.854728+00:00,/root/rivermind-data/electricity_forecast_model2.5/data/96/authoritative/pmos_96_全量.csv
dayahead,2026-07-24,2026-07-24,14,2026-07-24 03:30:00,4,1_32,429.0,2026-09-19T06:34:53.854728+00:00,/root/rivermind-data/electricity_forecast_model2.5/data/96/authoritative/pmos_96_全量.csv
dayahead,2026-07-27,2026-07-27,67,2026-07-27 16:45:00,17,65_96,815.6,2026-09-19T06:34:53.854728+00:00,/root/rivermind-data/electricity_forecast_model2.5/data/96/authoritative/pmos_96_全量.csv
dayahead,2026-07-31,2026-07-31,71,2026-07-31 17:45:00,18,65_96,407.91,2026-09-19T06:34:53.854728+00:00,/root/rivermind-data/electricity_forecast_model2.5/data/96/authoritative/pmos_96_全量.csv
dayahead,2026-07-27,2026-07-27,61,2026-07-27 15:15:00,16,33_64,402.0,2026-09-19T06:34:53.854728+00:00,/root/rivermind-data/electricity_forecast_model2.5/data/96/authoritative/pmos_96_全量.csv
dayahead,2026-07-27,2026-07-27,80,2026-07-27 20:00:00,20,65_96,815.6,2026-09-19T06:34:53.854728+00:00,/root/rivermind-data/electricity_forecast_model2.5/data/96/authoritative/pmos_96_全量.csv
dayahead,2026-07-28,2026-07-28,91,2026-07-28 22:45:00,23,65_96,807.38,2026-09-19T06:34:53.854728+00:00,/root/rivermind-data/electricity_forecast_model2.5/data/96/authoritative/pmos_96_全量.csv
dayahead,2026-07-31,2026-07-31,15,2026-07-31 03:45:00,4,1_32,384.0,2026-09-19T06:34:53.854728+00:00,/root/rivermind-data/electricity_forecast_model2.5/data/96/authoritative/pmos_96_全量.csv
dayahead,2026-07-28,2026-07-28,84,2026-07-28 21:00:00,21,65_96,807.38,2026-09-19T06:34:53.854728+00:00,/root/rivermind-data/electricity_forecast_model2.5/data/96/authoritative/pmos_96_全量.csv
dayahead,2026-07-28,2026-07-28,7,2026-07-28 01:45:00,2,1_32,476.0,2026-09-19T06:34:53.854728+00:00,/root/rivermind-data/electricity_forecast_model2.5/data/96/authoritative/pmos_96_全量.csv
dayahead,2026-07-28,2026-07-28,5,2026-07-28 01:15:00,2,1_32,1500.0,2026-09-19T06:34:53.854728+00:00,/root/rivermind-data/electricity_forecast_model2.5/data/96/authoritative/pmos_96_全量.csv
dayahead,2026-07-31,2026-07-31,76,2026-07-31 19:00:00,19,65_96,620.0,2026-09-19T06:34:53.854728+00:00,/root/rivermind-data/electricity_forecast_model2.5/data/96/authoritative/pmos_96_全量.csv
dayahead,2026-07-31,2026-07-31,55,2026-07-31 13:45:00,14,33_64,102.68,2026-09-19T06:34:53.854728+00:00,/root/rivermind-data/electricity_forecast_model2.5/data/96/authoritative/pmos_96_全量.csv
dayahead,2026-07-31,2026-07-31,38,2026-07-31 09:30:00,10,33_64,101.7,2026-09-19T06:34:53.854728+00:00,/root/rivermind-data/electricity_forecast_model2.5/data/96/authoritative/pmos_96_全量.csv
dayahead,2026-07-31,2026-07-31,25,2026-07-31 06:15:00,7,1_32,371.67,2026-09-19T06:34:53.854728+00:00,/root/rivermind-data/electricity_forecast_model2.5/data/96/authoritative/pmos_96_全量.csv
dayahead,2026-07-31,2026-07-31,21,2026-07-31 05:15:00,6,1_32,394.0,2026-09-19T06:34:53.854728+00:00,/root/rivermind-data/electricity_forecast_model2.5/data/96/authoritative/pmos_96_全量.csv
dayahead,2026-07-31,2026-07-31,30,2026-07-31 07:30:00,8,1_32,328.26,2026-09-19T06:34:53.854728+00:00,/root/rivermind-data/electricity_forecast_model2.5/data/96/authoritative/pmos_96_全量.csv
dayahead,2026-07-22,2026-07-22,43,2026-07-22 10:45:00,11,33_64,187.56,2026-09-19T06:34:53.854728+00:00,/root/rivermind-data/electricity_forecast_model2.5/data/96/authoritative/pmos_96_全量.csv
dayahead,2026-07-31,2026-07-31,46,2026-07-31 11:30:00,12,33_64,96.08,2026-09-19T06:34:53.854728+00:00,/root/rivermind-data/electricity_forecast_model2.5/data/96/authoritative/pmos_96_全量.csv
dayahead,2026-07-29,2026-07-29,52,2026-07-29 13:00:00,13,33_64,331.13,2026-09-19T06:34:53.854728+00:00,/root/rivermind-data/electricity_forecast_model2.5/data/96/authoritative/pmos_96_全量.csv
dayahead,2026-07-28,2026-07-28,89,2026-07-28 22:15:00,23,65_96,807.38,2026-09-19T06:34:53.854728+00:00,/root/rivermind-data/electricity_forecast_model2.5/data/96/authoritative/pmos_96_全量.csv
dayahead,2026-07-31,2026-07-31,82,2026-07-31 20:30:00,21,65_96,620.0,2026-09-19T06:34:53.854728+00:00,/root/rivermind-data/electricity_forecast_model2.5/data/96/authoritative/pmos_96_全量.csv
dayahead,2026-07-31,2026-07-31,96,2026-08-01 00:00:00,24,65_96,421.67,2026-09-19T06:34:53.854728+00:00,/root/rivermind-data/electricity_forecast_model2.5/data/96/authoritative/pmos_96_全量.csv
dayahead,2026-07-31,2026-07-31,13,2026-07-31 03:15:00,4,1_32,390.0,2026-09-19T06:34:53.854728+00:00,/root/rivermind-data/electricity_forecast_model2.5/data/96/authoritative/pmos_96_全量.csv
dayahead,2026-07-31,2026-07-31,92,2026-07-31 23:00:00,23,65_96,434.2,2026-09-19T06:34:53.854728+00:00,/root/rivermind-data/electricity_forecast_model2.5/data/96/authoritative/pmos_96_全量.csv
dayahead,2026-07-31,2026-07-31,58,2026-07-31 14:30:00,15,33_64,231.92,2026-09-19T06:34:53.854728+00:00,/root/rivermind-data/electricity_forecast_model2.5/data/96/authoritative/pmos_96_全量.csv
dayahead,2026-07-28,2026-07-28,39,2026-07-28 09:45:00,10,33_64,351.0,2026-09-19T06:34:53.854728+00:00,/root/rivermind-data/electricity_forecast_model2.5/data/96/authoritative/pmos_96_全量.csv
dayahead,2026-07-28,2026-07-28,32,2026-07-28 08:00:00,8,1_32,362.0,2026-09-19T06:34:53.854728+00:00,/root/rivermind-data/electricity_forecast_model2.5/data/96/authoritative/pmos_96_全量.csv
dayahead,2026-07-27,2026-07-27,62,2026-07-27 15:30:00,16,33_64,411.18,2026-09-19T06:34:53.854728+00:00,/root/rivermind-data/electricity_forecast_model2.5/data/96/authoritative/pmos_96_全量.csv
dayahead,2026-07-28,2026-07-28,49,2026-07-28 12:15:00,13,33_64,351.0,2026-09-19T06:34:53.854728+00:00,/root/rivermind-data/electricity_forecast_model2.5/data/96/authoritative/pmos_96_全量.csv
dayahead,2026-07-26,2026-07-26,24,2026-07-26 06:00:00,6,1_32,403.0,2026-09-19T06:34:53.854728+00:00,/root/rivermind-data/electricity_forecast_model2.5/data/96/authoritative/pmos_96_全量.csv
dayahead,2026-07-31,2026-07-31,31,2026-07-31 07:45:00,8,1_32,316.23,2026-09-19T06:34:53.854728+00:00,/root/rivermind-data/electricity_forecast_model2.5/data/96/authoritative/pmos_96_全量.csv
dayahead,2026-07-31,2026-07-31,63,2026-07-31 15:45:00,16,33_64,354.26,2026-09-19T06:34:53.854728+00:00,/root/rivermind-data/electricity_forecast_model2.5/data/96/authoritative/pmos_96_全量.csv
dayahead,2026-07-31,2026-07-31,18,2026-07-31 04:30:00,5,1_32,384.0,2026-09-19T06:34:53.854728+00:00,/root/rivermind-data/electricity_forecast_model2.5/data/96/authoritative/pmos_96_全量.csv
dayahead,2026-07-31,2026-07-31,14,2026-07-31 03:30:00,4,1_32,386.0,2026-09-19T06:34:53.854728+00:00,/root/rivermind-data/electricity_forecast_model2.5/data/96/authoritative/pmos_96_全量.csv
dayahead,2026-07-31,2026-07-31,44,2026-07-31 11:00:00,11,33_64,96.1,2026-09-19T06:34:53.854728+00:00,/root/rivermind-data/electricity_forecast_model2.5/data/96/authoritative/pmos_96_全量.csv
dayahead,2026-07-28,2026-07-28,29,2026-07-28 07:15:00,8,1_32,374.0,2026-09-19T06:34:53.854728+00:00,/root/rivermind-data/electricity_forecast_model2.5/data/96/authoritative/pmos_96_全量.csv
dayahead,2026-07-31,2026-07-31,40,2026-07-31 10:00:00,10,33_64,97.27,2026-09-19T06:34:53.854728+00:00,/root/rivermind-data/electricity_forecast_model2.5/data/96/authoritative/pmos_96_全量.csv
dayahead,2026-07-31,2026-07-31,24,2026-07-31 06:00:00,6,1_32,382.0,2026-09-19T06:34:53.854728+00:00,/root/rivermind-data/electricity_forecast_model2.5/data/96/authoritative/pmos_96_全量.csv
dayahead,2026-07-31,2026-07-31,37,2026-07-31 09:15:00,10,33_64,123.45,2026-09-19T06:34:53.854728+00:00,/root/rivermind-data/electricity_forecast_model2.5/data/96/authoritative/pmos_96_全量.csv
dayahead,2026-07-31,2026-07-31,79,2026-07-31 19:45:00,20,65_96,620.0,2026-09-19T06:34:53.854728+00:00,/root/rivermind-data/electricity_forecast_model2.5/data/96/authoritative/pmos_96_全量.csv
dayahead,2026-07-28,2026-07-28,40,2026-07-28 10:00:00,10,33_64,351.0,2026-09-19T06:34:53.854728+00:00,/root/rivermind-data/electricity_forecast_model2.5/data/96/authoritative/pmos_96_全量.csv
dayahead,2026-07-28,2026-07-28,13,2026-07-28 03:15:00,4,1_32,440.43,2026-09-19T06:34:53.854728+00:00,/root/rivermind-data/electricity_forecast_model2.5/data/96/authoritative/pmos_96_全量.csv
dayahead,2026-07-31,2026-07-31,9,2026-07-31 02:15:00,3,1_32,400.0,2026-09-19T06:34:53.854728+00:00,/root/rivermind-data/electricity_forecast_model2.5/data/96/authoritative/pmos_96_全量.csv
dayahead,2026-07-31,2026-07-31,4,2026-07-31 01:00:00,1,1_32,398.32,2026-09-19T06:34:53.854728+00:00,/root/rivermind-data/electricity_forecast_model2.5/data/96/authoritative/pmos_96_全量.csv
dayahead,2026-07-28,2026-07-28,25,2026-07-28 06:15:00,7,1_32,404.4,2026-09-19T06:34:53.854728+00:00,/root/rivermind-data/electricity_forecast_model2.5/data/96/authoritative/pmos_96_全量.csv
dayahead,2026-07-31,2026-07-31,39,2026-07-31 09:45:00,10,33_64,97.9,2026-09-19T06:34:53.854728+00:00,/root/rivermind-data/electricity_forecast_model2.5/data/96/authoritative/pmos_96_全量.csv
dayahead,2026-07-28,2026-07-28,22,2026-07-28 05:30:00,6,1_32,432.0,2026-09-19T06:34:53.854728+00:00,/root/rivermind-data/electricity_forecast_model2.5/data/96/authoritative/pmos_96_全量.csv
dayahead,2026-07-31,2026-07-31,73,2026-07-31 18:15:00,19,65_96,428.31,2026-09-19T06:34:53.854728+00:00,/root/rivermind-data/electricity_forecast_model2.5/data/96/authoritative/pmos_96_全量.csv
dayahead,2026-07-28,2026-07-28,42,2026-07-28 10:30:00,11,33_64,351.0,2026-09-19T06:34:53.854728+00:00,/root/rivermind-data/electricity_forecast_model2.5/data/96/authoritative/pmos_96_全量.csv
dayahead,2026-07-31,2026-07-31,45,2026-07-31 11:15:00,12,33_64,96.25,2026-09-19T06:34:53.854728+00:00,/root/rivermind-data/electricity_forecast_model2.5/data/96/authoritative/pmos_96_全量.csv
dayahead,2026-07-26,2026-07-26,33,2026-07-26 08:15:00,9,33_64,326.92,2026-09-19T06:34:53.854728+00:00,/root/rivermind-data/electricity_forecast_model2.5/data/96/authoritative/pmos_96_全量.csv
dayahead,2026-07-31,2026-07-31,41,2026-07-31 10:15:00,11,33_64,97.01,2026-09-19T06:34:53.854728+00:00,/root/rivermind-data/electricity_forecast_model2.5/data/96/authoritative/pmos_96_全量.csv
dayahead,2026-07-21,2026-07-21,25,2026-07-21 06:15:00,7,1_32,418.33,2026-09-19T06:34:53.854728+00:00,/root/rivermind-data/electricity_forecast_model2.5/data/96/authoritative/pmos_96_全量.csv
dayahead,2026-07-25,2026-07-25,57,2026-07-25 14:15:00,15,33_64,327.6,2026-09-19T06:34:53.854728+00:00,/root/rivermind-data/electricity_forecast_model2.5/data/96/authoritative/pmos_96_全量.csv
dayahead,2026-07-25,2026-07-25,25,2026-07-25 06:15:00,7,1_32,388.0,2026-09-19T06:34:53.854728+00:00,/root/rivermind-data/electricity_forecast_model2.5/data/96/authoritative/pmos_96_全量.csv
dayahead,2026-07-30,2026-07-30,44,2026-07-30 11:00:00,11,33_64,281.93,2026-09-19T06:34:53.854728+00:00,/root/rivermind-data/electricity_forecast_model2.5/data/96/authoritative/pmos_96_全量.csv
dayahead,2026-07-30,2026-07-30,20,2026-07-30 05:00:00,5,1_32,391.0,2026-09-19T06:34:53.854728+00:00,/root/rivermind-data/electricity_forecast_model2.5/data/96/authoritative/pmos_96_全量.csv
dayahead,2026-07-28,2026-07-28,34,2026-07-28 08:30:00,9,33_64,364.0,2026-09-19T06:34:53.854728+00:00,/root/rivermind-data/electricity_forecast_model2.5/data/96/authoritative/pmos_96_全量.csv
dayahead,2026-07-30,2026-07-30,51,2026-07-30 12:45:00,13,33_64,279.17,2026-09-19T06:34:53.854728+00:00,/root/rivermind-data/electricity_forecast_model2.5/data/96/authoritative/pmos_96_全量.csv
dayahead,2026-07-30,2026-07-30,75,2026-07-30 18:45:00,19,65_96,706.62,2026-09-19T06:34:53.854728+00:00,/root/rivermind-data/electricity_forecast_model2.5/data/96/authoritative/pmos_96_全量.csv
dayahead,2026-07-30,2026-07-30,73,2026-07-30 18:15:00,19,65_96,455.14,2026-09-19T06:34:53.854728+00:00,/root/rivermind-data/electricity_forecast_model2.5/data/96/authoritative/pmos_96_全量.csv
dayahead,2026-07-30,2026-07-30,60,2026-07-30 15:00:00,15,33_64,358.28,2026-09-19T06:34:53.854728+00:00,/root/rivermind-data/electricity_forecast_model2.5/data/96/authoritative/pmos_96_全量.csv
dayahead,2026-07-31,2026-07-31,5,2026-07-31 01:15:00,2,1_32,428.0,2026-09-19T06:34:53.854728+00:00,/root/rivermind-data/electricity_forecast_model2.5/data/96/authoritative/pmos_96_全量.csv
dayahead,2026-07-30,2026-07-30,95,2026-07-30 23:45:00,24,65_96,430.0,2026-09-19T06:34:53.854728+00:00,/root/rivermind-data/electricity_forecast_model2.5/data/96/authoritative/pmos_96_全量.csv
dayahead,2026-07-30,2026-07-30,96,2026-07-31 00:00:00,24,65_96,420.0,2026-09-19T06:34:53.854728+00:00,/root/rivermind-data/electricity_forecast_model2.5/data/96/authoritative/pmos_96_全量.csv
dayahead,2026-07-30,2026-07-30,23,2026-07-30 05:45:00,6,1_32,391.0,2026-09-19T06:34:53.854728+00:00,/root/rivermind-data/electricity_forecast_model2.5/data/96/authoritative/pmos_96_全量.csv
dayahead,2026-07-31,2026-07-31,19,2026-07-31 04:45:00,5,1_32,385.0,2026-09-19T06:34:53.854728+00:00,/root/rivermind-data/electricity_forecast_model2.5/data/96/authoritative/pmos_96_全量.csv
dayahead,2026-07-29,2026-07-29,47,2026-07-29 11:45:00,12,33_64,331.14,2026-09-19T06:34:53.854728+00:00,/root/rivermind-data/electricity_forecast_model2.5/data/96/authoritative/pmos_96_全量.csv
dayahead,2026-07-31,2026-07-31,66,2026-07-31 16:30:00,17,65_96,375.02,2026-09-19T06:34:53.854728+00:00,/root/rivermind-data/electricity_forecast_model2.5/data/96/authoritative/pmos_96_全量.csv
dayahead,2026-07-31,2026-07-31,83,2026-07-31 20:45:00,21,65_96,620.0,2026-09-19T06:34:53.854728+00:00,/root/rivermind-data/electricity_forecast_model2.5/data/96/authoritative/pmos_96_全量.csv
dayahead,2026-07-31,2026-07-31,43,2026-07-31 10:45:00,11,33_64,96.39,2026-09-19T06:34:53.854728+00:00,/root/rivermind-data/electricity_forecast_model2.5/data/96/authoritative/pmos_96_全量.csv
dayahead,2026-07-31,2026-07-31,78,2026-07-31 19:30:00,20,65_96,620.0,2026-09-19T06:34:53.854728+00:00,/root/rivermind-data/electricity_forecast_model2.5/data/96/authoritative/pmos_96_全量.csv
dayahead,2026-07-31,2026-07-31,28,2026-07-31 07:00:00,7,1_32,342.0,2026-09-19T06:34:53.854728+00:00,/root/rivermind-data/electricity_forecast_model2.5/data/96/authoritative/pmos_96_全量.csv
dayahead,2026-07-31,2026-07-31,34,2026-07-31 08:30:00,9,33_64,232.0,2026-09-19T06:34:53.854728+00:00,/root/rivermind-data/electricity_forecast_model2.5/data/96/authoritative/pmos_96_全量.csv
dayahead,2026-07-31,2026-07-31,10,2026-07-31 02:30:00,3,1_32,395.0,2026-09-19T06:34:53.854728+00:00,/root/rivermind-data/electricity_forecast_model2.5/data/96/authoritative/pmos_96_全量.csv
dayahead,2026-07-29,2026-07-29,58,2026-07-29 14:30:00,15,33_64,357.0,2026-09-19T06:34:53.854728+00:00,/root/rivermind-data/electricity_forecast_model2.5/data/96/authoritative/pmos_96_全量.csv
dayahead,2026-07-30,2026-07-30,77,2026-07-30 19:15:00,20,65_96,706.62,2026-09-19T06:34:53.854728+00:00,/root/rivermind-data/electricity_forecast_model2.5/data/96/authoritative/pmos_96_全量.csv
dayahead,2026-07-30,2026-07-30,53,2026-07-30 13:15:00,14,33_64,281.63,2026-09-19T06:34:53.854728+00:00,/root/rivermind-data/electricity_forecast_model2.5/data/96/authoritative/pmos_96_全量.csv
dayahead,2026-07-30,2026-07-30,72,2026-07-30 18:00:00,18,65_96,446.43,2026-09-19T06:34:53.854728+00:00,/root/rivermind-data/electricity_forecast_model2.5/data/96/authoritative/pmos_96_全量.csv
dayahead,2026-07-31,2026-07-31,72,2026-07-31 18:00:00,18,65_96,420.0,2026-09-19T06:34:53.854728+00:00,/root/rivermind-data/electricity_forecast_model2.5/data/96/authoritative/pmos_96_全量.csv
dayahead,2026-07-31,2026-07-31,88,2026-07-31 22:00:00,22,65_96,620.0,2026-09-19T06:34:53.854728+00:00,/root/rivermind-data/electricity_forecast_model2.5/data/96/authoritative/pmos_96_全量.csv
dayahead,2026-07-22,2026-07-22,22,2026-07-22 05:30:00,6,1_32,489.0,2026-09-19T06:34:53.854728+00:00,/root/rivermind-data/electricity_forecast_model2.5/data/96/authoritative/pmos_96_全量.csv
dayahead,2026-07-31,2026-07-31,48,2026-07-31 12:00:00,12,33_64,96.19,2026-09-19T06:34:53.854728+00:00,/root/rivermind-data/electricity_forecast_model2.5/data/96/authoritative/pmos_96_全量.csv
dayahead,2026-07-30,2026-07-30,78,2026-07-30 19:30:00,20,65_96,706.62,2026-09-19T06:34:53.854728+00:00,/root/rivermind-data/electricity_forecast_model2.5/data/96/authoritative/pmos_96_全量.csv
dayahead,2026-07-30,2026-07-30,11,2026-07-30 02:45:00,3,1_32,396.0,2026-09-19T06:34:53.854728+00:00,/root/rivermind-data/electricity_forecast_model2.5/data/96/authoritative/pmos_96_全量.csv
dayahead,2026-07-30,2026-07-30,86,2026-07-30 21:30:00,22,65_96,706.62,2026-09-19T06:34:53.854728+00:00,/root/rivermind-data/electricity_forecast_model2.5/data/96/authoritative/pmos_96_全量.csv
dayahead,2026-07-31,2026-07-31,32,2026-07-31 08:00:00,8,1_32,310.2,2026-09-19T06:34:53.854728+00:00,/root/rivermind-data/electricity_forecast_model2.5/data/96/authoritative/pmos_96_全量.csv
dayahead,2026-07-30,2026-07-30,87,2026-07-30 21:45:00,22,65_96,706.62,2026-09-19T06:34:53.854728+00:00,/root/rivermind-data/electricity_forecast_model2.5/data/96/authoritative/pmos_96_全量.csv
dayahead,2026-07-28,2026-07-28,4,2026-07-28 01:00:00,1,1_32,454.09,2026-09-19T06:34:53.854728+00:00,/root/rivermind-data/electricity_forecast_model2.5/data/96/authoritative/pmos_96_全量.csv
dayahead,2026-07-31,2026-07-31,6,2026-07-31 01:30:00,2,1_32,425.0,2026-09-19T06:34:53.854728+00:00,/root/rivermind-data/electricity_forecast_model2.5/data/96/authoritative/pmos_96_全量.csv
dayahead,2026-07-30,2026-07-30,49,2026-07-30 12:15:00,13,33_64,281.86,2026-09-19T06:34:53.854728+00:00,/root/rivermind-data/electricity_forecast_model2.5/data/96/authoritative/pmos_96_全量.csv
dayahead,2026-07-25,2026-07-25,5,2026-07-25 01:15:00,2,1_32,457.0,2026-09-19T06:34:53.854728+00:00,/root/rivermind-data/electricity_forecast_model2.5/data/96/authoritative/pmos_96_全量.csv
dayahead,2026-07-26,2026-07-26,68,2026-07-26 17:00:00,17,65_96,427.0,2026-09-19T06:34:53.854728+00:00,/root/rivermind-data/electricity_forecast_model2.5/data/96/authoritative/pmos_96_全量.csv
dayahead,2026-07-31,2026-07-31,87,2026-07-31 21:45:00,22,65_96,620.0,2026-09-19T06:34:53.854728+00:00,/root/rivermind-data/electricity_forecast_model2.5/data/96/authoritative/pmos_96_全量.csv
dayahead,2026-07-28,2026-07-28,27,2026-07-28 06:45:00,7,1_32,389.0,2026-09-19T06:34:53.854728+00:00,/root/rivermind-data/electricity_forecast_model2.5/data/96/authoritative/pmos_96_全量.csv
dayahead,2026-07-29,2026-07-29,63,2026-07-29 15:45:00,16,33_64,412.18,2026-09-19T06:34:53.854728+00:00,/root/rivermind-data/electricity_forecast_model2.5/data/96/authoritative/pmos_96_全量.csv
dayahead,2026-07-28,2026-07-28,44,2026-07-28 11:00:00,11,33_64,351.0,2026-09-19T06:34:53.854728+00:00,/root/rivermind-data/electricity_forecast_model2.5/data/96/authoritative/pmos_96_全量.csv
dayahead,2026-07-29,2026-07-29,73,2026-07-29 18:15:00,19,65_96,476.0,2026-09-19T06:34:53.854728+00:00,/root/rivermind-data/electricity_forecast_model2.5/data/96/authoritative/pmos_96_全量.csv
dayahead,2026-07-28,2026-07-28,30,2026-07-28 07:30:00,8,1_32,372.0,2026-09-19T06:34:53.854728+00:00,/root/rivermind-data/electricity_forecast_model2.5/data/96/authoritative/pmos_96_全量.csv
dayahead,2026-07-28,2026-07-28,83,2026-07-28 20:45:00,21,65_96,807.38,2026-09-19T06:34:53.854728+00:00,/root/rivermind-data/electricity_forecast_model2.5/data/96/authoritative/pmos_96_全量.csv
dayahead,2026-07-31,2026-07-31,35,2026-07-31 08:45:00,9,33_64,168.83,2026-09-19T06:34:53.854728+00:00,/root/rivermind-data/electricity_forecast_model2.5/data/96/authoritative/pmos_96_全量.csv
dayahead,2026-07-29,2026-07-29,65,2026-07-29 16:15:00,17,65_96,436.0,2026-09-19T06:34:53.854728+00:00,/root/rivermind-data/electricity_forecast_model2.5/data/96/authoritative/pmos_96_全量.csv
dayahead,2026-07-28,2026-07-28,94,2026-07-28 23:30:00,24,65_96,471.73,2026-09-19T06:34:53.854728+00:00,/root/rivermind-data/electricity_forecast_model2.5/data/96/authoritative/pmos_96_全量.csv
dayahead,2026-07-29,2026-07-29,61,2026-07-29 15:15:00,16,33_64,390.0,2026-09-19T06:34:53.854728+00:00,/root/rivermind-data/electricity_forecast_model2.5/data/96/authoritative/pmos_96_全量.csv
dayahead,2026-07-28,2026-07-28,93,2026-07-28 23:15:00,24,65_96,807.38,2026-09-19T06:34:53.854728+00:00,/root/rivermind-data/electricity_forecast_model2.5/data/96/authoritative/pmos_96_全量.csv
dayahead,2026-07-31,2026-07-31,2,2026-07-31 00:30:00,1,1_32,405.4,2026-09-19T06:34:53.854728+00:00,/root/rivermind-data/electricity_forecast_model2.5/data/96/authoritative/pmos_96_全量.csv
dayahead,2026-07-28,2026-07-28,86,2026-07-28 21:30:00,22,65_96,807.38,2026-09-19T06:34:53.854728+00:00,/root/rivermind-data/electricity_forecast_model2.5/data/96/authoritative/pmos_96_全量.csv
dayahead,2026-07-28,2026-07-28,24,2026-07-28 06:00:00,6,1_32,416.0,2026-09-19T06:34:53.854728+00:00,/root/rivermind-data/electricity_forecast_model2.5/data/96/authoritative/pmos_96_全量.csv
dayahead,2026-07-28,2026-07-28,14,2026-07-28 03:30:00,4,1_32,437.0,2026-09-19T06:34:53.854728+00:00,/root/rivermind-data/electricity_forecast_model2.5/data/96/authoritative/pmos_96_全量.csv
dayahead,2026-07-28,2026-07-28,41,2026-07-28 10:15:00,11,33_64,351.0,2026-09-19T06:34:53.854728+00:00,/root/rivermind-data/electricity_forecast_model2.5/data/96/authoritative/pmos_96_全量.csv
dayahead,2026-07-28,2026-07-28,31,2026-07-28 07:45:00,8,1_32,369.24,2026-09-19T06:34:53.854728+00:00,/root/rivermind-data/electricity_forecast_model2.5/data/96/authoritative/pmos_96_全量.csv
dayahead,2026-07-28,2026-07-28,20,2026-07-28 05:00:00,5,1_32,431.92,2026-09-19T06:34:53.854728+00:00,/root/rivermind-data/electricity_forecast_model2.5/data/96/authoritative/pmos_96_全量.csv
dayahead,2026-07-27,2026-07-27,83,2026-07-27 20:45:00,21,65_96,815.6,2026-09-19T06:34:53.854728+00:00,/root/rivermind-data/electricity_forecast_model2.5/data/96/authoritative/pmos_96_全量.csv
dayahead,2026-07-28,2026-07-28,8,2026-07-28 02:00:00,2,1_32,464.0,2026-09-19T06:34:53.854728+00:00,/root/rivermind-data/electricity_forecast_model2.5/data/96/authoritative/pmos_96_全量.csv
dayahead,2026-07-28,2026-07-28,50,2026-07-28 12:30:00,13,33_64,351.0,2026-09-19T06:34:53.854728+00:00,/root/rivermind-data/electricity_forecast_model2.5/data/96/authoritative/pmos_96_全量.csv
dayahead,2026-07-28,2026-07-28,9,2026-07-28 02:15:00,3,1_32,456.0,2026-09-19T06:34:53.854728+00:00,/root/rivermind-data/electricity_forecast_model2.5/data/96/authoritative/pmos_96_全量.csv
dayahead,2026-07-25,2026-07-25,45,2026-07-25 11:15:00,12,33_64,242.45,2026-09-19T06:34:53.854728+00:00,/root/rivermind-data/electricity_forecast_model2.5/data/96/authoritative/pmos_96_全量.csv
dayahead,2026-07-28,2026-07-28,45,2026-07-28 11:15:00,12,33_64,351.0,2026-09-19T06:34:53.854728+00:00,/root/rivermind-data/electricity_forecast_model2.5/data/96/authoritative/pmos_96_全量.csv
dayahead,2026-07-29,2026-07-29,71,2026-07-29 17:45:00,18,65_96,467.0,2026-09-19T06:34:53.854728+00:00,/root/rivermind-data/electricity_forecast_model2.5/data/96/authoritative/pmos_96_全量.csv
dayahead,2026-07-28,2026-07-28,77,2026-07-28 19:15:00,20,65_96,807.38,2026-09-19T06:34:53.854728+00:00,/root/rivermind-data/electricity_forecast_model2.5/data/96/authoritative/pmos_96_全量.csv
dayahead,2026-07-28,2026-07-28,88,2026-07-28 22:00:00,22,65_96,807.38,2026-09-19T06:34:53.854728+00:00,/root/rivermind-data/electricity_forecast_model2.5/data/96/authoritative/pmos_96_全量.csv
dayahead,2026-07-29,2026-07-29,53,2026-07-29 13:15:00,14,33_64,331.17,2026-09-19T06:34:53.854728+00:00,/root/rivermind-data/electricity_forecast_model2.5/data/96/authoritative/pmos_96_全量.csv
dayahead,2026-07-29,2026-07-29,60,2026-07-29 15:00:00,15,33_64,381.1,2026-09-19T06:34:53.854728+00:00,/root/rivermind-data/electricity_forecast_model2.5/data/96/authoritative/pmos_96_全量.csv
dayahead,2026-07-28,2026-07-28,87,2026-07-28 21:45:00,22,65_96,807.38,2026-09-19T06:34:53.854728+00:00,/root/rivermind-data/electricity_forecast_model2.5/data/96/authoritative/pmos_96_全量.csv
dayahead,2026-07-28,2026-07-28,2,2026-07-28 00:30:00,1,1_32,462.0,2026-09-19T06:34:53.854728+00:00,/root/rivermind-data/electricity_forecast_model2.5/data/96/authoritative/pmos_96_全量.csv
dayahead,2026-07-25,2026-07-25,11,2026-07-25 02:45:00,3,1_32,418.64,2026-09-19T06:34:53.854728+00:00,/root/rivermind-data/electricity_forecast_model2.5/data/96/authoritative/pmos_96_全量.csv
dayahead,2026-07-18,2026-07-18,49,2026-07-18 12:15:00,13,33_64,-80.0,2026-09-19T06:34:53.854728+00:00,/root/rivermind-data/electricity_forecast_model2.5/data/96/authoritative/pmos_96_全量.csv
dayahead,2026-07-28,2026-07-28,79,2026-07-28 19:45:00,20,65_96,807.38,2026-09-19T06:34:53.854728+00:00,/root/rivermind-data/electricity_forecast_model2.5/data/96/authoritative/pmos_96_全量.csv
dayahead,2026-07-29,2026-07-29,37,2026-07-29 09:15:00,10,33_64,343.05,2026-09-19T06:34:53.854728+00:00,/root/rivermind-data/electricity_forecast_model2.5/data/96/authoritative/pmos_96_全量.csv
dayahead,2026-07-28,2026-07-28,3,2026-07-28 00:45:00,1,1_32,456.0,2026-09-19T06:34:53.854728+00:00,/root/rivermind-data/electricity_forecast_model2.5/data/96/authoritative/pmos_96_全量.csv
dayahead,2026-07-28,2026-07-28,48,2026-07-28 12:00:00,12,33_64,351.0,2026-09-19T06:34:53.854728+00:00,/root/rivermind-data/electricity_forecast_model2.5/data/96/authoritative/pmos_96_全量.csv
dayahead,2026-07-29,2026-07-29,39,2026-07-29 09:45:00,10,33_64,332.78,2026-09-19T06:34:53.854728+00:00,/root/rivermind-data/electricity_forecast_model2.5/data/96/authoritative/pmos_96_全量.csv
dayahead,2026-07-29,2026-07-29,38,2026-07-29 09:30:00,10,33_64,337.7,2026-09-19T06:34:53.854728+00:00,/root/rivermind-data/electricity_forecast_model2.5/data/96/authoritative/pmos_96_全量.csv
dayahead,2026-07-28,2026-07-28,23,2026-07-28 05:45:00,6,1_32,426.0,2026-09-19T06:34:53.854728+00:00,/root/rivermind-data/electricity_forecast_model2.5/data/96/authoritative/pmos_96_全量.csv
dayahead,2026-07-28,2026-07-28,82,2026-07-28 20:30:00,21,65_96,807.38,2026-09-19T06:34:53.854728+00:00,/root/rivermind-data/electricity_forecast_model2.5/data/96/authoritative/pmos_96_全量.csv
dayahead,2026-07-25,2026-07-25,31,2026-07-25 07:45:00,8,1_32,341.8,2026-09-19T06:34:53.854728+00:00,/root/rivermind-data/electricity_forecast_model2.5/data/96/authoritative/pmos_96_全量.csv
dayahead,2026-07-28,2026-07-28,36,2026-07-28 09:00:00,9,33_64,352.54,2026-09-19T06:34:53.854728+00:00,/root/rivermind-data/electricity_forecast_model2.5/data/96/authoritative/pmos_96_全量.csv
dayahead,2026-07-25,2026-07-25,39,2026-07-25 09:45:00,10,33_64,278.56,2026-09-19T06:34:53.854728+00:00,/root/rivermind-data/electricity_forecast_model2.5/data/96/authoritative/pmos_96_全量.csv
dayahead,2026-07-31,2026-07-31,74,2026-07-31 18:30:00,19,65_96,444.8,2026-09-19T06:34:53.854728+00:00,/root/rivermind-data/electricity_forecast_model2.5/data/96/authoritative/pmos_96_全量.csv
dayahead,2026-07-26,2026-07-26,34,2026-07-26 08:30:00,9,33_64,323.02,2026-09-19T06:34:53.854728+00:00,/root/rivermind-data/electricity_forecast_model2.5/data/96/authoritative/pmos_96_全量.csv
dayahead,2026-07-31,2026-07-31,53,2026-07-31 13:15:00,14,33_64,96.24,2026-09-19T06:34:53.854728+00:00,/root/rivermind-data/electricity_forecast_model2.5/data/96/authoritative/pmos_96_全量.csv
dayahead,2026-07-31,2026-07-31,50,2026-07-31 12:30:00,13,33_64,96.07,2026-09-19T06:34:53.854728+00:00,/root/rivermind-data/electricity_forecast_model2.5/data/96/authoritative/pmos_96_全量.csv
dayahead,2026-07-31,2026-07-31,93,2026-07-31 23:15:00,24,65_96,620.0,2026-09-19T06:34:53.854728+00:00,/root/rivermind-data/electricity_forecast_model2.5/data/96/authoritative/pmos_96_全量.csv
dayahead,2026-07-26,2026-07-26,48,2026-07-26 12:00:00,12,33_64,291.65,2026-09-19T06:34:53.854728+00:00,/root/rivermind-data/electricity_forecast_model2.5/data/96/authoritative/pmos_96_全量.csv
dayahead,2026-07-28,2026-07-28,18,2026-07-28 04:30:00,5,1_32,428.0,2026-09-19T06:34:53.854728+00:00,/root/rivermind-data/electricity_forecast_model2.5/data/96/authoritative/pmos_96_全量.csv
dayahead,2026-07-31,2026-07-31,84,2026-07-31 21:00:00,21,65_96,620.0,2026-09-19T06:34:53.854728+00:00,/root/rivermind-data/electricity_forecast_model2.5/data/96/authoritative/pmos_96_全量.csv
dayahead,2026-07-31,2026-07-31,81,2026-07-31 20:15:00,21,65_96,620.0,2026-09-19T06:34:53.854728+00:00,/root/rivermind-data/electricity_forecast_model2.5/data/96/authoritative/pmos_96_全量.csv
dayahead,2026-07-27,2026-07-27,56,2026-07-27 14:00:00,14,33_64,354.0,2026-09-19T06:34:53.854728+00:00,/root/rivermind-data/electricity_forecast_model2.5/data/96/authoritative/pmos_96_全量.csv
dayahead,2026-07-28,2026-07-28,28,2026-07-28 07:00:00,7,1_32,381.64,2026-09-19T06:34:53.854728+00:00,/root/rivermind-data/electricity_forecast_model2.5/data/96/authoritative/pmos_96_全量.csv
dayahead,2026-07-31,2026-07-31,95,2026-07-31 23:45:00,24,65_96,435.63,2026-09-19T06:34:53.854728+00:00,/root/rivermind-data/electricity_forecast_model2.5/data/96/authoritative/pmos_96_全量.csv
dayahead,2026-07-28,2026-07-28,21,2026-07-28 05:15:00,6,1_32,435.0,2026-09-19T06:34:53.854728+00:00,/root/rivermind-data/electricity_forecast_model2.5/data/96/authoritative/pmos_96_全量.csv
dayahead,2026-07-31,2026-07-31,52,2026-07-31 13:00:00,13,33_64,96.2,2026-09-19T06:34:53.854728+00:00,/root/rivermind-data/electricity_forecast_model2.5/data/96/authoritative/pmos_96_全量.csv
dayahead,2026-07-31,2026-07-31,86,2026-07-31 21:30:00,22,65_96,620.0,2026-09-19T06:34:53.854728+00:00,/root/rivermind-data/electricity_forecast_model2.5/data/96/authoritative/pmos_96_全量.csv
dayahead,2026-07-28,2026-07-28,38,2026-07-28 09:30:00,10,33_64,351.0,2026-09-19T06:34:53.854728+00:00,/root/rivermind-data/electricity_forecast_model2.5/data/96/authoritative/pmos_96_全量.csv
dayahead,2026-07-31,2026-07-31,27,2026-07-31 06:45:00,7,1_32,352.0,2026-09-19T06:34:53.854728+00:00,/root/rivermind-data/electricity_forecast_model2.5/data/96/authoritative/pmos_96_全量.csv
dayahead,2026-07-31,2026-07-31,20,2026-07-31 05:00:00,5,1_32,390.0,2026-09-19T06:34:53.854728+00:00,/root/rivermind-data/electricity_forecast_model2.5/data/96/authoritative/pmos_96_全量.csv
dayahead,2026-07-28,2026-07-28,10,2026-07-28 02:30:00,3,1_32,450.24,2026-09-19T06:34:53.854728+00:00,/root/rivermind-data/electricity_forecast_model2.5/data/96/authoritative/pmos_96_全量.csv
dayahead,2026-07-29,2026-07-29,69,2026-07-29 17:15:00,18,65_96,447.79,2026-09-19T06:34:53.854728+00:00,/root/rivermind-data/electricity_forecast_model2.5/data/96/authoritative/pmos_96_全量.csv
dayahead,2026-07-29,2026-07-29,57,2026-07-29 14:15:00,15,33_64,350.16,2026-09-19T06:34:53.854728+00:00,/root/rivermind-data/electricity_forecast_model2.5/data/96/authoritative/pmos_96_全量.csv
dayahead,2026-07-28,2026-07-28,43,2026-07-28 10:45:00,11,33_64,351.0,2026-09-19T06:34:53.854728+00:00,/root/rivermind-data/electricity_forecast_model2.5/data/96/authoritative/pmos_96_全量.csv
dayahead,2026-07-28,2026-07-28,70,2026-07-28 17:30:00,18,65_96,455.0,2026-09-19T06:34:53.854728+00:00,/root/rivermind-data/electricity_forecast_model2.5/data/96/authoritative/pmos_96_全量.csv
dayahead,2026-07-28,2026-07-28,61,2026-07-28 15:15:00,16,33_64,387.66,2026-09-19T06:34:53.854728+00:00,/root/rivermind-data/electricity_forecast_model2.5/data/96/authoritative/pmos_96_全量.csv
dayahead,2026-07-28,2026-07-28,12,2026-07-28 03:00:00,3,1_32,442.0,2026-09-19T06:34:53.854728+00:00,/root/rivermind-data/electricity_forecast_model2.5/data/96/authoritative/pmos_96_全量.csv
dayahead,2026-07-29,2026-07-29,44,2026-07-29 11:00:00,11,33_64,331.34,2026-09-19T06:34:53.854728+00:00,/root/rivermind-data/electricity_forecast_model2.5/data/96/authoritative/pmos_96_全量.csv
dayahead,2026-07-31,2026-07-31,42,2026-07-31 10:30:00,11,33_64,96.93,2026-09-19T06:34:53.854728+00:00,/root/rivermind-data/electricity_forecast_model2.5/data/96/authoritative/pmos_96_全量.csv
dayahead,2026-07-22,2026-07-22,24,2026-07-22 06:00:00,6,1_32,466.4,2026-09-19T06:34:53.854728+00:00,/root/rivermind-data/electricity_forecast_model2.5/data/96/authoritative/pmos_96_全量.csv
dayahead,2026-07-25,2026-07-25,27,2026-07-25 06:45:00,7,1_32,368.0,2026-09-19T06:34:53.854728+00:00,/root/rivermind-data/electricity_forecast_model2.5/data/96/authoritative/pmos_96_全量.csv
dayahead,2026-07-31,2026-07-31,59,2026-07-31 14:45:00,15,33_64,290.65,2026-09-19T06:34:53.854728+00:00,/root/rivermind-data/electricity_forecast_model2.5/data/96/authoritative/pmos_96_全量.csv
dayahead,2026-07-27,2026-07-27,28,2026-07-27 07:00:00,7,1_32,362.0,2026-09-19T06:34:53.854728+00:00,/root/rivermind-data/electricity_forecast_model2.5/data/96/authoritative/pmos_96_全量.csv
dayahead,2026-07-31,2026-07-31,89,2026-07-31 22:15:00,23,65_96,620.0,2026-09-19T06:34:53.854728+00:00,/root/rivermind-data/electricity_forecast_model2.5/data/96/authoritative/pmos_96_全量.csv
dayahead,2026-07-25,2026-07-25,26,2026-07-25 06:30:00,7,1_32,378.0,2026-09-19T06:34:53.854728+00:00,/root/rivermind-data/electricity_forecast_model2.5/data/96/authoritative/pmos_96_全量.csv
dayahead,2026-07-31,2026-07-31,54,2026-07-31 13:30:00,14,33_64,97.33,2026-09-19T06:34:53.854728+00:00,/root/rivermind-data/electricity_forecast_model2.5/data/96/authoritative/pmos_96_全量.csv
dayahead,2026-07-31,2026-07-31,3,2026-07-31 00:45:00,1,1_32,401.0,2026-09-19T06:34:53.854728+00:00,/root/rivermind-data/electricity_forecast_model2.5/data/96/authoritative/pmos_96_全量.csv
dayahead,2026-07-31,2026-07-31,61,2026-07-31 15:15:00,16,33_64,332.77,2026-09-19T06:34:53.854728+00:00,/root/rivermind-data/electricity_forecast_model2.5/data/96/authoritative/pmos_96_全量.csv
dayahead,2026-07-29,2026-07-29,70,2026-07-29 17:30:00,18,65_96,458.0,2026-09-19T06:34:53.854728+00:00,/root/rivermind-data/electricity_forecast_model2.5/data/96/authoritative/pmos_96_全量.csv
dayahead,2026-07-29,2026-07-29,67,2026-07-29 16:45:00,17,65_96,445.39,2026-09-19T06:34:53.854728+00:00,/root/rivermind-data/electricity_forecast_model2.5/data/96/authoritative/pmos_96_全量.csv
dayahead,2026-07-28,2026-07-28,26,2026-07-28 06:30:00,7,1_32,397.5,2026-09-19T06:34:53.854728+00:00,/root/rivermind-data/electricity_forecast_model2.5/data/96/authoritative/pmos_96_全量.csv
dayahead,2026-07-31,2026-07-31,70,2026-07-31 17:30:00,18,65_96,398.0,2026-09-19T06:34:53.854728+00:00,/root/rivermind-data/electricity_forecast_model2.5/data/96/authoritative/pmos_96_全量.csv
dayahead,2026-07-30,2026-07-30,32,2026-07-30 08:00:00,8,1_32,336.0,2026-09-19T06:34:53.854728+00:00,/root/rivermind-data/electricity_forecast_model2.5/data/96/authoritative/pmos_96_全量.csv
dayahead,2026-07-30,2026-07-30,93,2026-07-30 23:15:00,24,65_96,456.0,2026-09-19T06:34:53.854728+00:00,/root/rivermind-data/electricity_forecast_model2.5/data/96/authoritative/pmos_96_全量.csv
dayahead,2026-07-26,2026-07-26,90,2026-07-26 22:30:00,23,65_96,654.05,2026-09-19T06:34:53.854728+00:00,/root/rivermind-data/electricity_forecast_model2.5/data/96/authoritative/pmos_96_全量.csv
dayahead,2026-07-25,2026-07-25,49,2026-07-25 12:15:00,13,33_64,153.0,2026-09-19T06:34:53.854728+00:00,/root/rivermind-data/electricity_forecast_model2.5/data/96/authoritative/pmos_96_全量.csv
dayahead,2026-07-28,2026-07-28,75,2026-07-28 18:45:00,19,65_96,807.38,2026-09-19T06:34:53.854728+00:00,/root/rivermind-data/electricity_forecast_model2.5/data/96/authoritative/pmos_96_全量.csv
dayahead,2026-07-25,2026-07-25,77,2026-07-25 19:15:00,20,65_96,454.6,2026-09-19T06:34:53.854728+00:00,/root/rivermind-data/electricity_forecast_model2.5/data/96/authoritative/pmos_96_全量.csv
dayahead,2026-07-25,2026-07-25,10,2026-07-25 02:30:00,3,1_32,422.09,2026-09-19T06:34:53.854728+00:00,/root/rivermind-data/electricity_forecast_model2.5/data/96/authoritative/pmos_96_全量.csv
dayahead,2026-07-26,2026-07-26,96,2026-07-27 00:00:00,24,65_96,447.0,2026-09-19T06:34:53.854728+00:00,/root/rivermind-data/electricity_forecast_model2.5/data/96/authoritative/pmos_96_全量.csv
dayahead,2026-07-26,2026-07-26,95,2026-07-26 23:45:00,24,65_96,456.0,2026-09-19T06:34:53.854728+00:00,/root/rivermind-data/electricity_forecast_model2.5/data/96/authoritative/pmos_96_全量.csv
dayahead,2026-07-27,2026-07-27,11,2026-07-27 02:45:00,3,1_32,415.63,2026-09-19T06:34:53.854728+00:00,/root/rivermind-data/electricity_forecast_model2.5/data/96/authoritative/pmos_96_全量.csv
dayahead,2026-07-26,2026-07-26,88,2026-07-26 22:00:00,22,65_96,654.05,2026-09-19T06:34:53.854728+00:00,/root/rivermind-data/electricity_forecast_model2.5/data/96/authoritative/pmos_96_全量.csv
dayahead,2026-07-26,2026-07-26,54,2026-07-26 13:30:00,14,33_64,297.35,2026-09-19T06:34:53.854728+00:00,/root/rivermind-data/electricity_forecast_model2.5/data/96/authoritative/pmos_96_全量.csv
dayahead,2026-07-31,2026-07-31,11,2026-07-31 02:45:00,3,1_32,393.0,2026-09-19T06:34:53.854728+00:00,/root/rivermind-data/electricity_forecast_model2.5/data/96/authoritative/pmos_96_全量.csv
dayahead,2026-07-26,2026-07-26,73,2026-07-26 18:15:00,19,65_96,455.0,2026-09-19T06:34:53.854728+00:00,/root/rivermind-data/electricity_forecast_model2.5/data/96/authoritative/pmos_96_全量.csv
dayahead,2026-07-30,2026-07-30,88,2026-07-30 22:00:00,22,65_96,706.62,2026-09-19T06:34:53.854728+00:00,/root/rivermind-data/electricity_forecast_model2.5/data/96/authoritative/pmos_96_全量.csv
dayahead,2026-07-26,2026-07-26,91,2026-07-26 22:45:00,23,65_96,468.0,2026-09-19T06:34:53.854728+00:00,/root/rivermind-data/electricity_forecast_model2.5/data/96/authoritative/pmos_96_全量.csv
dayahead,2026-07-30,2026-07-30,8,2026-07-30 02:00:00,2,1_32,408.54,2026-09-19T06:34:53.854728+00:00,/root/rivermind-data/electricity_forecast_model2.5/data/96/authoritative/pmos_96_全量.csv
dayahead,2026-07-26,2026-07-26,85,2026-07-26 21:15:00,22,65_96,563.81,2026-09-19T06:34:53.854728+00:00,/root/rivermind-data/electricity_forecast_model2.5/data/96/authoritative/pmos_96_全量.csv
dayahead,2026-07-26,2026-07-26,75,2026-07-26 18:45:00,19,65_96,468.0,2026-09-19T06:34:53.854728+00:00,/root/rivermind-data/electricity_forecast_model2.5/data/96/authoritative/pmos_96_全量.csv
dayahead,2026-07-26,2026-07-26,84,2026-07-26 21:00:00,21,65_96,654.05,2026-09-19T06:34:53.854728+00:00,/root/rivermind-data/electricity_forecast_model2.5/data/96/authoritative/pmos_96_全量.csv
dayahead,2026-07-31,2026-07-31,8,2026-07-31 02:00:00,2,1_32,408.0,2026-09-19T06:34:53.854728+00:00,/root/rivermind-data/electricity_forecast_model2.5/data/96/authoritative/pmos_96_全量.csv
dayahead,2026-07-28,2026-07-28,85,2026-07-28 21:15:00,22,65_96,807.38,2026-09-19T06:34:53.854728+00:00,/root/rivermind-data/electricity_forecast_model2.5/data/96/authoritative/pmos_96_全量.csv
dayahead,2026-07-30,2026-07-30,39,2026-07-30 09:45:00,10,33_64,294.47,2026-09-19T06:34:53.854728+00:00,/root/rivermind-data/electricity_forecast_model2.5/data/96/authoritative/pmos_96_全量.csv
dayahead,2026-07-25,2026-07-25,37,2026-07-25 09:15:00,10,33_64,309.0,2026-09-19T06:34:53.854728+00:00,/root/rivermind-data/electricity_forecast_model2.5/data/96/authoritative/pmos_96_全量.csv
dayahead,2026-07-25,2026-07-25,36,2026-07-25 09:00:00,9,33_64,320.0,2026-09-19T06:34:53.854728+00:00,/root/rivermind-data/electricity_forecast_model2.5/data/96/authoritative/pmos_96_全量.csv
dayahead,2026-07-25,2026-07-25,13,2026-07-25 03:15:00,4,1_32,415.0,2026-09-19T06:34:53.854728+00:00,/root/rivermind-data/electricity_forecast_model2.5/data/96/authoritative/pmos_96_全量.csv
dayahead,2026-07-30,2026-07-30,22,2026-07-30 05:30:00,6,1_32,395.0,2026-09-19T06:34:53.854728+00:00,/root/rivermind-data/electricity_forecast_model2.5/data/96/authoritative/pmos_96_全量.csv
dayahead,2026-07-25,2026-07-25,19,2026-07-25 04:45:00,5,1_32,410.0,2026-09-19T06:34:53.854728+00:00,/root/rivermind-data/electricity_forecast_model2.5/data/96/authoritative/pmos_96_全量.csv
dayahead,2026-07-25,2026-07-25,9,2026-07-25 02:15:00,3,1_32,426.0,2026-09-19T06:34:53.854728+00:00,/root/rivermind-data/electricity_forecast_model2.5/data/96/authoritative/pmos_96_全量.csv
dayahead,2026-07-25,2026-07-25,20,2026-07-25 05:00:00,5,1_32,415.0,2026-09-19T06:34:53.854728+00:00,/root/rivermind-data/electricity_forecast_model2.5/data/96/authoritative/pmos_96_全量.csv
dayahead,2026-07-25,2026-07-25,2,2026-07-25 00:30:00,1,1_32,425.0,2026-09-19T06:34:53.854728+00:00,/root/rivermind-data/electricity_forecast_model2.5/data/96/authoritative/pmos_96_全量.csv
dayahead,2026-07-26,2026-07-26,63,2026-07-26 15:45:00,16,33_64,391.12,2026-09-19T06:34:53.854728+00:00,/root/rivermind-data/electricity_forecast_model2.5/data/96/authoritative/pmos_96_全量.csv
dayahead,2026-07-25,2026-07-25,18,2026-07-25 04:30:00,5,1_32,409.25,2026-09-19T06:34:53.854728+00:00,/root/rivermind-data/electricity_forecast_model2.5/data/96/authoritative/pmos_96_全量.csv
dayahead,2026-07-26,2026-07-26,59,2026-07-26 14:45:00,15,33_64,355.05,2026-09-19T06:34:53.854728+00:00,/root/rivermind-data/electricity_forecast_model2.5/data/96/authoritative/pmos_96_全量.csv
dayahead,2026-07-25,2026-07-25,28,2026-07-25 07:00:00,7,1_32,359.56,2026-09-19T06:34:53.854728+00:00,/root/rivermind-data/electricity_forecast_model2.5/data/96/authoritative/pmos_96_全量.csv
dayahead,2026-07-30,2026-07-30,94,2026-07-30 23:30:00,24,65_96,442.0,2026-09-19T06:34:53.854728+00:00,/root/rivermind-data/electricity_forecast_model2.5/data/96/authoritative/pmos_96_全量.csv
dayahead,2026-07-25,2026-07-25,75,2026-07-25 18:45:00,19,65_96,445.0,2026-09-19T06:34:53.854728+00:00,/root/rivermind-data/electricity_forecast_model2.5/data/96/authoritative/pmos_96_全量.csv
dayahead,2026-07-25,2026-07-25,12,2026-07-25 03:00:00,3,1_32,416.36,2026-09-19T06:34:53.854728+00:00,/root/rivermind-data/electricity_forecast_model2.5/data/96/authoritative/pmos_96_全量.csv
dayahead,2026-07-25,2026-07-25,50,2026-07-25 12:30:00,13,33_64,156.29,2026-09-19T06:34:53.854728+00:00,/root/rivermind-data/electricity_forecast_model2.5/data/96/authoritative/pmos_96_全量.csv
dayahead,2026-07-26,2026-07-26,72,2026-07-26 18:00:00,18,65_96,453.0,2026-09-19T06:34:53.854728+00:00,/root/rivermind-data/electricity_forecast_model2.5/data/96/authoritative/pmos_96_全量.csv
dayahead,2026-07-25,2026-07-25,8,2026-07-25 02:00:00,2,1_32,436.0,2026-09-19T06:34:53.854728+00:00,/root/rivermind-data/electricity_forecast_model2.5/data/96/authoritative/pmos_96_全量.csv
dayahead,2026-07-25,2026-07-25,44,2026-07-25 11:00:00,11,33_64,242.14,2026-09-19T06:34:53.854728+00:00,/root/rivermind-data/electricity_forecast_model2.5/data/96/authoritative/pmos_96_全量.csv
dayahead,2026-07-26,2026-07-26,65,2026-07-26 16:15:00,17,65_96,406.0,2026-09-19T06:34:53.854728+00:00,/root/rivermind-data/electricity_forecast_model2.5/data/96/authoritative/pmos_96_全量.csv
dayahead,2026-07-31,2026-07-31,16,2026-07-31 04:00:00,4,1_32,383.33,2026-09-19T06:34:53.854728+00:00,/root/rivermind-data/electricity_forecast_model2.5/data/96/authoritative/pmos_96_全量.csv
dayahead,2026-07-26,2026-07-26,69,2026-07-26 17:15:00,18,65_96,429.0,2026-09-19T06:34:53.854728+00:00,/root/rivermind-data/electricity_forecast_model2.5/data/96/authoritative/pmos_96_全量.csv
dayahead,2026-07-26,2026-07-26,92,2026-07-26 23:00:00,23,65_96,463.0,2026-09-19T06:34:53.854728+00:00,/root/rivermind-data/electricity_forecast_model2.5/data/96/authoritative/pmos_96_全量.csv
dayahead,2026-07-17,2026-07-17,35,2026-07-17 08:45:00,9,33_64,401.0,2026-09-19T06:34:53.854728+00:00,/root/rivermind-data/electricity_forecast_model2.5/data/96/authoritative/pmos_96_全量.csv
dayahead,2026-07-27,2026-07-27,1,2026-07-27 00:15:00,1,1_32,437.0,2026-09-19T06:34:53.854728+00:00,/root/rivermind-data/electricity_forecast_model2.5/data/96/authoritative/pmos_96_全量.csv
dayahead,2026-07-29,2026-07-29,93,2026-07-29 23:15:00,24,65_96,481.85,2026-09-19T06:34:53.854728+00:00,/root/rivermind-data/electricity_forecast_model2.5/data/96/authoritative/pmos_96_全量.csv
dayahead,2026-07-18,2026-07-18,93,2026-07-18 23:15:00,24,65_96,531.09,2026-09-19T06:34:53.854728+00:00,/root/rivermind-data/electricity_forecast_model2.5/data/96/authoritative/pmos_96_全量.csv
dayahead,2026-07-27,2026-07-27,35,2026-07-27 08:45:00,9,33_64,346.0,2026-09-19T06:34:53.854728+00:00,/root/rivermind-data/electricity_forecast_model2.5/data/96/authoritative/pmos_96_全量.csv
dayahead,2026-07-26,2026-07-26,67,2026-07-26 16:45:00,17,65_96,421.0,2026-09-19T06:34:53.854728+00:00,/root/rivermind-data/electricity_forecast_model2.5/data/96/authoritative/pmos_96_全量.csv
dayahead,2026-07-27,2026-07-27,5,2026-07-27 01:15:00,2,1_32,455.0,2026-09-19T06:34:53.854728+00:00,/root/rivermind-data/electricity_forecast_model2.5/data/96/authoritative/pmos_96_全量.csv
dayahead,2026-07-24,2026-07-24,42,2026-07-24 10:30:00,11,33_64,280.0,2026-09-19T06:34:53.854728+00:00,/root/rivermind-data/electricity_forecast_model2.5/data/96/authoritative/pmos_96_全量.csv
dayahead,2026-07-24,2026-07-24,52,2026-07-24 13:00:00,13,33_64,191.42,2026-09-19T06:34:53.854728+00:00,/root/rivermind-data/electricity_forecast_model2.5/data/96/authoritative/pmos_96_全量.csv
dayahead,2026-07-27,2026-07-27,34,2026-07-27 08:30:00,9,33_64,350.0,2026-09-19T06:34:53.854728+00:00,/root/rivermind-data/electricity_forecast_model2.5/data/96/authoritative/pmos_96_全量.csv
dayahead,2026-07-27,2026-07-27,73,2026-07-27 18:15:00,19,65_96,464.33,2026-09-19T06:34:53.854728+00:00,/root/rivermind-data/electricity_forecast_model2.5/data/96/authoritative/pmos_96_全量.csv
dayahead,2026-07-27,2026-07-27,25,2026-07-27 06:15:00,7,1_32,388.0,2026-09-19T06:34:53.854728+00:00,/root/rivermind-data/electricity_forecast_model2.5/data/96/authoritative/pmos_96_全量.csv
dayahead,2026-07-27,2026-07-27,48,2026-07-27 12:00:00,12,33_64,341.96,2026-09-19T06:34:53.854728+00:00,/root/rivermind-data/electricity_forecast_model2.5/data/96/authoritative/pmos_96_全量.csv
dayahead,2026-07-27,2026-07-27,88,2026-07-27 22:00:00,22,65_96,815.6,2026-09-19T06:34:53.854728+00:00,/root/rivermind-data/electricity_forecast_model2.5/data/96/authoritative/pmos_96_全量.csv
dayahead,2026-07-28,2026-07-28,65,2026-07-28 16:15:00,17,65_96,424.0,2026-09-19T06:34:53.854728+00:00,/root/rivermind-data/electricity_forecast_model2.5/data/96/authoritative/pmos_96_全量.csv
dayahead,2026-07-22,2026-07-22,12,2026-07-22 03:00:00,3,1_32,485.0,2026-09-19T06:34:53.854728+00:00,/root/rivermind-data/electricity_forecast_model2.5/data/96/authoritative/pmos_96_全量.csv
dayahead,2026-07-27,2026-07-27,2,2026-07-27 00:30:00,1,1_32,431.0,2026-09-19T06:34:53.854728+00:00,/root/rivermind-data/electricity_forecast_model2.5/data/96/authoritative/pmos_96_全量.csv
dayahead,2026-07-27,2026-07-27,17,2026-07-27 04:15:00,5,1_32,401.88,2026-09-19T06:34:53.854728+00:00,/root/rivermind-data/electricity_forecast_model2.5/data/96/authoritative/pmos_96_全量.csv
dayahead,2026-07-25,2026-07-25,17,2026-07-25 04:15:00,5,1_32,409.38,2026-09-19T06:34:53.854728+00:00,/root/rivermind-data/electricity_forecast_model2.5/data/96/authoritative/pmos_96_全量.csv
dayahead,2026-07-24,2026-07-24,56,2026-07-24 14:00:00,14,33_64,297.77,2026-09-19T06:34:53.854728+00:00,/root/rivermind-data/electricity_forecast_model2.5/data/96/authoritative/pmos_96_全量.csv
dayahead,2026-07-31,2026-07-31,80,2026-07-31 20:00:00,20,65_96,620.0,2026-09-19T06:34:53.854728+00:00,/root/rivermind-data/electricity_forecast_model2.5/data/96/authoritative/pmos_96_全量.csv
dayahead,2026-07-26,2026-07-26,62,2026-07-26 15:30:00,16,33_64,384.0,2026-09-19T06:34:53.854728+00:00,/root/rivermind-data/electricity_forecast_model2.5/data/96/authoritative/pmos_96_全量.csv
dayahead,2026-07-22,2026-07-22,8,2026-07-22 02:00:00,2,1_32,507.0,2026-09-19T06:34:53.854728+00:00,/root/rivermind-data/electricity_forecast_model2.5/data/96/authoritative/pmos_96_全量.csv
dayahead,2026-07-26,2026-07-26,60,2026-07-26 15:00:00,15,33_64,368.0,2026-09-19T06:34:53.854728+00:00,/root/rivermind-data/electricity_forecast_model2.5/data/96/authoritative/pmos_96_全量.csv
dayahead,2026-07-25,2026-07-25,21,2026-07-25 05:15:00,6,1_32,420.0,2026-09-19T06:34:53.854728+00:00,/root/rivermind-data/electricity_forecast_model2.5/data/96/authoritative/pmos_96_全量.csv
dayahead,2026-07-26,2026-07-26,78,2026-07-26 19:30:00,20,65_96,654.05,2026-09-19T06:34:53.854728+00:00,/root/rivermind-data/electricity_forecast_model2.5/data/96/authoritative/pmos_96_全量.csv
dayahead,2026-07-26,2026-07-26,66,2026-07-26 16:30:00,17,65_96,413.0,2026-09-19T06:34:53.854728+00:00,/root/rivermind-data/electricity_forecast_model2.5/data/96/authoritative/pmos_96_全量.csv
dayahead,2026-07-30,2026-07-30,19,2026-07-30 04:45:00,5,1_32,390.0,2026-09-19T06:34:53.854728+00:00,/root/rivermind-data/electricity_forecast_model2.5/data/96/authoritative/pmos_96_全量.csv
dayahead,2026-07-26,2026-07-26,64,2026-07-26 16:00:00,16,33_64,398.33,2026-09-19T06:34:53.854728+00:00,/root/rivermind-data/electricity_forecast_model2.5/data/96/authoritative/pmos_96_全量.csv
dayahead,2026-07-30,2026-07-30,43,2026-07-30 10:45:00,11,33_64,282.29,2026-09-19T06:34:53.854728+00:00,/root/rivermind-data/electricity_forecast_model2.5/data/96/authoritative/pmos_96_全量.csv
dayahead,2026-07-26,2026-07-26,57,2026-07-26 14:15:00,15,33_64,338.06,2026-09-19T06:34:53.854728+00:00,/root/rivermind-data/electricity_forecast_model2.5/data/96/authoritative/pmos_96_全量.csv
dayahead,2026-07-25,2026-07-25,32,2026-07-25 08:00:00,8,1_32,337.0,2026-09-19T06:34:53.854728+00:00,/root/rivermind-data/electricity_forecast_model2.5/data/96/authoritative/pmos_96_全量.csv
dayahead,2026-07-26,2026-07-26,89,2026-07-26 22:15:00,23,65_96,654.05,2026-09-19T06:34:53.854728+00:00,/root/rivermind-data/electricity_forecast_model2.5/data/96/authoritative/pmos_96_全量.csv
dayahead,2026-07-26,2026-07-26,70,2026-07-26 17:30:00,18,65_96,436.27,2026-09-19T06:34:53.854728+00:00,/root/rivermind-data/electricity_forecast_model2.5/data/96/authoritative/pmos_96_全量.csv
dayahead,2026-07-24,2026-07-24,36,2026-07-24 09:00:00,9,33_64,336.0,2026-09-19T06:34:53.854728+00:00,/root/rivermind-data/electricity_forecast_model2.5/data/96/authoritative/pmos_96_全量.csv
dayahead,2026-07-26,2026-07-26,51,2026-07-26 12:45:00,13,33_64,292.0,2026-09-19T06:34:53.854728+00:00,/root/rivermind-data/electricity_forecast_model2.5/data/96/authoritative/pmos_96_全量.csv
dayahead,2026-07-26,2026-07-26,52,2026-07-26 13:00:00,13,33_64,292.95,2026-09-19T06:34:53.854728+00:00,/root/rivermind-data/electricity_forecast_model2.5/data/96/authoritative/pmos_96_全量.csv
dayahead,2026-07-30,2026-07-30,16,2026-07-30 04:00:00,4,1_32,386.67,2026-09-19T06:34:53.854728+00:00,/root/rivermind-data/electricity_forecast_model2.5/data/96/authoritative/pmos_96_全量.csv
dayahead,2026-07-26,2026-07-26,56,2026-07-26 14:00:00,14,33_64,327.83,2026-09-19T06:34:53.854728+00:00,/root/rivermind-data/electricity_forecast_model2.5/data/96/authoritative/pmos_96_全量.csv
dayahead,2026-07-25,2026-07-25,24,2026-07-25 06:00:00,6,1_32,400.0,2026-09-19T06:34:53.854728+00:00,/root/rivermind-data/electricity_forecast_model2.5/data/96/authoritative/pmos_96_全量.csv
dayahead,2026-07-25,2026-07-25,16,2026-07-25 04:00:00,4,1_32,409.29,2026-09-19T06:34:53.854728+00:00,/root/rivermind-data/electricity_forecast_model2.5/data/96/authoritative/pmos_96_全量.csv
dayahead,2026-07-31,2026-07-31,7,2026-07-31 01:45:00,2,1_32,416.0,2026-09-19T06:34:53.854728+00:00,/root/rivermind-data/electricity_forecast_model2.5/data/96/authoritative/pmos_96_全量.csv
dayahead,2026-07-25,2026-07-25,23,2026-07-25 05:45:00,6,1_32,411.0,2026-09-19T06:34:53.854728+00:00,/root/rivermind-data/electricity_forecast_model2.5/data/96/authoritative/pmos_96_全量.csv
dayahead,2026-07-30,2026-07-30,59,2026-07-30 14:45:00,15,33_64,348.07,2026-09-19T06:34:53.854728+00:00,/root/rivermind-data/electricity_forecast_model2.5/data/96/authoritative/pmos_96_全量.csv
dayahead,2026-07-31,2026-07-31,75,2026-07-31 18:45:00,19,65_96,620.0,2026-09-19T06:34:53.854728+00:00,/root/rivermind-data/electricity_forecast_model2.5/data/96/authoritative/pmos_96_全量.csv
dayahead,2026-07-30,2026-07-30,55,2026-07-30 13:45:00,14,33_64,283.42,2026-09-19T06:34:53.854728+00:00,/root/rivermind-data/electricity_forecast_model2.5/data/96/authoritative/pmos_96_全量.csv
dayahead,2026-07-30,2026-07-30,81,2026-07-30 20:15:00,21,65_96,706.62,2026-09-19T06:34:53.854728+00:00,/root/rivermind-data/electricity_forecast_model2.5/data/96/authoritative/pmos_96_全量.csv
dayahead,2026-07-30,2026-07-30,79,2026-07-30 19:45:00,20,65_96,706.62,2026-09-19T06:34:53.854728+00:00,/root/rivermind-data/electricity_forecast_model2.5/data/96/authoritative/pmos_96_全量.csv
dayahead,2026-08-01,2026-08-01,60,2026-08-01 15:00:00,15,33_64,358.0,2026-09-19T06:34:53.854728+00:00,/root/rivermind-data/electricity_forecast_model2.5/data/96/authoritative/pmos_96_全量.csv
dayahead,2026-07-25,2026-07-25,46,2026-07-25 11:30:00,12,33_64,211.16,2026-09-19T06:34:53.854728+00:00,/root/rivermind-data/electricity_forecast_model2.5/data/96/authoritative/pmos_96_全量.csv
dayahead,2026-07-30,2026-07-30,46,2026-07-30 11:30:00,12,33_64,281.87,2026-09-19T06:34:53.854728+00:00,/root/rivermind-data/electricity_forecast_model2.5/data/96/authoritative/pmos_96_全量.csv
dayahead,2026-07-30,2026-07-30,52,2026-07-30 13:00:00,13,33_64,279.16,2026-09-19T06:34:53.854728+00:00,/root/rivermind-data/electricity_forecast_model2.5/data/96/authoritative/pmos_96_全量.csv
dayahead,2026-07-30,2026-07-30,18,2026-07-30 04:30:00,5,1_32,386.0,2026-09-19T06:34:53.854728+00:00,/root/rivermind-data/electricity_forecast_model2.5/data/96/authoritative/pmos_96_全量.csv
dayahead,2026-07-30,2026-07-30,45,2026-07-30 11:15:00,12,33_64,283.36,2026-09-19T06:34:53.854728+00:00,/root/rivermind-data/electricity_forecast_model2.5/data/96/authoritative/pmos_96_全量.csv
dayahead,2026-07-30,2026-07-30,28,2026-07-30 07:00:00,7,1_32,348.0,2026-09-19T06:34:53.854728+00:00,/root/rivermind-data/electricity_forecast_model2.5/data/96/authoritative/pmos_96_全量.csv
dayahead,2026-07-30,2026-07-30,82,2026-07-30 20:30:00,21,65_96,706.62,2026-09-19T06:34:53.854728+00:00,/root/rivermind-data/electricity_forecast_model2.5/data/96/authoritative/pmos_96_全量.csv
dayahead,2026-07-30,2026-07-30,54,2026-07-30 13:30:00,14,33_64,281.78,2026-09-19T06:34:53.854728+00:00,/root/rivermind-data/electricity_forecast_model2.5/data/96/authoritative/pmos_96_全量.csv
dayahead,2026-07-30,2026-07-30,40,2026-07-30 10:00:00,10,33_64,282.08,2026-09-19T06:34:53.854728+00:00,/root/rivermind-data/electricity_forecast_model2.5/data/96/authoritative/pmos_96_全量.csv
dayahead,2026-07-29,2026-07-29,35,2026-07-29 08:45:00,9,33_64,351.3,2026-09-19T06:34:53.854728+00:00,/root/rivermind-data/electricity_forecast_model2.5/data/96/authoritative/pmos_96_全量.csv
dayahead,2026-07-30,2026-07-30,10,2026-07-30 02:30:00,3,1_32,400.0,2026-09-19T06:34:53.854728+00:00,/root/rivermind-data/electricity_forecast_model2.5/data/96/authoritative/pmos_96_全量.csv
dayahead,2026-07-30,2026-07-30,1,2026-07-30 00:15:00,1,1_32,398.33,2026-09-19T06:34:53.854728+00:00,/root/rivermind-data/electricity_forecast_model2.5/data/96/authoritative/pmos_96_全量.csv
dayahead,2026-07-30,2026-07-30,37,2026-07-30 09:15:00,10,33_64,318.0,2026-09-19T06:34:53.854728+00:00,/root/rivermind-data/electricity_forecast_model2.5/data/96/authoritative/pmos_96_全量.csv
dayahead,2026-07-31,2026-07-31,68,2026-07-31 17:00:00,17,65_96,381.49,2026-09-19T06:34:53.854728+00:00,/root/rivermind-data/electricity_forecast_model2.5/data/96/authoritative/pmos_96_全量.csv
dayahead,2026-07-31,2026-07-31,64,2026-07-31 16:00:00,16,33_64,365.28,2026-09-19T06:34:53.854728+00:00,/root/rivermind-data/electricity_forecast_model2.5/data/96/authoritative/pmos_96_全量.csv
dayahead,2026-07-30,2026-07-30,76,2026-07-30 19:00:00,19,65_96,706.62,2026-09-19T06:34:53.854728+00:00,/root/rivermind-data/electricity_forecast_model2.5/data/96/authoritative/pmos_96_全量.csv
dayahead,2026-07-30,2026-07-30,38,2026-07-30 09:30:00,10,33_64,307.44,2026-09-19T06:34:53.854728+00:00,/root/rivermind-data/electricity_forecast_model2.5/data/96/authoritative/pmos_96_全量.csv
dayahead,2026-07-30,2026-07-30,83,2026-07-30 20:45:00,21,65_96,706.62,2026-09-19T06:34:53.854728+00:00,/root/rivermind-data/electricity_forecast_model2.5/data/96/authoritative/pmos_96_全量.csv
dayahead,2026-07-30,2026-07-30,17,2026-07-30 04:15:00,5,1_32,385.88,2026-09-19T06:34:53.854728+00:00,/root/rivermind-data/electricity_forecast_model2.5/data/96/authoritative/pmos_96_全量.csv
dayahead,2026-07-26,2026-07-26,58,2026-07-26 14:30:00,15,33_64,346.0,2026-09-19T06:34:53.854728+00:00,/root/rivermind-data/electricity_forecast_model2.5/data/96/authoritative/pmos_96_全量.csv
dayahead,2026-07-25,2026-07-25,33,2026-07-25 08:15:00,9,33_64,338.0,2026-09-19T06:34:53.854728+00:00,/root/rivermind-data/electricity_forecast_model2.5/data/96/authoritative/pmos_96_全量.csv
dayahead,2026-07-29,2026-07-29,55,2026-07-29 13:45:00,14,33_64,335.85,2026-09-19T06:34:53.854728+00:00,/root/rivermind-data/electricity_forecast_model2.5/data/96/authoritative/pmos_96_全量.csv
dayahead,2026-07-30,2026-07-30,31,2026-07-30 07:45:00,8,1_32,338.0,2026-09-19T06:34:53.854728+00:00,/root/rivermind-data/electricity_forecast_model2.5/data/96/authoritative/pmos_96_全量.csv
dayahead,2026-07-30,2026-07-30,25,2026-07-30 06:15:00,7,1_32,376.01,2026-09-19T06:34:53.854728+00:00,/root/rivermind-data/electricity_forecast_model2.5/data/96/authoritative/pmos_96_全量.csv
dayahead,2026-07-30,2026-07-30,74,2026-07-30 18:30:00,19,65_96,706.62,2026-09-19T06:34:53.854728+00:00,/root/rivermind-data/electricity_forecast_model2.5/data/96/authoritative/pmos_96_全量.csv
dayahead,2026-07-30,2026-07-30,30,2026-07-30 07:30:00,8,1_32,338.2,2026-09-19T06:34:53.854728+00:00,/root/rivermind-data/electricity_forecast_model2.5/data/96/authoritative/pmos_96_全量.csv
dayahead,2026-07-30,2026-07-30,26,2026-07-30 06:30:00,7,1_32,368.0,2026-09-19T06:34:53.854728+00:00,/root/rivermind-data/electricity_forecast_model2.5/data/96/authoritative/pmos_96_全量.csv
dayahead,2026-07-30,2026-07-30,29,2026-07-30 07:15:00,8,1_32,342.0,2026-09-19T06:34:53.854728+00:00,/root/rivermind-data/electricity_forecast_model2.5/data/96/authoritative/pmos_96_全量.csv
dayahead,2026-07-30,2026-07-30,2,2026-07-30 00:30:00,1,1_32,400.0,2026-09-19T06:34:53.854728+00:00,/root/rivermind-data/electricity_forecast_model2.5/data/96/authoritative/pmos_96_全量.csv
dayahead,2026-07-30,2026-07-30,90,2026-07-30 22:30:00,23,65_96,454.0,2026-09-19T06:34:53.854728+00:00,/root/rivermind-data/electricity_forecast_model2.5/data/96/authoritative/pmos_96_全量.csv
dayahead,2026-07-31,2026-07-31,65,2026-07-31 16:15:00,17,65_96,369.0,2026-09-19T06:34:53.854728+00:00,/root/rivermind-data/electricity_forecast_model2.5/data/96/authoritative/pmos_96_全量.csv
dayahead,2026-07-30,2026-07-30,14,2026-07-30 03:30:00,4,1_32,390.0,2026-09-19T06:34:53.854728+00:00,/root/rivermind-data/electricity_forecast_model2.5/data/96/authoritative/pmos_96_全量.csv
dayahead,2026-07-30,2026-07-30,71,2026-07-30 17:45:00,18,65_96,436.24,2026-09-19T06:34:53.854728+00:00,/root/rivermind-data/electricity_forecast_model2.5/data/96/authoritative/pmos_96_全量.csv
dayahead,2026-07-30,2026-07-30,27,2026-07-30 06:45:00,7,1_32,356.2,2026-09-19T06:34:53.854728+00:00,/root/rivermind-data/electricity_forecast_model2.5/data/96/authoritative/pmos_96_全量.csv
dayahead,2026-07-30,2026-07-30,85,2026-07-30 21:15:00,22,65_96,706.62,2026-09-19T06:34:53.854728+00:00,/root/rivermind-data/electricity_forecast_model2.5/data/96/authoritative/pmos_96_全量.csv
dayahead,2026-07-19,2026-07-19,56,2026-07-19 14:00:00,14,33_64,-58.84,2026-09-19T06:34:53.854728+00:00,/root/rivermind-data/electricity_forecast_model2.5/data/96/authoritative/pmos_96_全量.csv
dayahead,2026-07-30,2026-07-30,47,2026-07-30 11:45:00,12,33_64,281.87,2026-09-19T06:34:53.854728+00:00,/root/rivermind-data/electricity_forecast_model2.5/data/96/authoritative/pmos_96_全量.csv
dayahead,2026-07-30,2026-07-30,48,2026-07-30 12:00:00,12,33_64,281.85,2026-09-19T06:34:53.854728+00:00,/root/rivermind-data/electricity_forecast_model2.5/data/96/authoritative/pmos_96_全量.csv
dayahead,2026-07-30,2026-07-30,80,2026-07-30 20:00:00,20,65_96,706.62,2026-09-19T06:34:53.854728+00:00,/root/rivermind-data/electricity_forecast_model2.5/data/96/authoritative/pmos_96_全量.csv
dayahead,2026-07-25,2026-07-25,1,2026-07-25 00:15:00,1,1_32,432.0,2026-09-19T06:34:53.854728+00:00,/root/rivermind-data/electricity_forecast_model2.5/data/96/authoritative/pmos_96_全量.csv
dayahead,2026-07-25,2026-07-25,7,2026-07-25 01:45:00,2,1_32,443.18,2026-09-19T06:34:53.854728+00:00,/root/rivermind-data/electricity_forecast_model2.5/data/96/authoritative/pmos_96_全量.csv
dayahead,2026-07-25,2026-07-25,4,2026-07-25 01:00:00,1,1_32,422.33,2026-09-19T06:34:53.854728+00:00,/root/rivermind-data/electricity_forecast_model2.5/data/96/authoritative/pmos_96_全量.csv
dayahead,2026-07-25,2026-07-25,30,2026-07-25 07:30:00,8,1_32,346.0,2026-09-19T06:34:53.854728+00:00,/root/rivermind-data/electricity_forecast_model2.5/data/96/authoritative/pmos_96_全量.csv
dayahead,2026-07-22,2026-07-22,27,2026-07-22 06:45:00,7,1_32,391.2,2026-09-19T06:34:53.854728+00:00,/root/rivermind-data/electricity_forecast_model2.5/data/96/authoritative/pmos_96_全量.csv
dayahead,2026-07-26,2026-07-26,55,2026-07-26 13:45:00,14,33_64,315.82,2026-09-19T06:34:53.854728+00:00,/root/rivermind-data/electricity_forecast_model2.5/data/96/authoritative/pmos_96_全量.csv
dayahead,2026-07-28,2026-07-28,90,2026-07-28 22:30:00,23,65_96,807.38,2026-09-19T06:34:53.854728+00:00,/root/rivermind-data/electricity_forecast_model2.5/data/96/authoritative/pmos_96_全量.csv
dayahead,2026-07-30,2026-07-30,15,2026-07-30 03:45:00,4,1_32,386.0,2026-09-19T06:34:53.854728+00:00,/root/rivermind-data/electricity_forecast_model2.5/data/96/authoritative/pmos_96_全量.csv
dayahead,2026-07-26,2026-07-26,94,2026-07-26 23:30:00,24,65_96,654.05,2026-09-19T06:34:53.854728+00:00,/root/rivermind-data/electricity_forecast_model2.5/data/96/authoritative/pmos_96_全量.csv
dayahead,2026-07-25,2026-07-25,41,2026-07-25 10:15:00,11,33_64,242.45,2026-09-19T06:34:53.854728+00:00,/root/rivermind-data/electricity_forecast_model2.5/data/96/authoritative/pmos_96_全量.csv
dayahead,2026-07-25,2026-07-25,3,2026-07-25 00:45:00,1,1_32,422.0,2026-09-19T06:34:53.854728+00:00,/root/rivermind-data/electricity_forecast_model2.5/data/96/authoritative/pmos_96_全量.csv
dayahead,2026-07-28,2026-07-28,78,2026-07-28 19:30:00,20,65_96,807.38,2026-09-19T06:34:53.854728+00:00,/root/rivermind-data/electricity_forecast_model2.5/data/96/authoritative/pmos_96_全量.csv
dayahead,2026-07-25,2026-07-25,47,2026-07-25 11:45:00,12,33_64,184.18,2026-09-19T06:34:53.854728+00:00,/root/rivermind-data/electricity_forecast_model2.5/data/96/authoritative/pmos_96_全量.csv
dayahead,2026-07-25,2026-07-25,40,2026-07-25 10:00:00,10,33_64,249.0,2026-09-19T06:34:53.854728+00:00,/root/rivermind-data/electricity_forecast_model2.5/data/96/authoritative/pmos_96_全量.csv
dayahead,2026-07-30,2026-07-30,12,2026-07-30 03:00:00,3,1_32,393.33,2026-09-19T06:34:53.854728+00:00,/root/rivermind-data/electricity_forecast_model2.5/data/96/authoritative/pmos_96_全量.csv
dayahead,2026-07-30,2026-07-30,13,2026-07-30 03:15:00,4,1_32,392.84,2026-09-19T06:34:53.854728+00:00,/root/rivermind-data/electricity_forecast_model2.5/data/96/authoritative/pmos_96_全量.csv
dayahead,2026-07-30,2026-07-30,89,2026-07-30 22:15:00,23,65_96,706.62,2026-09-19T06:34:53.854728+00:00,/root/rivermind-data/electricity_forecast_model2.5/data/96/authoritative/pmos_96_全量.csv
dayahead,2026-07-25,2026-07-25,42,2026-07-25 10:30:00,11,33_64,242.88,2026-09-19T06:34:53.854728+00:00,/root/rivermind-data/electricity_forecast_model2.5/data/96/authoritative/pmos_96_全量.csv
dayahead,2026-07-30,2026-07-30,5,2026-07-30 01:15:00,2,1_32,426.0,2026-09-19T06:34:53.854728+00:00,/root/rivermind-data/electricity_forecast_model2.5/data/96/authoritative/pmos_96_全量.csv
dayahead,2026-07-30,2026-07-30,21,2026-07-30 05:15:00,6,1_32,398.0,2026-09-19T06:34:53.854728+00:00,/root/rivermind-data/electricity_forecast_model2.5/data/96/authoritative/pmos_96_全量.csv
dayahead,2026-07-30,2026-07-30,4,2026-07-30 01:00:00,1,1_32,398.33,2026-09-19T06:34:53.854728+00:00,/root/rivermind-data/electricity_forecast_model2.5/data/96/authoritative/pmos_96_全量.csv
dayahead,2026-07-30,2026-07-30,41,2026-07-30 10:15:00,11,33_64,282.48,2026-09-19T06:34:53.854728+00:00,/root/rivermind-data/electricity_forecast_model2.5/data/96/authoritative/pmos_96_全量.csv
dayahead,2026-07-30,2026-07-30,35,2026-07-30 08:45:00,9,33_64,338.0,2026-09-19T06:34:53.854728+00:00,/root/rivermind-data/electricity_forecast_model2.5/data/96/authoritative/pmos_96_全量.csv
dayahead,2026-07-30,2026-07-30,9,2026-07-30 02:15:00,3,1_32,403.29,2026-09-19T06:34:53.854728+00:00,/root/rivermind-data/electricity_forecast_model2.5/data/96/authoritative/pmos_96_全量.csv
dayahead,2026-07-30,2026-07-30,57,2026-07-30 14:15:00,15,33_64,326.46,2026-09-19T06:34:53.854728+00:00,/root/rivermind-data/electricity_forecast_model2.5/data/96/authoritative/pmos_96_全量.csv
dayahead,2026-07-30,2026-07-30,3,2026-07-30 00:45:00,1,1_32,398.33,2026-09-19T06:34:53.854728+00:00,/root/rivermind-data/electricity_forecast_model2.5/data/96/authoritative/pmos_96_全量.csv
dayahead,2026-07-30,2026-07-30,33,2026-07-30 08:15:00,9,33_64,342.0,2026-09-19T06:34:53.854728+00:00,/root/rivermind-data/electricity_forecast_model2.5/data/96/authoritative/pmos_96_全量.csv
dayahead,2026-07-23,2026-07-23,11,2026-07-23 02:45:00,3,1_32,428.0,2026-09-19T06:34:53.854728+00:00,/root/rivermind-data/electricity_forecast_model2.5/data/96/authoritative/pmos_96_全量.csv
dayahead,2026-07-28,2026-07-28,73,2026-07-28 18:15:00,19,65_96,470.0,2026-09-19T06:34:53.854728+00:00,/root/rivermind-data/electricity_forecast_model2.5/data/96/authoritative/pmos_96_全量.csv
dayahead,2026-07-25,2026-07-25,76,2026-07-25 19:00:00,19,65_96,454.0,2026-09-19T06:34:53.854728+00:00,/root/rivermind-data/electricity_forecast_model2.5/data/96/authoritative/pmos_96_全量.csv
dayahead,2026-07-25,2026-07-25,43,2026-07-25 10:45:00,11,33_64,242.14,2026-09-19T06:34:53.854728+00:00,/root/rivermind-data/electricity_forecast_model2.5/data/96/authoritative/pmos_96_全量.csv
dayahead,2026-07-25,2026-07-25,38,2026-07-25 09:30:00,10,33_64,301.81,2026-09-19T06:34:53.854728+00:00,/root/rivermind-data/electricity_forecast_model2.5/data/96/authoritative/pmos_96_全量.csv
dayahead,2026-07-30,2026-07-30,42,2026-07-30 10:30:00,11,33_64,282.79,2026-09-19T06:34:53.854728+00:00,/root/rivermind-data/electricity_forecast_model2.5/data/96/authoritative/pmos_96_全量.csv
dayahead,2026-07-25,2026-07-25,15,2026-07-25 03:45:00,4,1_32,409.67,2026-09-19T06:34:53.854728+00:00,/root/rivermind-data/electricity_forecast_model2.5/data/96/authoritative/pmos_96_全量.csv
dayahead,2026-07-30,2026-07-30,7,2026-07-30 01:45:00,2,1_32,415.2,2026-09-19T06:34:53.854728+00:00,/root/rivermind-data/electricity_forecast_model2.5/data/96/authoritative/pmos_96_全量.csv
dayahead,2026-07-31,2026-07-31,49,2026-07-31 12:15:00,13,33_64,96.64,2026-09-19T06:34:53.854728+00:00,/root/rivermind-data/electricity_forecast_model2.5/data/96/authoritative/pmos_96_全量.csv
dayahead,2026-07-21,2026-07-21,5,2026-07-21 01:15:00,2,1_32,1500.0,2026-09-19T06:34:53.854728+00:00,/root/rivermind-data/electricity_forecast_model2.5/data/96/authoritative/pmos_96_全量.csv
dayahead,2026-07-30,2026-07-30,6,2026-07-30 01:30:00,2,1_32,423.33,2026-09-19T06:34:53.854728+00:00,/root/rivermind-data/electricity_forecast_model2.5/data/96/authoritative/pmos_96_全量.csv
dayahead,2026-08-01,2026-08-01,54,2026-08-01 13:30:00,14,33_64,327.99,2026-09-19T06:34:53.854728+00:00,/root/rivermind-data/electricity_forecast_model2.5/data/96/authoritative/pmos_96_全量.csv
dayahead,2026-07-25,2026-07-25,48,2026-07-25 12:00:00,12,33_64,130.69,2026-09-19T06:34:53.854728+00:00,/root/rivermind-data/electricity_forecast_model2.5/data/96/authoritative/pmos_96_全量.csv
dayahead,2026-07-21,2026-07-21,85,2026-07-21 21:15:00,22,65_96,475.63,2026-09-19T06:34:53.854728+00:00,/root/rivermind-data/electricity_forecast_model2.5/data/96/authoritative/pmos_96_全量.csv
dayahead,2026-07-17,2026-07-17,40,2026-07-17 10:00:00,10,33_64,405.07,2026-09-19T06:34:53.854728+00:00,/root/rivermind-data/electricity_forecast_model2.5/data/96/authoritative/pmos_96_全量.csv
dayahead,2026-07-28,2026-07-28,17,2026-07-28 04:15:00,5,1_32,430.0,2026-09-19T06:34:53.854728+00:00,/root/rivermind-data/electricity_forecast_model2.5/data/96/authoritative/pmos_96_全量.csv
dayahead,2026-08-03,2026-08-03,84,2026-08-03 21:00:00,21,65_96,1500.0,2026-09-19T06:34:53.854728+00:00,/root/rivermind-data/electricity_forecast_model2.5/data/96/authoritative/pmos_96_全量.csv
dayahead,2026-08-02,2026-08-02,57,2026-08-02 14:15:00,15,33_64,239.8,2026-09-19T06:34:53.854728+00:00,/root/rivermind-data/electricity_forecast_model2.5/data/96/authoritative/pmos_96_全量.csv
dayahead,2026-08-01,2026-08-01,72,2026-08-01 18:00:00,18,65_96,804.0,2026-09-19T06:34:53.854728+00:00,/root/rivermind-data/electricity_forecast_model2.5/data/96/authoritative/pmos_96_全量.csv
dayahead,2026-08-01,2026-08-01,81,2026-08-01 20:15:00,21,65_96,804.0,2026-09-19T06:34:53.854728+00:00,/root/rivermind-data/electricity_forecast_model2.5/data/96/authoritative/pmos_96_全量.csv
dayahead,2026-08-01,2026-08-01,87,2026-08-01 21:45:00,22,65_96,1125.98,2026-09-19T06:34:53.854728+00:00,/root/rivermind-data/electricity_forecast_model2.5/data/96/authoritative/pmos_96_全量.csv
dayahead,2026-08-01,2026-08-01,57,2026-08-01 14:15:00,15,33_64,338.12,2026-09-19T06:34:53.854728+00:00,/root/rivermind-data/electricity_forecast_model2.5/data/96/authoritative/pmos_96_全量.csv
dayahead,2026-08-01,2026-08-01,65,2026-08-01 16:15:00,17,65_96,410.06,2026-09-19T06:34:53.854728+00:00,/root/rivermind-data/electricity_forecast_model2.5/data/96/authoritative/pmos_96_全量.csv
dayahead,2026-08-01,2026-08-01,68,2026-08-01 17:00:00,17,65_96,441.6,2026-09-19T06:34:53.854728+00:00,/root/rivermind-data/electricity_forecast_model2.5/data/96/authoritative/pmos_96_全量.csv
dayahead,2026-08-01,2026-08-01,64,2026-08-01 16:00:00,16,33_64,398.53,2026-09-19T06:34:53.854728+00:00,/root/rivermind-data/electricity_forecast_model2.5/data/96/authoritative/pmos_96_全量.csv
dayahead,2026-07-30,2026-07-30,24,2026-07-30 06:00:00,6,1_32,383.33,2026-09-19T06:34:53.854728+00:00,/root/rivermind-data/electricity_forecast_model2.5/data/96/authoritative/pmos_96_全量.csv
dayahead,2026-08-01,2026-08-01,63,2026-08-01 15:45:00,16,33_64,385.65,2026-09-19T06:34:53.854728+00:00,/root/rivermind-data/electricity_forecast_model2.5/data/96/authoritative/pmos_96_全量.csv
dayahead,2026-08-01,2026-08-01,61,2026-08-01 15:15:00,16,33_64,364.0,2026-09-19T06:34:53.854728+00:00,/root/rivermind-data/electricity_forecast_model2.5/data/96/authoritative/pmos_96_全量.csv
dayahead,2026-08-01,2026-08-01,71,2026-08-01 17:45:00,18,65_96,663.26,2026-09-19T06:34:53.854728+00:00,/root/rivermind-data/electricity_forecast_model2.5/data/96/authoritative/pmos_96_全量.csv
dayahead,2026-08-01,2026-08-01,51,2026-08-01 12:45:00,13,33_64,318.63,2026-09-19T06:34:53.854728+00:00,/root/rivermind-data/electricity_forecast_model2.5/data/96/authoritative/pmos_96_全量.csv
dayahead,2026-08-01,2026-08-01,53,2026-08-01 13:15:00,14,33_64,323.08,2026-09-19T06:34:53.854728+00:00,/root/rivermind-data/electricity_forecast_model2.5/data/96/authoritative/pmos_96_全量.csv
dayahead,2026-07-18,2026-07-18,88,2026-07-18 22:00:00,22,65_96,504.54,2026-09-19T06:34:53.854728+00:00,/root/rivermind-data/electricity_forecast_model2.5/data/96/authoritative/pmos_96_全量.csv
dayahead,2026-08-03,2026-08-03,47,2026-08-03 11:45:00,12,33_64,388.04,2026-09-19T06:34:53.854728+00:00,/root/rivermind-data/electricity_forecast_model2.5/data/96/authoritative/pmos_96_全量.csv
dayahead,2026-08-02,2026-08-02,64,2026-08-02 16:00:00,16,33_64,381.2,2026-09-19T06:34:53.854728+00:00,/root/rivermind-data/electricity_forecast_model2.5/data/96/authoritative/pmos_96_全量.csv
dayahead,2026-08-02,2026-08-02,38,2026-08-02 09:30:00,10,33_64,159.28,2026-09-19T06:34:53.854728+00:00,/root/rivermind-data/electricity_forecast_model2.5/data/96/authoritative/pmos_96_全量.csv
dayahead,2026-08-01,2026-08-01,66,2026-08-01 16:30:00,17,65_96,421.0,2026-09-19T06:34:53.854728+00:00,/root/rivermind-data/electricity_forecast_model2.5/data/96/authoritative/pmos_96_全量.csv
dayahead,2026-08-02,2026-08-02,39,2026-08-02 09:45:00,10,33_64,159.23,2026-09-19T06:34:53.854728+00:00,/root/rivermind-data/electricity_forecast_model2.5/data/96/authoritative/pmos_96_全量.csv
dayahead,2026-08-02,2026-08-02,5,2026-08-02 01:15:00,2,1_32,481.84,2026-09-19T06:34:53.854728+00:00,/root/rivermind-data/electricity_forecast_model2.5/data/96/authoritative/pmos_96_全量.csv
dayahead,2026-08-02,2026-08-02,3,2026-08-02 00:45:00,1,1_32,443.0,2026-09-19T06:34:53.854728+00:00,/root/rivermind-data/electricity_forecast_model2.5/data/96/authoritative/pmos_96_全量.csv
dayahead,2026-08-02,2026-08-02,49,2026-08-02 12:15:00,13,33_64,159.38,2026-09-19T06:34:53.854728+00:00,/root/rivermind-data/electricity_forecast_model2.5/data/96/authoritative/pmos_96_全量.csv
dayahead,2026-08-01,2026-08-01,50,2026-08-01 12:30:00,13,33_64,318.66,2026-09-19T06:34:53.854728+00:00,/root/rivermind-data/electricity_forecast_model2.5/data/96/authoritative/pmos_96_全量.csv
dayahead,2026-08-01,2026-08-01,25,2026-08-01 06:15:00,7,1_32,376.0,2026-09-19T06:34:53.854728+00:00,/root/rivermind-data/electricity_forecast_model2.5/data/96/authoritative/pmos_96_全量.csv
dayahead,2026-08-01,2026-08-01,86,2026-08-01 21:30:00,22,65_96,804.0,2026-09-19T06:34:53.854728+00:00,/root/rivermind-data/electricity_forecast_model2.5/data/96/authoritative/pmos_96_全量.csv
dayahead,2026-08-01,2026-08-01,45,2026-08-01 11:15:00,12,33_64,318.83,2026-09-19T06:34:53.854728+00:00,/root/rivermind-data/electricity_forecast_model2.5/data/96/authoritative/pmos_96_全量.csv
dayahead,2026-08-13,2026-08-13,79,2026-08-13 19:45:00,20,65_96,377.33,2026-09-19T06:34:53.854728+00:00,/root/rivermind-data/electricity_forecast_model2.5/data/96/authoritative/pmos_96_全量.csv
dayahead,2026-07-22,2026-07-22,14,2026-07-22 03:30:00,4,1_32,482.0,2026-09-19T06:34:53.854728+00:00,/root/rivermind-data/electricity_forecast_model2.5/data/96/authoritative/pmos_96_全量.csv
dayahead,2026-08-01,2026-08-01,7,2026-08-01 01:45:00,2,1_32,433.4,2026-09-19T06:34:53.854728+00:00,/root/rivermind-data/electricity_forecast_model2.5/data/96/authoritative/pmos_96_全量.csv
dayahead,2026-07-31,2026-07-31,69,2026-07-31 17:15:00,18,65_96,388.0,2026-09-19T06:34:53.854728+00:00,/root/rivermind-data/electricity_forecast_model2.5/data/96/authoritative/pmos_96_全量.csv
dayahead,2026-08-01,2026-08-01,2,2026-08-01 00:30:00,1,1_32,421.0,2026-09-19T06:34:53.854728+00:00,/root/rivermind-data/electricity_forecast_model2.5/data/96/authoritative/pmos_96_全量.csv
dayahead,2026-08-01,2026-08-01,39,2026-08-01 09:45:00,10,33_64,317.63,2026-09-19T06:34:53.854728+00:00,/root/rivermind-data/electricity_forecast_model2.5/data/96/authoritative/pmos_96_全量.csv
dayahead,2026-08-01,2026-08-01,59,2026-08-01 14:45:00,15,33_64,351.0,2026-09-19T06:34:53.854728+00:00,/root/rivermind-data/electricity_forecast_model2.5/data/96/authoritative/pmos_96_全量.csv
dayahead,2026-08-02,2026-08-02,14,2026-08-02 03:30:00,4,1_32,428.0,2026-09-19T06:34:53.854728+00:00,/root/rivermind-data/electricity_forecast_model2.5/data/96/authoritative/pmos_96_全量.csv
dayahead,2026-08-02,2026-08-02,61,2026-08-02 15:15:00,16,33_64,338.08,2026-09-19T06:34:53.854728+00:00,/root/rivermind-data/electricity_forecast_model2.5/data/96/authoritative/pmos_96_全量.csv
dayahead,2026-08-02,2026-08-02,16,2026-08-02 04:00:00,4,1_32,420.91,2026-09-19T06:34:53.854728+00:00,/root/rivermind-data/electricity_forecast_model2.5/data/96/authoritative/pmos_96_全量.csv
dayahead,2026-08-01,2026-08-01,38,2026-08-01 09:30:00,10,33_64,315.99,2026-09-19T06:34:53.854728+00:00,/root/rivermind-data/electricity_forecast_model2.5/data/96/authoritative/pmos_96_全量.csv
dayahead,2026-08-01,2026-08-01,90,2026-08-01 22:30:00,23,65_96,785.11,2026-09-19T06:34:53.854728+00:00,/root/rivermind-data/electricity_forecast_model2.5/data/96/authoritative/pmos_96_全量.csv
dayahead,2026-08-02,2026-08-02,69,2026-08-02 17:15:00,18,65_96,450.76,2026-09-19T06:34:53.854728+00:00,/root/rivermind-data/electricity_forecast_model2.5/data/96/authoritative/pmos_96_全量.csv
dayahead,2026-07-22,2026-07-22,55,2026-07-22 13:45:00,14,33_64,187.81,2026-09-19T06:34:53.854728+00:00,/root/rivermind-data/electricity_forecast_model2.5/data/96/authoritative/pmos_96_全量.csv
dayahead,2026-08-01,2026-08-01,46,2026-08-01 11:30:00,12,33_64,318.61,2026-09-19T06:34:53.854728+00:00,/root/rivermind-data/electricity_forecast_model2.5/data/96/authoritative/pmos_96_全量.csv
dayahead,2026-07-25,2026-07-25,14,2026-07-25 03:30:00,4,1_32,412.0,2026-09-19T06:34:53.854728+00:00,/root/rivermind-data/electricity_forecast_model2.5/data/96/authoritative/pmos_96_全量.csv
dayahead,2026-07-30,2026-07-30,34,2026-07-30 08:30:00,9,33_64,340.2,2026-09-19T06:34:53.854728+00:00,/root/rivermind-data/electricity_forecast_model2.5/data/96/authoritative/pmos_96_全量.csv
dayahead,2026-08-01,2026-08-01,76,2026-08-01 19:00:00,19,65_96,804.0,2026-09-19T06:34:53.854728+00:00,/root/rivermind-data/electricity_forecast_model2.5/data/96/authoritative/pmos_96_全量.csv
dayahead,2026-08-01,2026-08-01,77,2026-08-01 19:15:00,20,65_96,804.0,2026-09-19T06:34:53.854728+00:00,/root/rivermind-data/electricity_forecast_model2.5/data/96/authoritative/pmos_96_全量.csv
dayahead,2026-08-01,2026-08-01,22,2026-08-01 05:30:00,6,1_32,398.84,2026-09-19T06:34:53.854728+00:00,/root/rivermind-data/electricity_forecast_model2.5/data/96/authoritative/pmos_96_全量.csv
dayahead,2026-08-01,2026-08-01,17,2026-08-01 04:15:00,5,1_32,392.0,2026-09-19T06:34:53.854728+00:00,/root/rivermind-data/electricity_forecast_model2.5/data/96/authoritative/pmos_96_全量.csv
dayahead,2026-08-01,2026-08-01,40,2026-08-01 10:00:00,10,33_64,317.63,2026-09-19T06:34:53.854728+00:00,/root/rivermind-data/electricity_forecast_model2.5/data/96/authoritative/pmos_96_全量.csv
dayahead,2026-08-01,2026-08-01,14,2026-08-01 03:30:00,4,1_32,398.0,2026-09-19T06:34:53.854728+00:00,/root/rivermind-data/electricity_forecast_model2.5/data/96/authoritative/pmos_96_全量.csv
dayahead,2026-08-01,2026-08-01,21,2026-08-01 05:15:00,6,1_32,399.32,2026-09-19T06:34:53.854728+00:00,/root/rivermind-data/electricity_forecast_model2.5/data/96/authoritative/pmos_96_全量.csv
dayahead,2026-08-01,2026-08-01,79,2026-08-01 19:45:00,20,65_96,804.0,2026-09-19T06:34:53.854728+00:00,/root/rivermind-data/electricity_forecast_model2.5/data/96/authoritative/pmos_96_全量.csv
dayahead,2026-08-01,2026-08-01,19,2026-08-01 04:45:00,5,1_32,389.16,2026-09-19T06:34:53.854728+00:00,/root/rivermind-data/electricity_forecast_model2.5/data/96/authoritative/pmos_96_全量.csv
dayahead,2026-08-01,2026-08-01,3,2026-08-01 00:45:00,1,1_32,416.57,2026-09-19T06:34:53.854728+00:00,/root/rivermind-data/electricity_forecast_model2.5/data/96/authoritative/pmos_96_全量.csv
dayahead,2026-08-01,2026-08-01,20,2026-08-01 05:00:00,5,1_32,392.0,2026-09-19T06:34:53.854728+00:00,/root/rivermind-data/electricity_forecast_model2.5/data/96/authoritative/pmos_96_全量.csv
dayahead,2026-08-01,2026-08-01,16,2026-08-01 04:00:00,4,1_32,394.0,2026-09-19T06:34:53.854728+00:00,/root/rivermind-data/electricity_forecast_model2.5/data/96/authoritative/pmos_96_全量.csv
dayahead,2026-08-01,2026-08-01,15,2026-08-01 03:45:00,4,1_32,395.38,2026-09-19T06:34:53.854728+00:00,/root/rivermind-data/electricity_forecast_model2.5/data/96/authoritative/pmos_96_全量.csv
dayahead,2026-08-01,2026-08-01,5,2026-08-01 01:15:00,2,1_32,444.0,2026-09-19T06:34:53.854728+00:00,/root/rivermind-data/electricity_forecast_model2.5/data/96/authoritative/pmos_96_全量.csv
dayahead,2026-08-01,2026-08-01,43,2026-08-01 10:45:00,11,33_64,318.61,2026-09-19T06:34:53.854728+00:00,/root/rivermind-data/electricity_forecast_model2.5/data/96/authoritative/pmos_96_全量.csv
dayahead,2026-08-04,2026-08-04,63,2026-08-04 15:45:00,16,33_64,522.06,2026-09-19T06:34:53.854728+00:00,/root/rivermind-data/electricity_forecast_model2.5/data/96/authoritative/pmos_96_全量.csv
dayahead,2026-08-01,2026-08-01,48,2026-08-01 12:00:00,12,33_64,318.61,2026-09-19T06:34:53.854728+00:00,/root/rivermind-data/electricity_forecast_model2.5/data/96/authoritative/pmos_96_全量.csv
dayahead,2026-08-04,2026-08-04,55,2026-08-04 13:45:00,14,33_64,445.03,2026-09-19T06:34:53.854728+00:00,/root/rivermind-data/electricity_forecast_model2.5/data/96/authoritative/pmos_96_全量.csv
dayahead,2026-08-01,2026-08-01,13,2026-08-01 03:15:00,4,1_32,402.0,2026-09-19T06:34:53.854728+00:00,/root/rivermind-data/electricity_forecast_model2.5/data/96/authoritative/pmos_96_全量.csv
dayahead,2026-08-01,2026-08-01,41,2026-08-01 10:15:00,11,33_64,318.56,2026-09-19T06:34:53.854728+00:00,/root/rivermind-data/electricity_forecast_model2.5/data/96/authoritative/pmos_96_全量.csv
dayahead,2026-08-01,2026-08-01,67,2026-08-01 16:45:00,17,65_96,433.0,2026-09-19T06:34:53.854728+00:00,/root/rivermind-data/electricity_forecast_model2.5/data/96/authoritative/pmos_96_全量.csv
dayahead,2026-08-01,2026-08-01,56,2026-08-01 14:00:00,14,33_64,332.95,2026-09-19T06:34:53.854728+00:00,/root/rivermind-data/electricity_forecast_model2.5/data/96/authoritative/pmos_96_全量.csv
dayahead,2026-08-01,2026-08-01,52,2026-08-01 13:00:00,13,33_64,318.63,2026-09-19T06:34:53.854728+00:00,/root/rivermind-data/electricity_forecast_model2.5/data/96/authoritative/pmos_96_全量.csv
dayahead,2026-08-01,2026-08-01,44,2026-08-01 11:00:00,11,33_64,318.61,2026-09-19T06:34:53.854728+00:00,/root/rivermind-data/electricity_forecast_model2.5/data/96/authoritative/pmos_96_全量.csv
dayahead,2026-08-02,2026-08-02,74,2026-08-02 18:30:00,19,65_96,604.0,2026-09-19T06:34:53.854728+00:00,/root/rivermind-data/electricity_forecast_model2.5/data/96/authoritative/pmos_96_全量.csv
dayahead,2026-08-01,2026-08-01,95,2026-08-01 23:45:00,24,65_96,475.0,2026-09-19T06:34:53.854728+00:00,/root/rivermind-data/electricity_forecast_model2.5/data/96/authoritative/pmos_96_全量.csv
dayahead,2026-08-07,2026-08-07,15,2026-08-07 03:45:00,4,1_32,538.07,2026-09-19T06:34:53.854728+00:00,/root/rivermind-data/electricity_forecast_model2.5/data/96/authoritative/pmos_96_全量.csv
dayahead,2026-08-01,2026-08-01,35,2026-08-01 08:45:00,9,33_64,318.79,2026-09-19T06:34:53.854728+00:00,/root/rivermind-data/electricity_forecast_model2.5/data/96/authoritative/pmos_96_全量.csv
dayahead,2026-08-02,2026-08-02,26,2026-08-02 06:30:00,7,1_32,377.08,2026-09-19T06:34:53.854728+00:00,/root/rivermind-data/electricity_forecast_model2.5/data/96/authoritative/pmos_96_全量.csv
dayahead,2026-08-08,2026-08-08,75,2026-08-08 18:45:00,19,65_96,400.6,2026-09-19T06:34:53.854728+00:00,/root/rivermind-data/electricity_forecast_model2.5/data/96/authoritative/pmos_96_全量.csv
dayahead,2026-08-08,2026-08-08,60,2026-08-08 15:00:00,15,33_64,113.52,2026-09-19T06:34:53.854728+00:00,/root/rivermind-data/electricity_forecast_model2.5/data/96/authoritative/pmos_96_全量.csv
dayahead,2026-08-04,2026-08-04,62,2026-08-04 15:30:00,16,33_64,509.49,2026-09-19T06:34:53.854728+00:00,/root/rivermind-data/electricity_forecast_model2.5/data/96/authoritative/pmos_96_全量.csv
dayahead,2026-08-03,2026-08-03,78,2026-08-03 19:30:00,20,65_96,563.0,2026-09-19T06:34:53.854728+00:00,/root/rivermind-data/electricity_forecast_model2.5/data/96/authoritative/pmos_96_全量.csv
dayahead,2026-08-03,2026-08-03,79,2026-08-03 19:45:00,20,65_96,556.21,2026-09-19T06:34:53.854728+00:00,/root/rivermind-data/electricity_forecast_model2.5/data/96/authoritative/pmos_96_全量.csv
dayahead,2026-08-01,2026-08-01,89,2026-08-01 22:15:00,23,65_96,803.26,2026-09-19T06:34:53.854728+00:00,/root/rivermind-data/electricity_forecast_model2.5/data/96/authoritative/pmos_96_全量.csv
dayahead,2026-08-01,2026-08-01,47,2026-08-01 11:45:00,12,33_64,318.61,2026-09-19T06:34:53.854728+00:00,/root/rivermind-data/electricity_forecast_model2.5/data/96/authoritative/pmos_96_全量.csv
dayahead,2026-08-01,2026-08-01,23,2026-08-01 05:45:00,6,1_32,391.43,2026-09-19T06:34:53.854728+00:00,/root/rivermind-data/electricity_forecast_model2.5/data/96/authoritative/pmos_96_全量.csv
dayahead,2026-07-21,2026-07-21,93,2026-07-21 23:15:00,24,65_96,480.0,2026-09-19T06:34:53.854728+00:00,/root/rivermind-data/electricity_forecast_model2.5/data/96/authoritative/pmos_96_全量.csv
dayahead,2026-08-01,2026-08-01,26,2026-08-01 06:30:00,7,1_32,360.06,2026-09-19T06:34:53.854728+00:00,/root/rivermind-data/electricity_forecast_model2.5/data/96/authoritative/pmos_96_全量.csv
dayahead,2026-08-01,2026-08-01,58,2026-08-01 14:30:00,15,33_64,342.78,2026-09-19T06:34:53.854728+00:00,/root/rivermind-data/electricity_forecast_model2.5/data/96/authoritative/pmos_96_全量.csv
dayahead,2026-08-02,2026-08-02,8,2026-08-02 02:00:00,2,1_32,458.98,2026-09-19T06:34:53.854728+00:00,/root/rivermind-data/electricity_forecast_model2.5/data/96/authoritative/pmos_96_全量.csv
dayahead,2026-08-01,2026-08-01,96,2026-08-02 00:00:00,24,65_96,463.2,2026-09-19T06:34:53.854728+00:00,/root/rivermind-data/electricity_forecast_model2.5/data/96/authoritative/pmos_96_全量.csv
dayahead,2026-08-02,2026-08-02,54,2026-08-02 13:30:00,14,33_64,159.38,2026-09-19T06:34:53.854728+00:00,/root/rivermind-data/electricity_forecast_model2.5/data/96/authoritative/pmos_96_全量.csv
dayahead,2026-08-02,2026-08-02,56,2026-08-02 14:00:00,14,33_64,171.3,2026-09-19T06:34:53.854728+00:00,/root/rivermind-data/electricity_forecast_model2.5/data/96/authoritative/pmos_96_全量.csv
dayahead,2026-08-02,2026-08-02,88,2026-08-02 22:00:00,22,65_96,604.0,2026-09-19T06:34:53.854728+00:00,/root/rivermind-data/electricity_forecast_model2.5/data/96/authoritative/pmos_96_全量.csv
dayahead,2026-08-01,2026-08-01,37,2026-08-01 09:15:00,10,33_64,317.56,2026-09-19T06:34:53.854728+00:00,/root/rivermind-data/electricity_forecast_model2.5/data/96/authoritative/pmos_96_全量.csv
dayahead,2026-08-02,2026-08-02,66,2026-08-02 16:30:00,17,65_96,410.18,2026-09-19T06:34:53.854728+00:00,/root/rivermind-data/electricity_forecast_model2.5/data/96/authoritative/pmos_96_全量.csv
dayahead,2026-08-02,2026-08-02,95,2026-08-02 23:45:00,24,65_96,495.0,2026-09-19T06:34:53.854728+00:00,/root/rivermind-data/electricity_forecast_model2.5/data/96/authoritative/pmos_96_全量.csv
dayahead,2026-08-02,2026-08-02,42,2026-08-02 10:30:00,11,33_64,159.36,2026-09-19T06:34:53.854728+00:00,/root/rivermind-data/electricity_forecast_model2.5/data/96/authoritative/pmos_96_全量.csv
dayahead,2026-08-02,2026-08-02,2,2026-08-02 00:30:00,1,1_32,449.9,2026-09-19T06:34:53.854728+00:00,/root/rivermind-data/electricity_forecast_model2.5/data/96/authoritative/pmos_96_全量.csv
dayahead,2026-08-02,2026-08-02,12,2026-08-02 03:00:00,3,1_32,434.8,2026-09-19T06:34:53.854728+00:00,/root/rivermind-data/electricity_forecast_model2.5/data/96/authoritative/pmos_96_全量.csv
dayahead,2026-08-01,2026-08-01,4,2026-08-01 01:00:00,1,1_32,419.0,2026-09-19T06:34:53.854728+00:00,/root/rivermind-data/electricity_forecast_model2.5/data/96/authoritative/pmos_96_全量.csv
dayahead,2026-08-02,2026-08-02,71,2026-08-02 17:45:00,18,65_96,481.0,2026-09-19T06:34:53.854728+00:00,/root/rivermind-data/electricity_forecast_model2.5/data/96/authoritative/pmos_96_全量.csv
dayahead,2026-08-02,2026-08-02,44,2026-08-02 11:00:00,11,33_64,159.37,2026-09-19T06:34:53.854728+00:00,/root/rivermind-data/electricity_forecast_model2.5/data/96/authoritative/pmos_96_全量.csv
dayahead,2026-08-02,2026-08-02,92,2026-08-02 23:00:00,23,65_96,499.0,2026-09-19T06:34:53.854728+00:00,/root/rivermind-data/electricity_forecast_model2.5/data/96/authoritative/pmos_96_全量.csv
dayahead,2026-08-02,2026-08-02,41,2026-08-02 10:15:00,11,33_64,159.37,2026-09-19T06:34:53.854728+00:00,/root/rivermind-data/electricity_forecast_model2.5/data/96/authoritative/pmos_96_全量.csv
dayahead,2026-08-02,2026-08-02,40,2026-08-02 10:00:00,10,33_64,159.31,2026-09-19T06:34:53.854728+00:00,/root/rivermind-data/electricity_forecast_model2.5/data/96/authoritative/pmos_96_全量.csv
dayahead,2026-08-02,2026-08-02,10,2026-08-02 02:30:00,3,1_32,444.48,2026-09-19T06:34:53.854728+00:00,/root/rivermind-data/electricity_forecast_model2.5/data/96/authoritative/pmos_96_全量.csv
dayahead,2026-08-02,2026-08-02,79,2026-08-02 19:45:00,20,65_96,604.0,2026-09-19T06:34:53.854728+00:00,/root/rivermind-data/electricity_forecast_model2.5/data/96/authoritative/pmos_96_全量.csv
dayahead,2026-08-02,2026-08-02,73,2026-08-02 18:15:00,19,65_96,604.0,2026-09-19T06:34:53.854728+00:00,/root/rivermind-data/electricity_forecast_model2.5/data/96/authoritative/pmos_96_全量.csv
dayahead,2026-08-01,2026-08-01,18,2026-08-01 04:30:00,5,1_32,389.46,2026-09-19T06:34:53.854728+00:00,/root/rivermind-data/electricity_forecast_model2.5/data/96/authoritative/pmos_96_全量.csv
dayahead,2026-08-01,2026-08-01,31,2026-08-01 07:45:00,8,1_32,327.23,2026-09-19T06:34:53.854728+00:00,/root/rivermind-data/electricity_forecast_model2.5/data/96/authoritative/pmos_96_全量.csv
dayahead,2026-08-05,2026-08-05,66,2026-08-05 16:30:00,17,65_96,561.18,2026-09-19T06:34:53.854728+00:00,/root/rivermind-data/electricity_forecast_model2.5/data/96/authoritative/pmos_96_全量.csv
dayahead,2026-08-07,2026-08-07,60,2026-08-07 15:00:00,15,33_64,398.0,2026-09-19T06:34:53.854728+00:00,/root/rivermind-data/electricity_forecast_model2.5/data/96/authoritative/pmos_96_全量.csv
dayahead,2026-08-07,2026-08-07,51,2026-08-07 12:45:00,13,33_64,383.51,2026-09-19T06:34:53.854728+00:00,/root/rivermind-data/electricity_forecast_model2.5/data/96/authoritative/pmos_96_全量.csv
dayahead,2026-08-02,2026-08-02,85,2026-08-02 21:15:00,22,65_96,604.0,2026-09-19T06:34:53.854728+00:00,/root/rivermind-data/electricity_forecast_model2.5/data/96/authoritative/pmos_96_全量.csv
dayahead,2026-08-06,2026-08-06,7,2026-08-06 01:45:00,2,1_32,568.56,2026-09-19T06:34:53.854728+00:00,/root/rivermind-data/electricity_forecast_model2.5/data/96/authoritative/pmos_96_全量.csv
dayahead,2026-08-07,2026-08-07,48,2026-08-07 12:00:00,12,33_64,383.51,2026-09-19T06:34:53.854728+00:00,/root/rivermind-data/electricity_forecast_model2.5/data/96/authoritative/pmos_96_全量.csv
dayahead,2026-08-07,2026-08-07,80,2026-08-07 20:00:00,20,65_96,1291.69,2026-09-19T06:34:53.854728+00:00,/root/rivermind-data/electricity_forecast_model2.5/data/96/authoritative/pmos_96_全量.csv
dayahead,2026-08-02,2026-08-02,96,2026-08-03 00:00:00,24,65_96,484.82,2026-09-19T06:34:53.854728+00:00,/root/rivermind-data/electricity_forecast_model2.5/data/96/authoritative/pmos_96_全量.csv
dayahead,2026-08-07,2026-08-07,56,2026-08-07 14:00:00,14,33_64,383.55,2026-09-19T06:34:53.854728+00:00,/root/rivermind-data/electricity_forecast_model2.5/data/96/authoritative/pmos_96_全量.csv
dayahead,2026-08-02,2026-08-02,83,2026-08-02 20:45:00,21,65_96,604.0,2026-09-19T06:34:53.854728+00:00,/root/rivermind-data/electricity_forecast_model2.5/data/96/authoritative/pmos_96_全量.csv
dayahead,2026-08-04,2026-08-04,16,2026-08-04 04:00:00,4,1_32,539.18,2026-09-19T06:34:53.854728+00:00,/root/rivermind-data/electricity_forecast_model2.5/data/96/authoritative/pmos_96_全量.csv
dayahead,2026-08-02,2026-08-02,87,2026-08-02 21:45:00,22,65_96,604.0,2026-09-19T06:34:53.854728+00:00,/root/rivermind-data/electricity_forecast_model2.5/data/96/authoritative/pmos_96_全量.csv
dayahead,2026-08-07,2026-08-07,75,2026-08-07 18:45:00,19,65_96,1025.62,2026-09-19T06:34:53.854728+00:00,/root/rivermind-data/electricity_forecast_model2.5/data/96/authoritative/pmos_96_全量.csv
dayahead,2026-08-02,2026-08-02,76,2026-08-02 19:00:00,19,65_96,604.0,2026-09-19T06:34:53.854728+00:00,/root/rivermind-data/electricity_forecast_model2.5/data/96/authoritative/pmos_96_全量.csv
dayahead,2026-08-07,2026-08-07,64,2026-08-07 16:00:00,16,33_64,433.23,2026-09-19T06:34:53.854728+00:00,/root/rivermind-data/electricity_forecast_model2.5/data/96/authoritative/pmos_96_全量.csv
dayahead,2026-08-02,2026-08-02,55,2026-08-02 13:45:00,14,33_64,159.42,2026-09-19T06:34:53.854728+00:00,/root/rivermind-data/electricity_forecast_model2.5/data/96/authoritative/pmos_96_全量.csv
dayahead,2026-08-08,2026-08-08,81,2026-08-08 20:15:00,21,65_96,400.44,2026-09-19T06:34:53.854728+00:00,/root/rivermind-data/electricity_forecast_model2.5/data/96/authoritative/pmos_96_全量.csv
dayahead,2026-08-01,2026-08-01,28,2026-08-01 07:00:00,7,1_32,342.05,2026-09-19T06:34:53.854728+00:00,/root/rivermind-data/electricity_forecast_model2.5/data/96/authoritative/pmos_96_全量.csv
dayahead,2026-08-04,2026-08-04,40,2026-08-04 10:00:00,10,33_64,444.91,2026-09-19T06:34:53.854728+00:00,/root/rivermind-data/electricity_forecast_model2.5/data/96/authoritative/pmos_96_全量.csv
dayahead,2026-08-04,2026-08-04,93,2026-08-04 23:15:00,24,65_96,1500.0,2026-09-19T06:34:53.854728+00:00,/root/rivermind-data/electricity_forecast_model2.5/data/96/authoritative/pmos_96_全量.csv
dayahead,2026-08-05,2026-08-05,81,2026-08-05 20:15:00,21,65_96,1500.0,2026-09-19T06:34:53.854728+00:00,/root/rivermind-data/electricity_forecast_model2.5/data/96/authoritative/pmos_96_全量.csv
dayahead,2026-08-02,2026-08-02,89,2026-08-02 22:15:00,23,65_96,604.0,2026-09-19T06:34:53.854728+00:00,/root/rivermind-data/electricity_forecast_model2.5/data/96/authoritative/pmos_96_全量.csv
dayahead,2026-08-02,2026-08-02,86,2026-08-02 21:30:00,22,65_96,604.0,2026-09-19T06:34:53.854728+00:00,/root/rivermind-data/electricity_forecast_model2.5/data/96/authoritative/pmos_96_全量.csv
dayahead,2026-08-01,2026-08-01,74,2026-08-01 18:30:00,19,65_96,804.0,2026-09-19T06:34:53.854728+00:00,/root/rivermind-data/electricity_forecast_model2.5/data/96/authoritative/pmos_96_全量.csv
dayahead,2026-08-02,2026-08-02,21,2026-08-02 05:15:00,6,1_32,427.24,2026-09-19T06:34:53.854728+00:00,/root/rivermind-data/electricity_forecast_model2.5/data/96/authoritative/pmos_96_全量.csv
dayahead,2026-08-01,2026-08-01,88,2026-08-01 22:00:00,22,65_96,481.4,2026-09-19T06:34:53.854728+00:00,/root/rivermind-data/electricity_forecast_model2.5/data/96/authoritative/pmos_96_全量.csv
dayahead,2026-08-02,2026-08-02,9,2026-08-02 02:15:00,3,1_32,452.0,2026-09-19T06:34:53.854728+00:00,/root/rivermind-data/electricity_forecast_model2.5/data/96/authoritative/pmos_96_全量.csv
dayahead,2026-08-03,2026-08-03,65,2026-08-03 16:15:00,17,65_96,501.56,2026-09-19T06:34:53.854728+00:00,/root/rivermind-data/electricity_forecast_model2.5/data/96/authoritative/pmos_96_全量.csv
dayahead,2026-08-02,2026-08-02,58,2026-08-02 14:30:00,15,33_64,284.16,2026-09-19T06:34:53.854728+00:00,/root/rivermind-data/electricity_forecast_model2.5/data/96/authoritative/pmos_96_全量.csv
dayahead,2026-08-02,2026-08-02,82,2026-08-02 20:30:00,21,65_96,604.0,2026-09-19T06:34:53.854728+00:00,/root/rivermind-data/electricity_forecast_model2.5/data/96/authoritative/pmos_96_全量.csv
dayahead,2026-08-01,2026-08-01,9,2026-08-01 02:15:00,3,1_32,418.0,2026-09-19T06:34:53.854728+00:00,/root/rivermind-data/electricity_forecast_model2.5/data/96/authoritative/pmos_96_全量.csv
dayahead,2026-08-03,2026-08-03,2,2026-08-03 00:30:00,1,1_32,533.84,2026-09-19T06:34:53.854728+00:00,/root/rivermind-data/electricity_forecast_model2.5/data/96/authoritative/pmos_96_全量.csv
dayahead,2026-08-04,2026-08-04,82,2026-08-04 20:30:00,21,65_96,1500.0,2026-09-19T06:34:53.854728+00:00,/root/rivermind-data/electricity_forecast_model2.5/data/96/authoritative/pmos_96_全量.csv
dayahead,2026-08-03,2026-08-03,94,2026-08-03 23:30:00,24,65_96,1500.0,2026-09-19T06:34:53.854728+00:00,/root/rivermind-data/electricity_forecast_model2.5/data/96/authoritative/pmos_96_全量.csv
dayahead,2026-08-02,2026-08-02,46,2026-08-02 11:30:00,12,33_64,159.38,2026-09-19T06:34:53.854728+00:00,/root/rivermind-data/electricity_forecast_model2.5/data/96/authoritative/pmos_96_全量.csv
dayahead,2026-08-01,2026-08-01,94,2026-08-01 23:30:00,24,65_96,803.29,2026-09-19T06:34:53.854728+00:00,/root/rivermind-data/electricity_forecast_model2.5/data/96/authoritative/pmos_96_全量.csv
dayahead,2026-08-02,2026-08-02,24,2026-08-02 06:00:00,6,1_32,406.0,2026-09-19T06:34:53.854728+00:00,/root/rivermind-data/electricity_forecast_model2.5/data/96/authoritative/pmos_96_全量.csv
dayahead,2026-08-01,2026-08-01,10,2026-08-01 02:30:00,3,1_32,411.0,2026-09-19T06:34:53.854728+00:00,/root/rivermind-data/electricity_forecast_model2.5/data/96/authoritative/pmos_96_全量.csv
dayahead,2026-08-13,2026-08-13,76,2026-08-13 19:00:00,19,65_96,374.27,2026-09-19T06:34:53.854728+00:00,/root/rivermind-data/electricity_forecast_model2.5/data/96/authoritative/pmos_96_全量.csv
dayahead,2026-08-01,2026-08-01,93,2026-08-01 23:15:00,24,65_96,804.0,2026-09-19T06:34:53.854728+00:00,/root/rivermind-data/electricity_forecast_model2.5/data/96/authoritative/pmos_96_全量.csv
dayahead,2026-08-02,2026-08-02,48,2026-08-02 12:00:00,12,33_64,159.38,2026-09-19T06:34:53.854728+00:00,/root/rivermind-data/electricity_forecast_model2.5/data/96/authoritative/pmos_96_全量.csv
dayahead,2026-08-02,2026-08-02,51,2026-08-02 12:45:00,13,33_64,159.38,2026-09-19T06:34:53.854728+00:00,/root/rivermind-data/electricity_forecast_model2.5/data/96/authoritative/pmos_96_全量.csv
dayahead,2026-08-03,2026-08-03,46,2026-08-03 11:30:00,12,33_64,374.0,2026-09-19T06:34:53.854728+00:00,/root/rivermind-data/electricity_forecast_model2.5/data/96/authoritative/pmos_96_全量.csv
dayahead,2026-08-02,2026-08-02,70,2026-08-02 17:30:00,18,65_96,468.94,2026-09-19T06:34:53.854728+00:00,/root/rivermind-data/electricity_forecast_model2.5/data/96/authoritative/pmos_96_全量.csv
dayahead,2026-08-02,2026-08-02,13,2026-08-02 03:15:00,4,1_32,430.5,2026-09-19T06:34:53.854728+00:00,/root/rivermind-data/electricity_forecast_model2.5/data/96/authoritative/pmos_96_全量.csv
dayahead,2026-08-01,2026-08-01,32,2026-08-01 08:00:00,8,1_32,322.19,2026-09-19T06:34:53.854728+00:00,/root/rivermind-data/electricity_forecast_model2.5/data/96/authoritative/pmos_96_全量.csv
dayahead,2026-08-02,2026-08-02,53,2026-08-02 13:15:00,14,33_64,159.38,2026-09-19T06:34:53.854728+00:00,/root/rivermind-data/electricity_forecast_model2.5/data/96/authoritative/pmos_96_全量.csv
dayahead,2026-08-02,2026-08-02,84,2026-08-02 21:00:00,21,65_96,604.0,2026-09-19T06:34:53.854728+00:00,/root/rivermind-data/electricity_forecast_model2.5/data/96/authoritative/pmos_96_全量.csv
dayahead,2026-08-06,2026-08-06,48,2026-08-06 12:00:00,12,33_64,418.23,2026-09-19T06:34:53.854728+00:00,/root/rivermind-data/electricity_forecast_model2.5/data/96/authoritative/pmos_96_全量.csv
dayahead,2026-08-02,2026-08-02,6,2026-08-02 01:30:00,2,1_32,476.67,2026-09-19T06:34:53.854728+00:00,/root/rivermind-data/electricity_forecast_model2.5/data/96/authoritative/pmos_96_全量.csv
dayahead,2026-08-02,2026-08-02,1,2026-08-02 00:15:00,1,1_32,464.0,2026-09-19T06:34:53.854728+00:00,/root/rivermind-data/electricity_forecast_model2.5/data/96/authoritative/pmos_96_全量.csv
dayahead,2026-08-02,2026-08-02,7,2026-08-02 01:45:00,2,1_32,468.91,2026-09-19T06:34:53.854728+00:00,/root/rivermind-data/electricity_forecast_model2.5/data/96/authoritative/pmos_96_全量.csv
dayahead,2026-08-02,2026-08-02,63,2026-08-02 15:45:00,16,33_64,365.74,2026-09-19T06:34:53.854728+00:00,/root/rivermind-data/electricity_forecast_model2.5/data/96/authoritative/pmos_96_全量.csv
dayahead,2026-08-02,2026-08-02,22,2026-08-02 05:30:00,6,1_32,426.64,2026-09-19T06:34:53.854728+00:00,/root/rivermind-data/electricity_forecast_model2.5/data/96/authoritative/pmos_96_全量.csv
dayahead,2026-08-01,2026-08-01,91,2026-08-01 22:45:00,23,65_96,663.26,2026-09-19T06:34:53.854728+00:00,/root/rivermind-data/electricity_forecast_model2.5/data/96/authoritative/pmos_96_全量.csv
dayahead,2026-08-02,2026-08-02,19,2026-08-02 04:45:00,5,1_32,417.6,2026-09-19T06:34:53.854728+00:00,/root/rivermind-data/electricity_forecast_model2.5/data/96/authoritative/pmos_96_全量.csv
dayahead,2026-07-19,2026-07-19,44,2026-07-19 11:00:00,11,33_64,-58.84,2026-09-19T06:34:53.854728+00:00,/root/rivermind-data/electricity_forecast_model2.5/data/96/authoritative/pmos_96_全量.csv
dayahead,2026-08-02,2026-08-02,11,2026-08-02 02:45:00,3,1_32,440.0,2026-09-19T06:34:53.854728+00:00,/root/rivermind-data/electricity_forecast_model2.5/data/96/authoritative/pmos_96_全量.csv
dayahead,2026-08-02,2026-08-02,72,2026-08-02 18:00:00,18,65_96,494.96,2026-09-19T06:34:53.854728+00:00,/root/rivermind-data/electricity_forecast_model2.5/data/96/authoritative/pmos_96_全量.csv
dayahead,2026-08-02,2026-08-02,4,2026-08-02 01:00:00,1,1_32,442.0,2026-09-19T06:34:53.854728+00:00,/root/rivermind-data/electricity_forecast_model2.5/data/96/authoritative/pmos_96_全量.csv
dayahead,2026-07-23,2026-07-23,16,2026-07-23 04:00:00,4,1_32,418.0,2026-09-19T06:34:53.854728+00:00,/root/rivermind-data/electricity_forecast_model2.5/data/96/authoritative/pmos_96_全量.csv
dayahead,2026-08-02,2026-08-02,75,2026-08-02 18:45:00,19,65_96,604.0,2026-09-19T06:34:53.854728+00:00,/root/rivermind-data/electricity_forecast_model2.5/data/96/authoritative/pmos_96_全量.csv
dayahead,2026-08-01,2026-08-01,34,2026-08-01 08:30:00,9,33_64,320.23,2026-09-19T06:34:53.854728+00:00,/root/rivermind-data/electricity_forecast_model2.5/data/96/authoritative/pmos_96_全量.csv
dayahead,2026-08-02,2026-08-02,90,2026-08-02 22:30:00,23,65_96,604.0,2026-09-19T06:34:53.854728+00:00,/root/rivermind-data/electricity_forecast_model2.5/data/96/authoritative/pmos_96_全量.csv
dayahead,2026-08-07,2026-08-07,88,2026-08-07 22:00:00,22,65_96,980.3,2026-09-19T06:34:53.854728+00:00,/root/rivermind-data/electricity_forecast_model2.5/data/96/authoritative/pmos_96_全量.csv
dayahead,2026-07-23,2026-07-23,20,2026-07-23 05:00:00,5,1_32,427.0,2026-09-19T06:34:53.854728+00:00,/root/rivermind-data/electricity_forecast_model2.5/data/96/authoritative/pmos_96_全量.csv
dayahead,2026-08-04,2026-08-04,12,2026-08-04 03:00:00,3,1_32,552.0,2026-09-19T06:34:53.854728+00:00,/root/rivermind-data/electricity_forecast_model2.5/data/96/authoritative/pmos_96_全量.csv
dayahead,2026-08-03,2026-08-03,71,2026-08-03 17:45:00,18,65_96,1500.0,2026-09-19T06:34:53.854728+00:00,/root/rivermind-data/electricity_forecast_model2.5/data/96/authoritative/pmos_96_全量.csv
dayahead,2026-08-04,2026-08-04,95,2026-08-04 23:45:00,24,65_96,1500.0,2026-09-19T06:34:53.854728+00:00,/root/rivermind-data/electricity_forecast_model2.5/data/96/authoritative/pmos_96_全量.csv
dayahead,2026-08-04,2026-08-04,19,2026-08-04 04:45:00,5,1_32,540.0,2026-09-19T06:34:53.854728+00:00,/root/rivermind-data/electricity_forecast_model2.5/data/96/authoritative/pmos_96_全量.csv
dayahead,2026-08-03,2026-08-03,56,2026-08-03 14:00:00,14,33_64,411.5,2026-09-19T06:34:53.854728+00:00,/root/rivermind-data/electricity_forecast_model2.5/data/96/authoritative/pmos_96_全量.csv
dayahead,2026-08-03,2026-08-03,61,2026-08-03 15:15:00,16,33_64,421.93,2026-09-19T06:34:53.854728+00:00,/root/rivermind-data/electricity_forecast_model2.5/data/96/authoritative/pmos_96_全量.csv
dayahead,2026-08-03,2026-08-03,62,2026-08-03 15:30:00,16,33_64,440.73,2026-09-19T06:34:53.854728+00:00,/root/rivermind-data/electricity_forecast_model2.5/data/96/authoritative/pmos_96_全量.csv
dayahead,2026-08-03,2026-08-03,89,2026-08-03 22:15:00,23,65_96,1500.0,2026-09-19T06:34:53.854728+00:00,/root/rivermind-data/electricity_forecast_model2.5/data/96/authoritative/pmos_96_全量.csv
dayahead,2026-08-04,2026-08-04,78,2026-08-04 19:30:00,20,65_96,1500.0,2026-09-19T06:34:53.854728+00:00,/root/rivermind-data/electricity_forecast_model2.5/data/96/authoritative/pmos_96_全量.csv
dayahead,2026-08-03,2026-08-03,4,2026-08-03 01:00:00,1,1_32,526.77,2026-09-19T06:34:53.854728+00:00,/root/rivermind-data/electricity_forecast_model2.5/data/96/authoritative/pmos_96_全量.csv
dayahead,2026-08-03,2026-08-03,60,2026-08-03 15:00:00,15,33_64,420.59,2026-09-19T06:34:53.854728+00:00,/root/rivermind-data/electricity_forecast_model2.5/data/96/authoritative/pmos_96_全量.csv
dayahead,2026-08-02,2026-08-02,32,2026-08-02 08:00:00,8,1_32,274.96,2026-09-19T06:34:53.854728+00:00,/root/rivermind-data/electricity_forecast_model2.5/data/96/authoritative/pmos_96_全量.csv
dayahead,2026-08-03,2026-08-03,42,2026-08-03 10:30:00,11,33_64,350.67,2026-09-19T06:34:53.854728+00:00,/root/rivermind-data/electricity_forecast_model2.5/data/96/authoritative/pmos_96_全量.csv
dayahead,2026-08-04,2026-08-04,8,2026-08-04 02:00:00,2,1_32,559.59,2026-09-19T06:34:53.854728+00:00,/root/rivermind-data/electricity_forecast_model2.5/data/96/authoritative/pmos_96_全量.csv
dayahead,2026-08-03,2026-08-03,14,2026-08-03 03:30:00,4,1_32,512.32,2026-09-19T06:34:53.854728+00:00,/root/rivermind-data/electricity_forecast_model2.5/data/96/authoritative/pmos_96_全量.csv
dayahead,2026-08-04,2026-08-04,80,2026-08-04 20:00:00,20,65_96,1500.0,2026-09-19T06:34:53.854728+00:00,/root/rivermind-data/electricity_forecast_model2.5/data/96/authoritative/pmos_96_全量.csv
dayahead,2026-08-03,2026-08-03,85,2026-08-03 21:15:00,22,65_96,1500.0,2026-09-19T06:34:53.854728+00:00,/root/rivermind-data/electricity_forecast_model2.5/data/96/authoritative/pmos_96_全量.csv
dayahead,2026-08-04,2026-08-04,57,2026-08-04 14:15:00,15,33_64,455.42,2026-09-19T06:34:53.854728+00:00,/root/rivermind-data/electricity_forecast_model2.5/data/96/authoritative/pmos_96_全量.csv
dayahead,2026-08-03,2026-08-03,90,2026-08-03 22:30:00,23,65_96,1500.0,2026-09-19T06:34:53.854728+00:00,/root/rivermind-data/electricity_forecast_model2.5/data/96/authoritative/pmos_96_全量.csv
dayahead,2026-08-03,2026-08-03,91,2026-08-03 22:45:00,23,65_96,1500.0,2026-09-19T06:34:53.854728+00:00,/root/rivermind-data/electricity_forecast_model2.5/data/96/authoritative/pmos_96_全量.csv
dayahead,2026-08-04,2026-08-04,54,2026-08-04 13:30:00,14,33_64,444.97,2026-09-19T06:34:53.854728+00:00,/root/rivermind-data/electricity_forecast_model2.5/data/96/authoritative/pmos_96_全量.csv
dayahead,2026-08-04,2026-08-04,35,2026-08-04 08:45:00,9,33_64,445.25,2026-09-19T06:34:53.854728+00:00,/root/rivermind-data/electricity_forecast_model2.5/data/96/authoritative/pmos_96_全量.csv
dayahead,2026-08-04,2026-08-04,13,2026-08-04 03:15:00,4,1_32,549.26,2026-09-19T06:34:53.854728+00:00,/root/rivermind-data/electricity_forecast_model2.5/data/96/authoritative/pmos_96_全量.csv
dayahead,2026-08-04,2026-08-04,76,2026-08-04 19:00:00,19,65_96,1500.0,2026-09-19T06:34:53.854728+00:00,/root/rivermind-data/electricity_forecast_model2.5/data/96/authoritative/pmos_96_全量.csv
dayahead,2026-08-03,2026-08-03,39,2026-08-03 09:45:00,10,33_64,360.0,2026-09-19T06:34:53.854728+00:00,/root/rivermind-data/electricity_forecast_model2.5/data/96/authoritative/pmos_96_全量.csv
dayahead,2026-08-04,2026-08-04,81,2026-08-04 20:15:00,21,65_96,1500.0,2026-09-19T06:34:53.854728+00:00,/root/rivermind-data/electricity_forecast_model2.5/data/96/authoritative/pmos_96_全量.csv
dayahead,2026-08-04,2026-08-04,94,2026-08-04 23:30:00,24,65_96,1500.0,2026-09-19T06:34:53.854728+00:00,/root/rivermind-data/electricity_forecast_model2.5/data/96/authoritative/pmos_96_全量.csv
dayahead,2026-08-04,2026-08-04,4,2026-08-04 01:00:00,1,1_32,557.49,2026-09-19T06:34:53.854728+00:00,/root/rivermind-data/electricity_forecast_model2.5/data/96/authoritative/pmos_96_全量.csv
dayahead,2026-08-04,2026-08-04,61,2026-08-04 15:15:00,16,33_64,495.61,2026-09-19T06:34:53.854728+00:00,/root/rivermind-data/electricity_forecast_model2.5/data/96/authoritative/pmos_96_全量.csv
dayahead,2026-08-04,2026-08-04,1,2026-08-04 00:15:00,1,1_32,560.33,2026-09-19T06:34:53.854728+00:00,/root/rivermind-data/electricity_forecast_model2.5/data/96/authoritative/pmos_96_全量.csv
dayahead,2026-08-03,2026-08-03,86,2026-08-03 21:30:00,22,65_96,1500.0,2026-09-19T06:34:53.854728+00:00,/root/rivermind-data/electricity_forecast_model2.5/data/96/authoritative/pmos_96_全量.csv
dayahead,2026-08-04,2026-08-04,79,2026-08-04 19:45:00,20,65_96,1500.0,2026-09-19T06:34:53.854728+00:00,/root/rivermind-data/electricity_forecast_model2.5/data/96/authoritative/pmos_96_全量.csv
dayahead,2026-08-03,2026-08-03,20,2026-08-03 05:00:00,5,1_32,501.01,2026-09-19T06:34:53.854728+00:00,/root/rivermind-data/electricity_forecast_model2.5/data/96/authoritative/pmos_96_全量.csv
dayahead,2026-08-04,2026-08-04,89,2026-08-04 22:15:00,23,65_96,1500.0,2026-09-19T06:34:53.854728+00:00,/root/rivermind-data/electricity_forecast_model2.5/data/96/authoritative/pmos_96_全量.csv
dayahead,2026-08-01,2026-08-01,24,2026-08-01 06:00:00,6,1_32,383.38,2026-09-19T06:34:53.854728+00:00,/root/rivermind-data/electricity_forecast_model2.5/data/96/authoritative/pmos_96_全量.csv
dayahead,2026-08-04,2026-08-04,49,2026-08-04 12:15:00,13,33_64,444.97,2026-09-19T06:34:53.854728+00:00,/root/rivermind-data/electricity_forecast_model2.5/data/96/authoritative/pmos_96_全量.csv
dayahead,2026-08-04,2026-08-04,83,2026-08-04 20:45:00,21,65_96,1500.0,2026-09-19T06:34:53.854728+00:00,/root/rivermind-data/electricity_forecast_model2.5/data/96/authoritative/pmos_96_全量.csv
dayahead,2026-08-04,2026-08-04,10,2026-08-04 02:30:00,3,1_32,557.99,2026-09-19T06:34:53.854728+00:00,/root/rivermind-data/electricity_forecast_model2.5/data/96/authoritative/pmos_96_全量.csv
dayahead,2026-08-03,2026-08-03,55,2026-08-03 13:45:00,14,33_64,407.27,2026-09-19T06:34:53.854728+00:00,/root/rivermind-data/electricity_forecast_model2.5/data/96/authoritative/pmos_96_全量.csv
dayahead,2026-08-07,2026-08-07,44,2026-08-07 11:00:00,11,33_64,383.51,2026-09-19T06:34:53.854728+00:00,/root/rivermind-data/electricity_forecast_model2.5/data/96/authoritative/pmos_96_全量.csv
dayahead,2026-08-04,2026-08-04,5,2026-08-04 01:15:00,2,1_32,1500.0,2026-09-19T06:34:53.854728+00:00,/root/rivermind-data/electricity_forecast_model2.5/data/96/authoritative/pmos_96_全量.csv
dayahead,2026-08-02,2026-08-02,27,2026-08-02 06:45:00,7,1_32,361.0,2026-09-19T06:34:53.854728+00:00,/root/rivermind-data/electricity_forecast_model2.5/data/96/authoritative/pmos_96_全量.csv
dayahead,2026-07-31,2026-07-31,33,2026-07-31 08:15:00,9,33_64,302.13,2026-09-19T06:34:53.854728+00:00,/root/rivermind-data/electricity_forecast_model2.5/data/96/authoritative/pmos_96_全量.csv
dayahead,2026-08-02,2026-08-02,65,2026-08-02 16:15:00,17,65_96,392.0,2026-09-19T06:34:53.854728+00:00,/root/rivermind-data/electricity_forecast_model2.5/data/96/authoritative/pmos_96_全量.csv
dayahead,2026-08-03,2026-08-03,48,2026-08-03 12:00:00,12,33_64,397.0,2026-09-19T06:34:53.854728+00:00,/root/rivermind-data/electricity_forecast_model2.5/data/96/authoritative/pmos_96_全量.csv
dayahead,2026-08-02,2026-08-02,81,2026-08-02 20:15:00,21,65_96,604.0,2026-09-19T06:34:53.854728+00:00,/root/rivermind-data/electricity_forecast_model2.5/data/96/authoritative/pmos_96_全量.csv
dayahead,2026-08-02,2026-08-02,25,2026-08-02 06:15:00,7,1_32,390.2,2026-09-19T06:34:53.854728+00:00,/root/rivermind-data/electricity_forecast_model2.5/data/96/authoritative/pmos_96_全量.csv
dayahead,2026-08-03,2026-08-03,57,2026-08-03 14:15:00,15,33_64,410.95,2026-09-19T06:34:53.854728+00:00,/root/rivermind-data/electricity_forecast_model2.5/data/96/authoritative/pmos_96_全量.csv
dayahead,2026-08-03,2026-08-03,15,2026-08-03 03:45:00,4,1_32,509.49,2026-09-19T06:34:53.854728+00:00,/root/rivermind-data/electricity_forecast_model2.5/data/96/authoritative/pmos_96_全量.csv
dayahead,2026-08-03,2026-08-03,7,2026-08-03 01:45:00,2,1_32,550.5,2026-09-19T06:34:53.854728+00:00,/root/rivermind-data/electricity_forecast_model2.5/data/96/authoritative/pmos_96_全量.csv
dayahead,2026-08-03,2026-08-03,49,2026-08-03 12:15:00,13,33_64,403.05,2026-09-19T06:34:53.854728+00:00,/root/rivermind-data/electricity_forecast_model2.5/data/96/authoritative/pmos_96_全量.csv
dayahead,2026-08-02,2026-08-02,80,2026-08-02 20:00:00,20,65_96,604.0,2026-09-19T06:34:53.854728+00:00,/root/rivermind-data/electricity_forecast_model2.5/data/96/authoritative/pmos_96_全量.csv
dayahead,2026-08-03,2026-08-03,25,2026-08-03 06:15:00,7,1_32,456.9,2026-09-19T06:34:53.854728+00:00,/root/rivermind-data/electricity_forecast_model2.5/data/96/authoritative/pmos_96_全量.csv
dayahead,2026-08-03,2026-08-03,12,2026-08-03 03:00:00,3,1_32,522.82,2026-09-19T06:34:53.854728+00:00,/root/rivermind-data/electricity_forecast_model2.5/data/96/authoritative/pmos_96_全量.csv
dayahead,2026-08-03,2026-08-03,45,2026-08-03 11:15:00,12,33_64,366.0,2026-09-19T06:34:53.854728+00:00,/root/rivermind-data/electricity_forecast_model2.5/data/96/authoritative/pmos_96_全量.csv
dayahead,2026-08-03,2026-08-03,13,2026-08-03 03:15:00,4,1_32,516.03,2026-09-19T06:34:53.854728+00:00,/root/rivermind-data/electricity_forecast_model2.5/data/96/authoritative/pmos_96_全量.csv
dayahead,2026-08-03,2026-08-03,59,2026-08-03 14:45:00,15,33_64,416.23,2026-09-19T06:34:53.854728+00:00,/root/rivermind-data/electricity_forecast_model2.5/data/96/authoritative/pmos_96_全量.csv
dayahead,2026-08-03,2026-08-03,6,2026-08-03 01:30:00,2,1_32,555.35,2026-09-19T06:34:53.854728+00:00,/root/rivermind-data/electricity_forecast_model2.5/data/96/authoritative/pmos_96_全量.csv
dayahead,2026-08-02,2026-08-02,30,2026-08-02 07:30:00,8,1_32,329.2,2026-09-19T06:34:53.854728+00:00,/root/rivermind-data/electricity_forecast_model2.5/data/96/authoritative/pmos_96_全量.csv
dayahead,2026-08-02,2026-08-02,31,2026-08-02 07:45:00,8,1_32,306.5,2026-09-19T06:34:53.854728+00:00,/root/rivermind-data/electricity_forecast_model2.5/data/96/authoritative/pmos_96_全量.csv
dayahead,2026-08-03,2026-08-03,64,2026-08-03 16:00:00,16,33_64,482.52,2026-09-19T06:34:53.854728+00:00,/root/rivermind-data/electricity_forecast_model2.5/data/96/authoritative/pmos_96_全量.csv
dayahead,2026-08-03,2026-08-03,44,2026-08-03 11:00:00,11,33_64,349.78,2026-09-19T06:34:53.854728+00:00,/root/rivermind-data/electricity_forecast_model2.5/data/96/authoritative/pmos_96_全量.csv
dayahead,2026-08-04,2026-08-04,7,2026-08-04 01:45:00,2,1_32,1500.0,2026-09-19T06:34:53.854728+00:00,/root/rivermind-data/electricity_forecast_model2.5/data/96/authoritative/pmos_96_全量.csv
dayahead,2026-08-03,2026-08-03,18,2026-08-03 04:30:00,5,1_32,500.21,2026-09-19T06:34:53.854728+00:00,/root/rivermind-data/electricity_forecast_model2.5/data/96/authoritative/pmos_96_全量.csv
dayahead,2026-08-04,2026-08-04,51,2026-08-04 12:45:00,13,33_64,444.97,2026-09-19T06:34:53.854728+00:00,/root/rivermind-data/electricity_forecast_model2.5/data/96/authoritative/pmos_96_全量.csv
dayahead,2026-08-01,2026-08-01,42,2026-08-01 10:30:00,11,33_64,318.6,2026-09-19T06:34:53.854728+00:00,/root/rivermind-data/electricity_forecast_model2.5/data/96/authoritative/pmos_96_全量.csv
dayahead,2026-08-02,2026-08-02,33,2026-08-02 08:15:00,9,33_64,172.28,2026-09-19T06:34:53.854728+00:00,/root/rivermind-data/electricity_forecast_model2.5/data/96/authoritative/pmos_96_全量.csv
dayahead,2026-08-02,2026-08-02,67,2026-08-02 16:45:00,17,65_96,420.78,2026-09-19T06:34:53.854728+00:00,/root/rivermind-data/electricity_forecast_model2.5/data/96/authoritative/pmos_96_全量.csv
dayahead,2026-08-03,2026-08-03,69,2026-08-03 17:15:00,18,65_96,548.75,2026-09-19T06:34:53.854728+00:00,/root/rivermind-data/electricity_forecast_model2.5/data/96/authoritative/pmos_96_全量.csv
dayahead,2026-08-03,2026-08-03,70,2026-08-03 17:30:00,18,65_96,1500.0,2026-09-19T06:34:53.854728+00:00,/root/rivermind-data/electricity_forecast_model2.5/data/96/authoritative/pmos_96_全量.csv
dayahead,2026-08-13,2026-08-13,74,2026-08-13 18:30:00,19,65_96,372.0,2026-09-19T06:34:53.854728+00:00,/root/rivermind-data/electricity_forecast_model2.5/data/96/authoritative/pmos_96_全量.csv
dayahead,2026-08-02,2026-08-02,47,2026-08-02 11:45:00,12,33_64,159.38,2026-09-19T06:34:53.854728+00:00,/root/rivermind-data/electricity_forecast_model2.5/data/96/authoritative/pmos_96_全量.csv
dayahead,2026-08-02,2026-08-02,34,2026-08-02 08:30:00,9,33_64,162.77,2026-09-19T06:34:53.854728+00:00,/root/rivermind-data/electricity_forecast_model2.5/data/96/authoritative/pmos_96_全量.csv
dayahead,2026-08-03,2026-08-03,9,2026-08-03 02:15:00,3,1_32,537.69,2026-09-19T06:34:53.854728+00:00,/root/rivermind-data/electricity_forecast_model2.5/data/96/authoritative/pmos_96_全量.csv
dayahead,2026-08-04,2026-08-04,85,2026-08-04 21:15:00,22,65_96,1300.0,2026-09-19T06:34:53.854728+00:00,/root/rivermind-data/electricity_forecast_model2.5/data/96/authoritative/pmos_96_全量.csv
dayahead,2026-08-02,2026-08-02,36,2026-08-02 09:00:00,9,33_64,159.77,2026-09-19T06:34:53.854728+00:00,/root/rivermind-data/electricity_forecast_model2.5/data/96/authoritative/pmos_96_全量.csv
dayahead,2026-08-04,2026-08-04,90,2026-08-04 22:30:00,23,65_96,1500.0,2026-09-19T06:34:53.854728+00:00,/root/rivermind-data/electricity_forecast_model2.5/data/96/authoritative/pmos_96_全量.csv
dayahead,2026-08-03,2026-08-03,63,2026-08-03 15:45:00,16,33_64,456.82,2026-09-19T06:34:53.854728+00:00,/root/rivermind-data/electricity_forecast_model2.5/data/96/authoritative/pmos_96_全量.csv
dayahead,2026-08-02,2026-08-02,29,2026-08-02 07:15:00,8,1_32,340.8,2026-09-19T06:34:53.854728+00:00,/root/rivermind-data/electricity_forecast_model2.5/data/96/authoritative/pmos_96_全量.csv
dayahead,2026-08-04,2026-08-04,9,2026-08-04 02:15:00,3,1_32,558.85,2026-09-19T06:34:53.854728+00:00,/root/rivermind-data/electricity_forecast_model2.5/data/96/authoritative/pmos_96_全量.csv
dayahead,2026-08-03,2026-08-03,24,2026-08-03 06:00:00,6,1_32,492.15,2026-09-19T06:34:53.854728+00:00,/root/rivermind-data/electricity_forecast_model2.5/data/96/authoritative/pmos_96_全量.csv
dayahead,2026-08-03,2026-08-03,23,2026-08-03 05:45:00,6,1_32,501.0,2026-09-19T06:34:53.854728+00:00,/root/rivermind-data/electricity_forecast_model2.5/data/96/authoritative/pmos_96_全量.csv
dayahead,2026-08-04,2026-08-04,53,2026-08-04 13:15:00,14,33_64,444.97,2026-09-19T06:34:53.854728+00:00,/root/rivermind-data/electricity_forecast_model2.5/data/96/authoritative/pmos_96_全量.csv
dayahead,2026-08-13,2026-08-13,26,2026-08-13 06:30:00,7,1_32,361.67,2026-09-19T06:34:53.854728+00:00,/root/rivermind-data/electricity_forecast_model2.5/data/96/authoritative/pmos_96_全量.csv
dayahead,2026-08-02,2026-08-02,23,2026-08-02 05:45:00,6,1_32,419.0,2026-09-19T06:34:53.854728+00:00,/root/rivermind-data/electricity_forecast_model2.5/data/96/authoritative/pmos_96_全量.csv
dayahead,2026-08-02,2026-08-02,37,2026-08-02 09:15:00,10,33_64,159.76,2026-09-19T06:34:53.854728+00:00,/root/rivermind-data/electricity_forecast_model2.5/data/96/authoritative/pmos_96_全量.csv
dayahead,2026-08-04,2026-08-04,31,2026-08-04 07:45:00,8,1_32,476.15,2026-09-19T06:34:53.854728+00:00,/root/rivermind-data/electricity_forecast_model2.5/data/96/authoritative/pmos_96_全量.csv
dayahead,2026-08-04,2026-08-04,74,2026-08-04 18:30:00,19,65_96,1500.0,2026-09-19T06:34:53.854728+00:00,/root/rivermind-data/electricity_forecast_model2.5/data/96/authoritative/pmos_96_全量.csv
dayahead,2026-08-04,2026-08-04,75,2026-08-04 18:45:00,19,65_96,1500.0,2026-09-19T06:34:53.854728+00:00,/root/rivermind-data/electricity_forecast_model2.5/data/96/authoritative/pmos_96_全量.csv
dayahead,2026-08-03,2026-08-03,22,2026-08-03 05:30:00,6,1_32,509.97,2026-09-19T06:34:53.854728+00:00,/root/rivermind-data/electricity_forecast_model2.5/data/96/authoritative/pmos_96_全量.csv
dayahead,2026-08-01,2026-08-01,12,2026-08-01 03:00:00,3,1_32,403.6,2026-09-19T06:34:53.854728+00:00,/root/rivermind-data/electricity_forecast_model2.5/data/96/authoritative/pmos_96_全量.csv
dayahead,2026-08-04,2026-08-04,56,2026-08-04 14:00:00,14,33_64,445.14,2026-09-19T06:34:53.854728+00:00,/root/rivermind-data/electricity_forecast_model2.5/data/96/authoritative/pmos_96_全量.csv
dayahead,2026-08-03,2026-08-03,34,2026-08-03 08:30:00,9,33_64,381.66,2026-09-19T06:34:53.854728+00:00,/root/rivermind-data/electricity_forecast_model2.5/data/96/authoritative/pmos_96_全量.csv
dayahead,2026-08-04,2026-08-04,60,2026-08-04 15:00:00,15,33_64,487.93,2026-09-19T06:34:53.854728+00:00,/root/rivermind-data/electricity_forecast_model2.5/data/96/authoritative/pmos_96_全量.csv
dayahead,2026-08-04,2026-08-04,73,2026-08-04 18:15:00,19,65_96,1500.0,2026-09-19T06:34:53.854728+00:00,/root/rivermind-data/electricity_forecast_model2.5/data/96/authoritative/pmos_96_全量.csv
dayahead,2026-08-04,2026-08-04,41,2026-08-04 10:15:00,11,33_64,445.05,2026-09-19T06:34:53.854728+00:00,/root/rivermind-data/electricity_forecast_model2.5/data/96/authoritative/pmos_96_全量.csv
dayahead,2026-08-01,2026-08-01,8,2026-08-01 02:00:00,2,1_32,425.0,2026-09-19T06:34:53.854728+00:00,/root/rivermind-data/electricity_forecast_model2.5/data/96/authoritative/pmos_96_全量.csv
dayahead,2026-07-23,2026-07-23,30,2026-07-23 07:30:00,8,1_32,342.0,2026-09-19T06:34:53.854728+00:00,/root/rivermind-data/electricity_forecast_model2.5/data/96/authoritative/pmos_96_全量.csv
dayahead,2026-08-03,2026-08-03,37,2026-08-03 09:15:00,10,33_64,369.34,2026-09-19T06:34:53.854728+00:00,/root/rivermind-data/electricity_forecast_model2.5/data/96/authoritative/pmos_96_全量.csv
dayahead,2026-08-02,2026-08-02,20,2026-08-02 05:00:00,5,1_32,422.0,2026-09-19T06:34:53.854728+00:00,/root/rivermind-data/electricity_forecast_model2.5/data/96/authoritative/pmos_96_全量.csv
dayahead,2026-07-18,2026-07-18,52,2026-07-18 13:00:00,13,33_64,-80.0,2026-09-19T06:34:53.854728+00:00,/root/rivermind-data/electricity_forecast_model2.5/data/96/authoritative/pmos_96_全量.csv
dayahead,2026-08-01,2026-08-01,1,2026-08-01 00:15:00,1,1_32,429.0,2026-09-19T06:34:53.854728+00:00,/root/rivermind-data/electricity_forecast_model2.5/data/96/authoritative/pmos_96_全量.csv
dayahead,2026-08-03,2026-08-03,40,2026-08-03 10:00:00,10,33_64,352.2,2026-09-19T06:34:53.854728+00:00,/root/rivermind-data/electricity_forecast_model2.5/data/96/authoritative/pmos_96_全量.csv
dayahead,2026-08-04,2026-08-04,86,2026-08-04 21:30:00,22,65_96,1500.0,2026-09-19T06:34:53.854728+00:00,/root/rivermind-data/electricity_forecast_model2.5/data/96/authoritative/pmos_96_全量.csv
dayahead,2026-08-04,2026-08-04,48,2026-08-04 12:00:00,12,33_64,444.97,2026-09-19T06:34:53.854728+00:00,/root/rivermind-data/electricity_forecast_model2.5/data/96/authoritative/pmos_96_全量.csv
dayahead,2026-08-01,2026-08-01,6,2026-08-01 01:30:00,2,1_32,442.0,2026-09-19T06:34:53.854728+00:00,/root/rivermind-data/electricity_forecast_model2.5/data/96/authoritative/pmos_96_全量.csv
dayahead,2026-07-16,2026-07-16,95,2026-07-16 23:45:00,24,65_96,444.61,2026-09-19T06:34:53.854728+00:00,/root/rivermind-data/electricity_forecast_model2.5/data/96/authoritative/pmos_96_全量.csv
dayahead,2026-08-11,2026-08-11,49,2026-08-11 12:15:00,13,33_64,354.14,2026-09-19T06:34:53.854728+00:00,/root/rivermind-data/electricity_forecast_model2.5/data/96/authoritative/pmos_96_全量.csv
dayahead,2026-08-04,2026-08-04,68,2026-08-04 17:00:00,17,65_96,1300.0,2026-09-19T06:34:53.854728+00:00,/root/rivermind-data/electricity_forecast_model2.5/data/96/authoritative/pmos_96_全量.csv
dayahead,2026-08-04,2026-08-04,58,2026-08-04 14:30:00,15,33_64,458.68,2026-09-19T06:34:53.854728+00:00,/root/rivermind-data/electricity_forecast_model2.5/data/96/authoritative/pmos_96_全量.csv
dayahead,2026-08-01,2026-08-01,80,2026-08-01 20:00:00,20,65_96,804.0,2026-09-19T06:34:53.854728+00:00,/root/rivermind-data/electricity_forecast_model2.5/data/96/authoritative/pmos_96_全量.csv
dayahead,2026-08-01,2026-08-01,92,2026-08-01 23:00:00,23,65_96,479.0,2026-09-19T06:34:53.854728+00:00,/root/rivermind-data/electricity_forecast_model2.5/data/96/authoritative/pmos_96_全量.csv
dayahead,2026-08-02,2026-08-02,59,2026-08-02 14:45:00,15,33_64,309.23,2026-09-19T06:34:53.854728+00:00,/root/rivermind-data/electricity_forecast_model2.5/data/96/authoritative/pmos_96_全量.csv
dayahead,2026-08-01,2026-08-01,29,2026-08-01 07:15:00,8,1_32,340.0,2026-09-19T06:34:53.854728+00:00,/root/rivermind-data/electricity_forecast_model2.5/data/96/authoritative/pmos_96_全量.csv
dayahead,2026-08-02,2026-08-02,43,2026-08-02 10:45:00,11,33_64,159.36,2026-09-19T06:34:53.854728+00:00,/root/rivermind-data/electricity_forecast_model2.5/data/96/authoritative/pmos_96_全量.csv
dayahead,2026-07-24,2026-07-24,86,2026-07-24 21:30:00,22,65_96,479.0,2026-09-19T06:34:53.854728+00:00,/root/rivermind-data/electricity_forecast_model2.5/data/96/authoritative/pmos_96_全量.csv
dayahead,2026-08-01,2026-08-01,83,2026-08-01 20:45:00,21,65_96,804.0,2026-09-19T06:34:53.854728+00:00,/root/rivermind-data/electricity_forecast_model2.5/data/96/authoritative/pmos_96_全量.csv
dayahead,2026-08-11,2026-08-11,12,2026-08-11 03:00:00,3,1_32,366.28,2026-09-19T06:34:53.854728+00:00,/root/rivermind-data/electricity_forecast_model2.5/data/96/authoritative/pmos_96_全量.csv
dayahead,2026-08-04,2026-08-04,67,2026-08-04 16:45:00,17,65_96,1300.0,2026-09-19T06:34:53.854728+00:00,/root/rivermind-data/electricity_forecast_model2.5/data/96/authoritative/pmos_96_全量.csv
dayahead,2026-08-01,2026-08-01,78,2026-08-01 19:30:00,20,65_96,804.0,2026-09-19T06:34:53.854728+00:00,/root/rivermind-data/electricity_forecast_model2.5/data/96/authoritative/pmos_96_全量.csv
dayahead,2026-08-02,2026-08-02,17,2026-08-02 04:15:00,5,1_32,419.17,2026-09-19T06:34:53.854728+00:00,/root/rivermind-data/electricity_forecast_model2.5/data/96/authoritative/pmos_96_全量.csv
dayahead,2026-08-01,2026-08-01,55,2026-08-01 13:45:00,14,33_64,332.05,2026-09-19T06:34:53.854728+00:00,/root/rivermind-data/electricity_forecast_model2.5/data/96/authoritative/pmos_96_全量.csv
dayahead,2026-08-02,2026-08-02,52,2026-08-02 13:00:00,13,33_64,159.37,2026-09-19T06:34:53.854728+00:00,/root/rivermind-data/electricity_forecast_model2.5/data/96/authoritative/pmos_96_全量.csv
dayahead,2026-08-03,2026-08-03,29,2026-08-03 07:15:00,8,1_32,410.08,2026-09-19T06:34:53.854728+00:00,/root/rivermind-data/electricity_forecast_model2.5/data/96/authoritative/pmos_96_全量.csv
dayahead,2026-08-07,2026-08-07,94,2026-08-07 23:30:00,24,65_96,508.46,2026-09-19T06:34:53.854728+00:00,/root/rivermind-data/electricity_forecast_model2.5/data/96/authoritative/pmos_96_全量.csv
dayahead,2026-08-02,2026-08-02,18,2026-08-02 04:30:00,5,1_32,417.19,2026-09-19T06:34:53.854728+00:00,/root/rivermind-data/electricity_forecast_model2.5/data/96/authoritative/pmos_96_全量.csv
dayahead,2026-07-30,2026-07-30,36,2026-07-30 09:00:00,9,33_64,332.0,2026-09-19T06:34:53.854728+00:00,/root/rivermind-data/electricity_forecast_model2.5/data/96/authoritative/pmos_96_全量.csv
dayahead,2026-08-02,2026-08-02,15,2026-08-02 03:45:00,4,1_32,422.88,2026-09-19T06:34:53.854728+00:00,/root/rivermind-data/electricity_forecast_model2.5/data/96/authoritative/pmos_96_全量.csv
dayahead,2026-08-03,2026-08-03,35,2026-08-03 08:45:00,9,33_64,378.34,2026-09-19T06:34:53.854728+00:00,/root/rivermind-data/electricity_forecast_model2.5/data/96/authoritative/pmos_96_全量.csv
dayahead,2026-08-03,2026-08-03,72,2026-08-03 18:00:00,18,65_96,1500.0,2026-09-19T06:34:53.854728+00:00,/root/rivermind-data/electricity_forecast_model2.5/data/96/authoritative/pmos_96_全量.csv
dayahead,2026-08-04,2026-08-04,22,2026-08-04 05:30:00,6,1_32,546.31,2026-09-19T06:34:53.854728+00:00,/root/rivermind-data/electricity_forecast_model2.5/data/96/authoritative/pmos_96_全量.csv
dayahead,2026-08-03,2026-08-03,74,2026-08-03 18:30:00,19,65_96,1500.0,2026-09-19T06:34:53.854728+00:00,/root/rivermind-data/electricity_forecast_model2.5/data/96/authoritative/pmos_96_全量.csv
dayahead,2026-08-04,2026-08-04,17,2026-08-04 04:15:00,5,1_32,541.0,2026-09-19T06:34:53.854728+00:00,/root/rivermind-data/electricity_forecast_model2.5/data/96/authoritative/pmos_96_全量.csv
dayahead,2026-08-04,2026-08-04,2,2026-08-04 00:30:00,1,1_32,559.33,2026-09-19T06:34:53.854728+00:00,/root/rivermind-data/electricity_forecast_model2.5/data/96/authoritative/pmos_96_全量.csv
dayahead,2026-08-03,2026-08-03,88,2026-08-03 22:00:00,22,65_96,1500.0,2026-09-19T06:34:53.854728+00:00,/root/rivermind-data/electricity_forecast_model2.5/data/96/authoritative/pmos_96_全量.csv
dayahead,2026-08-04,2026-08-04,3,2026-08-04 00:45:00,1,1_32,557.49,2026-09-19T06:34:53.854728+00:00,/root/rivermind-data/electricity_forecast_model2.5/data/96/authoritative/pmos_96_全量.csv
dayahead,2026-08-03,2026-08-03,19,2026-08-03 04:45:00,5,1_32,500.19,2026-09-19T06:34:53.854728+00:00,/root/rivermind-data/electricity_forecast_model2.5/data/96/authoritative/pmos_96_全量.csv
dayahead,2026-08-04,2026-08-04,96,2026-08-05 00:00:00,24,65_96,564.62,2026-09-19T06:34:53.854728+00:00,/root/rivermind-data/electricity_forecast_model2.5/data/96/authoritative/pmos_96_全量.csv
dayahead,2026-08-03,2026-08-03,31,2026-08-03 07:45:00,8,1_32,395.39,2026-09-19T06:34:53.854728+00:00,/root/rivermind-data/electricity_forecast_model2.5/data/96/authoritative/pmos_96_全量.csv
dayahead,2026-08-04,2026-08-04,6,2026-08-04 01:30:00,2,1_32,1300.71,2026-09-19T06:34:53.854728+00:00,/root/rivermind-data/electricity_forecast_model2.5/data/96/authoritative/pmos_96_全量.csv
dayahead,2026-08-04,2026-08-04,72,2026-08-04 18:00:00,18,65_96,1500.0,2026-09-19T06:34:53.854728+00:00,/root/rivermind-data/electricity_forecast_model2.5/data/96/authoritative/pmos_96_全量.csv
dayahead,2026-08-04,2026-08-04,11,2026-08-04 02:45:00,3,1_32,555.52,2026-09-19T06:34:53.854728+00:00,/root/rivermind-data/electricity_forecast_model2.5/data/96/authoritative/pmos_96_全量.csv
dayahead,2026-08-13,2026-08-13,80,2026-08-13 20:00:00,20,65_96,377.0,2026-09-19T06:34:53.854728+00:00,/root/rivermind-data/electricity_forecast_model2.5/data/96/authoritative/pmos_96_全量.csv
dayahead,2026-08-03,2026-08-03,54,2026-08-03 13:30:00,14,33_64,414.72,2026-09-19T06:34:53.854728+00:00,/root/rivermind-data/electricity_forecast_model2.5/data/96/authoritative/pmos_96_全量.csv
dayahead,2026-08-02,2026-08-02,45,2026-08-02 11:15:00,12,33_64,159.38,2026-09-19T06:34:53.854728+00:00,/root/rivermind-data/electricity_forecast_model2.5/data/96/authoritative/pmos_96_全量.csv
dayahead,2026-08-04,2026-08-04,88,2026-08-04 22:00:00,22,65_96,1500.0,2026-09-19T06:34:53.854728+00:00,/root/rivermind-data/electricity_forecast_model2.5/data/96/authoritative/pmos_96_全量.csv
dayahead,2026-08-04,2026-08-04,20,2026-08-04 05:00:00,5,1_32,543.0,2026-09-19T06:34:53.854728+00:00,/root/rivermind-data/electricity_forecast_model2.5/data/96/authoritative/pmos_96_全量.csv
dayahead,2026-08-06,2026-08-06,85,2026-08-06 21:15:00,22,65_96,1500.0,2026-09-19T06:34:53.854728+00:00,/root/rivermind-data/electricity_forecast_model2.5/data/96/authoritative/pmos_96_全量.csv
dayahead,2026-08-04,2026-08-04,92,2026-08-04 23:00:00,23,65_96,1300.0,2026-09-19T06:34:53.854728+00:00,/root/rivermind-data/electricity_forecast_model2.5/data/96/authoritative/pmos_96_全量.csv
dayahead,2026-08-04,2026-08-04,70,2026-08-04 17:30:00,18,65_96,1500.0,2026-09-19T06:34:53.854728+00:00,/root/rivermind-data/electricity_forecast_model2.5/data/96/authoritative/pmos_96_全量.csv
dayahead,2026-08-05,2026-08-05,73,2026-08-05 18:15:00,19,65_96,1500.0,2026-09-19T06:34:53.854728+00:00,/root/rivermind-data/electricity_forecast_model2.5/data/96/authoritative/pmos_96_全量.csv
dayahead,2026-08-03,2026-08-03,66,2026-08-03 16:30:00,17,65_96,513.37,2026-09-19T06:34:53.854728+00:00,/root/rivermind-data/electricity_forecast_model2.5/data/96/authoritative/pmos_96_全量.csv
dayahead,2026-08-04,2026-08-04,18,2026-08-04 04:30:00,5,1_32,538.56,2026-09-19T06:34:53.854728+00:00,/root/rivermind-data/electricity_forecast_model2.5/data/96/authoritative/pmos_96_全量.csv
dayahead,2026-08-03,2026-08-03,33,2026-08-03 08:15:00,9,33_64,385.5,2026-09-19T06:34:53.854728+00:00,/root/rivermind-data/electricity_forecast_model2.5/data/96/authoritative/pmos_96_全量.csv
dayahead,2026-08-03,2026-08-03,53,2026-08-03 13:15:00,14,33_64,416.35,2026-09-19T06:34:53.854728+00:00,/root/rivermind-data/electricity_forecast_model2.5/data/96/authoritative/pmos_96_全量.csv
dayahead,2026-08-03,2026-08-03,32,2026-08-03 08:00:00,8,1_32,388.33,2026-09-19T06:34:53.854728+00:00,/root/rivermind-data/electricity_forecast_model2.5/data/96/authoritative/pmos_96_全量.csv
dayahead,2026-08-03,2026-08-03,41,2026-08-03 10:15:00,11,33_64,353.0,2026-09-19T06:34:53.854728+00:00,/root/rivermind-data/electricity_forecast_model2.5/data/96/authoritative/pmos_96_全量.csv
dayahead,2026-08-04,2026-08-04,59,2026-08-04 14:45:00,15,33_64,472.94,2026-09-19T06:34:53.854728+00:00,/root/rivermind-data/electricity_forecast_model2.5/data/96/authoritative/pmos_96_全量.csv
dayahead,2026-08-03,2026-08-03,30,2026-08-03 07:30:00,8,1_32,402.09,2026-09-19T06:34:53.854728+00:00,/root/rivermind-data/electricity_forecast_model2.5/data/96/authoritative/pmos_96_全量.csv
dayahead,2026-08-01,2026-08-01,11,2026-08-01 02:45:00,3,1_32,408.0,2026-09-19T06:34:53.854728+00:00,/root/rivermind-data/electricity_forecast_model2.5/data/96/authoritative/pmos_96_全量.csv
dayahead,2026-08-04,2026-08-04,23,2026-08-04 05:45:00,6,1_32,541.56,2026-09-19T06:34:53.854728+00:00,/root/rivermind-data/electricity_forecast_model2.5/data/96/authoritative/pmos_96_全量.csv
dayahead,2026-08-04,2026-08-04,14,2026-08-04 03:30:00,4,1_32,545.0,2026-09-19T06:34:53.854728+00:00,/root/rivermind-data/electricity_forecast_model2.5/data/96/authoritative/pmos_96_全量.csv
dayahead,2026-08-03,2026-08-03,76,2026-08-03 19:00:00,19,65_96,1500.0,2026-09-19T06:34:53.854728+00:00,/root/rivermind-data/electricity_forecast_model2.5/data/96/authoritative/pmos_96_全量.csv
dayahead,2026-08-04,2026-08-04,66,2026-08-04 16:30:00,17,65_96,1500.0,2026-09-19T06:34:53.854728+00:00,/root/rivermind-data/electricity_forecast_model2.5/data/96/authoritative/pmos_96_全量.csv
dayahead,2026-08-04,2026-08-04,65,2026-08-04 16:15:00,17,65_96,546.0,2026-09-19T06:34:53.854728+00:00,/root/rivermind-data/electricity_forecast_model2.5/data/96/authoritative/pmos_96_全量.csv
dayahead,2026-08-11,2026-08-11,61,2026-08-11 15:15:00,16,33_64,680.3,2026-09-19T06:34:53.854728+00:00,/root/rivermind-data/electricity_forecast_model2.5/data/96/authoritative/pmos_96_全量.csv
dayahead,2026-08-04,2026-08-04,64,2026-08-04 16:00:00,16,33_64,531.96,2026-09-19T06:34:53.854728+00:00,/root/rivermind-data/electricity_forecast_model2.5/data/96/authoritative/pmos_96_全量.csv
dayahead,2026-08-04,2026-08-04,50,2026-08-04 12:30:00,13,33_64,444.97,2026-09-19T06:34:53.854728+00:00,/root/rivermind-data/electricity_forecast_model2.5/data/96/authoritative/pmos_96_全量.csv
dayahead,2026-08-09,2026-08-09,63,2026-08-09 15:45:00,16,33_64,351.04,2026-09-19T06:34:53.854728+00:00,/root/rivermind-data/electricity_forecast_model2.5/data/96/authoritative/pmos_96_全量.csv
dayahead,2026-07-18,2026-07-18,87,2026-07-18 21:45:00,22,65_96,504.54,2026-09-19T06:34:53.854728+00:00,/root/rivermind-data/electricity_forecast_model2.5/data/96/authoritative/pmos_96_全量.csv
dayahead,2026-08-02,2026-08-02,91,2026-08-02 22:45:00,23,65_96,504.0,2026-09-19T06:34:53.854728+00:00,/root/rivermind-data/electricity_forecast_model2.5/data/96/authoritative/pmos_96_全量.csv
dayahead,2026-08-01,2026-08-01,36,2026-08-01 09:00:00,9,33_64,318.55,2026-09-19T06:34:53.854728+00:00,/root/rivermind-data/electricity_forecast_model2.5/data/96/authoritative/pmos_96_全量.csv
dayahead,2026-08-07,2026-08-07,52,2026-08-07 13:00:00,13,33_64,383.51,2026-09-19T06:34:53.854728+00:00,/root/rivermind-data/electricity_forecast_model2.5/data/96/authoritative/pmos_96_全量.csv
dayahead,2026-08-07,2026-08-07,10,2026-08-07 02:30:00,3,1_32,578.26,2026-09-19T06:34:53.854728+00:00,/root/rivermind-data/electricity_forecast_model2.5/data/96/authoritative/pmos_96_全量.csv
dayahead,2026-08-06,2026-08-06,28,2026-08-06 07:00:00,7,1_32,450.3,2026-09-19T06:34:53.854728+00:00,/root/rivermind-data/electricity_forecast_model2.5/data/96/authoritative/pmos_96_全量.csv
dayahead,2026-08-05,2026-08-05,11,2026-08-05 02:45:00,3,1_32,535.75,2026-09-19T06:34:53.854728+00:00,/root/rivermind-data/electricity_forecast_model2.5/data/96/authoritative/pmos_96_全量.csv
dayahead,2026-08-05,2026-08-05,75,2026-08-05 18:45:00,19,65_96,1500.0,2026-09-19T06:34:53.854728+00:00,/root/rivermind-data/electricity_forecast_model2.5/data/96/authoritative/pmos_96_全量.csv
dayahead,2026-08-05,2026-08-05,17,2026-08-05 04:15:00,5,1_32,527.17,2026-09-19T06:34:53.854728+00:00,/root/rivermind-data/electricity_forecast_model2.5/data/96/authoritative/pmos_96_全量.csv
dayahead,2026-08-04,2026-08-04,29,2026-08-04 07:15:00,8,1_32,494.78,2026-09-19T06:34:53.854728+00:00,/root/rivermind-data/electricity_forecast_model2.5/data/96/authoritative/pmos_96_全量.csv
dayahead,2026-08-04,2026-08-04,21,2026-08-04 05:15:00,6,1_32,549.0,2026-09-19T06:34:53.854728+00:00,/root/rivermind-data/electricity_forecast_model2.5/data/96/authoritative/pmos_96_全量.csv
dayahead,2026-08-04,2026-08-04,27,2026-08-04 06:45:00,7,1_32,508.11,2026-09-19T06:34:53.854728+00:00,/root/rivermind-data/electricity_forecast_model2.5/data/96/authoritative/pmos_96_全量.csv
dayahead,2026-08-04,2026-08-04,34,2026-08-04 08:30:00,9,33_64,445.25,2026-09-19T06:34:53.854728+00:00,/root/rivermind-data/electricity_forecast_model2.5/data/96/authoritative/pmos_96_全量.csv
dayahead,2026-08-04,2026-08-04,33,2026-08-04 08:15:00,9,33_64,455.64,2026-09-19T06:34:53.854728+00:00,/root/rivermind-data/electricity_forecast_model2.5/data/96/authoritative/pmos_96_全量.csv
dayahead,2026-08-08,2026-08-08,59,2026-08-08 14:45:00,15,33_64,27.7,2026-09-19T06:34:53.854728+00:00,/root/rivermind-data/electricity_forecast_model2.5/data/96/authoritative/pmos_96_全量.csv
dayahead,2026-08-04,2026-08-04,32,2026-08-04 08:00:00,8,1_32,470.8,2026-09-19T06:34:53.854728+00:00,/root/rivermind-data/electricity_forecast_model2.5/data/96/authoritative/pmos_96_全量.csv
dayahead,2026-08-06,2026-08-06,19,2026-08-06 04:45:00,5,1_32,506.03,2026-09-19T06:34:53.854728+00:00,/root/rivermind-data/electricity_forecast_model2.5/data/96/authoritative/pmos_96_全量.csv
dayahead,2026-08-03,2026-08-03,73,2026-08-03 18:15:00,19,65_96,1500.0,2026-09-19T06:34:53.854728+00:00,/root/rivermind-data/electricity_forecast_model2.5/data/96/authoritative/pmos_96_全量.csv
dayahead,2026-08-05,2026-08-05,63,2026-08-05 15:45:00,16,33_64,523.51,2026-09-19T06:34:53.854728+00:00,/root/rivermind-data/electricity_forecast_model2.5/data/96/authoritative/pmos_96_全量.csv
dayahead,2026-08-05,2026-08-05,48,2026-08-05 12:00:00,12,33_64,444.1,2026-09-19T06:34:53.854728+00:00,/root/rivermind-data/electricity_forecast_model2.5/data/96/authoritative/pmos_96_全量.csv
dayahead,2026-08-05,2026-08-05,4,2026-08-05 01:00:00,1,1_32,541.68,2026-09-19T06:34:53.854728+00:00,/root/rivermind-data/electricity_forecast_model2.5/data/96/authoritative/pmos_96_全量.csv
dayahead,2026-08-03,2026-08-03,28,2026-08-03 07:00:00,7,1_32,410.88,2026-09-19T06:34:53.854728+00:00,/root/rivermind-data/electricity_forecast_model2.5/data/96/authoritative/pmos_96_全量.csv
dayahead,2026-08-05,2026-08-05,6,2026-08-05 01:30:00,2,1_32,561.51,2026-09-19T06:34:53.854728+00:00,/root/rivermind-data/electricity_forecast_model2.5/data/96/authoritative/pmos_96_全量.csv
dayahead,2026-08-06,2026-08-06,3,2026-08-06 00:45:00,1,1_32,555.53,2026-09-19T06:34:53.854728+00:00,/root/rivermind-data/electricity_forecast_model2.5/data/96/authoritative/pmos_96_全量.csv
dayahead,2026-08-05,2026-08-05,69,2026-08-05 17:15:00,18,65_96,600.63,2026-09-19T06:34:53.854728+00:00,/root/rivermind-data/electricity_forecast_model2.5/data/96/authoritative/pmos_96_全量.csv
dayahead,2026-08-06,2026-08-06,86,2026-08-06 21:30:00,22,65_96,1500.0,2026-09-19T06:34:53.854728+00:00,/root/rivermind-data/electricity_forecast_model2.5/data/96/authoritative/pmos_96_全量.csv
dayahead,2026-08-05,2026-08-05,51,2026-08-05 12:45:00,13,33_64,441.47,2026-09-19T06:34:53.854728+00:00,/root/rivermind-data/electricity_forecast_model2.5/data/96/authoritative/pmos_96_全量.csv
dayahead,2026-08-05,2026-08-05,64,2026-08-05 16:00:00,16,33_64,536.17,2026-09-19T06:34:53.854728+00:00,/root/rivermind-data/electricity_forecast_model2.5/data/96/authoritative/pmos_96_全量.csv
dayahead,2026-08-06,2026-08-06,44,2026-08-06 11:00:00,11,33_64,418.27,2026-09-19T06:34:53.854728+00:00,/root/rivermind-data/electricity_forecast_model2.5/data/96/authoritative/pmos_96_全量.csv
dayahead,2026-08-04,2026-08-04,38,2026-08-04 09:30:00,10,33_64,444.91,2026-09-19T06:34:53.854728+00:00,/root/rivermind-data/electricity_forecast_model2.5/data/96/authoritative/pmos_96_全量.csv
dayahead,2026-08-03,2026-08-03,43,2026-08-03 10:45:00,11,33_64,349.08,2026-09-19T06:34:53.854728+00:00,/root/rivermind-data/electricity_forecast_model2.5/data/96/authoritative/pmos_96_全量.csv
dayahead,2026-08-05,2026-08-05,55,2026-08-05 13:45:00,14,33_64,441.47,2026-09-19T06:34:53.854728+00:00,/root/rivermind-data/electricity_forecast_model2.5/data/96/authoritative/pmos_96_全量.csv
dayahead,2026-08-05,2026-08-05,14,2026-08-05 03:30:00,4,1_32,517.26,2026-09-19T06:34:53.854728+00:00,/root/rivermind-data/electricity_forecast_model2.5/data/96/authoritative/pmos_96_全量.csv
dayahead,2026-08-05,2026-08-05,57,2026-08-05 14:15:00,15,33_64,449.66,2026-09-19T06:34:53.854728+00:00,/root/rivermind-data/electricity_forecast_model2.5/data/96/authoritative/pmos_96_全量.csv
dayahead,2026-08-05,2026-08-05,65,2026-08-05 16:15:00,17,65_96,550.0,2026-09-19T06:34:53.854728+00:00,/root/rivermind-data/electricity_forecast_model2.5/data/96/authoritative/pmos_96_全量.csv
dayahead,2026-08-06,2026-08-06,72,2026-08-06 18:00:00,18,65_96,1500.0,2026-09-19T06:34:53.854728+00:00,/root/rivermind-data/electricity_forecast_model2.5/data/96/authoritative/pmos_96_全量.csv
dayahead,2026-08-04,2026-08-04,45,2026-08-04 11:15:00,12,33_64,444.97,2026-09-19T06:34:53.854728+00:00,/root/rivermind-data/electricity_forecast_model2.5/data/96/authoritative/pmos_96_全量.csv
dayahead,2026-08-05,2026-08-05,72,2026-08-05 18:00:00,18,65_96,1500.0,2026-09-19T06:34:53.854728+00:00,/root/rivermind-data/electricity_forecast_model2.5/data/96/authoritative/pmos_96_全量.csv
dayahead,2026-08-05,2026-08-05,53,2026-08-05 13:15:00,14,33_64,443.28,2026-09-19T06:34:53.854728+00:00,/root/rivermind-data/electricity_forecast_model2.5/data/96/authoritative/pmos_96_全量.csv
dayahead,2026-08-04,2026-08-04,28,2026-08-04 07:00:00,7,1_32,499.08,2026-09-19T06:34:53.854728+00:00,/root/rivermind-data/electricity_forecast_model2.5/data/96/authoritative/pmos_96_全量.csv
dayahead,2026-08-05,2026-08-05,52,2026-08-05 13:00:00,13,33_64,441.47,2026-09-19T06:34:53.854728+00:00,/root/rivermind-data/electricity_forecast_model2.5/data/96/authoritative/pmos_96_全量.csv
dayahead,2026-08-05,2026-08-05,56,2026-08-05 14:00:00,14,33_64,441.48,2026-09-19T06:34:53.854728+00:00,/root/rivermind-data/electricity_forecast_model2.5/data/96/authoritative/pmos_96_全量.csv
dayahead,2026-08-05,2026-08-05,61,2026-08-05 15:15:00,16,33_64,494.5,2026-09-19T06:34:53.854728+00:00,/root/rivermind-data/electricity_forecast_model2.5/data/96/authoritative/pmos_96_全量.csv
dayahead,2026-08-05,2026-08-05,85,2026-08-05 21:15:00,22,65_96,1500.0,2026-09-19T06:34:53.854728+00:00,/root/rivermind-data/electricity_forecast_model2.5/data/96/authoritative/pmos_96_全量.csv
dayahead,2026-08-04,2026-08-04,43,2026-08-04 10:45:00,11,33_64,444.97,2026-09-19T06:34:53.854728+00:00,/root/rivermind-data/electricity_forecast_model2.5/data/96/authoritative/pmos_96_全量.csv
dayahead,2026-08-13,2026-08-13,16,2026-08-13 04:00:00,4,1_32,368.0,2026-09-19T06:34:53.854728+00:00,/root/rivermind-data/electricity_forecast_model2.5/data/96/authoritative/pmos_96_全量.csv
dayahead,2026-08-05,2026-08-05,21,2026-08-05 05:15:00,6,1_32,534.8,2026-09-19T06:34:53.854728+00:00,/root/rivermind-data/electricity_forecast_model2.5/data/96/authoritative/pmos_96_全量.csv
dayahead,2026-08-04,2026-08-04,84,2026-08-04 21:00:00,21,65_96,1500.0,2026-09-19T06:34:53.854728+00:00,/root/rivermind-data/electricity_forecast_model2.5/data/96/authoritative/pmos_96_全量.csv
dayahead,2026-08-05,2026-08-05,25,2026-08-05 06:15:00,7,1_32,509.0,2026-09-19T06:34:53.854728+00:00,/root/rivermind-data/electricity_forecast_model2.5/data/96/authoritative/pmos_96_全量.csv
dayahead,2026-08-06,2026-08-06,69,2026-08-06 17:15:00,18,65_96,560.33,2026-09-19T06:34:53.854728+00:00,/root/rivermind-data/electricity_forecast_model2.5/data/96/authoritative/pmos_96_全量.csv
dayahead,2026-08-06,2026-08-06,79,2026-08-06 19:45:00,20,65_96,1500.0,2026-09-19T06:34:53.854728+00:00,/root/rivermind-data/electricity_forecast_model2.5/data/96/authoritative/pmos_96_全量.csv
dayahead,2026-08-05,2026-08-05,90,2026-08-05 22:30:00,23,65_96,1500.0,2026-09-19T06:34:53.854728+00:00,/root/rivermind-data/electricity_forecast_model2.5/data/96/authoritative/pmos_96_全量.csv
dayahead,2026-08-05,2026-08-05,91,2026-08-05 22:45:00,23,65_96,1500.0,2026-09-19T06:34:53.854728+00:00,/root/rivermind-data/electricity_forecast_model2.5/data/96/authoritative/pmos_96_全量.csv
dayahead,2026-08-05,2026-08-05,67,2026-08-05 16:45:00,17,65_96,568.47,2026-09-19T06:34:53.854728+00:00,/root/rivermind-data/electricity_forecast_model2.5/data/96/authoritative/pmos_96_全量.csv
dayahead,2026-08-04,2026-08-04,30,2026-08-04 07:30:00,8,1_32,484.0,2026-09-19T06:34:53.854728+00:00,/root/rivermind-data/electricity_forecast_model2.5/data/96/authoritative/pmos_96_全量.csv
dayahead,2026-08-05,2026-08-05,76,2026-08-05 19:00:00,19,65_96,1500.0,2026-09-19T06:34:53.854728+00:00,/root/rivermind-data/electricity_forecast_model2.5/data/96/authoritative/pmos_96_全量.csv
dayahead,2026-08-05,2026-08-05,88,2026-08-05 22:00:00,22,65_96,1500.0,2026-09-19T06:34:53.854728+00:00,/root/rivermind-data/electricity_forecast_model2.5/data/96/authoritative/pmos_96_全量.csv
dayahead,2026-08-05,2026-08-05,96,2026-08-06 00:00:00,24,65_96,563.32,2026-09-19T06:34:53.854728+00:00,/root/rivermind-data/electricity_forecast_model2.5/data/96/authoritative/pmos_96_全量.csv
dayahead,2026-08-05,2026-08-05,92,2026-08-05 23:00:00,23,65_96,1301.16,2026-09-19T06:34:53.854728+00:00,/root/rivermind-data/electricity_forecast_model2.5/data/96/authoritative/pmos_96_全量.csv
dayahead,2026-08-05,2026-08-05,77,2026-08-05 19:15:00,20,65_96,1500.0,2026-09-19T06:34:53.854728+00:00,/root/rivermind-data/electricity_forecast_model2.5/data/96/authoritative/pmos_96_全量.csv
dayahead,2026-08-05,2026-08-05,84,2026-08-05 21:00:00,21,65_96,1500.0,2026-09-19T06:34:53.854728+00:00,/root/rivermind-data/electricity_forecast_model2.5/data/96/authoritative/pmos_96_全量.csv
dayahead,2026-08-07,2026-08-07,41,2026-08-07 10:15:00,11,33_64,383.51,2026-09-19T06:34:53.854728+00:00,/root/rivermind-data/electricity_forecast_model2.5/data/96/authoritative/pmos_96_全量.csv
dayahead,2026-08-05,2026-08-05,74,2026-08-05 18:30:00,19,65_96,1500.0,2026-09-19T06:34:53.854728+00:00,/root/rivermind-data/electricity_forecast_model2.5/data/96/authoritative/pmos_96_全量.csv
dayahead,2026-08-05,2026-08-05,5,2026-08-05 01:15:00,2,1_32,574.93,2026-09-19T06:34:53.854728+00:00,/root/rivermind-data/electricity_forecast_model2.5/data/96/authoritative/pmos_96_全量.csv
dayahead,2026-08-05,2026-08-05,20,2026-08-05 05:00:00,5,1_32,525.64,2026-09-19T06:34:53.854728+00:00,/root/rivermind-data/electricity_forecast_model2.5/data/96/authoritative/pmos_96_全量.csv
dayahead,2026-08-05,2026-08-05,83,2026-08-05 20:45:00,21,65_96,1500.0,2026-09-19T06:34:53.854728+00:00,/root/rivermind-data/electricity_forecast_model2.5/data/96/authoritative/pmos_96_全量.csv
dayahead,2026-08-04,2026-08-04,37,2026-08-04 09:15:00,10,33_64,445.16,2026-09-19T06:34:53.854728+00:00,/root/rivermind-data/electricity_forecast_model2.5/data/96/authoritative/pmos_96_全量.csv
dayahead,2026-08-01,2026-08-01,49,2026-08-01 12:15:00,13,33_64,318.61,2026-09-19T06:34:53.854728+00:00,/root/rivermind-data/electricity_forecast_model2.5/data/96/authoritative/pmos_96_全量.csv
dayahead,2026-08-06,2026-08-06,59,2026-08-06 14:45:00,15,33_64,433.23,2026-09-19T06:34:53.854728+00:00,/root/rivermind-data/electricity_forecast_model2.5/data/96/authoritative/pmos_96_全量.csv
dayahead,2026-08-06,2026-08-06,62,2026-08-06 15:30:00,16,33_64,459.13,2026-09-19T06:34:53.854728+00:00,/root/rivermind-data/electricity_forecast_model2.5/data/96/authoritative/pmos_96_全量.csv
dayahead,2026-08-06,2026-08-06,57,2026-08-06 14:15:00,15,33_64,424.26,2026-09-19T06:34:53.854728+00:00,/root/rivermind-data/electricity_forecast_model2.5/data/96/authoritative/pmos_96_全量.csv
dayahead,2026-08-04,2026-08-04,87,2026-08-04 21:45:00,22,65_96,1500.0,2026-09-19T06:34:53.854728+00:00,/root/rivermind-data/electricity_forecast_model2.5/data/96/authoritative/pmos_96_全量.csv
dayahead,2026-08-04,2026-08-04,46,2026-08-04 11:30:00,12,33_64,444.97,2026-09-19T06:34:53.854728+00:00,/root/rivermind-data/electricity_forecast_model2.5/data/96/authoritative/pmos_96_全量.csv
dayahead,2026-08-06,2026-08-06,96,2026-08-07 00:00:00,24,65_96,581.21,2026-09-19T06:34:53.854728+00:00,/root/rivermind-data/electricity_forecast_model2.5/data/96/authoritative/pmos_96_全量.csv
dayahead,2026-08-06,2026-08-06,90,2026-08-06 22:30:00,23,65_96,1500.0,2026-09-19T06:34:53.854728+00:00,/root/rivermind-data/electricity_forecast_model2.5/data/96/authoritative/pmos_96_全量.csv
dayahead,2026-08-05,2026-08-05,50,2026-08-05 12:30:00,13,33_64,441.52,2026-09-19T06:34:53.854728+00:00,/root/rivermind-data/electricity_forecast_model2.5/data/96/authoritative/pmos_96_全量.csv
dayahead,2026-08-05,2026-08-05,68,2026-08-05 17:00:00,17,65_96,589.82,2026-09-19T06:34:53.854728+00:00,/root/rivermind-data/electricity_forecast_model2.5/data/96/authoritative/pmos_96_全量.csv
dayahead,2026-08-06,2026-08-06,81,2026-08-06 20:15:00,21,65_96,1500.0,2026-09-19T06:34:53.854728+00:00,/root/rivermind-data/electricity_forecast_model2.5/data/96/authoritative/pmos_96_全量.csv
dayahead,2026-08-05,2026-08-05,15,2026-08-05 03:45:00,4,1_32,512.64,2026-09-19T06:34:53.854728+00:00,/root/rivermind-data/electricity_forecast_model2.5/data/96/authoritative/pmos_96_全量.csv
dayahead,2026-08-04,2026-08-04,44,2026-08-04 11:00:00,11,33_64,444.97,2026-09-19T06:34:53.854728+00:00,/root/rivermind-data/electricity_forecast_model2.5/data/96/authoritative/pmos_96_全量.csv
dayahead,2026-08-05,2026-08-05,37,2026-08-05 09:15:00,10,33_64,443.06,2026-09-19T06:34:53.854728+00:00,/root/rivermind-data/electricity_forecast_model2.5/data/96/authoritative/pmos_96_全量.csv
dayahead,2026-08-05,2026-08-05,87,2026-08-05 21:45:00,22,65_96,1500.0,2026-09-19T06:34:53.854728+00:00,/root/rivermind-data/electricity_forecast_model2.5/data/96/authoritative/pmos_96_全量.csv
dayahead,2026-08-05,2026-08-05,10,2026-08-05 02:30:00,3,1_32,542.2,2026-09-19T06:34:53.854728+00:00,/root/rivermind-data/electricity_forecast_model2.5/data/96/authoritative/pmos_96_全量.csv
dayahead,2026-08-05,2026-08-05,3,2026-08-05 00:45:00,1,1_32,544.38,2026-09-19T06:34:53.854728+00:00,/root/rivermind-data/electricity_forecast_model2.5/data/96/authoritative/pmos_96_全量.csv
dayahead,2026-08-05,2026-08-05,18,2026-08-05 04:30:00,5,1_32,523.83,2026-09-19T06:34:53.854728+00:00,/root/rivermind-data/electricity_forecast_model2.5/data/96/authoritative/pmos_96_全量.csv
dayahead,2026-08-06,2026-08-06,11,2026-08-06 02:45:00,3,1_32,544.47,2026-09-19T06:34:53.854728+00:00,/root/rivermind-data/electricity_forecast_model2.5/data/96/authoritative/pmos_96_全量.csv
dayahead,2026-08-05,2026-08-05,16,2026-08-05 04:00:00,4,1_32,511.37,2026-09-19T06:34:53.854728+00:00,/root/rivermind-data/electricity_forecast_model2.5/data/96/authoritative/pmos_96_全量.csv
dayahead,2026-08-05,2026-08-05,7,2026-08-05 01:45:00,2,1_32,557.17,2026-09-19T06:34:53.854728+00:00,/root/rivermind-data/electricity_forecast_model2.5/data/96/authoritative/pmos_96_全量.csv
dayahead,2026-08-05,2026-08-05,78,2026-08-05 19:30:00,20,65_96,1500.0,2026-09-19T06:34:53.854728+00:00,/root/rivermind-data/electricity_forecast_model2.5/data/96/authoritative/pmos_96_全量.csv
dayahead,2026-08-05,2026-08-05,9,2026-08-05 02:15:00,3,1_32,547.17,2026-09-19T06:34:53.854728+00:00,/root/rivermind-data/electricity_forecast_model2.5/data/96/authoritative/pmos_96_全量.csv
dayahead,2026-08-07,2026-08-07,72,2026-08-07 18:00:00,18,65_96,972.07,2026-09-19T06:34:53.854728+00:00,/root/rivermind-data/electricity_forecast_model2.5/data/96/authoritative/pmos_96_全量.csv
dayahead,2026-08-06,2026-08-06,75,2026-08-06 18:45:00,19,65_96,1500.0,2026-09-19T06:34:53.854728+00:00,/root/rivermind-data/electricity_forecast_model2.5/data/96/authoritative/pmos_96_全量.csv
dayahead,2026-08-06,2026-08-06,21,2026-08-06 05:15:00,6,1_32,521.89,2026-09-19T06:34:53.854728+00:00,/root/rivermind-data/electricity_forecast_model2.5/data/96/authoritative/pmos_96_全量.csv
dayahead,2026-08-05,2026-08-05,40,2026-08-05 10:00:00,10,33_64,441.47,2026-09-19T06:34:53.854728+00:00,/root/rivermind-data/electricity_forecast_model2.5/data/96/authoritative/pmos_96_全量.csv
dayahead,2026-08-06,2026-08-06,12,2026-08-06 03:00:00,3,1_32,537.28,2026-09-19T06:34:53.854728+00:00,/root/rivermind-data/electricity_forecast_model2.5/data/96/authoritative/pmos_96_全量.csv
dayahead,2026-08-05,2026-08-05,41,2026-08-05 10:15:00,11,33_64,441.3,2026-09-19T06:34:53.854728+00:00,/root/rivermind-data/electricity_forecast_model2.5/data/96/authoritative/pmos_96_全量.csv
dayahead,2026-08-05,2026-08-05,39,2026-08-05 09:45:00,10,33_64,441.47,2026-09-19T06:34:53.854728+00:00,/root/rivermind-data/electricity_forecast_model2.5/data/96/authoritative/pmos_96_全量.csv
dayahead,2026-08-05,2026-08-05,28,2026-08-05 07:00:00,7,1_32,471.98,2026-09-19T06:34:53.854728+00:00,/root/rivermind-data/electricity_forecast_model2.5/data/96/authoritative/pmos_96_全量.csv
dayahead,2026-08-05,2026-08-05,38,2026-08-05 09:30:00,10,33_64,441.14,2026-09-19T06:34:53.854728+00:00,/root/rivermind-data/electricity_forecast_model2.5/data/96/authoritative/pmos_96_全量.csv
dayahead,2026-08-05,2026-08-05,79,2026-08-05 19:45:00,20,65_96,1500.0,2026-09-19T06:34:53.854728+00:00,/root/rivermind-data/electricity_forecast_model2.5/data/96/authoritative/pmos_96_全量.csv
dayahead,2026-08-05,2026-08-05,1,2026-08-05 00:15:00,1,1_32,555.21,2026-09-19T06:34:53.854728+00:00,/root/rivermind-data/electricity_forecast_model2.5/data/96/authoritative/pmos_96_全量.csv
dayahead,2026-08-05,2026-08-05,12,2026-08-05 03:00:00,3,1_32,529.07,2026-09-19T06:34:53.854728+00:00,/root/rivermind-data/electricity_forecast_model2.5/data/96/authoritative/pmos_96_全量.csv
dayahead,2026-08-06,2026-08-06,61,2026-08-06 15:15:00,16,33_64,442.9,2026-09-19T06:34:53.854728+00:00,/root/rivermind-data/electricity_forecast_model2.5/data/96/authoritative/pmos_96_全量.csv
dayahead,2026-07-17,2026-07-17,64,2026-07-17 16:00:00,16,33_64,367.22,2026-09-19T06:34:53.854728+00:00,/root/rivermind-data/electricity_forecast_model2.5/data/96/authoritative/pmos_96_全量.csv
dayahead,2026-08-05,2026-08-05,29,2026-08-05 07:15:00,8,1_32,473.0,2026-09-19T06:34:53.854728+00:00,/root/rivermind-data/electricity_forecast_model2.5/data/96/authoritative/pmos_96_全量.csv
dayahead,2026-08-05,2026-08-05,27,2026-08-05 06:45:00,7,1_32,483.8,2026-09-19T06:34:53.854728+00:00,/root/rivermind-data/electricity_forecast_model2.5/data/96/authoritative/pmos_96_全量.csv
dayahead,2026-08-06,2026-08-06,20,2026-08-06 05:00:00,5,1_32,510.25,2026-09-19T06:34:53.854728+00:00,/root/rivermind-data/electricity_forecast_model2.5/data/96/authoritative/pmos_96_全量.csv
dayahead,2026-08-05,2026-08-05,30,2026-08-05 07:30:00,8,1_32,464.38,2026-09-19T06:34:53.854728+00:00,/root/rivermind-data/electricity_forecast_model2.5/data/96/authoritative/pmos_96_全量.csv
dayahead,2026-08-05,2026-08-05,45,2026-08-05 11:15:00,12,33_64,456.19,2026-09-19T06:34:53.854728+00:00,/root/rivermind-data/electricity_forecast_model2.5/data/96/authoritative/pmos_96_全量.csv
dayahead,2026-08-05,2026-08-05,31,2026-08-05 07:45:00,8,1_32,456.0,2026-09-19T06:34:53.854728+00:00,/root/rivermind-data/electricity_forecast_model2.5/data/96/authoritative/pmos_96_全量.csv
dayahead,2026-08-06,2026-08-06,70,2026-08-06 17:30:00,18,65_96,1500.0,2026-09-19T06:34:53.854728+00:00,/root/rivermind-data/electricity_forecast_model2.5/data/96/authoritative/pmos_96_全量.csv
dayahead,2026-08-05,2026-08-05,22,2026-08-05 05:30:00,6,1_32,536.15,2026-09-19T06:34:53.854728+00:00,/root/rivermind-data/electricity_forecast_model2.5/data/96/authoritative/pmos_96_全量.csv
dayahead,2026-08-05,2026-08-05,36,2026-08-05 09:00:00,9,33_64,450.42,2026-09-19T06:34:53.854728+00:00,/root/rivermind-data/electricity_forecast_model2.5/data/96/authoritative/pmos_96_全量.csv
dayahead,2026-08-05,2026-08-05,60,2026-08-05 15:00:00,15,33_64,460.08,2026-09-19T06:34:53.854728+00:00,/root/rivermind-data/electricity_forecast_model2.5/data/96/authoritative/pmos_96_全量.csv
dayahead,2026-08-06,2026-08-06,52,2026-08-06 13:00:00,13,33_64,418.23,2026-09-19T06:34:53.854728+00:00,/root/rivermind-data/electricity_forecast_model2.5/data/96/authoritative/pmos_96_全量.csv
dayahead,2026-08-05,2026-08-05,44,2026-08-05 11:00:00,11,33_64,441.47,2026-09-19T06:34:53.854728+00:00,/root/rivermind-data/electricity_forecast_model2.5/data/96/authoritative/pmos_96_全量.csv
dayahead,2026-08-06,2026-08-06,68,2026-08-06 17:00:00,17,65_96,557.64,2026-09-19T06:34:53.854728+00:00,/root/rivermind-data/electricity_forecast_model2.5/data/96/authoritative/pmos_96_全量.csv
dayahead,2026-08-05,2026-08-05,24,2026-08-05 06:00:00,6,1_32,521.32,2026-09-19T06:34:53.854728+00:00,/root/rivermind-data/electricity_forecast_model2.5/data/96/authoritative/pmos_96_全量.csv
dayahead,2026-08-06,2026-08-06,63,2026-08-06 15:45:00,16,33_64,471.2,2026-09-19T06:34:53.854728+00:00,/root/rivermind-data/electricity_forecast_model2.5/data/96/authoritative/pmos_96_全量.csv
dayahead,2026-08-06,2026-08-06,14,2026-08-06 03:30:00,4,1_32,524.53,2026-09-19T06:34:53.854728+00:00,/root/rivermind-data/electricity_forecast_model2.5/data/96/authoritative/pmos_96_全量.csv
dayahead,2026-08-06,2026-08-06,73,2026-08-06 18:15:00,19,65_96,1500.0,2026-09-19T06:34:53.854728+00:00,/root/rivermind-data/electricity_forecast_model2.5/data/96/authoritative/pmos_96_全量.csv
dayahead,2026-08-06,2026-08-06,76,2026-08-06 19:00:00,19,65_96,1500.0,2026-09-19T06:34:53.854728+00:00,/root/rivermind-data/electricity_forecast_model2.5/data/96/authoritative/pmos_96_全量.csv
dayahead,2026-08-06,2026-08-06,60,2026-08-06 15:00:00,15,33_64,439.43,2026-09-19T06:34:53.854728+00:00,/root/rivermind-data/electricity_forecast_model2.5/data/96/authoritative/pmos_96_全量.csv
dayahead,2026-08-05,2026-08-05,35,2026-08-05 08:45:00,9,33_64,452.14,2026-09-19T06:34:53.854728+00:00,/root/rivermind-data/electricity_forecast_model2.5/data/96/authoritative/pmos_96_全量.csv
dayahead,2026-08-05,2026-08-05,26,2026-08-05 06:30:00,7,1_32,500.0,2026-09-19T06:34:53.854728+00:00,/root/rivermind-data/electricity_forecast_model2.5/data/96/authoritative/pmos_96_全量.csv
dayahead,2026-08-05,2026-08-05,54,2026-08-05 13:30:00,14,33_64,441.47,2026-09-19T06:34:53.854728+00:00,/root/rivermind-data/electricity_forecast_model2.5/data/96/authoritative/pmos_96_全量.csv
dayahead,2026-08-05,2026-08-05,23,2026-08-05 05:45:00,6,1_32,530.3,2026-09-19T06:34:53.854728+00:00,/root/rivermind-data/electricity_forecast_model2.5/data/96/authoritative/pmos_96_全量.csv
dayahead,2026-08-04,2026-08-04,26,2026-08-04 06:30:00,7,1_32,518.0,2026-09-19T06:34:53.854728+00:00,/root/rivermind-data/electricity_forecast_model2.5/data/96/authoritative/pmos_96_全量.csv
dayahead,2026-08-06,2026-08-06,66,2026-08-06 16:30:00,17,65_96,534.32,2026-09-19T06:34:53.854728+00:00,/root/rivermind-data/electricity_forecast_model2.5/data/96/authoritative/pmos_96_全量.csv
dayahead,2026-08-04,2026-08-04,91,2026-08-04 22:45:00,23,65_96,1500.0,2026-09-19T06:34:53.854728+00:00,/root/rivermind-data/electricity_forecast_model2.5/data/96/authoritative/pmos_96_全量.csv
dayahead,2026-08-06,2026-08-06,54,2026-08-06 13:30:00,14,33_64,418.23,2026-09-19T06:34:53.854728+00:00,/root/rivermind-data/electricity_forecast_model2.5/data/96/authoritative/pmos_96_全量.csv
dayahead,2026-08-04,2026-08-04,47,2026-08-04 11:45:00,12,33_64,444.97,2026-09-19T06:34:53.854728+00:00,/root/rivermind-data/electricity_forecast_model2.5/data/96/authoritative/pmos_96_全量.csv
dayahead,2026-08-06,2026-08-06,67,2026-08-06 16:45:00,17,65_96,551.7,2026-09-19T06:34:53.854728+00:00,/root/rivermind-data/electricity_forecast_model2.5/data/96/authoritative/pmos_96_全量.csv
dayahead,2026-08-05,2026-08-05,33,2026-08-05 08:15:00,9,33_64,455.75,2026-09-19T06:34:53.854728+00:00,/root/rivermind-data/electricity_forecast_model2.5/data/96/authoritative/pmos_96_全量.csv
dayahead,2026-08-05,2026-08-05,70,2026-08-05 17:30:00,18,65_96,605.69,2026-09-19T06:34:53.854728+00:00,/root/rivermind-data/electricity_forecast_model2.5/data/96/authoritative/pmos_96_全量.csv
dayahead,2026-08-05,2026-08-05,43,2026-08-05 10:45:00,11,33_64,441.47,2026-09-19T06:34:53.854728+00:00,/root/rivermind-data/electricity_forecast_model2.5/data/96/authoritative/pmos_96_全量.csv
dayahead,2026-08-06,2026-08-06,82,2026-08-06 20:30:00,21,65_96,1500.0,2026-09-19T06:34:53.854728+00:00,/root/rivermind-data/electricity_forecast_model2.5/data/96/authoritative/pmos_96_全量.csv
dayahead,2026-08-06,2026-08-06,17,2026-08-06 04:15:00,5,1_32,511.42,2026-09-19T06:34:53.854728+00:00,/root/rivermind-data/electricity_forecast_model2.5/data/96/authoritative/pmos_96_全量.csv
dayahead,2026-08-06,2026-08-06,92,2026-08-06 23:00:00,23,65_96,1500.0,2026-09-19T06:34:53.854728+00:00,/root/rivermind-data/electricity_forecast_model2.5/data/96/authoritative/pmos_96_全量.csv
dayahead,2026-08-06,2026-08-06,91,2026-08-06 22:45:00,23,65_96,1500.0,2026-09-19T06:34:53.854728+00:00,/root/rivermind-data/electricity_forecast_model2.5/data/96/authoritative/pmos_96_全量.csv
dayahead,2026-08-07,2026-08-07,86,2026-08-07 21:30:00,22,65_96,973.05,2026-09-19T06:34:53.854728+00:00,/root/rivermind-data/electricity_forecast_model2.5/data/96/authoritative/pmos_96_全量.csv
dayahead,2026-08-06,2026-08-06,93,2026-08-06 23:15:00,24,65_96,1500.0,2026-09-19T06:34:53.854728+00:00,/root/rivermind-data/electricity_forecast_model2.5/data/96/authoritative/pmos_96_全量.csv
dayahead,2026-08-06,2026-08-06,55,2026-08-06 13:45:00,14,33_64,418.7,2026-09-19T06:34:53.854728+00:00,/root/rivermind-data/electricity_forecast_model2.5/data/96/authoritative/pmos_96_全量.csv
dayahead,2026-08-06,2026-08-06,94,2026-08-06 23:30:00,24,65_96,1500.0,2026-09-19T06:34:53.854728+00:00,/root/rivermind-data/electricity_forecast_model2.5/data/96/authoritative/pmos_96_全量.csv
dayahead,2026-08-05,2026-08-05,71,2026-08-05 17:45:00,18,65_96,614.65,2026-09-19T06:34:53.854728+00:00,/root/rivermind-data/electricity_forecast_model2.5/data/96/authoritative/pmos_96_全量.csv
dayahead,2026-08-06,2026-08-06,95,2026-08-06 23:45:00,24,65_96,603.11,2026-09-19T06:34:53.854728+00:00,/root/rivermind-data/electricity_forecast_model2.5/data/96/authoritative/pmos_96_全量.csv
dayahead,2026-08-06,2026-08-06,50,2026-08-06 12:30:00,13,33_64,418.23,2026-09-19T06:34:53.854728+00:00,/root/rivermind-data/electricity_forecast_model2.5/data/96/authoritative/pmos_96_全量.csv
dayahead,2026-08-06,2026-08-06,88,2026-08-06 22:00:00,22,65_96,1500.0,2026-09-19T06:34:53.854728+00:00,/root/rivermind-data/electricity_forecast_model2.5/data/96/authoritative/pmos_96_全量.csv
dayahead,2026-08-06,2026-08-06,16,2026-08-06 04:00:00,4,1_32,511.18,2026-09-19T06:34:53.854728+00:00,/root/rivermind-data/electricity_forecast_model2.5/data/96/authoritative/pmos_96_全量.csv
dayahead,2026-08-06,2026-08-06,89,2026-08-06 22:15:00,23,65_96,1500.0,2026-09-19T06:34:53.854728+00:00,/root/rivermind-data/electricity_forecast_model2.5/data/96/authoritative/pmos_96_全量.csv
dayahead,2026-08-06,2026-08-06,65,2026-08-06 16:15:00,17,65_96,509.49,2026-09-19T06:34:53.854728+00:00,/root/rivermind-data/electricity_forecast_model2.5/data/96/authoritative/pmos_96_全量.csv
dayahead,2026-08-06,2026-08-06,74,2026-08-06 18:30:00,19,65_96,1500.0,2026-09-19T06:34:53.854728+00:00,/root/rivermind-data/electricity_forecast_model2.5/data/96/authoritative/pmos_96_全量.csv
dayahead,2026-08-06,2026-08-06,87,2026-08-06 21:45:00,22,65_96,1500.0,2026-09-19T06:34:53.854728+00:00,/root/rivermind-data/electricity_forecast_model2.5/data/96/authoritative/pmos_96_全量.csv
dayahead,2026-08-06,2026-08-06,49,2026-08-06 12:15:00,13,33_64,418.23,2026-09-19T06:34:53.854728+00:00,/root/rivermind-data/electricity_forecast_model2.5/data/96/authoritative/pmos_96_全量.csv
dayahead,2026-08-05,2026-08-05,13,2026-08-05 03:15:00,4,1_32,525.04,2026-09-19T06:34:53.854728+00:00,/root/rivermind-data/electricity_forecast_model2.5/data/96/authoritative/pmos_96_全量.csv
dayahead,2026-08-06,2026-08-06,56,2026-08-06 14:00:00,14,33_64,419.5,2026-09-19T06:34:53.854728+00:00,/root/rivermind-data/electricity_forecast_model2.5/data/96/authoritative/pmos_96_全量.csv
dayahead,2026-08-05,2026-08-05,32,2026-08-05 08:00:00,8,1_32,454.0,2026-09-19T06:34:53.854728+00:00,/root/rivermind-data/electricity_forecast_model2.5/data/96/authoritative/pmos_96_全量.csv
dayahead,2026-08-05,2026-08-05,58,2026-08-05 14:30:00,15,33_64,454.12,2026-09-19T06:34:53.854728+00:00,/root/rivermind-data/electricity_forecast_model2.5/data/96/authoritative/pmos_96_全量.csv
dayahead,2026-08-05,2026-08-05,46,2026-08-05 11:30:00,12,33_64,448.9,2026-09-19T06:34:53.854728+00:00,/root/rivermind-data/electricity_forecast_model2.5/data/96/authoritative/pmos_96_全量.csv
dayahead,2026-08-06,2026-08-06,71,2026-08-06 17:45:00,18,65_96,1500.0,2026-09-19T06:34:53.854728+00:00,/root/rivermind-data/electricity_forecast_model2.5/data/96/authoritative/pmos_96_全量.csv
dayahead,2026-08-06,2026-08-06,18,2026-08-06 04:30:00,5,1_32,507.57,2026-09-19T06:34:53.854728+00:00,/root/rivermind-data/electricity_forecast_model2.5/data/96/authoritative/pmos_96_全量.csv
dayahead,2026-08-04,2026-08-04,36,2026-08-04 09:00:00,9,33_64,445.23,2026-09-19T06:34:53.854728+00:00,/root/rivermind-data/electricity_forecast_model2.5/data/96/authoritative/pmos_96_全量.csv
dayahead,2026-08-06,2026-08-06,51,2026-08-06 12:45:00,13,33_64,418.32,2026-09-19T06:34:53.854728+00:00,/root/rivermind-data/electricity_forecast_model2.5/data/96/authoritative/pmos_96_全量.csv
dayahead,2026-08-06,2026-08-06,10,2026-08-06 02:30:00,3,1_32,551.46,2026-09-19T06:34:53.854728+00:00,/root/rivermind-data/electricity_forecast_model2.5/data/96/authoritative/pmos_96_全量.csv
dayahead,2026-08-06,2026-08-06,13,2026-08-06 03:15:00,4,1_32,532.72,2026-09-19T06:34:53.854728+00:00,/root/rivermind-data/electricity_forecast_model2.5/data/96/authoritative/pmos_96_全量.csv
dayahead,2026-08-07,2026-08-07,40,2026-08-07 10:00:00,10,33_64,383.45,2026-09-19T06:34:53.854728+00:00,/root/rivermind-data/electricity_forecast_model2.5/data/96/authoritative/pmos_96_全量.csv
dayahead,2026-08-06,2026-08-06,64,2026-08-06 16:00:00,16,33_64,491.13,2026-09-19T06:34:53.854728+00:00,/root/rivermind-data/electricity_forecast_model2.5/data/96/authoritative/pmos_96_全量.csv
dayahead,2026-08-06,2026-08-06,26,2026-08-06 06:30:00,7,1_32,460.0,2026-09-19T06:34:53.854728+00:00,/root/rivermind-data/electricity_forecast_model2.5/data/96/authoritative/pmos_96_全量.csv
dayahead,2026-08-07,2026-08-07,79,2026-08-07 19:45:00,20,65_96,1300.0,2026-09-19T06:34:53.854728+00:00,/root/rivermind-data/electricity_forecast_model2.5/data/96/authoritative/pmos_96_全量.csv
dayahead,2026-08-06,2026-08-06,80,2026-08-06 20:00:00,20,65_96,1500.0,2026-09-19T06:34:53.854728+00:00,/root/rivermind-data/electricity_forecast_model2.5/data/96/authoritative/pmos_96_全量.csv
dayahead,2026-08-06,2026-08-06,83,2026-08-06 20:45:00,21,65_96,1500.0,2026-09-19T06:34:53.854728+00:00,/root/rivermind-data/electricity_forecast_model2.5/data/96/authoritative/pmos_96_全量.csv
dayahead,2026-08-05,2026-08-05,47,2026-08-05 11:45:00,12,33_64,460.21,2026-09-19T06:34:53.854728+00:00,/root/rivermind-data/electricity_forecast_model2.5/data/96/authoritative/pmos_96_全量.csv
dayahead,2026-08-06,2026-08-06,47,2026-08-06 11:45:00,12,33_64,418.23,2026-09-19T06:34:53.854728+00:00,/root/rivermind-data/electricity_forecast_model2.5/data/96/authoritative/pmos_96_全量.csv
dayahead,2026-08-05,2026-08-05,8,2026-08-05 02:00:00,2,1_32,552.31,2026-09-19T06:34:53.854728+00:00,/root/rivermind-data/electricity_forecast_model2.5/data/96/authoritative/pmos_96_全量.csv
dayahead,2026-08-06,2026-08-06,53,2026-08-06 13:15:00,14,33_64,418.23,2026-09-19T06:34:53.854728+00:00,/root/rivermind-data/electricity_forecast_model2.5/data/96/authoritative/pmos_96_全量.csv
dayahead,2026-08-05,2026-08-05,42,2026-08-05 10:30:00,11,33_64,441.47,2026-09-19T06:34:53.854728+00:00,/root/rivermind-data/electricity_forecast_model2.5/data/96/authoritative/pmos_96_全量.csv
dayahead,2026-08-06,2026-08-06,1,2026-08-06 00:15:00,1,1_32,558.83,2026-09-19T06:34:53.854728+00:00,/root/rivermind-data/electricity_forecast_model2.5/data/96/authoritative/pmos_96_全量.csv
dayahead,2026-08-05,2026-08-05,59,2026-08-05 14:45:00,15,33_64,455.31,2026-09-19T06:34:53.854728+00:00,/root/rivermind-data/electricity_forecast_model2.5/data/96/authoritative/pmos_96_全量.csv
dayahead,2026-08-05,2026-08-05,82,2026-08-05 20:30:00,21,65_96,1500.0,2026-09-19T06:34:53.854728+00:00,/root/rivermind-data/electricity_forecast_model2.5/data/96/authoritative/pmos_96_全量.csv
dayahead,2026-08-05,2026-08-05,86,2026-08-05 21:30:00,22,65_96,1500.0,2026-09-19T06:34:53.854728+00:00,/root/rivermind-data/electricity_forecast_model2.5/data/96/authoritative/pmos_96_全量.csv
dayahead,2026-08-07,2026-08-07,85,2026-08-07 21:15:00,22,65_96,971.03,2026-09-19T06:34:53.854728+00:00,/root/rivermind-data/electricity_forecast_model2.5/data/96/authoritative/pmos_96_全量.csv
dayahead,2026-08-06,2026-08-06,39,2026-08-06 09:45:00,10,33_64,417.78,2026-09-19T06:34:53.854728+00:00,/root/rivermind-data/electricity_forecast_model2.5/data/96/authoritative/pmos_96_全量.csv
dayahead,2026-08-07,2026-08-07,66,2026-08-07 16:30:00,17,65_96,458.0,2026-09-19T06:34:53.854728+00:00,/root/rivermind-data/electricity_forecast_model2.5/data/96/authoritative/pmos_96_全量.csv
dayahead,2026-08-05,2026-08-05,34,2026-08-05 08:30:00,9,33_64,455.3,2026-09-19T06:34:53.854728+00:00,/root/rivermind-data/electricity_forecast_model2.5/data/96/authoritative/pmos_96_全量.csv
dayahead,2026-08-07,2026-08-07,67,2026-08-07 16:45:00,17,65_96,477.51,2026-09-19T06:34:53.854728+00:00,/root/rivermind-data/electricity_forecast_model2.5/data/96/authoritative/pmos_96_全量.csv
dayahead,2026-08-06,2026-08-06,4,2026-08-06 01:00:00,1,1_32,555.41,2026-09-19T06:34:53.854728+00:00,/root/rivermind-data/electricity_forecast_model2.5/data/96/authoritative/pmos_96_全量.csv
dayahead,2026-08-06,2026-08-06,23,2026-08-06 05:45:00,6,1_32,509.85,2026-09-19T06:34:53.854728+00:00,/root/rivermind-data/electricity_forecast_model2.5/data/96/authoritative/pmos_96_全量.csv
dayahead,2026-08-06,2026-08-06,6,2026-08-06 01:30:00,2,1_32,587.55,2026-09-19T06:34:53.854728+00:00,/root/rivermind-data/electricity_forecast_model2.5/data/96/authoritative/pmos_96_全量.csv
dayahead,2026-08-07,2026-08-07,78,2026-08-07 19:30:00,20,65_96,1115.08,2026-09-19T06:34:53.854728+00:00,/root/rivermind-data/electricity_forecast_model2.5/data/96/authoritative/pmos_96_全量.csv
dayahead,2026-08-06,2026-08-06,8,2026-08-06 02:00:00,2,1_32,558.14,2026-09-19T06:34:53.854728+00:00,/root/rivermind-data/electricity_forecast_model2.5/data/96/authoritative/pmos_96_全量.csv
dayahead,2026-08-08,2026-08-08,55,2026-08-08 13:45:00,14,33_64,-5.95,2026-09-19T06:34:53.854728+00:00,/root/rivermind-data/electricity_forecast_model2.5/data/96/authoritative/pmos_96_全量.csv
dayahead,2026-08-07,2026-08-07,89,2026-08-07 22:15:00,23,65_96,971.03,2026-09-19T06:34:53.854728+00:00,/root/rivermind-data/electricity_forecast_model2.5/data/96/authoritative/pmos_96_全量.csv
dayahead,2026-08-07,2026-08-07,95,2026-08-07 23:45:00,24,65_96,488.41,2026-09-19T06:34:53.854728+00:00,/root/rivermind-data/electricity_forecast_model2.5/data/96/authoritative/pmos_96_全量.csv
dayahead,2026-08-06,2026-08-06,29,2026-08-06 07:15:00,8,1_32,449.5,2026-09-19T06:34:53.854728+00:00,/root/rivermind-data/electricity_forecast_model2.5/data/96/authoritative/pmos_96_全量.csv
dayahead,2026-08-07,2026-08-07,71,2026-08-07 17:45:00,18,65_96,968.57,2026-09-19T06:34:53.854728+00:00,/root/rivermind-data/electricity_forecast_model2.5/data/96/authoritative/pmos_96_全量.csv
dayahead,2026-08-06,2026-08-06,42,2026-08-06 10:30:00,11,33_64,418.17,2026-09-19T06:34:53.854728+00:00,/root/rivermind-data/electricity_forecast_model2.5/data/96/authoritative/pmos_96_全量.csv
dayahead,2026-08-02,2026-08-02,62,2026-08-02 15:30:00,16,33_64,348.0,2026-09-19T06:34:53.854728+00:00,/root/rivermind-data/electricity_forecast_model2.5/data/96/authoritative/pmos_96_全量.csv
dayahead,2026-08-06,2026-08-06,34,2026-08-06 08:30:00,9,33_64,425.24,2026-09-19T06:34:53.854728+00:00,/root/rivermind-data/electricity_forecast_model2.5/data/96/authoritative/pmos_96_全量.csv
dayahead,2026-08-07,2026-08-07,65,2026-08-07 16:15:00,17,65_96,444.0,2026-09-19T06:34:53.854728+00:00,/root/rivermind-data/electricity_forecast_model2.5/data/96/authoritative/pmos_96_全量.csv
dayahead,2026-08-06,2026-08-06,38,2026-08-06 09:30:00,10,33_64,418.37,2026-09-19T06:34:53.854728+00:00,/root/rivermind-data/electricity_forecast_model2.5/data/96/authoritative/pmos_96_全量.csv
dayahead,2026-08-07,2026-08-07,69,2026-08-07 17:15:00,18,65_96,511.14,2026-09-19T06:34:53.854728+00:00,/root/rivermind-data/electricity_forecast_model2.5/data/96/authoritative/pmos_96_全量.csv
dayahead,2026-08-08,2026-08-08,58,2026-08-08 14:30:00,15,33_64,-4.28,2026-09-19T06:34:53.854728+00:00,/root/rivermind-data/electricity_forecast_model2.5/data/96/authoritative/pmos_96_全量.csv
dayahead,2026-08-08,2026-08-08,83,2026-08-08 20:45:00,21,65_96,400.5,2026-09-19T06:34:53.854728+00:00,/root/rivermind-data/electricity_forecast_model2.5/data/96/authoritative/pmos_96_全量.csv
dayahead,2026-08-08,2026-08-08,93,2026-08-08 23:15:00,24,65_96,441.85,2026-09-19T06:34:53.854728+00:00,/root/rivermind-data/electricity_forecast_model2.5/data/96/authoritative/pmos_96_全量.csv
dayahead,2026-08-08,2026-08-08,69,2026-08-08 17:15:00,18,65_96,352.27,2026-09-19T06:34:53.854728+00:00,/root/rivermind-data/electricity_forecast_model2.5/data/96/authoritative/pmos_96_全量.csv
dayahead,2026-08-08,2026-08-08,63,2026-08-08 15:45:00,16,33_64,316.68,2026-09-19T06:34:53.854728+00:00,/root/rivermind-data/electricity_forecast_model2.5/data/96/authoritative/pmos_96_全量.csv
dayahead,2026-08-07,2026-08-07,17,2026-08-07 04:15:00,5,1_32,530.63,2026-09-19T06:34:53.854728+00:00,/root/rivermind-data/electricity_forecast_model2.5/data/96/authoritative/pmos_96_全量.csv
dayahead,2026-08-06,2026-08-06,25,2026-08-06 06:15:00,7,1_32,471.02,2026-09-19T06:34:53.854728+00:00,/root/rivermind-data/electricity_forecast_model2.5/data/96/authoritative/pmos_96_全量.csv
dayahead,2026-08-08,2026-08-08,57,2026-08-08 14:15:00,15,33_64,-5.85,2026-09-19T06:34:53.854728+00:00,/root/rivermind-data/electricity_forecast_model2.5/data/96/authoritative/pmos_96_全量.csv
dayahead,2026-08-06,2026-08-06,2,2026-08-06 00:30:00,1,1_32,557.27,2026-09-19T06:34:53.854728+00:00,/root/rivermind-data/electricity_forecast_model2.5/data/96/authoritative/pmos_96_全量.csv
dayahead,2026-08-07,2026-08-07,81,2026-08-07 20:15:00,21,65_96,1025.62,2026-09-19T06:34:53.854728+00:00,/root/rivermind-data/electricity_forecast_model2.5/data/96/authoritative/pmos_96_全量.csv
dayahead,2026-08-06,2026-08-06,22,2026-08-06 05:30:00,6,1_32,521.42,2026-09-19T06:34:53.854728+00:00,/root/rivermind-data/electricity_forecast_model2.5/data/96/authoritative/pmos_96_全量.csv
dayahead,2026-08-07,2026-08-07,20,2026-08-07 05:00:00,5,1_32,535.0,2026-09-19T06:34:53.854728+00:00,/root/rivermind-data/electricity_forecast_model2.5/data/96/authoritative/pmos_96_全量.csv
dayahead,2026-08-07,2026-08-07,96,2026-08-08 00:00:00,24,65_96,461.54,2026-09-19T06:34:53.854728+00:00,/root/rivermind-data/electricity_forecast_model2.5/data/96/authoritative/pmos_96_全量.csv
dayahead,2026-08-07,2026-08-07,7,2026-08-07 01:45:00,2,1_32,1500.0,2026-09-19T06:34:53.854728+00:00,/root/rivermind-data/electricity_forecast_model2.5/data/96/authoritative/pmos_96_全量.csv
dayahead,2026-08-08,2026-08-08,92,2026-08-08 23:00:00,23,65_96,360.0,2026-09-19T06:34:53.854728+00:00,/root/rivermind-data/electricity_forecast_model2.5/data/96/authoritative/pmos_96_全量.csv
dayahead,2026-08-07,2026-08-07,6,2026-08-07 01:30:00,2,1_32,1500.0,2026-09-19T06:34:53.854728+00:00,/root/rivermind-data/electricity_forecast_model2.5/data/96/authoritative/pmos_96_全量.csv
dayahead,2026-08-08,2026-08-08,24,2026-08-08 06:00:00,6,1_32,349.0,2026-09-19T06:34:53.854728+00:00,/root/rivermind-data/electricity_forecast_model2.5/data/96/authoritative/pmos_96_全量.csv
dayahead,2026-08-05,2026-08-05,93,2026-08-05 23:15:00,24,65_96,1500.0,2026-09-19T06:34:53.854728+00:00,/root/rivermind-data/electricity_forecast_model2.5/data/96/authoritative/pmos_96_全量.csv
dayahead,2026-08-06,2026-08-06,15,2026-08-06 03:45:00,4,1_32,515.42,2026-09-19T06:34:53.854728+00:00,/root/rivermind-data/electricity_forecast_model2.5/data/96/authoritative/pmos_96_全量.csv
dayahead,2026-08-07,2026-08-07,68,2026-08-07 17:00:00,17,65_96,497.32,2026-09-19T06:34:53.854728+00:00,/root/rivermind-data/electricity_forecast_model2.5/data/96/authoritative/pmos_96_全量.csv
dayahead,2026-08-06,2026-08-06,35,2026-08-06 08:45:00,9,33_64,420.25,2026-09-19T06:34:53.854728+00:00,/root/rivermind-data/electricity_forecast_model2.5/data/96/authoritative/pmos_96_全量.csv
dayahead,2026-08-06,2026-08-06,58,2026-08-06 14:30:00,15,33_64,428.4,2026-09-19T06:34:53.854728+00:00,/root/rivermind-data/electricity_forecast_model2.5/data/96/authoritative/pmos_96_全量.csv
dayahead,2026-08-07,2026-08-07,61,2026-08-07 15:15:00,16,33_64,400.0,2026-09-19T06:34:53.854728+00:00,/root/rivermind-data/electricity_forecast_model2.5/data/96/authoritative/pmos_96_全量.csv
dayahead,2026-08-06,2026-08-06,31,2026-08-06 07:45:00,8,1_32,430.0,2026-09-19T06:34:53.854728+00:00,/root/rivermind-data/electricity_forecast_model2.5/data/96/authoritative/pmos_96_全量.csv
dayahead,2026-08-07,2026-08-07,77,2026-08-07 19:15:00,20,65_96,1025.62,2026-09-19T06:34:53.854728+00:00,/root/rivermind-data/electricity_forecast_model2.5/data/96/authoritative/pmos_96_全量.csv
dayahead,2026-08-07,2026-08-07,55,2026-08-07 13:45:00,14,33_64,383.52,2026-09-19T06:34:53.854728+00:00,/root/rivermind-data/electricity_forecast_model2.5/data/96/authoritative/pmos_96_全量.csv
dayahead,2026-08-07,2026-08-07,57,2026-08-07 14:15:00,15,33_64,384.0,2026-09-19T06:34:53.854728+00:00,/root/rivermind-data/electricity_forecast_model2.5/data/96/authoritative/pmos_96_全量.csv
dayahead,2026-08-08,2026-08-08,73,2026-08-08 18:15:00,19,65_96,400.56,2026-09-19T06:34:53.854728+00:00,/root/rivermind-data/electricity_forecast_model2.5/data/96/authoritative/pmos_96_全量.csv
dayahead,2026-08-07,2026-08-07,59,2026-08-07 14:45:00,15,33_64,391.75,2026-09-19T06:34:53.854728+00:00,/root/rivermind-data/electricity_forecast_model2.5/data/96/authoritative/pmos_96_全量.csv
dayahead,2026-08-07,2026-08-07,54,2026-08-07 13:30:00,14,33_64,383.51,2026-09-19T06:34:53.854728+00:00,/root/rivermind-data/electricity_forecast_model2.5/data/96/authoritative/pmos_96_全量.csv
dayahead,2026-08-07,2026-08-07,23,2026-08-07 05:45:00,6,1_32,527.0,2026-09-19T06:34:53.854728+00:00,/root/rivermind-data/electricity_forecast_model2.5/data/96/authoritative/pmos_96_全量.csv
dayahead,2026-08-07,2026-08-07,53,2026-08-07 13:15:00,14,33_64,383.52,2026-09-19T06:34:53.854728+00:00,/root/rivermind-data/electricity_forecast_model2.5/data/96/authoritative/pmos_96_全量.csv
dayahead,2026-08-07,2026-08-07,62,2026-08-07 15:30:00,16,33_64,415.22,2026-09-19T06:34:53.854728+00:00,/root/rivermind-data/electricity_forecast_model2.5/data/96/authoritative/pmos_96_全量.csv
dayahead,2026-08-08,2026-08-08,82,2026-08-08 20:30:00,21,65_96,400.48,2026-09-19T06:34:53.854728+00:00,/root/rivermind-data/electricity_forecast_model2.5/data/96/authoritative/pmos_96_全量.csv
dayahead,2026-08-06,2026-08-06,9,2026-08-06 02:15:00,3,1_32,555.25,2026-09-19T06:34:53.854728+00:00,/root/rivermind-data/electricity_forecast_model2.5/data/96/authoritative/pmos_96_全量.csv
dayahead,2026-08-07,2026-08-07,91,2026-08-07 22:45:00,23,65_96,516.76,2026-09-19T06:34:53.854728+00:00,/root/rivermind-data/electricity_forecast_model2.5/data/96/authoritative/pmos_96_全量.csv
dayahead,2026-08-07,2026-08-07,76,2026-08-07 19:00:00,19,65_96,1025.62,2026-09-19T06:34:53.854728+00:00,/root/rivermind-data/electricity_forecast_model2.5/data/96/authoritative/pmos_96_全量.csv
dayahead,2026-08-07,2026-08-07,74,2026-08-07 18:30:00,19,65_96,1025.61,2026-09-19T06:34:53.854728+00:00,/root/rivermind-data/electricity_forecast_model2.5/data/96/authoritative/pmos_96_全量.csv
dayahead,2026-08-07,2026-08-07,1,2026-08-07 00:15:00,1,1_32,1500.0,2026-09-19T06:34:53.854728+00:00,/root/rivermind-data/electricity_forecast_model2.5/data/96/authoritative/pmos_96_全量.csv
dayahead,2026-08-07,2026-08-07,87,2026-08-07 21:45:00,22,65_96,1000.3,2026-09-19T06:34:53.854728+00:00,/root/rivermind-data/electricity_forecast_model2.5/data/96/authoritative/pmos_96_全量.csv
dayahead,2026-08-07,2026-08-07,84,2026-08-07 21:00:00,21,65_96,1018.99,2026-09-19T06:34:53.854728+00:00,/root/rivermind-data/electricity_forecast_model2.5/data/96/authoritative/pmos_96_全量.csv
dayahead,2026-08-08,2026-08-08,96,2026-08-09 00:00:00,24,65_96,361.0,2026-09-19T06:34:53.854728+00:00,/root/rivermind-data/electricity_forecast_model2.5/data/96/authoritative/pmos_96_全量.csv
dayahead,2026-08-07,2026-08-07,90,2026-08-07 22:30:00,23,65_96,526.87,2026-09-19T06:34:53.854728+00:00,/root/rivermind-data/electricity_forecast_model2.5/data/96/authoritative/pmos_96_全量.csv
dayahead,2026-08-06,2026-08-06,24,2026-08-06 06:00:00,6,1_32,492.88,2026-09-19T06:34:53.854728+00:00,/root/rivermind-data/electricity_forecast_model2.5/data/96/authoritative/pmos_96_全量.csv
dayahead,2026-08-07,2026-08-07,70,2026-08-07 17:30:00,18,65_96,1016.85,2026-09-19T06:34:53.854728+00:00,/root/rivermind-data/electricity_forecast_model2.5/data/96/authoritative/pmos_96_全量.csv
dayahead,2026-08-07,2026-08-07,58,2026-08-07 14:30:00,15,33_64,390.0,2026-09-19T06:34:53.854728+00:00,/root/rivermind-data/electricity_forecast_model2.5/data/96/authoritative/pmos_96_全量.csv
dayahead,2026-08-06,2026-08-06,45,2026-08-06 11:15:00,12,33_64,418.26,2026-09-19T06:34:53.854728+00:00,/root/rivermind-data/electricity_forecast_model2.5/data/96/authoritative/pmos_96_全量.csv
dayahead,2026-08-07,2026-08-07,18,2026-08-07 04:30:00,5,1_32,530.05,2026-09-19T06:34:53.854728+00:00,/root/rivermind-data/electricity_forecast_model2.5/data/96/authoritative/pmos_96_全量.csv
dayahead,2026-08-06,2026-08-06,84,2026-08-06 21:00:00,21,65_96,1500.0,2026-09-19T06:34:53.854728+00:00,/root/rivermind-data/electricity_forecast_model2.5/data/96/authoritative/pmos_96_全量.csv
dayahead,2026-08-07,2026-08-07,83,2026-08-07 20:45:00,21,65_96,1025.6,2026-09-19T06:34:53.854728+00:00,/root/rivermind-data/electricity_forecast_model2.5/data/96/authoritative/pmos_96_全量.csv
dayahead,2026-08-06,2026-08-06,36,2026-08-06 09:00:00,9,33_64,418.65,2026-09-19T06:34:53.854728+00:00,/root/rivermind-data/electricity_forecast_model2.5/data/96/authoritative/pmos_96_全量.csv
dayahead,2026-08-06,2026-08-06,37,2026-08-06 09:15:00,10,33_64,418.37,2026-09-19T06:34:53.854728+00:00,/root/rivermind-data/electricity_forecast_model2.5/data/96/authoritative/pmos_96_全量.csv
dayahead,2026-08-07,2026-08-07,22,2026-08-07 05:30:00,6,1_32,538.0,2026-09-19T06:34:53.854728+00:00,/root/rivermind-data/electricity_forecast_model2.5/data/96/authoritative/pmos_96_全量.csv
dayahead,2026-08-07,2026-08-07,63,2026-08-07 15:45:00,16,33_64,425.24,2026-09-19T06:34:53.854728+00:00,/root/rivermind-data/electricity_forecast_model2.5/data/96/authoritative/pmos_96_全量.csv
dayahead,2026-08-05,2026-08-05,62,2026-08-05 15:30:00,16,33_64,510.02,2026-09-19T06:34:53.854728+00:00,/root/rivermind-data/electricity_forecast_model2.5/data/96/authoritative/pmos_96_全量.csv
dayahead,2026-08-05,2026-08-05,19,2026-08-05 04:45:00,5,1_32,522.45,2026-09-19T06:34:53.854728+00:00,/root/rivermind-data/electricity_forecast_model2.5/data/96/authoritative/pmos_96_全量.csv
dayahead,2026-08-06,2026-08-06,77,2026-08-06 19:15:00,20,65_96,1500.0,2026-09-19T06:34:53.854728+00:00,/root/rivermind-data/electricity_forecast_model2.5/data/96/authoritative/pmos_96_全量.csv
dayahead,2026-08-13,2026-08-13,88,2026-08-13 22:00:00,22,65_96,375.0,2026-09-19T06:34:53.854728+00:00,/root/rivermind-data/electricity_forecast_model2.5/data/96/authoritative/pmos_96_全量.csv
dayahead,2026-08-06,2026-08-06,46,2026-08-06 11:30:00,12,33_64,418.24,2026-09-19T06:34:53.854728+00:00,/root/rivermind-data/electricity_forecast_model2.5/data/96/authoritative/pmos_96_全量.csv
dayahead,2026-08-07,2026-08-07,92,2026-08-07 23:00:00,23,65_96,508.0,2026-09-19T06:34:53.854728+00:00,/root/rivermind-data/electricity_forecast_model2.5/data/96/authoritative/pmos_96_全量.csv
dayahead,2026-08-07,2026-08-07,73,2026-08-07 18:15:00,19,65_96,1008.87,2026-09-19T06:34:53.854728+00:00,/root/rivermind-data/electricity_forecast_model2.5/data/96/authoritative/pmos_96_全量.csv
dayahead,2026-08-07,2026-08-07,93,2026-08-07 23:15:00,24,65_96,522.69,2026-09-19T06:34:53.854728+00:00,/root/rivermind-data/electricity_forecast_model2.5/data/96/authoritative/pmos_96_全量.csv
dayahead,2026-08-02,2026-08-02,50,2026-08-02 12:30:00,13,33_64,159.38,2026-09-19T06:34:53.854728+00:00,/root/rivermind-data/electricity_forecast_model2.5/data/96/authoritative/pmos_96_全量.csv
dayahead,2026-08-08,2026-08-08,79,2026-08-08 19:45:00,20,65_96,400.4,2026-09-19T06:34:53.854728+00:00,/root/rivermind-data/electricity_forecast_model2.5/data/96/authoritative/pmos_96_全量.csv
dayahead,2026-08-08,2026-08-08,88,2026-08-08 22:00:00,22,65_96,400.8,2026-09-19T06:34:53.854728+00:00,/root/rivermind-data/electricity_forecast_model2.5/data/96/authoritative/pmos_96_全量.csv
dayahead,2026-08-08,2026-08-08,64,2026-08-08 16:00:00,16,33_64,328.76,2026-09-19T06:34:53.854728+00:00,/root/rivermind-data/electricity_forecast_model2.5/data/96/authoritative/pmos_96_全量.csv
dayahead,2026-08-08,2026-08-08,89,2026-08-08 22:15:00,23,65_96,400.78,2026-09-19T06:34:53.854728+00:00,/root/rivermind-data/electricity_forecast_model2.5/data/96/authoritative/pmos_96_全量.csv
dayahead,2026-08-05,2026-08-05,89,2026-08-05 22:15:00,23,65_96,1500.0,2026-09-19T06:34:53.854728+00:00,/root/rivermind-data/electricity_forecast_model2.5/data/96/authoritative/pmos_96_全量.csv
dayahead,2026-08-07,2026-08-07,29,2026-08-07 07:15:00,8,1_32,426.0,2026-09-19T06:34:53.854728+00:00,/root/rivermind-data/electricity_forecast_model2.5/data/96/authoritative/pmos_96_全量.csv
dayahead,2026-08-04,2026-08-04,42,2026-08-04 10:30:00,11,33_64,445.03,2026-09-19T06:34:53.854728+00:00,/root/rivermind-data/electricity_forecast_model2.5/data/96/authoritative/pmos_96_全量.csv
dayahead,2026-08-05,2026-08-05,95,2026-08-05 23:45:00,24,65_96,581.88,2026-09-19T06:34:53.854728+00:00,/root/rivermind-data/electricity_forecast_model2.5/data/96/authoritative/pmos_96_全量.csv
dayahead,2026-08-07,2026-08-07,33,2026-08-07 08:15:00,9,33_64,398.0,2026-09-19T06:34:53.854728+00:00,/root/rivermind-data/electricity_forecast_model2.5/data/96/authoritative/pmos_96_全量.csv
dayahead,2026-08-07,2026-08-07,36,2026-08-07 09:00:00,9,33_64,390.08,2026-09-19T06:34:53.854728+00:00,/root/rivermind-data/electricity_forecast_model2.5/data/96/authoritative/pmos_96_全量.csv
dayahead,2026-08-08,2026-08-08,52,2026-08-08 13:00:00,13,33_64,-5.97,2026-09-19T06:34:53.854728+00:00,/root/rivermind-data/electricity_forecast_model2.5/data/96/authoritative/pmos_96_全量.csv
dayahead,2026-08-07,2026-08-07,3,2026-08-07 00:45:00,1,1_32,1500.0,2026-09-19T06:34:53.854728+00:00,/root/rivermind-data/electricity_forecast_model2.5/data/96/authoritative/pmos_96_全量.csv
dayahead,2026-08-07,2026-08-07,47,2026-08-07 11:45:00,12,33_64,383.51,2026-09-19T06:34:53.854728+00:00,/root/rivermind-data/electricity_forecast_model2.5/data/96/authoritative/pmos_96_全量.csv
dayahead,2026-08-07,2026-08-07,14,2026-08-07 03:30:00,4,1_32,544.79,2026-09-19T06:34:53.854728+00:00,/root/rivermind-data/electricity_forecast_model2.5/data/96/authoritative/pmos_96_全量.csv
dayahead,2026-08-07,2026-08-07,37,2026-08-07 09:15:00,10,33_64,387.19,2026-09-19T06:34:53.854728+00:00,/root/rivermind-data/electricity_forecast_model2.5/data/96/authoritative/pmos_96_全量.csv
dayahead,2026-08-07,2026-08-07,8,2026-08-07 02:00:00,2,1_32,606.09,2026-09-19T06:34:53.854728+00:00,/root/rivermind-data/electricity_forecast_model2.5/data/96/authoritative/pmos_96_全量.csv
dayahead,2026-08-07,2026-08-07,25,2026-08-07 06:15:00,7,1_32,485.28,2026-09-19T06:34:53.854728+00:00,/root/rivermind-data/electricity_forecast_model2.5/data/96/authoritative/pmos_96_全量.csv
dayahead,2026-08-07,2026-08-07,50,2026-08-07 12:30:00,13,33_64,383.5,2026-09-19T06:34:53.854728+00:00,/root/rivermind-data/electricity_forecast_model2.5/data/96/authoritative/pmos_96_全量.csv
dayahead,2026-08-07,2026-08-07,5,2026-08-07 01:15:00,2,1_32,1500.0,2026-09-19T06:34:53.854728+00:00,/root/rivermind-data/electricity_forecast_model2.5/data/96/authoritative/pmos_96_全量.csv
dayahead,2026-08-09,2026-08-09,59,2026-08-09 14:45:00,15,33_64,331.26,2026-09-19T06:34:53.854728+00:00,/root/rivermind-data/electricity_forecast_model2.5/data/96/authoritative/pmos_96_全量.csv
dayahead,2026-08-07,2026-08-07,16,2026-08-07 04:00:00,4,1_32,531.58,2026-09-19T06:34:53.854728+00:00,/root/rivermind-data/electricity_forecast_model2.5/data/96/authoritative/pmos_96_全量.csv
dayahead,2026-08-07,2026-08-07,2,2026-08-07 00:30:00,1,1_32,1500.0,2026-09-19T06:34:53.854728+00:00,/root/rivermind-data/electricity_forecast_model2.5/data/96/authoritative/pmos_96_全量.csv
dayahead,2026-08-05,2026-08-05,94,2026-08-05 23:30:00,24,65_96,596.62,2026-09-19T06:34:53.854728+00:00,/root/rivermind-data/electricity_forecast_model2.5/data/96/authoritative/pmos_96_全量.csv
dayahead,2026-08-08,2026-08-08,71,2026-08-08 17:45:00,18,65_96,393.76,2026-09-19T06:34:53.854728+00:00,/root/rivermind-data/electricity_forecast_model2.5/data/96/authoritative/pmos_96_全量.csv
dayahead,2026-08-07,2026-08-07,49,2026-08-07 12:15:00,13,33_64,383.51,2026-09-19T06:34:53.854728+00:00,/root/rivermind-data/electricity_forecast_model2.5/data/96/authoritative/pmos_96_全量.csv
dayahead,2026-08-05,2026-08-05,2,2026-08-05 00:30:00,1,1_32,549.11,2026-09-19T06:34:53.854728+00:00,/root/rivermind-data/electricity_forecast_model2.5/data/96/authoritative/pmos_96_全量.csv
dayahead,2026-08-05,2026-08-05,49,2026-08-05 12:15:00,13,33_64,441.47,2026-09-19T06:34:53.854728+00:00,/root/rivermind-data/electricity_forecast_model2.5/data/96/authoritative/pmos_96_全量.csv
dayahead,2026-08-04,2026-08-04,25,2026-08-04 06:15:00,7,1_32,532.46,2026-09-19T06:34:53.854728+00:00,/root/rivermind-data/electricity_forecast_model2.5/data/96/authoritative/pmos_96_全量.csv
dayahead,2026-08-04,2026-08-04,39,2026-08-04 09:45:00,10,33_64,444.53,2026-09-19T06:34:53.854728+00:00,/root/rivermind-data/electricity_forecast_model2.5/data/96/authoritative/pmos_96_全量.csv
dayahead,2026-08-07,2026-08-07,42,2026-08-07 10:30:00,11,33_64,383.51,2026-09-19T06:34:53.854728+00:00,/root/rivermind-data/electricity_forecast_model2.5/data/96/authoritative/pmos_96_全量.csv
dayahead,2026-08-07,2026-08-07,82,2026-08-07 20:30:00,21,65_96,1025.61,2026-09-19T06:34:53.854728+00:00,/root/rivermind-data/electricity_forecast_model2.5/data/96/authoritative/pmos_96_全量.csv
dayahead,2026-08-02,2026-08-02,93,2026-08-02 23:15:00,24,65_96,604.0,2026-09-19T06:34:53.854728+00:00,/root/rivermind-data/electricity_forecast_model2.5/data/96/authoritative/pmos_96_全量.csv
dayahead,2026-08-07,2026-08-07,45,2026-08-07 11:15:00,12,33_64,383.53,2026-09-19T06:34:53.854728+00:00,/root/rivermind-data/electricity_forecast_model2.5/data/96/authoritative/pmos_96_全量.csv
dayahead,2026-08-07,2026-08-07,34,2026-08-07 08:30:00,9,33_64,389.75,2026-09-19T06:34:53.854728+00:00,/root/rivermind-data/electricity_forecast_model2.5/data/96/authoritative/pmos_96_全量.csv
dayahead,2026-08-07,2026-08-07,32,2026-08-07 08:00:00,8,1_32,403.79,2026-09-19T06:34:53.854728+00:00,/root/rivermind-data/electricity_forecast_model2.5/data/96/authoritative/pmos_96_全量.csv
dayahead,2026-08-07,2026-08-07,38,2026-08-07 09:30:00,10,33_64,384.65,2026-09-19T06:34:53.854728+00:00,/root/rivermind-data/electricity_forecast_model2.5/data/96/authoritative/pmos_96_全量.csv
dayahead,2026-08-06,2026-08-06,32,2026-08-06 08:00:00,8,1_32,427.78,2026-09-19T06:34:53.854728+00:00,/root/rivermind-data/electricity_forecast_model2.5/data/96/authoritative/pmos_96_全量.csv
dayahead,2026-08-07,2026-08-07,11,2026-08-07 02:45:00,3,1_32,567.58,2026-09-19T06:34:53.854728+00:00,/root/rivermind-data/electricity_forecast_model2.5/data/96/authoritative/pmos_96_全量.csv
dayahead,2026-08-07,2026-08-07,46,2026-08-07 11:30:00,12,33_64,383.51,2026-09-19T06:34:53.854728+00:00,/root/rivermind-data/electricity_forecast_model2.5/data/96/authoritative/pmos_96_全量.csv
dayahead,2026-08-07,2026-08-07,26,2026-08-07 06:30:00,7,1_32,454.0,2026-09-19T06:34:53.854728+00:00,/root/rivermind-data/electricity_forecast_model2.5/data/96/authoritative/pmos_96_全量.csv
dayahead,2026-08-08,2026-08-08,66,2026-08-08 16:30:00,17,65_96,342.12,2026-09-19T06:34:53.854728+00:00,/root/rivermind-data/electricity_forecast_model2.5/data/96/authoritative/pmos_96_全量.csv
dayahead,2026-08-07,2026-08-07,24,2026-08-07 06:00:00,6,1_32,509.0,2026-09-19T06:34:53.854728+00:00,/root/rivermind-data/electricity_forecast_model2.5/data/96/authoritative/pmos_96_全量.csv
dayahead,2026-08-07,2026-08-07,30,2026-08-07 07:30:00,8,1_32,415.0,2026-09-19T06:34:53.854728+00:00,/root/rivermind-data/electricity_forecast_model2.5/data/96/authoritative/pmos_96_全量.csv
dayahead,2026-08-07,2026-08-07,13,2026-08-07 03:15:00,4,1_32,552.86,2026-09-19T06:34:53.854728+00:00,/root/rivermind-data/electricity_forecast_model2.5/data/96/authoritative/pmos_96_全量.csv
dayahead,2026-08-03,2026-08-03,5,2026-08-03 01:15:00,2,1_32,559.21,2026-09-19T06:34:53.854728+00:00,/root/rivermind-data/electricity_forecast_model2.5/data/96/authoritative/pmos_96_全量.csv
dayahead,2026-08-08,2026-08-08,67,2026-08-08 16:45:00,17,65_96,347.51,2026-09-19T06:34:53.854728+00:00,/root/rivermind-data/electricity_forecast_model2.5/data/96/authoritative/pmos_96_全量.csv
dayahead,2026-08-08,2026-08-08,65,2026-08-08 16:15:00,17,65_96,335.88,2026-09-19T06:34:53.854728+00:00,/root/rivermind-data/electricity_forecast_model2.5/data/96/authoritative/pmos_96_全量.csv
dayahead,2026-08-09,2026-08-09,53,2026-08-09 13:15:00,14,33_64,18.3,2026-09-19T06:34:53.854728+00:00,/root/rivermind-data/electricity_forecast_model2.5/data/96/authoritative/pmos_96_全量.csv
dayahead,2026-08-08,2026-08-08,80,2026-08-08 20:00:00,20,65_96,400.49,2026-09-19T06:34:53.854728+00:00,/root/rivermind-data/electricity_forecast_model2.5/data/96/authoritative/pmos_96_全量.csv
dayahead,2026-08-08,2026-08-08,74,2026-08-08 18:30:00,19,65_96,400.43,2026-09-19T06:34:53.854728+00:00,/root/rivermind-data/electricity_forecast_model2.5/data/96/authoritative/pmos_96_全量.csv
dayahead,2026-08-08,2026-08-08,68,2026-08-08 17:00:00,17,65_96,349.73,2026-09-19T06:34:53.854728+00:00,/root/rivermind-data/electricity_forecast_model2.5/data/96/authoritative/pmos_96_全量.csv
dayahead,2026-08-10,2026-08-10,65,2026-08-10 16:15:00,17,65_96,693.09,2026-09-19T06:34:53.854728+00:00,/root/rivermind-data/electricity_forecast_model2.5/data/96/authoritative/pmos_96_全量.csv
dayahead,2026-08-04,2026-08-04,52,2026-08-04 13:00:00,13,33_64,444.97,2026-09-19T06:34:53.854728+00:00,/root/rivermind-data/electricity_forecast_model2.5/data/96/authoritative/pmos_96_全量.csv
dayahead,2026-08-01,2026-08-01,62,2026-08-01 15:30:00,16,33_64,375.45,2026-09-19T06:34:53.854728+00:00,/root/rivermind-data/electricity_forecast_model2.5/data/96/authoritative/pmos_96_全量.csv
dayahead,2026-08-06,2026-08-06,5,2026-08-06 01:15:00,2,1_32,597.87,2026-09-19T06:34:53.854728+00:00,/root/rivermind-data/electricity_forecast_model2.5/data/96/authoritative/pmos_96_全量.csv
dayahead,2026-08-08,2026-08-08,90,2026-08-08 22:30:00,23,65_96,400.76,2026-09-19T06:34:53.854728+00:00,/root/rivermind-data/electricity_forecast_model2.5/data/96/authoritative/pmos_96_全量.csv
dayahead,2026-08-07,2026-08-07,35,2026-08-07 08:45:00,9,33_64,390.08,2026-09-19T06:34:53.854728+00:00,/root/rivermind-data/electricity_forecast_model2.5/data/96/authoritative/pmos_96_全量.csv
dayahead,2026-08-07,2026-08-07,4,2026-08-07 01:00:00,1,1_32,602.16,2026-09-19T06:34:53.854728+00:00,/root/rivermind-data/electricity_forecast_model2.5/data/96/authoritative/pmos_96_全量.csv
dayahead,2026-08-06,2026-08-06,30,2026-08-06 07:30:00,8,1_32,438.04,2026-09-19T06:34:53.854728+00:00,/root/rivermind-data/electricity_forecast_model2.5/data/96/authoritative/pmos_96_全量.csv
dayahead,2026-08-06,2026-08-06,27,2026-08-06 06:45:00,7,1_32,456.0,2026-09-19T06:34:53.854728+00:00,/root/rivermind-data/electricity_forecast_model2.5/data/96/authoritative/pmos_96_全量.csv
dayahead,2026-07-30,2026-07-30,91,2026-07-30 22:45:00,23,65_96,446.15,2026-09-19T06:34:53.854728+00:00,/root/rivermind-data/electricity_forecast_model2.5/data/96/authoritative/pmos_96_全量.csv
dayahead,2026-08-07,2026-08-07,31,2026-08-07 07:45:00,8,1_32,409.84,2026-09-19T06:34:53.854728+00:00,/root/rivermind-data/electricity_forecast_model2.5/data/96/authoritative/pmos_96_全量.csv
dayahead,2026-08-01,2026-08-01,69,2026-08-01 17:15:00,18,65_96,447.88,2026-09-19T06:34:53.854728+00:00,/root/rivermind-data/electricity_forecast_model2.5/data/96/authoritative/pmos_96_全量.csv
dayahead,2026-08-02,2026-08-02,94,2026-08-02 23:30:00,24,65_96,506.0,2026-09-19T06:34:53.854728+00:00,/root/rivermind-data/electricity_forecast_model2.5/data/96/authoritative/pmos_96_全量.csv
dayahead,2026-08-08,2026-08-08,78,2026-08-08 19:30:00,20,65_96,400.5,2026-09-19T06:34:53.854728+00:00,/root/rivermind-data/electricity_forecast_model2.5/data/96/authoritative/pmos_96_全量.csv
dayahead,2026-08-07,2026-08-07,19,2026-08-07 04:45:00,5,1_32,531.0,2026-09-19T06:34:53.854728+00:00,/root/rivermind-data/electricity_forecast_model2.5/data/96/authoritative/pmos_96_全量.csv
dayahead,2026-08-01,2026-08-01,82,2026-08-01 20:30:00,21,65_96,804.0,2026-09-19T06:34:53.854728+00:00,/root/rivermind-data/electricity_forecast_model2.5/data/96/authoritative/pmos_96_全量.csv
dayahead,2026-08-07,2026-08-07,39,2026-08-07 09:45:00,10,33_64,383.51,2026-09-19T06:34:53.854728+00:00,/root/rivermind-data/electricity_forecast_model2.5/data/96/authoritative/pmos_96_全量.csv
dayahead,2026-08-08,2026-08-08,56,2026-08-08 14:00:00,14,33_64,-5.86,2026-09-19T06:34:53.854728+00:00,/root/rivermind-data/electricity_forecast_model2.5/data/96/authoritative/pmos_96_全量.csv
dayahead,2026-08-06,2026-08-06,41,2026-08-06 10:15:00,11,33_64,417.9,2026-09-19T06:34:53.854728+00:00,/root/rivermind-data/electricity_forecast_model2.5/data/96/authoritative/pmos_96_全量.csv
dayahead,2026-08-07,2026-08-07,28,2026-08-07 07:00:00,7,1_32,431.12,2026-09-19T06:34:53.854728+00:00,/root/rivermind-data/electricity_forecast_model2.5/data/96/authoritative/pmos_96_全量.csv
dayahead,2026-08-07,2026-08-07,27,2026-08-07 06:45:00,7,1_32,444.5,2026-09-19T06:34:53.854728+00:00,/root/rivermind-data/electricity_forecast_model2.5/data/96/authoritative/pmos_96_全量.csv
dayahead,2026-08-08,2026-08-08,53,2026-08-08 13:15:00,14,33_64,-6.0,2026-09-19T06:34:53.854728+00:00,/root/rivermind-data/electricity_forecast_model2.5/data/96/authoritative/pmos_96_全量.csv
dayahead,2026-08-12,2026-08-12,76,2026-08-12 19:00:00,19,65_96,360.0,2026-09-19T06:34:53.854728+00:00,/root/rivermind-data/electricity_forecast_model2.5/data/96/authoritative/pmos_96_全量.csv
dayahead,2026-08-08,2026-08-08,70,2026-08-08 17:30:00,18,65_96,389.58,2026-09-19T06:34:53.854728+00:00,/root/rivermind-data/electricity_forecast_model2.5/data/96/authoritative/pmos_96_全量.csv
dayahead,2026-08-08,2026-08-08,54,2026-08-08 13:30:00,14,33_64,-5.97,2026-09-19T06:34:53.854728+00:00,/root/rivermind-data/electricity_forecast_model2.5/data/96/authoritative/pmos_96_全量.csv
dayahead,2026-08-08,2026-08-08,77,2026-08-08 19:15:00,20,65_96,400.47,2026-09-19T06:34:53.854728+00:00,/root/rivermind-data/electricity_forecast_model2.5/data/96/authoritative/pmos_96_全量.csv
dayahead,2026-08-08,2026-08-08,87,2026-08-08 21:45:00,22,65_96,400.79,2026-09-19T06:34:53.854728+00:00,/root/rivermind-data/electricity_forecast_model2.5/data/96/authoritative/pmos_96_全量.csv
dayahead,2026-08-08,2026-08-08,76,2026-08-08 19:00:00,19,65_96,400.42,2026-09-19T06:34:53.854728+00:00,/root/rivermind-data/electricity_forecast_model2.5/data/96/authoritative/pmos_96_全量.csv
dayahead,2026-08-06,2026-08-06,33,2026-08-06 08:15:00,9,33_64,428.0,2026-09-19T06:34:53.854728+00:00,/root/rivermind-data/electricity_forecast_model2.5/data/96/authoritative/pmos_96_全量.csv
dayahead,2026-08-04,2026-08-04,15,2026-08-04 03:45:00,4,1_32,542.0,2026-09-19T06:34:53.854728+00:00,/root/rivermind-data/electricity_forecast_model2.5/data/96/authoritative/pmos_96_全量.csv
dayahead,2026-08-07,2026-08-07,43,2026-08-07 10:45:00,11,33_64,383.51,2026-09-19T06:34:53.854728+00:00,/root/rivermind-data/electricity_forecast_model2.5/data/96/authoritative/pmos_96_全量.csv
dayahead,2026-08-07,2026-08-07,12,2026-08-07 03:00:00,3,1_32,558.83,2026-09-19T06:34:53.854728+00:00,/root/rivermind-data/electricity_forecast_model2.5/data/96/authoritative/pmos_96_全量.csv
dayahead,2026-08-07,2026-08-07,9,2026-08-07 02:15:00,3,1_32,590.57,2026-09-19T06:34:53.854728+00:00,/root/rivermind-data/electricity_forecast_model2.5/data/96/authoritative/pmos_96_全量.csv
dayahead,2026-08-08,2026-08-08,51,2026-08-08 12:45:00,13,33_64,-6.0,2026-09-19T06:34:53.854728+00:00,/root/rivermind-data/electricity_forecast_model2.5/data/96/authoritative/pmos_96_全量.csv
dayahead,2026-08-06,2026-08-06,40,2026-08-06 10:00:00,10,33_64,415.04,2026-09-19T06:34:53.854728+00:00,/root/rivermind-data/electricity_forecast_model2.5/data/96/authoritative/pmos_96_全量.csv
dayahead,2026-08-08,2026-08-08,72,2026-08-08 18:00:00,18,65_96,400.54,2026-09-19T06:34:53.854728+00:00,/root/rivermind-data/electricity_forecast_model2.5/data/96/authoritative/pmos_96_全量.csv
dayahead,2026-08-07,2026-08-07,21,2026-08-07 05:15:00,6,1_32,541.0,2026-09-19T06:34:53.854728+00:00,/root/rivermind-data/electricity_forecast_model2.5/data/96/authoritative/pmos_96_全量.csv
dayahead,2026-08-13,2026-08-13,13,2026-08-13 03:15:00,4,1_32,369.0,2026-09-19T06:34:53.854728+00:00,/root/rivermind-data/electricity_forecast_model2.5/data/96/authoritative/pmos_96_全量.csv
dayahead,2026-08-01,2026-08-01,30,2026-08-01 07:30:00,8,1_32,334.36,2026-09-19T06:34:53.854728+00:00,/root/rivermind-data/electricity_forecast_model2.5/data/96/authoritative/pmos_96_全量.csv
dayahead,2026-08-13,2026-08-13,19,2026-08-13 04:45:00,5,1_32,366.0,2026-09-19T06:34:53.854728+00:00,/root/rivermind-data/electricity_forecast_model2.5/data/96/authoritative/pmos_96_全量.csv
dayahead,2026-08-10,2026-08-10,82,2026-08-10 20:30:00,21,65_96,403.0,2026-09-19T06:34:53.854728+00:00,/root/rivermind-data/electricity_forecast_model2.5/data/96/authoritative/pmos_96_全量.csv
dayahead,2026-08-10,2026-08-10,64,2026-08-10 16:00:00,16,33_64,693.3,2026-09-19T06:34:53.854728+00:00,/root/rivermind-data/electricity_forecast_model2.5/data/96/authoritative/pmos_96_全量.csv
dayahead,2026-08-10,2026-08-10,17,2026-08-10 04:15:00,5,1_32,364.0,2026-09-19T06:34:53.854728+00:00,/root/rivermind-data/electricity_forecast_model2.5/data/96/authoritative/pmos_96_全量.csv
dayahead,2026-08-11,2026-08-11,15,2026-08-11 03:45:00,4,1_32,360.75,2026-09-19T06:34:53.854728+00:00,/root/rivermind-data/electricity_forecast_model2.5/data/96/authoritative/pmos_96_全量.csv
dayahead,2026-08-10,2026-08-10,48,2026-08-10 12:00:00,12,33_64,318.17,2026-09-19T06:34:53.854728+00:00,/root/rivermind-data/electricity_forecast_model2.5/data/96/authoritative/pmos_96_全量.csv
dayahead,2026-08-09,2026-08-09,23,2026-08-09 05:45:00,6,1_32,360.08,2026-09-19T06:34:53.854728+00:00,/root/rivermind-data/electricity_forecast_model2.5/data/96/authoritative/pmos_96_全量.csv
dayahead,2026-08-12,2026-08-12,68,2026-08-12 17:00:00,17,65_96,368.0,2026-09-19T06:34:53.854728+00:00,/root/rivermind-data/electricity_forecast_model2.5/data/96/authoritative/pmos_96_全量.csv
dayahead,2026-08-08,2026-08-08,44,2026-08-08 11:00:00,11,33_64,-5.89,2026-09-19T06:34:53.854728+00:00,/root/rivermind-data/electricity_forecast_model2.5/data/96/authoritative/pmos_96_全量.csv
dayahead,2026-08-11,2026-08-11,4,2026-08-11 01:00:00,1,1_32,372.0,2026-09-19T06:34:53.854728+00:00,/root/rivermind-data/electricity_forecast_model2.5/data/96/authoritative/pmos_96_全量.csv
dayahead,2026-08-10,2026-08-10,89,2026-08-10 22:15:00,23,65_96,377.85,2026-09-19T06:34:53.854728+00:00,/root/rivermind-data/electricity_forecast_model2.5/data/96/authoritative/pmos_96_全量.csv
dayahead,2026-08-08,2026-08-08,43,2026-08-08 10:45:00,11,33_64,-5.91,2026-09-19T06:34:53.854728+00:00,/root/rivermind-data/electricity_forecast_model2.5/data/96/authoritative/pmos_96_全量.csv
dayahead,2026-08-10,2026-08-10,6,2026-08-10 01:30:00,2,1_32,1500.0,2026-09-19T06:34:53.854728+00:00,/root/rivermind-data/electricity_forecast_model2.5/data/96/authoritative/pmos_96_全量.csv
dayahead,2026-08-04,2026-08-04,77,2026-08-04 19:15:00,20,65_96,1500.0,2026-09-19T06:34:53.854728+00:00,/root/rivermind-data/electricity_forecast_model2.5/data/96/authoritative/pmos_96_全量.csv
dayahead,2026-08-11,2026-08-11,75,2026-08-11 18:45:00,19,65_96,368.0,2026-09-19T06:34:53.854728+00:00,/root/rivermind-data/electricity_forecast_model2.5/data/96/authoritative/pmos_96_全量.csv
dayahead,2026-08-12,2026-08-12,46,2026-08-12 11:30:00,12,33_64,360.63,2026-09-19T06:34:53.854728+00:00,/root/rivermind-data/electricity_forecast_model2.5/data/96/authoritative/pmos_96_全量.csv
dayahead,2026-08-11,2026-08-11,93,2026-08-11 23:15:00,24,65_96,376.0,2026-09-19T06:34:53.854728+00:00,/root/rivermind-data/electricity_forecast_model2.5/data/96/authoritative/pmos_96_全量.csv
dayahead,2026-08-10,2026-08-10,83,2026-08-10 20:45:00,21,65_96,379.52,2026-09-19T06:34:53.854728+00:00,/root/rivermind-data/electricity_forecast_model2.5/data/96/authoritative/pmos_96_全量.csv
dayahead,2026-08-12,2026-08-12,96,2026-08-13 00:00:00,24,65_96,364.2,2026-09-19T06:34:53.854728+00:00,/root/rivermind-data/electricity_forecast_model2.5/data/96/authoritative/pmos_96_全量.csv
dayahead,2026-08-12,2026-08-12,64,2026-08-12 16:00:00,16,33_64,639.42,2026-09-19T06:34:53.854728+00:00,/root/rivermind-data/electricity_forecast_model2.5/data/96/authoritative/pmos_96_全量.csv
dayahead,2026-07-22,2026-07-22,59,2026-07-22 14:45:00,15,33_64,327.11,2026-09-19T06:34:53.854728+00:00,/root/rivermind-data/electricity_forecast_model2.5/data/96/authoritative/pmos_96_全量.csv
dayahead,2026-08-11,2026-08-11,33,2026-08-11 08:15:00,9,33_64,353.48,2026-09-19T06:34:53.854728+00:00,/root/rivermind-data/electricity_forecast_model2.5/data/96/authoritative/pmos_96_全量.csv
dayahead,2026-08-12,2026-08-12,62,2026-08-12 15:30:00,16,33_64,707.78,2026-09-19T06:34:53.854728+00:00,/root/rivermind-data/electricity_forecast_model2.5/data/96/authoritative/pmos_96_全量.csv
dayahead,2026-07-21,2026-07-21,6,2026-07-21 01:30:00,2,1_32,1500.0,2026-09-19T06:34:53.854728+00:00,/root/rivermind-data/electricity_forecast_model2.5/data/96/authoritative/pmos_96_全量.csv
dayahead,2026-07-22,2026-07-22,63,2026-07-22 15:45:00,16,33_64,387.72,2026-09-19T06:34:53.854728+00:00,/root/rivermind-data/electricity_forecast_model2.5/data/96/authoritative/pmos_96_全量.csv
dayahead,2026-08-11,2026-08-11,47,2026-08-11 11:45:00,12,33_64,683.28,2026-09-19T06:34:53.854728+00:00,/root/rivermind-data/electricity_forecast_model2.5/data/96/authoritative/pmos_96_全量.csv
dayahead,2026-08-12,2026-08-12,57,2026-08-12 14:15:00,15,33_64,364.12,2026-09-19T06:34:53.854728+00:00,/root/rivermind-data/electricity_forecast_model2.5/data/96/authoritative/pmos_96_全量.csv
dayahead,2026-08-12,2026-08-12,55,2026-08-12 13:45:00,14,33_64,360.0,2026-09-19T06:34:53.854728+00:00,/root/rivermind-data/electricity_forecast_model2.5/data/96/authoritative/pmos_96_全量.csv
dayahead,2026-08-11,2026-08-11,39,2026-08-11 09:45:00,10,33_64,356.53,2026-09-19T06:34:53.854728+00:00,/root/rivermind-data/electricity_forecast_model2.5/data/96/authoritative/pmos_96_全量.csv
dayahead,2026-08-11,2026-08-11,43,2026-08-11 10:45:00,11,33_64,683.74,2026-09-19T06:34:53.854728+00:00,/root/rivermind-data/electricity_forecast_model2.5/data/96/authoritative/pmos_96_全量.csv
dayahead,2026-08-10,2026-08-10,2,2026-08-10 00:30:00,1,1_32,380.67,2026-09-19T06:34:53.854728+00:00,/root/rivermind-data/electricity_forecast_model2.5/data/96/authoritative/pmos_96_全量.csv
dayahead,2026-08-10,2026-08-10,81,2026-08-10 20:15:00,21,65_96,391.26,2026-09-19T06:34:53.854728+00:00,/root/rivermind-data/electricity_forecast_model2.5/data/96/authoritative/pmos_96_全量.csv
dayahead,2026-08-09,2026-08-09,55,2026-08-09 13:45:00,14,33_64,22.34,2026-09-19T06:34:53.854728+00:00,/root/rivermind-data/electricity_forecast_model2.5/data/96/authoritative/pmos_96_全量.csv
dayahead,2026-08-12,2026-08-12,70,2026-08-12 17:30:00,18,65_96,363.75,2026-09-19T06:34:53.854728+00:00,/root/rivermind-data/electricity_forecast_model2.5/data/96/authoritative/pmos_96_全量.csv
dayahead,2026-08-12,2026-08-12,69,2026-08-12 17:15:00,18,65_96,364.0,2026-09-19T06:34:53.854728+00:00,/root/rivermind-data/electricity_forecast_model2.5/data/96/authoritative/pmos_96_全量.csv
dayahead,2026-08-10,2026-08-10,49,2026-08-10 12:15:00,13,33_64,318.22,2026-09-19T06:34:53.854728+00:00,/root/rivermind-data/electricity_forecast_model2.5/data/96/authoritative/pmos_96_全量.csv
dayahead,2026-08-12,2026-08-12,65,2026-08-12 16:15:00,17,65_96,399.49,2026-09-19T06:34:53.854728+00:00,/root/rivermind-data/electricity_forecast_model2.5/data/96/authoritative/pmos_96_全量.csv
dayahead,2026-08-10,2026-08-10,1,2026-08-10 00:15:00,1,1_32,1300.0,2026-09-19T06:34:53.854728+00:00,/root/rivermind-data/electricity_forecast_model2.5/data/96/authoritative/pmos_96_全量.csv
dayahead,2026-08-08,2026-08-08,61,2026-08-08 15:15:00,16,33_64,150.17,2026-09-19T06:34:53.854728+00:00,/root/rivermind-data/electricity_forecast_model2.5/data/96/authoritative/pmos_96_全量.csv
dayahead,2026-08-10,2026-08-10,8,2026-08-10 02:00:00,2,1_32,381.67,2026-09-19T06:34:53.854728+00:00,/root/rivermind-data/electricity_forecast_model2.5/data/96/authoritative/pmos_96_全量.csv
dayahead,2026-08-11,2026-08-11,28,2026-08-11 07:00:00,7,1_32,351.25,2026-09-19T06:34:53.854728+00:00,/root/rivermind-data/electricity_forecast_model2.5/data/96/authoritative/pmos_96_全量.csv
dayahead,2026-08-10,2026-08-10,57,2026-08-10 14:15:00,15,33_64,679.82,2026-09-19T06:34:53.854728+00:00,/root/rivermind-data/electricity_forecast_model2.5/data/96/authoritative/pmos_96_全量.csv
dayahead,2026-08-10,2026-08-10,14,2026-08-10 03:30:00,4,1_32,367.0,2026-09-19T06:34:53.854728+00:00,/root/rivermind-data/electricity_forecast_model2.5/data/96/authoritative/pmos_96_全量.csv
dayahead,2026-08-09,2026-08-09,21,2026-08-09 05:15:00,6,1_32,362.5,2026-09-19T06:34:53.854728+00:00,/root/rivermind-data/electricity_forecast_model2.5/data/96/authoritative/pmos_96_全量.csv
dayahead,2026-08-10,2026-08-10,41,2026-08-10 10:15:00,11,33_64,316.67,2026-09-19T06:34:53.854728+00:00,/root/rivermind-data/electricity_forecast_model2.5/data/96/authoritative/pmos_96_全量.csv
dayahead,2026-08-10,2026-08-10,79,2026-08-10 19:45:00,20,65_96,570.92,2026-09-19T06:34:53.854728+00:00,/root/rivermind-data/electricity_forecast_model2.5/data/96/authoritative/pmos_96_全量.csv
dayahead,2026-08-10,2026-08-10,15,2026-08-10 03:45:00,4,1_32,366.0,2026-09-19T06:34:53.854728+00:00,/root/rivermind-data/electricity_forecast_model2.5/data/96/authoritative/pmos_96_全量.csv
dayahead,2026-08-10,2026-08-10,47,2026-08-10 11:45:00,12,33_64,321.16,2026-09-19T06:34:53.854728+00:00,/root/rivermind-data/electricity_forecast_model2.5/data/96/authoritative/pmos_96_全量.csv
dayahead,2026-08-10,2026-08-10,26,2026-08-10 06:30:00,7,1_32,353.07,2026-09-19T06:34:53.854728+00:00,/root/rivermind-data/electricity_forecast_model2.5/data/96/authoritative/pmos_96_全量.csv
dayahead,2026-08-10,2026-08-10,43,2026-08-10 10:45:00,11,33_64,317.7,2026-09-19T06:34:53.854728+00:00,/root/rivermind-data/electricity_forecast_model2.5/data/96/authoritative/pmos_96_全量.csv
dayahead,2026-08-11,2026-08-11,35,2026-08-11 08:45:00,9,33_64,356.0,2026-09-19T06:34:53.854728+00:00,/root/rivermind-data/electricity_forecast_model2.5/data/96/authoritative/pmos_96_全量.csv
dayahead,2026-08-10,2026-08-10,20,2026-08-10 05:00:00,5,1_32,365.5,2026-09-19T06:34:53.854728+00:00,/root/rivermind-data/electricity_forecast_model2.5/data/96/authoritative/pmos_96_全量.csv
dayahead,2026-08-10,2026-08-10,51,2026-08-10 12:45:00,13,33_64,322.64,2026-09-19T06:34:53.854728+00:00,/root/rivermind-data/electricity_forecast_model2.5/data/96/authoritative/pmos_96_全量.csv
dayahead,2026-08-10,2026-08-10,46,2026-08-10 11:30:00,12,33_64,319.16,2026-09-19T06:34:53.854728+00:00,/root/rivermind-data/electricity_forecast_model2.5/data/96/authoritative/pmos_96_全量.csv
dayahead,2026-08-11,2026-08-11,40,2026-08-11 10:00:00,10,33_64,356.0,2026-09-19T06:34:53.854728+00:00,/root/rivermind-data/electricity_forecast_model2.5/data/96/authoritative/pmos_96_全量.csv
dayahead,2026-08-09,2026-08-09,14,2026-08-09 03:30:00,4,1_32,363.0,2026-09-19T06:34:53.854728+00:00,/root/rivermind-data/electricity_forecast_model2.5/data/96/authoritative/pmos_96_全量.csv
dayahead,2026-08-10,2026-08-10,35,2026-08-10 08:45:00,9,33_64,325.75,2026-09-19T06:34:53.854728+00:00,/root/rivermind-data/electricity_forecast_model2.5/data/96/authoritative/pmos_96_全量.csv
dayahead,2026-08-11,2026-08-11,56,2026-08-11 14:00:00,14,33_64,687.65,2026-09-19T06:34:53.854728+00:00,/root/rivermind-data/electricity_forecast_model2.5/data/96/authoritative/pmos_96_全量.csv
dayahead,2026-07-21,2026-07-21,39,2026-07-21 09:45:00,10,33_64,-75.79,2026-09-19T06:34:53.854728+00:00,/root/rivermind-data/electricity_forecast_model2.5/data/96/authoritative/pmos_96_全量.csv
dayahead,2026-08-08,2026-08-08,32,2026-08-08 08:00:00,8,1_32,173.8,2026-09-19T06:34:53.854728+00:00,/root/rivermind-data/electricity_forecast_model2.5/data/96/authoritative/pmos_96_全量.csv
dayahead,2026-08-11,2026-08-11,66,2026-08-11 16:30:00,17,65_96,369.67,2026-09-19T06:34:53.854728+00:00,/root/rivermind-data/electricity_forecast_model2.5/data/96/authoritative/pmos_96_全量.csv
dayahead,2026-08-11,2026-08-11,59,2026-08-11 14:45:00,15,33_64,683.28,2026-09-19T06:34:53.854728+00:00,/root/rivermind-data/electricity_forecast_model2.5/data/96/authoritative/pmos_96_全量.csv
dayahead,2026-08-10,2026-08-10,4,2026-08-10 01:00:00,1,1_32,376.0,2026-09-19T06:34:53.854728+00:00,/root/rivermind-data/electricity_forecast_model2.5/data/96/authoritative/pmos_96_全量.csv
dayahead,2026-08-10,2026-08-10,76,2026-08-10 19:00:00,19,65_96,401.28,2026-09-19T06:34:53.854728+00:00,/root/rivermind-data/electricity_forecast_model2.5/data/96/authoritative/pmos_96_全量.csv
dayahead,2026-08-11,2026-08-11,92,2026-08-11 23:00:00,23,65_96,370.75,2026-09-19T06:34:53.854728+00:00,/root/rivermind-data/electricity_forecast_model2.5/data/96/authoritative/pmos_96_全量.csv
dayahead,2026-08-10,2026-08-10,78,2026-08-10 19:30:00,20,65_96,454.71,2026-09-19T06:34:53.854728+00:00,/root/rivermind-data/electricity_forecast_model2.5/data/96/authoritative/pmos_96_全量.csv
dayahead,2026-08-11,2026-08-11,29,2026-08-11 07:15:00,8,1_32,352.39,2026-09-19T06:34:53.854728+00:00,/root/rivermind-data/electricity_forecast_model2.5/data/96/authoritative/pmos_96_全量.csv
dayahead,2026-08-10,2026-08-10,16,2026-08-10 04:00:00,4,1_32,364.71,2026-09-19T06:34:53.854728+00:00,/root/rivermind-data/electricity_forecast_model2.5/data/96/authoritative/pmos_96_全量.csv
dayahead,2026-08-13,2026-08-13,67,2026-08-13 16:45:00,17,65_96,366.67,2026-09-19T06:34:53.854728+00:00,/root/rivermind-data/electricity_forecast_model2.5/data/96/authoritative/pmos_96_全量.csv
dayahead,2026-08-10,2026-08-10,12,2026-08-10 03:00:00,3,1_32,370.02,2026-09-19T06:34:53.854728+00:00,/root/rivermind-data/electricity_forecast_model2.5/data/96/authoritative/pmos_96_全量.csv
dayahead,2026-08-10,2026-08-10,5,2026-08-10 01:15:00,2,1_32,1500.0,2026-09-19T06:34:53.854728+00:00,/root/rivermind-data/electricity_forecast_model2.5/data/96/authoritative/pmos_96_全量.csv
dayahead,2026-08-10,2026-08-10,80,2026-08-10 20:00:00,20,65_96,382.48,2026-09-19T06:34:53.854728+00:00,/root/rivermind-data/electricity_forecast_model2.5/data/96/authoritative/pmos_96_全量.csv
dayahead,2026-08-10,2026-08-10,23,2026-08-10 05:45:00,6,1_32,365.69,2026-09-19T06:34:53.854728+00:00,/root/rivermind-data/electricity_forecast_model2.5/data/96/authoritative/pmos_96_全量.csv
dayahead,2026-08-12,2026-08-12,71,2026-08-12 17:45:00,18,65_96,364.0,2026-09-19T06:34:53.854728+00:00,/root/rivermind-data/electricity_forecast_model2.5/data/96/authoritative/pmos_96_全量.csv
dayahead,2026-07-22,2026-07-22,62,2026-07-22 15:30:00,16,33_64,376.26,2026-09-19T06:34:53.854728+00:00,/root/rivermind-data/electricity_forecast_model2.5/data/96/authoritative/pmos_96_全量.csv
dayahead,2026-08-10,2026-08-10,7,2026-08-10 01:45:00,2,1_32,387.75,2026-09-19T06:34:53.854728+00:00,/root/rivermind-data/electricity_forecast_model2.5/data/96/authoritative/pmos_96_全量.csv
dayahead,2026-08-13,2026-08-13,65,2026-08-13 16:15:00,17,65_96,634.82,2026-09-19T06:34:53.854728+00:00,/root/rivermind-data/electricity_forecast_model2.5/data/96/authoritative/pmos_96_全量.csv
dayahead,2026-08-13,2026-08-13,60,2026-08-13 15:00:00,15,33_64,667.2,2026-09-19T06:34:53.854728+00:00,/root/rivermind-data/electricity_forecast_model2.5/data/96/authoritative/pmos_96_全量.csv
dayahead,2026-08-12,2026-08-12,53,2026-08-12 13:15:00,14,33_64,357.0,2026-09-19T06:34:53.854728+00:00,/root/rivermind-data/electricity_forecast_model2.5/data/96/authoritative/pmos_96_全量.csv
dayahead,2026-08-10,2026-08-10,21,2026-08-10 05:15:00,6,1_32,369.0,2026-09-19T06:34:53.854728+00:00,/root/rivermind-data/electricity_forecast_model2.5/data/96/authoritative/pmos_96_全量.csv
dayahead,2026-08-11,2026-08-11,11,2026-08-11 02:45:00,3,1_32,368.6,2026-09-19T06:34:53.854728+00:00,/root/rivermind-data/electricity_forecast_model2.5/data/96/authoritative/pmos_96_全量.csv
dayahead,2026-08-11,2026-08-11,26,2026-08-11 06:30:00,7,1_32,351.67,2026-09-19T06:34:53.854728+00:00,/root/rivermind-data/electricity_forecast_model2.5/data/96/authoritative/pmos_96_全量.csv
dayahead,2026-08-11,2026-08-11,57,2026-08-11 14:15:00,15,33_64,686.71,2026-09-19T06:34:53.854728+00:00,/root/rivermind-data/electricity_forecast_model2.5/data/96/authoritative/pmos_96_全量.csv
dayahead,2026-08-12,2026-08-12,61,2026-08-12 15:15:00,16,33_64,683.33,2026-09-19T06:34:53.854728+00:00,/root/rivermind-data/electricity_forecast_model2.5/data/96/authoritative/pmos_96_全量.csv
dayahead,2026-08-11,2026-08-11,46,2026-08-11 11:30:00,12,33_64,686.71,2026-09-19T06:34:53.854728+00:00,/root/rivermind-data/electricity_forecast_model2.5/data/96/authoritative/pmos_96_全量.csv
dayahead,2026-08-10,2026-08-10,33,2026-08-10 08:15:00,9,33_64,336.37,2026-09-19T06:34:53.854728+00:00,/root/rivermind-data/electricity_forecast_model2.5/data/96/authoritative/pmos_96_全量.csv
dayahead,2026-08-12,2026-08-12,63,2026-08-12 15:45:00,16,33_64,709.31,2026-09-19T06:34:53.854728+00:00,/root/rivermind-data/electricity_forecast_model2.5/data/96/authoritative/pmos_96_全量.csv
dayahead,2026-08-03,2026-08-03,16,2026-08-03 04:00:00,4,1_32,502.24,2026-09-19T06:34:53.854728+00:00,/root/rivermind-data/electricity_forecast_model2.5/data/96/authoritative/pmos_96_全量.csv
dayahead,2026-08-11,2026-08-11,38,2026-08-11 09:30:00,10,33_64,356.65,2026-09-19T06:34:53.854728+00:00,/root/rivermind-data/electricity_forecast_model2.5/data/96/authoritative/pmos_96_全量.csv
dayahead,2026-08-11,2026-08-11,14,2026-08-11 03:30:00,4,1_32,362.46,2026-09-19T06:34:53.854728+00:00,/root/rivermind-data/electricity_forecast_model2.5/data/96/authoritative/pmos_96_全量.csv
dayahead,2026-08-12,2026-08-12,52,2026-08-12 13:00:00,13,33_64,355.07,2026-09-19T06:34:53.854728+00:00,/root/rivermind-data/electricity_forecast_model2.5/data/96/authoritative/pmos_96_全量.csv
dayahead,2026-08-11,2026-08-11,83,2026-08-11 20:45:00,21,65_96,371.0,2026-09-19T06:34:53.854728+00:00,/root/rivermind-data/electricity_forecast_model2.5/data/96/authoritative/pmos_96_全量.csv
dayahead,2026-08-12,2026-08-12,58,2026-08-12 14:30:00,15,33_64,366.0,2026-09-19T06:34:53.854728+00:00,/root/rivermind-data/electricity_forecast_model2.5/data/96/authoritative/pmos_96_全量.csv
dayahead,2026-08-11,2026-08-11,3,2026-08-11 00:45:00,1,1_32,372.13,2026-09-19T06:34:53.854728+00:00,/root/rivermind-data/electricity_forecast_model2.5/data/96/authoritative/pmos_96_全量.csv
dayahead,2026-08-11,2026-08-11,88,2026-08-11 22:00:00,22,65_96,372.0,2026-09-19T06:34:53.854728+00:00,/root/rivermind-data/electricity_forecast_model2.5/data/96/authoritative/pmos_96_全量.csv
dayahead,2026-08-11,2026-08-11,23,2026-08-11 05:45:00,6,1_32,357.61,2026-09-19T06:34:53.854728+00:00,/root/rivermind-data/electricity_forecast_model2.5/data/96/authoritative/pmos_96_全量.csv
dayahead,2026-08-10,2026-08-10,75,2026-08-10 18:45:00,19,65_96,380.0,2026-09-19T06:34:53.854728+00:00,/root/rivermind-data/electricity_forecast_model2.5/data/96/authoritative/pmos_96_全量.csv
dayahead,2026-08-10,2026-08-10,13,2026-08-10 03:15:00,4,1_32,368.5,2026-09-19T06:34:53.854728+00:00,/root/rivermind-data/electricity_forecast_model2.5/data/96/authoritative/pmos_96_全量.csv
dayahead,2026-08-11,2026-08-11,37,2026-08-11 09:15:00,10,33_64,356.65,2026-09-19T06:34:53.854728+00:00,/root/rivermind-data/electricity_forecast_model2.5/data/96/authoritative/pmos_96_全量.csv
dayahead,2026-08-11,2026-08-11,82,2026-08-11 20:30:00,21,65_96,372.0,2026-09-19T06:34:53.854728+00:00,/root/rivermind-data/electricity_forecast_model2.5/data/96/authoritative/pmos_96_全量.csv
dayahead,2026-08-11,2026-08-11,17,2026-08-11 04:15:00,5,1_32,358.19,2026-09-19T06:34:53.854728+00:00,/root/rivermind-data/electricity_forecast_model2.5/data/96/authoritative/pmos_96_全量.csv
dayahead,2026-08-11,2026-08-11,78,2026-08-11 19:30:00,20,65_96,372.33,2026-09-19T06:34:53.854728+00:00,/root/rivermind-data/electricity_forecast_model2.5/data/96/authoritative/pmos_96_全量.csv
dayahead,2026-08-10,2026-08-10,95,2026-08-10 23:45:00,24,65_96,372.0,2026-09-19T06:34:53.854728+00:00,/root/rivermind-data/electricity_forecast_model2.5/data/96/authoritative/pmos_96_全量.csv
dayahead,2026-08-11,2026-08-11,74,2026-08-11 18:30:00,19,65_96,367.49,2026-09-19T06:34:53.854728+00:00,/root/rivermind-data/electricity_forecast_model2.5/data/96/authoritative/pmos_96_全量.csv
dayahead,2026-08-10,2026-08-10,50,2026-08-10 12:30:00,13,33_64,318.75,2026-09-19T06:34:53.854728+00:00,/root/rivermind-data/electricity_forecast_model2.5/data/96/authoritative/pmos_96_全量.csv
dayahead,2026-08-08,2026-08-08,35,2026-08-08 08:45:00,9,33_64,30.5,2026-09-19T06:34:53.854728+00:00,/root/rivermind-data/electricity_forecast_model2.5/data/96/authoritative/pmos_96_全量.csv
dayahead,2026-08-11,2026-08-11,2,2026-08-11 00:30:00,1,1_32,376.54,2026-09-19T06:34:53.854728+00:00,/root/rivermind-data/electricity_forecast_model2.5/data/96/authoritative/pmos_96_全量.csv
dayahead,2026-08-03,2026-08-03,27,2026-08-03 06:45:00,7,1_32,418.97,2026-09-19T06:34:53.854728+00:00,/root/rivermind-data/electricity_forecast_model2.5/data/96/authoritative/pmos_96_全量.csv
dayahead,2026-08-09,2026-08-09,75,2026-08-09 18:45:00,19,65_96,405.14,2026-09-19T06:34:53.854728+00:00,/root/rivermind-data/electricity_forecast_model2.5/data/96/authoritative/pmos_96_全量.csv
dayahead,2026-08-09,2026-08-09,64,2026-08-09 16:00:00,16,33_64,352.93,2026-09-19T06:34:53.854728+00:00,/root/rivermind-data/electricity_forecast_model2.5/data/96/authoritative/pmos_96_全量.csv
dayahead,2026-08-09,2026-08-09,68,2026-08-09 17:00:00,17,65_96,366.71,2026-09-19T06:34:53.854728+00:00,/root/rivermind-data/electricity_forecast_model2.5/data/96/authoritative/pmos_96_全量.csv
dayahead,2026-08-08,2026-08-08,62,2026-08-08 15:30:00,16,33_64,259.4,2026-09-19T06:34:53.854728+00:00,/root/rivermind-data/electricity_forecast_model2.5/data/96/authoritative/pmos_96_全量.csv
dayahead,2026-08-09,2026-08-09,69,2026-08-09 17:15:00,18,65_96,368.4,2026-09-19T06:34:53.854728+00:00,/root/rivermind-data/electricity_forecast_model2.5/data/96/authoritative/pmos_96_全量.csv
dayahead,2026-08-09,2026-08-09,26,2026-08-09 06:30:00,7,1_32,345.11,2026-09-19T06:34:53.854728+00:00,/root/rivermind-data/electricity_forecast_model2.5/data/96/authoritative/pmos_96_全量.csv
dayahead,2026-08-08,2026-08-08,29,2026-08-08 07:15:00,8,1_32,332.19,2026-09-19T06:34:53.854728+00:00,/root/rivermind-data/electricity_forecast_model2.5/data/96/authoritative/pmos_96_全量.csv
dayahead,2026-08-09,2026-08-09,58,2026-08-09 14:30:00,15,33_64,267.91,2026-09-19T06:34:53.854728+00:00,/root/rivermind-data/electricity_forecast_model2.5/data/96/authoritative/pmos_96_全量.csv
dayahead,2026-08-09,2026-08-09,70,2026-08-09 17:30:00,18,65_96,395.78,2026-09-19T06:34:53.854728+00:00,/root/rivermind-data/electricity_forecast_model2.5/data/96/authoritative/pmos_96_全量.csv
dayahead,2026-08-11,2026-08-11,20,2026-08-11 05:00:00,5,1_32,358.0,2026-09-19T06:34:53.854728+00:00,/root/rivermind-data/electricity_forecast_model2.5/data/96/authoritative/pmos_96_全量.csv
dayahead,2026-08-08,2026-08-08,86,2026-08-08 21:30:00,22,65_96,400.7,2026-09-19T06:34:53.854728+00:00,/root/rivermind-data/electricity_forecast_model2.5/data/96/authoritative/pmos_96_全量.csv
dayahead,2026-08-11,2026-08-11,85,2026-08-11 21:15:00,22,65_96,368.33,2026-09-19T06:34:53.854728+00:00,/root/rivermind-data/electricity_forecast_model2.5/data/96/authoritative/pmos_96_全量.csv
dayahead,2026-08-08,2026-08-08,95,2026-08-08 23:45:00,24,65_96,387.0,2026-09-19T06:34:53.854728+00:00,/root/rivermind-data/electricity_forecast_model2.5/data/96/authoritative/pmos_96_全量.csv
dayahead,2026-08-09,2026-08-09,17,2026-08-09 04:15:00,5,1_32,360.36,2026-09-19T06:34:53.854728+00:00,/root/rivermind-data/electricity_forecast_model2.5/data/96/authoritative/pmos_96_全量.csv
dayahead,2026-08-08,2026-08-08,8,2026-08-08 02:00:00,2,1_32,362.0,2026-09-19T06:34:53.854728+00:00,/root/rivermind-data/electricity_forecast_model2.5/data/96/authoritative/pmos_96_全量.csv
dayahead,2026-08-11,2026-08-11,8,2026-08-11 02:00:00,2,1_32,376.0,2026-09-19T06:34:53.854728+00:00,/root/rivermind-data/electricity_forecast_model2.5/data/96/authoritative/pmos_96_全量.csv
dayahead,2026-08-09,2026-08-09,51,2026-08-09 12:45:00,13,33_64,17.75,2026-09-19T06:34:53.854728+00:00,/root/rivermind-data/electricity_forecast_model2.5/data/96/authoritative/pmos_96_全量.csv
dayahead,2026-08-12,2026-08-12,83,2026-08-12 20:45:00,21,65_96,359.25,2026-09-19T06:34:53.854728+00:00,/root/rivermind-data/electricity_forecast_model2.5/data/96/authoritative/pmos_96_全量.csv
dayahead,2026-08-09,2026-08-09,61,2026-08-09 15:15:00,16,33_64,341.17,2026-09-19T06:34:53.854728+00:00,/root/rivermind-data/electricity_forecast_model2.5/data/96/authoritative/pmos_96_全量.csv
dayahead,2026-08-03,2026-08-03,10,2026-08-03 02:30:00,3,1_32,534.79,2026-09-19T06:34:53.854728+00:00,/root/rivermind-data/electricity_forecast_model2.5/data/96/authoritative/pmos_96_全量.csv
dayahead,2026-08-08,2026-08-08,11,2026-08-08 02:45:00,3,1_32,358.01,2026-09-19T06:34:53.854728+00:00,/root/rivermind-data/electricity_forecast_model2.5/data/96/authoritative/pmos_96_全量.csv
dayahead,2026-08-09,2026-08-09,85,2026-08-09 21:15:00,22,65_96,405.14,2026-09-19T06:34:53.854728+00:00,/root/rivermind-data/electricity_forecast_model2.5/data/96/authoritative/pmos_96_全量.csv
dayahead,2026-08-11,2026-08-11,31,2026-08-11 07:45:00,8,1_32,352.0,2026-09-19T06:34:53.854728+00:00,/root/rivermind-data/electricity_forecast_model2.5/data/96/authoritative/pmos_96_全量.csv
dayahead,2026-08-10,2026-08-10,52,2026-08-10 13:00:00,13,33_64,329.22,2026-09-19T06:34:53.854728+00:00,/root/rivermind-data/electricity_forecast_model2.5/data/96/authoritative/pmos_96_全量.csv
dayahead,2026-08-12,2026-08-12,66,2026-08-12 16:30:00,17,65_96,370.89,2026-09-19T06:34:53.854728+00:00,/root/rivermind-data/electricity_forecast_model2.5/data/96/authoritative/pmos_96_全量.csv
dayahead,2026-08-08,2026-08-08,47,2026-08-08 11:45:00,12,33_64,-4.77,2026-09-19T06:34:53.854728+00:00,/root/rivermind-data/electricity_forecast_model2.5/data/96/authoritative/pmos_96_全量.csv
dayahead,2026-08-12,2026-08-12,67,2026-08-12 16:45:00,17,65_96,370.0,2026-09-19T06:34:53.854728+00:00,/root/rivermind-data/electricity_forecast_model2.5/data/96/authoritative/pmos_96_全量.csv
dayahead,2026-08-11,2026-08-11,76,2026-08-11 19:00:00,19,65_96,369.0,2026-09-19T06:34:53.854728+00:00,/root/rivermind-data/electricity_forecast_model2.5/data/96/authoritative/pmos_96_全量.csv
dayahead,2026-08-11,2026-08-11,32,2026-08-11 08:00:00,8,1_32,352.59,2026-09-19T06:34:53.854728+00:00,/root/rivermind-data/electricity_forecast_model2.5/data/96/authoritative/pmos_96_全量.csv
dayahead,2026-08-10,2026-08-10,28,2026-08-10 07:00:00,7,1_32,348.0,2026-09-19T06:34:53.854728+00:00,/root/rivermind-data/electricity_forecast_model2.5/data/96/authoritative/pmos_96_全量.csv
dayahead,2026-08-10,2026-08-10,45,2026-08-10 11:15:00,12,33_64,271.39,2026-09-19T06:34:53.854728+00:00,/root/rivermind-data/electricity_forecast_model2.5/data/96/authoritative/pmos_96_全量.csv
dayahead,2026-08-10,2026-08-10,27,2026-08-10 06:45:00,7,1_32,351.0,2026-09-19T06:34:53.854728+00:00,/root/rivermind-data/electricity_forecast_model2.5/data/96/authoritative/pmos_96_全量.csv
dayahead,2026-08-08,2026-08-08,14,2026-08-08 03:30:00,4,1_32,355.99,2026-09-19T06:34:53.854728+00:00,/root/rivermind-data/electricity_forecast_model2.5/data/96/authoritative/pmos_96_全量.csv
dayahead,2026-08-08,2026-08-08,4,2026-08-08 01:00:00,1,1_32,360.0,2026-09-19T06:34:53.854728+00:00,/root/rivermind-data/electricity_forecast_model2.5/data/96/authoritative/pmos_96_全量.csv
dayahead,2026-08-11,2026-08-11,13,2026-08-11 03:15:00,4,1_32,364.16,2026-09-19T06:34:53.854728+00:00,/root/rivermind-data/electricity_forecast_model2.5/data/96/authoritative/pmos_96_全量.csv
dayahead,2026-08-11,2026-08-11,24,2026-08-11 06:00:00,6,1_32,355.9,2026-09-19T06:34:53.854728+00:00,/root/rivermind-data/electricity_forecast_model2.5/data/96/authoritative/pmos_96_全量.csv
dayahead,2026-08-12,2026-08-12,60,2026-08-12 15:00:00,15,33_64,709.31,2026-09-19T06:34:53.854728+00:00,/root/rivermind-data/electricity_forecast_model2.5/data/96/authoritative/pmos_96_全量.csv
dayahead,2026-08-03,2026-08-03,80,2026-08-03 20:00:00,20,65_96,556.0,2026-09-19T06:34:53.854728+00:00,/root/rivermind-data/electricity_forecast_model2.5/data/96/authoritative/pmos_96_全量.csv
dayahead,2026-08-10,2026-08-10,37,2026-08-10 09:15:00,10,33_64,319.01,2026-09-19T06:34:53.854728+00:00,/root/rivermind-data/electricity_forecast_model2.5/data/96/authoritative/pmos_96_全量.csv
dayahead,2026-08-13,2026-08-13,17,2026-08-13 04:15:00,5,1_32,366.67,2026-09-19T06:34:53.854728+00:00,/root/rivermind-data/electricity_forecast_model2.5/data/96/authoritative/pmos_96_全量.csv
dayahead,2026-08-11,2026-08-11,42,2026-08-11 10:30:00,11,33_64,680.29,2026-09-19T06:34:53.854728+00:00,/root/rivermind-data/electricity_forecast_model2.5/data/96/authoritative/pmos_96_全量.csv
dayahead,2026-07-22,2026-07-22,80,2026-07-22 20:00:00,20,65_96,638.5,2026-09-19T06:34:53.854728+00:00,/root/rivermind-data/electricity_forecast_model2.5/data/96/authoritative/pmos_96_全量.csv
dayahead,2026-08-12,2026-08-12,51,2026-08-12 12:45:00,13,33_64,355.11,2026-09-19T06:34:53.854728+00:00,/root/rivermind-data/electricity_forecast_model2.5/data/96/authoritative/pmos_96_全量.csv
dayahead,2026-08-10,2026-08-10,22,2026-08-10 05:30:00,6,1_32,368.5,2026-09-19T06:34:53.854728+00:00,/root/rivermind-data/electricity_forecast_model2.5/data/96/authoritative/pmos_96_全量.csv
dayahead,2026-08-10,2026-08-10,87,2026-08-10 21:45:00,22,65_96,377.16,2026-09-19T06:34:53.854728+00:00,/root/rivermind-data/electricity_forecast_model2.5/data/96/authoritative/pmos_96_全量.csv
dayahead,2026-08-11,2026-08-11,79,2026-08-11 19:45:00,20,65_96,372.46,2026-09-19T06:34:53.854728+00:00,/root/rivermind-data/electricity_forecast_model2.5/data/96/authoritative/pmos_96_全量.csv
dayahead,2026-08-11,2026-08-11,77,2026-08-11 19:15:00,20,65_96,370.0,2026-09-19T06:34:53.854728+00:00,/root/rivermind-data/electricity_forecast_model2.5/data/96/authoritative/pmos_96_全量.csv
dayahead,2026-08-09,2026-08-09,82,2026-08-09 20:30:00,21,65_96,405.11,2026-09-19T06:34:53.854728+00:00,/root/rivermind-data/electricity_forecast_model2.5/data/96/authoritative/pmos_96_全量.csv
dayahead,2026-08-11,2026-08-11,50,2026-08-11 12:30:00,13,33_64,354.68,2026-09-19T06:34:53.854728+00:00,/root/rivermind-data/electricity_forecast_model2.5/data/96/authoritative/pmos_96_全量.csv
dayahead,2026-08-09,2026-08-09,60,2026-08-09 15:00:00,15,33_64,339.16,2026-09-19T06:34:53.854728+00:00,/root/rivermind-data/electricity_forecast_model2.5/data/96/authoritative/pmos_96_全量.csv
dayahead,2026-08-11,2026-08-11,64,2026-08-11 16:00:00,16,33_64,370.0,2026-09-19T06:34:53.854728+00:00,/root/rivermind-data/electricity_forecast_model2.5/data/96/authoritative/pmos_96_全量.csv
dayahead,2026-08-11,2026-08-11,6,2026-08-11 01:30:00,2,1_32,1500.0,2026-09-19T06:34:53.854728+00:00,/root/rivermind-data/electricity_forecast_model2.5/data/96/authoritative/pmos_96_全量.csv
dayahead,2026-08-11,2026-08-11,1,2026-08-11 00:15:00,1,1_32,385.33,2026-09-19T06:34:53.854728+00:00,/root/rivermind-data/electricity_forecast_model2.5/data/96/authoritative/pmos_96_全量.csv
dayahead,2026-08-09,2026-08-09,84,2026-08-09 21:00:00,21,65_96,405.12,2026-09-19T06:34:53.854728+00:00,/root/rivermind-data/electricity_forecast_model2.5/data/96/authoritative/pmos_96_全量.csv
dayahead,2026-08-09,2026-08-09,11,2026-08-09 02:45:00,3,1_32,367.0,2026-09-19T06:34:53.854728+00:00,/root/rivermind-data/electricity_forecast_model2.5/data/96/authoritative/pmos_96_全量.csv
dayahead,2026-08-11,2026-08-11,10,2026-08-11 02:30:00,3,1_32,371.0,2026-09-19T06:34:53.854728+00:00,/root/rivermind-data/electricity_forecast_model2.5/data/96/authoritative/pmos_96_全量.csv
dayahead,2026-08-11,2026-08-11,89,2026-08-11 22:15:00,23,65_96,372.5,2026-09-19T06:34:53.854728+00:00,/root/rivermind-data/electricity_forecast_model2.5/data/96/authoritative/pmos_96_全量.csv
dayahead,2026-08-10,2026-08-10,32,2026-08-10 08:00:00,8,1_32,337.84,2026-09-19T06:34:53.854728+00:00,/root/rivermind-data/electricity_forecast_model2.5/data/96/authoritative/pmos_96_全量.csv
dayahead,2026-08-11,2026-08-11,18,2026-08-11 04:30:00,5,1_32,357.44,2026-09-19T06:34:53.854728+00:00,/root/rivermind-data/electricity_forecast_model2.5/data/96/authoritative/pmos_96_全量.csv
dayahead,2026-08-12,2026-08-12,25,2026-08-12 06:15:00,7,1_32,355.0,2026-09-19T06:34:53.854728+00:00,/root/rivermind-data/electricity_forecast_model2.5/data/96/authoritative/pmos_96_全量.csv
dayahead,2026-08-11,2026-08-11,16,2026-08-11 04:00:00,4,1_32,359.0,2026-09-19T06:34:53.854728+00:00,/root/rivermind-data/electricity_forecast_model2.5/data/96/authoritative/pmos_96_全量.csv
dayahead,2026-08-11,2026-08-11,45,2026-08-11 11:15:00,12,33_64,813.44,2026-09-19T06:34:53.854728+00:00,/root/rivermind-data/electricity_forecast_model2.5/data/96/authoritative/pmos_96_全量.csv
dayahead,2026-08-05,2026-08-05,80,2026-08-05 20:00:00,20,65_96,1500.0,2026-09-19T06:34:53.854728+00:00,/root/rivermind-data/electricity_forecast_model2.5/data/96/authoritative/pmos_96_全量.csv
dayahead,2026-08-11,2026-08-11,9,2026-08-11 02:15:00,3,1_32,373.25,2026-09-19T06:34:53.854728+00:00,/root/rivermind-data/electricity_forecast_model2.5/data/96/authoritative/pmos_96_全量.csv
dayahead,2026-08-09,2026-08-09,66,2026-08-09 16:30:00,17,65_96,361.15,2026-09-19T06:34:53.854728+00:00,/root/rivermind-data/electricity_forecast_model2.5/data/96/authoritative/pmos_96_全量.csv
dayahead,2026-08-11,2026-08-11,95,2026-08-11 23:45:00,24,65_96,372.0,2026-09-19T06:34:53.854728+00:00,/root/rivermind-data/electricity_forecast_model2.5/data/96/authoritative/pmos_96_全量.csv
dayahead,2026-08-10,2026-08-10,38,2026-08-10 09:30:00,10,33_64,316.73,2026-09-19T06:34:53.854728+00:00,/root/rivermind-data/electricity_forecast_model2.5/data/96/authoritative/pmos_96_全量.csv
dayahead,2026-07-21,2026-07-21,82,2026-07-21 20:30:00,21,65_96,475.63,2026-09-19T06:34:53.854728+00:00,/root/rivermind-data/electricity_forecast_model2.5/data/96/authoritative/pmos_96_全量.csv
dayahead,2026-08-13,2026-08-13,78,2026-08-13 19:30:00,20,65_96,377.0,2026-09-19T06:34:53.854728+00:00,/root/rivermind-data/electricity_forecast_model2.5/data/96/authoritative/pmos_96_全量.csv
dayahead,2026-07-21,2026-07-21,79,2026-07-21 19:45:00,20,65_96,475.63,2026-09-19T06:34:53.854728+00:00,/root/rivermind-data/electricity_forecast_model2.5/data/96/authoritative/pmos_96_全量.csv
dayahead,2026-07-21,2026-07-21,7,2026-07-21 01:45:00,2,1_32,1500.0,2026-09-19T06:34:53.854728+00:00,/root/rivermind-data/electricity_forecast_model2.5/data/96/authoritative/pmos_96_全量.csv
dayahead,2026-07-21,2026-07-21,75,2026-07-21 18:45:00,19,65_96,475.0,2026-09-19T06:34:53.854728+00:00,/root/rivermind-data/electricity_forecast_model2.5/data/96/authoritative/pmos_96_全量.csv
dayahead,2026-07-21,2026-07-21,88,2026-07-21 22:00:00,22,65_96,475.63,2026-09-19T06:34:53.854728+00:00,/root/rivermind-data/electricity_forecast_model2.5/data/96/authoritative/pmos_96_全量.csv
dayahead,2026-07-20,2026-07-20,90,2026-07-20 22:30:00,23,65_96,1500.0,2026-09-19T06:34:53.854728+00:00,/root/rivermind-data/electricity_forecast_model2.5/data/96/authoritative/pmos_96_全量.csv
dayahead,2026-07-21,2026-07-21,83,2026-07-21 20:45:00,21,65_96,475.63,2026-09-19T06:34:53.854728+00:00,/root/rivermind-data/electricity_forecast_model2.5/data/96/authoritative/pmos_96_全量.csv
dayahead,2026-07-23,2026-07-23,45,2026-07-23 11:15:00,12,33_64,79.16,2026-09-19T06:34:53.854728+00:00,/root/rivermind-data/electricity_forecast_model2.5/data/96/authoritative/pmos_96_全量.csv
dayahead,2026-07-21,2026-07-21,84,2026-07-21 21:00:00,21,65_96,475.63,2026-09-19T06:34:53.854728+00:00,/root/rivermind-data/electricity_forecast_model2.5/data/96/authoritative/pmos_96_全量.csv
dayahead,2026-07-22,2026-07-22,82,2026-07-22 20:30:00,21,65_96,638.5,2026-09-19T06:34:53.854728+00:00,/root/rivermind-data/electricity_forecast_model2.5/data/96/authoritative/pmos_96_全量.csv
dayahead,2026-07-29,2026-07-29,72,2026-07-29 18:00:00,18,65_96,472.0,2026-09-19T06:34:53.854728+00:00,/root/rivermind-data/electricity_forecast_model2.5/data/96/authoritative/pmos_96_全量.csv
dayahead,2026-07-22,2026-07-22,46,2026-07-22 11:30:00,12,33_64,187.53,2026-09-19T06:34:53.854728+00:00,/root/rivermind-data/electricity_forecast_model2.5/data/96/authoritative/pmos_96_全量.csv
dayahead,2026-07-23,2026-07-23,35,2026-07-23 08:45:00,9,33_64,218.0,2026-09-19T06:34:53.854728+00:00,/root/rivermind-data/electricity_forecast_model2.5/data/96/authoritative/pmos_96_全量.csv
dayahead,2026-07-23,2026-07-23,34,2026-07-23 08:30:00,9,33_64,283.76,2026-09-19T06:34:53.854728+00:00,/root/rivermind-data/electricity_forecast_model2.5/data/96/authoritative/pmos_96_全量.csv
dayahead,2026-07-21,2026-07-21,89,2026-07-21 22:15:00,23,65_96,475.63,2026-09-19T06:34:53.854728+00:00,/root/rivermind-data/electricity_forecast_model2.5/data/96/authoritative/pmos_96_全量.csv
dayahead,2026-07-21,2026-07-21,14,2026-07-21 03:30:00,4,1_32,458.0,2026-09-19T06:34:53.854728+00:00,/root/rivermind-data/electricity_forecast_model2.5/data/96/authoritative/pmos_96_全量.csv
dayahead,2026-07-21,2026-07-21,71,2026-07-21 17:45:00,18,65_96,461.44,2026-09-19T06:34:53.854728+00:00,/root/rivermind-data/electricity_forecast_model2.5/data/96/authoritative/pmos_96_全量.csv
dayahead,2026-07-21,2026-07-21,80,2026-07-21 20:00:00,20,65_96,475.63,2026-09-19T06:34:53.854728+00:00,/root/rivermind-data/electricity_forecast_model2.5/data/96/authoritative/pmos_96_全量.csv
dayahead,2026-07-19,2026-07-19,90,2026-07-19 22:30:00,23,65_96,396.77,2026-09-19T06:34:53.854728+00:00,/root/rivermind-data/electricity_forecast_model2.5/data/96/authoritative/pmos_96_全量.csv
dayahead,2026-07-21,2026-07-21,91,2026-07-21 22:45:00,23,65_96,475.63,2026-09-19T06:34:53.854728+00:00,/root/rivermind-data/electricity_forecast_model2.5/data/96/authoritative/pmos_96_全量.csv
dayahead,2026-07-23,2026-07-23,25,2026-07-23 06:15:00,7,1_32,393.0,2026-09-19T06:34:53.854728+00:00,/root/rivermind-data/electricity_forecast_model2.5/data/96/authoritative/pmos_96_全量.csv
dayahead,2026-07-21,2026-07-21,78,2026-07-21 19:30:00,20,65_96,475.63,2026-09-19T06:34:53.854728+00:00,/root/rivermind-data/electricity_forecast_model2.5/data/96/authoritative/pmos_96_全量.csv
dayahead,2026-08-08,2026-08-08,50,2026-08-08 12:30:00,13,33_64,-6.02,2026-09-19T06:34:53.854728+00:00,/root/rivermind-data/electricity_forecast_model2.5/data/96/authoritative/pmos_96_全量.csv
dayahead,2026-07-21,2026-07-21,48,2026-07-21 12:00:00,12,33_64,-76.04,2026-09-19T06:34:53.854728+00:00,/root/rivermind-data/electricity_forecast_model2.5/data/96/authoritative/pmos_96_全量.csv
dayahead,2026-07-23,2026-07-23,24,2026-07-23 06:00:00,6,1_32,408.0,2026-09-19T06:34:53.854728+00:00,/root/rivermind-data/electricity_forecast_model2.5/data/96/authoritative/pmos_96_全量.csv
dayahead,2026-07-21,2026-07-21,8,2026-07-21 02:00:00,2,1_32,442.0,2026-09-19T06:34:53.854728+00:00,/root/rivermind-data/electricity_forecast_model2.5/data/96/authoritative/pmos_96_全量.csv
dayahead,2026-07-21,2026-07-21,10,2026-07-21 02:30:00,3,1_32,420.0,2026-09-19T06:34:53.854728+00:00,/root/rivermind-data/electricity_forecast_model2.5/data/96/authoritative/pmos_96_全量.csv
dayahead,2026-07-21,2026-07-21,87,2026-07-21 21:45:00,22,65_96,475.63,2026-09-19T06:34:53.854728+00:00,/root/rivermind-data/electricity_forecast_model2.5/data/96/authoritative/pmos_96_全量.csv
dayahead,2026-07-21,2026-07-21,17,2026-07-21 04:15:00,5,1_32,462.0,2026-09-19T06:34:53.854728+00:00,/root/rivermind-data/electricity_forecast_model2.5/data/96/authoritative/pmos_96_全量.csv
dayahead,2026-07-21,2026-07-21,90,2026-07-21 22:30:00,23,65_96,475.63,2026-09-19T06:34:53.854728+00:00,/root/rivermind-data/electricity_forecast_model2.5/data/96/authoritative/pmos_96_全量.csv
dayahead,2026-07-20,2026-07-20,36,2026-07-20 09:00:00,9,33_64,-79.95,2026-09-19T06:34:53.854728+00:00,/root/rivermind-data/electricity_forecast_model2.5/data/96/authoritative/pmos_96_全量.csv
dayahead,2026-07-21,2026-07-21,77,2026-07-21 19:15:00,20,65_96,475.63,2026-09-19T06:34:53.854728+00:00,/root/rivermind-data/electricity_forecast_model2.5/data/96/authoritative/pmos_96_全量.csv
dayahead,2026-07-20,2026-07-20,46,2026-07-20 11:30:00,12,33_64,-81.58,2026-09-19T06:34:53.854728+00:00,/root/rivermind-data/electricity_forecast_model2.5/data/96/authoritative/pmos_96_全量.csv
dayahead,2026-07-21,2026-07-21,20,2026-07-21 05:00:00,5,1_32,485.0,2026-09-19T06:34:53.854728+00:00,/root/rivermind-data/electricity_forecast_model2.5/data/96/authoritative/pmos_96_全量.csv
dayahead,2026-07-21,2026-07-21,13,2026-07-21 03:15:00,4,1_32,459.0,2026-09-19T06:34:53.854728+00:00,/root/rivermind-data/electricity_forecast_model2.5/data/96/authoritative/pmos_96_全量.csv
dayahead,2026-07-24,2026-07-24,63,2026-07-24 15:45:00,16,33_64,384.0,2026-09-19T06:34:53.854728+00:00,/root/rivermind-data/electricity_forecast_model2.5/data/96/authoritative/pmos_96_全量.csv
dayahead,2026-07-21,2026-07-21,15,2026-07-21 03:45:00,4,1_32,457.0,2026-09-19T06:34:53.854728+00:00,/root/rivermind-data/electricity_forecast_model2.5/data/96/authoritative/pmos_96_全量.csv
dayahead,2026-07-21,2026-07-21,61,2026-07-21 15:15:00,16,33_64,-71.84,2026-09-19T06:34:53.854728+00:00,/root/rivermind-data/electricity_forecast_model2.5/data/96/authoritative/pmos_96_全量.csv
dayahead,2026-07-21,2026-07-21,16,2026-07-21 04:00:00,4,1_32,459.0,2026-09-19T06:34:53.854728+00:00,/root/rivermind-data/electricity_forecast_model2.5/data/96/authoritative/pmos_96_全量.csv
dayahead,2026-08-02,2026-08-02,77,2026-08-02 19:15:00,20,65_96,604.0,2026-09-19T06:34:53.854728+00:00,/root/rivermind-data/electricity_forecast_model2.5/data/96/authoritative/pmos_96_全量.csv
dayahead,2026-07-31,2026-07-31,1,2026-07-31 00:15:00,1,1_32,416.0,2026-09-19T06:34:53.854728+00:00,/root/rivermind-data/electricity_forecast_model2.5/data/96/authoritative/pmos_96_全量.csv
dayahead,2026-07-21,2026-07-21,58,2026-07-21 14:30:00,15,33_64,-74.15,2026-09-19T06:34:53.854728+00:00,/root/rivermind-data/electricity_forecast_model2.5/data/96/authoritative/pmos_96_全量.csv
dayahead,2026-07-19,2026-07-19,64,2026-07-19 16:00:00,16,33_64,317.6,2026-09-19T06:34:53.854728+00:00,/root/rivermind-data/electricity_forecast_model2.5/data/96/authoritative/pmos_96_全量.csv
dayahead,2026-07-23,2026-07-23,13,2026-07-23 03:15:00,4,1_32,422.0,2026-09-19T06:34:53.854728+00:00,/root/rivermind-data/electricity_forecast_model2.5/data/96/authoritative/pmos_96_全量.csv
dayahead,2026-07-21,2026-07-21,12,2026-07-21 03:00:00,3,1_32,445.16,2026-09-19T06:34:53.854728+00:00,/root/rivermind-data/electricity_forecast_model2.5/data/96/authoritative/pmos_96_全量.csv
dayahead,2026-07-23,2026-07-23,8,2026-07-23 02:00:00,2,1_32,441.67,2026-09-19T06:34:53.854728+00:00,/root/rivermind-data/electricity_forecast_model2.5/data/96/authoritative/pmos_96_全量.csv
dayahead,2026-07-21,2026-07-21,74,2026-07-21 18:30:00,19,65_96,475.63,2026-09-19T06:34:53.854728+00:00,/root/rivermind-data/electricity_forecast_model2.5/data/96/authoritative/pmos_96_全量.csv
dayahead,2026-07-19,2026-07-19,16,2026-07-19 04:00:00,4,1_32,462.0,2026-09-19T06:34:53.854728+00:00,/root/rivermind-data/electricity_forecast_model2.5/data/96/authoritative/pmos_96_全量.csv
dayahead,2026-07-24,2026-07-24,93,2026-07-24 23:15:00,24,65_96,479.3,2026-09-19T06:34:53.854728+00:00,/root/rivermind-data/electricity_forecast_model2.5/data/96/authoritative/pmos_96_全量.csv
dayahead,2026-07-23,2026-07-23,38,2026-07-23 09:30:00,10,33_64,79.94,2026-09-19T06:34:53.854728+00:00,/root/rivermind-data/electricity_forecast_model2.5/data/96/authoritative/pmos_96_全量.csv
dayahead,2026-07-24,2026-07-24,70,2026-07-24 17:30:00,18,65_96,443.0,2026-09-19T06:34:53.854728+00:00,/root/rivermind-data/electricity_forecast_model2.5/data/96/authoritative/pmos_96_全量.csv
dayahead,2026-07-19,2026-07-19,63,2026-07-19 15:45:00,16,33_64,302.0,2026-09-19T06:34:53.854728+00:00,/root/rivermind-data/electricity_forecast_model2.5/data/96/authoritative/pmos_96_全量.csv
dayahead,2026-07-23,2026-07-23,3,2026-07-23 00:45:00,1,1_32,437.0,2026-09-19T06:34:53.854728+00:00,/root/rivermind-data/electricity_forecast_model2.5/data/96/authoritative/pmos_96_全量.csv
dayahead,2026-07-23,2026-07-23,36,2026-07-23 09:00:00,9,33_64,81.63,2026-09-19T06:34:53.854728+00:00,/root/rivermind-data/electricity_forecast_model2.5/data/96/authoritative/pmos_96_全量.csv
dayahead,2026-07-23,2026-07-23,1,2026-07-23 00:15:00,1,1_32,447.5,2026-09-19T06:34:53.854728+00:00,/root/rivermind-data/electricity_forecast_model2.5/data/96/authoritative/pmos_96_全量.csv
dayahead,2026-07-23,2026-07-23,6,2026-07-23 01:30:00,2,1_32,696.1,2026-09-19T06:34:53.854728+00:00,/root/rivermind-data/electricity_forecast_model2.5/data/96/authoritative/pmos_96_全量.csv
dayahead,2026-07-23,2026-07-23,27,2026-07-23 06:45:00,7,1_32,374.0,2026-09-19T06:34:53.854728+00:00,/root/rivermind-data/electricity_forecast_model2.5/data/96/authoritative/pmos_96_全量.csv
dayahead,2026-07-24,2026-07-24,73,2026-07-24 18:15:00,19,65_96,460.18,2026-09-19T06:34:53.854728+00:00,/root/rivermind-data/electricity_forecast_model2.5/data/96/authoritative/pmos_96_全量.csv
dayahead,2026-07-23,2026-07-23,47,2026-07-23 11:45:00,12,33_64,79.11,2026-09-19T06:34:53.854728+00:00,/root/rivermind-data/electricity_forecast_model2.5/data/96/authoritative/pmos_96_全量.csv
dayahead,2026-07-21,2026-07-21,73,2026-07-21 18:15:00,19,65_96,475.63,2026-09-19T06:34:53.854728+00:00,/root/rivermind-data/electricity_forecast_model2.5/data/96/authoritative/pmos_96_全量.csv
dayahead,2026-07-23,2026-07-23,10,2026-07-23 02:30:00,3,1_32,431.0,2026-09-19T06:34:53.854728+00:00,/root/rivermind-data/electricity_forecast_model2.5/data/96/authoritative/pmos_96_全量.csv
dayahead,2026-07-23,2026-07-23,42,2026-07-23 10:30:00,11,33_64,79.9,2026-09-19T06:34:53.854728+00:00,/root/rivermind-data/electricity_forecast_model2.5/data/96/authoritative/pmos_96_全量.csv
dayahead,2026-07-23,2026-07-23,23,2026-07-23 05:45:00,6,1_32,420.0,2026-09-19T06:34:53.854728+00:00,/root/rivermind-data/electricity_forecast_model2.5/data/96/authoritative/pmos_96_全量.csv
dayahead,2026-07-23,2026-07-23,7,2026-07-23 01:45:00,2,1_32,450.0,2026-09-19T06:34:53.854728+00:00,/root/rivermind-data/electricity_forecast_model2.5/data/96/authoritative/pmos_96_全量.csv
dayahead,2026-08-13,2026-08-13,21,2026-08-13 05:15:00,6,1_32,368.0,2026-09-19T06:34:53.854728+00:00,/root/rivermind-data/electricity_forecast_model2.5/data/96/authoritative/pmos_96_全量.csv
dayahead,2026-07-23,2026-07-23,43,2026-07-23 10:45:00,11,33_64,79.18,2026-09-19T06:34:53.854728+00:00,/root/rivermind-data/electricity_forecast_model2.5/data/96/authoritative/pmos_96_全量.csv
dayahead,2026-08-03,2026-08-03,50,2026-08-03 12:30:00,13,33_64,409.13,2026-09-19T06:34:53.854728+00:00,/root/rivermind-data/electricity_forecast_model2.5/data/96/authoritative/pmos_96_全量.csv
dayahead,2026-07-23,2026-07-23,15,2026-07-23 03:45:00,4,1_32,418.4,2026-09-19T06:34:53.854728+00:00,/root/rivermind-data/electricity_forecast_model2.5/data/96/authoritative/pmos_96_全量.csv
dayahead,2026-08-03,2026-08-03,87,2026-08-03 21:45:00,22,65_96,1500.0,2026-09-19T06:34:53.854728+00:00,/root/rivermind-data/electricity_forecast_model2.5/data/96/authoritative/pmos_96_全量.csv
dayahead,2026-07-23,2026-07-23,33,2026-07-23 08:15:00,9,33_64,310.0,2026-09-19T06:34:53.854728+00:00,/root/rivermind-data/electricity_forecast_model2.5/data/96/authoritative/pmos_96_全量.csv
dayahead,2026-07-22,2026-07-22,53,2026-07-22 13:15:00,14,33_64,187.63,2026-09-19T06:34:53.854728+00:00,/root/rivermind-data/electricity_forecast_model2.5/data/96/authoritative/pmos_96_全量.csv
dayahead,2026-08-03,2026-08-03,83,2026-08-03 20:45:00,21,65_96,1500.0,2026-09-19T06:34:53.854728+00:00,/root/rivermind-data/electricity_forecast_model2.5/data/96/authoritative/pmos_96_全量.csv
dayahead,2026-07-23,2026-07-23,21,2026-07-23 05:15:00,6,1_32,432.0,2026-09-19T06:34:53.854728+00:00,/root/rivermind-data/electricity_forecast_model2.5/data/96/authoritative/pmos_96_全量.csv
dayahead,2026-07-23,2026-07-23,31,2026-07-23 07:45:00,8,1_32,333.92,2026-09-19T06:34:53.854728+00:00,/root/rivermind-data/electricity_forecast_model2.5/data/96/authoritative/pmos_96_全量.csv
dayahead,2026-07-20,2026-07-20,53,2026-07-20 13:15:00,14,33_64,-80.41,2026-09-19T06:34:53.854728+00:00,/root/rivermind-data/electricity_forecast_model2.5/data/96/authoritative/pmos_96_全量.csv
dayahead,2026-07-23,2026-07-23,28,2026-07-23 07:00:00,7,1_32,362.5,2026-09-19T06:34:53.854728+00:00,/root/rivermind-data/electricity_forecast_model2.5/data/96/authoritative/pmos_96_全量.csv
dayahead,2026-07-28,2026-07-28,95,2026-07-28 23:45:00,24,65_96,457.0,2026-09-19T06:34:53.854728+00:00,/root/rivermind-data/electricity_forecast_model2.5/data/96/authoritative/pmos_96_全量.csv
dayahead,2026-07-23,2026-07-23,4,2026-07-23 01:00:00,1,1_32,434.0,2026-09-19T06:34:53.854728+00:00,/root/rivermind-data/electricity_forecast_model2.5/data/96/authoritative/pmos_96_全量.csv
dayahead,2026-07-20,2026-07-20,34,2026-07-20 08:30:00,9,33_64,-79.9,2026-09-19T06:34:53.854728+00:00,/root/rivermind-data/electricity_forecast_model2.5/data/96/authoritative/pmos_96_全量.csv
dayahead,2026-07-19,2026-07-19,59,2026-07-19 14:45:00,15,33_64,-54.04,2026-09-19T06:34:53.854728+00:00,/root/rivermind-data/electricity_forecast_model2.5/data/96/authoritative/pmos_96_全量.csv
dayahead,2026-07-18,2026-07-18,82,2026-07-18 20:30:00,21,65_96,504.54,2026-09-19T06:34:53.854728+00:00,/root/rivermind-data/electricity_forecast_model2.5/data/96/authoritative/pmos_96_全量.csv
dayahead,2026-07-17,2026-07-17,73,2026-07-17 18:15:00,19,65_96,371.91,2026-09-19T06:34:53.854728+00:00,/root/rivermind-data/electricity_forecast_model2.5/data/96/authoritative/pmos_96_全量.csv
dayahead,2026-07-23,2026-07-23,9,2026-07-23 02:15:00,3,1_32,432.0,2026-09-19T06:34:53.854728+00:00,/root/rivermind-data/electricity_forecast_model2.5/data/96/authoritative/pmos_96_全量.csv
dayahead,2026-08-02,2026-08-02,68,2026-08-02 17:00:00,17,65_96,437.78,2026-09-19T06:34:53.854728+00:00,/root/rivermind-data/electricity_forecast_model2.5/data/96/authoritative/pmos_96_全量.csv
dayahead,2026-07-21,2026-07-21,49,2026-07-21 12:15:00,13,33_64,-75.92,2026-09-19T06:34:53.854728+00:00,/root/rivermind-data/electricity_forecast_model2.5/data/96/authoritative/pmos_96_全量.csv
dayahead,2026-07-24,2026-07-24,87,2026-07-24 21:45:00,22,65_96,479.3,2026-09-19T06:34:53.854728+00:00,/root/rivermind-data/electricity_forecast_model2.5/data/96/authoritative/pmos_96_全量.csv
dayahead,2026-08-08,2026-08-08,9,2026-08-08 02:15:00,3,1_32,359.0,2026-09-19T06:34:53.854728+00:00,/root/rivermind-data/electricity_forecast_model2.5/data/96/authoritative/pmos_96_全量.csv
dayahead,2026-08-11,2026-08-11,60,2026-08-11 15:00:00,15,33_64,686.71,2026-09-19T06:34:53.854728+00:00,/root/rivermind-data/electricity_forecast_model2.5/data/96/authoritative/pmos_96_全量.csv
dayahead,2026-08-10,2026-08-10,36,2026-08-10 09:00:00,9,33_64,320.74,2026-09-19T06:34:53.854728+00:00,/root/rivermind-data/electricity_forecast_model2.5/data/96/authoritative/pmos_96_全量.csv
dayahead,2026-07-21,2026-07-21,45,2026-07-21 11:15:00,12,33_64,-75.99,2026-09-19T06:34:53.854728+00:00,/root/rivermind-data/electricity_forecast_model2.5/data/96/authoritative/pmos_96_全量.csv
dayahead,2026-08-11,2026-08-11,55,2026-08-11 13:45:00,14,33_64,639.51,2026-09-19T06:34:53.854728+00:00,/root/rivermind-data/electricity_forecast_model2.5/data/96/authoritative/pmos_96_全量.csv
dayahead,2026-08-10,2026-08-10,40,2026-08-10 10:00:00,10,33_64,314.37,2026-09-19T06:34:53.854728+00:00,/root/rivermind-data/electricity_forecast_model2.5/data/96/authoritative/pmos_96_全量.csv
dayahead,2026-08-11,2026-08-11,53,2026-08-11 13:15:00,14,33_64,398.89,2026-09-19T06:34:53.854728+00:00,/root/rivermind-data/electricity_forecast_model2.5/data/96/authoritative/pmos_96_全量.csv
dayahead,2026-08-11,2026-08-11,71,2026-08-11 17:45:00,18,65_96,366.67,2026-09-19T06:34:53.854728+00:00,/root/rivermind-data/electricity_forecast_model2.5/data/96/authoritative/pmos_96_全量.csv
dayahead,2026-08-11,2026-08-11,54,2026-08-11 13:30:00,14,33_64,398.82,2026-09-19T06:34:53.854728+00:00,/root/rivermind-data/electricity_forecast_model2.5/data/96/authoritative/pmos_96_全量.csv
dayahead,2026-07-21,2026-07-21,44,2026-07-21 11:00:00,11,33_64,-76.02,2026-09-19T06:34:53.854728+00:00,/root/rivermind-data/electricity_forecast_model2.5/data/96/authoritative/pmos_96_全量.csv
dayahead,2026-08-13,2026-08-13,85,2026-08-13 21:15:00,22,65_96,371.0,2026-09-19T06:34:53.854728+00:00,/root/rivermind-data/electricity_forecast_model2.5/data/96/authoritative/pmos_96_全量.csv
dayahead,2026-08-01,2026-08-01,27,2026-08-01 06:45:00,7,1_32,348.28,2026-09-19T06:34:53.854728+00:00,/root/rivermind-data/electricity_forecast_model2.5/data/96/authoritative/pmos_96_全量.csv
dayahead,2026-08-11,2026-08-11,62,2026-08-11 15:30:00,16,33_64,683.28,2026-09-19T06:34:53.854728+00:00,/root/rivermind-data/electricity_forecast_model2.5/data/96/authoritative/pmos_96_全量.csv
dayahead,2026-07-31,2026-07-31,17,2026-07-31 04:15:00,5,1_32,382.0,2026-09-19T06:34:53.854728+00:00,/root/rivermind-data/electricity_forecast_model2.5/data/96/authoritative/pmos_96_全量.csv
dayahead,2026-08-12,2026-08-12,31,2026-08-12 07:45:00,8,1_32,356.88,2026-09-19T06:34:53.854728+00:00,/root/rivermind-data/electricity_forecast_model2.5/data/96/authoritative/pmos_96_全量.csv
dayahead,2026-08-10,2026-08-10,19,2026-08-10 04:45:00,5,1_32,365.5,2026-09-19T06:34:53.854728+00:00,/root/rivermind-data/electricity_forecast_model2.5/data/96/authoritative/pmos_96_全量.csv
dayahead,2026-07-21,2026-07-21,30,2026-07-21 07:30:00,8,1_32,311.4,2026-09-19T06:34:53.854728+00:00,/root/rivermind-data/electricity_forecast_model2.5/data/96/authoritative/pmos_96_全量.csv
dayahead,2026-07-21,2026-07-21,42,2026-07-21 10:30:00,11,33_64,-76.07,2026-09-19T06:34:53.854728+00:00,/root/rivermind-data/electricity_forecast_model2.5/data/96/authoritative/pmos_96_全量.csv
dayahead,2026-08-10,2026-08-10,39,2026-08-10 09:45:00,10,33_64,316.18,2026-09-19T06:34:53.854728+00:00,/root/rivermind-data/electricity_forecast_model2.5/data/96/authoritative/pmos_96_全量.csv
dayahead,2026-08-10,2026-08-10,88,2026-08-10 22:00:00,22,65_96,377.5,2026-09-19T06:34:53.854728+00:00,/root/rivermind-data/electricity_forecast_model2.5/data/96/authoritative/pmos_96_全量.csv
dayahead,2026-08-08,2026-08-08,91,2026-08-08 22:45:00,23,65_96,400.65,2026-09-19T06:34:53.854728+00:00,/root/rivermind-data/electricity_forecast_model2.5/data/96/authoritative/pmos_96_全量.csv
dayahead,2026-08-11,2026-08-11,70,2026-08-11 17:30:00,18,65_96,366.0,2026-09-19T06:34:53.854728+00:00,/root/rivermind-data/electricity_forecast_model2.5/data/96/authoritative/pmos_96_全量.csv
dayahead,2026-08-10,2026-08-10,34,2026-08-10 08:30:00,9,33_64,331.61,2026-09-19T06:34:53.854728+00:00,/root/rivermind-data/electricity_forecast_model2.5/data/96/authoritative/pmos_96_全量.csv
dayahead,2026-08-10,2026-08-10,31,2026-08-10 07:45:00,8,1_32,339.61,2026-09-19T06:34:53.854728+00:00,/root/rivermind-data/electricity_forecast_model2.5/data/96/authoritative/pmos_96_全量.csv
dayahead,2026-07-21,2026-07-21,11,2026-07-21 02:45:00,3,1_32,431.28,2026-09-19T06:34:53.854728+00:00,/root/rivermind-data/electricity_forecast_model2.5/data/96/authoritative/pmos_96_全量.csv
dayahead,2026-08-11,2026-08-11,73,2026-08-11 18:15:00,19,65_96,365.0,2026-09-19T06:34:53.854728+00:00,/root/rivermind-data/electricity_forecast_model2.5/data/96/authoritative/pmos_96_全量.csv
dayahead,2026-08-03,2026-08-03,38,2026-08-03 09:30:00,10,33_64,365.84,2026-09-19T06:34:53.854728+00:00,/root/rivermind-data/electricity_forecast_model2.5/data/96/authoritative/pmos_96_全量.csv
dayahead,2026-07-21,2026-07-21,1,2026-07-21 00:15:00,1,1_32,1300.0,2026-09-19T06:34:53.854728+00:00,/root/rivermind-data/electricity_forecast_model2.5/data/96/authoritative/pmos_96_全量.csv
dayahead,2026-08-11,2026-08-11,63,2026-08-11 15:45:00,16,33_64,683.28,2026-09-19T06:34:53.854728+00:00,/root/rivermind-data/electricity_forecast_model2.5/data/96/authoritative/pmos_96_全量.csv
dayahead,2026-07-22,2026-07-22,50,2026-07-22 12:30:00,13,33_64,187.55,2026-09-19T06:34:53.854728+00:00,/root/rivermind-data/electricity_forecast_model2.5/data/96/authoritative/pmos_96_全量.csv
dayahead,2026-08-03,2026-08-03,3,2026-08-03 00:45:00,1,1_32,530.04,2026-09-19T06:34:53.854728+00:00,/root/rivermind-data/electricity_forecast_model2.5/data/96/authoritative/pmos_96_全量.csv
dayahead,2026-08-10,2026-08-10,42,2026-08-10 10:30:00,11,33_64,317.37,2026-09-19T06:34:53.854728+00:00,/root/rivermind-data/electricity_forecast_model2.5/data/96/authoritative/pmos_96_全量.csv
dayahead,2026-08-13,2026-08-13,14,2026-08-13 03:30:00,4,1_32,368.33,2026-09-19T06:34:53.854728+00:00,/root/rivermind-data/electricity_forecast_model2.5/data/96/authoritative/pmos_96_全量.csv
dayahead,2026-08-08,2026-08-08,42,2026-08-08 10:30:00,11,33_64,-5.85,2026-09-19T06:34:53.854728+00:00,/root/rivermind-data/electricity_forecast_model2.5/data/96/authoritative/pmos_96_全量.csv
dayahead,2026-08-08,2026-08-08,45,2026-08-08 11:15:00,12,33_64,-5.92,2026-09-19T06:34:53.854728+00:00,/root/rivermind-data/electricity_forecast_model2.5/data/96/authoritative/pmos_96_全量.csv
dayahead,2026-08-11,2026-08-11,91,2026-08-11 22:45:00,23,65_96,371.0,2026-09-19T06:34:53.854728+00:00,/root/rivermind-data/electricity_forecast_model2.5/data/96/authoritative/pmos_96_全量.csv
dayahead,2026-08-11,2026-08-11,72,2026-08-11 18:00:00,18,65_96,361.67,2026-09-19T06:34:53.854728+00:00,/root/rivermind-data/electricity_forecast_model2.5/data/96/authoritative/pmos_96_全量.csv
dayahead,2026-08-08,2026-08-08,39,2026-08-08 09:45:00,10,33_64,-5.91,2026-09-19T06:34:53.854728+00:00,/root/rivermind-data/electricity_forecast_model2.5/data/96/authoritative/pmos_96_全量.csv
dayahead,2026-08-09,2026-08-09,19,2026-08-09 04:45:00,5,1_32,360.0,2026-09-19T06:34:53.854728+00:00,/root/rivermind-data/electricity_forecast_model2.5/data/96/authoritative/pmos_96_全量.csv
dayahead,2026-08-11,2026-08-11,48,2026-08-11 12:00:00,12,33_64,353.48,2026-09-19T06:34:53.854728+00:00,/root/rivermind-data/electricity_forecast_model2.5/data/96/authoritative/pmos_96_全量.csv
dayahead,2026-07-21,2026-07-21,27,2026-07-21 06:45:00,7,1_32,389.09,2026-09-19T06:34:53.854728+00:00,/root/rivermind-data/electricity_forecast_model2.5/data/96/authoritative/pmos_96_全量.csv
dayahead,2026-08-11,2026-08-11,44,2026-08-11 11:00:00,11,33_64,809.11,2026-09-19T06:34:53.854728+00:00,/root/rivermind-data/electricity_forecast_model2.5/data/96/authoritative/pmos_96_全量.csv
dayahead,2026-07-22,2026-07-22,75,2026-07-22 18:45:00,19,65_96,638.5,2026-09-19T06:34:53.854728+00:00,/root/rivermind-data/electricity_forecast_model2.5/data/96/authoritative/pmos_96_全量.csv
dayahead,2026-07-22,2026-07-22,70,2026-07-22 17:30:00,18,65_96,638.5,2026-09-19T06:34:53.854728+00:00,/root/rivermind-data/electricity_forecast_model2.5/data/96/authoritative/pmos_96_全量.csv
dayahead,2026-07-21,2026-07-21,23,2026-07-21 05:45:00,6,1_32,470.77,2026-09-19T06:34:53.854728+00:00,/root/rivermind-data/electricity_forecast_model2.5/data/96/authoritative/pmos_96_全量.csv
dayahead,2026-07-21,2026-07-21,35,2026-07-21 08:45:00,9,33_64,-80.0,2026-09-19T06:34:53.854728+00:00,/root/rivermind-data/electricity_forecast_model2.5/data/96/authoritative/pmos_96_全量.csv
dayahead,2026-07-21,2026-07-21,33,2026-07-21 08:15:00,9,33_64,-71.88,2026-09-19T06:34:53.854728+00:00,/root/rivermind-data/electricity_forecast_model2.5/data/96/authoritative/pmos_96_全量.csv
dayahead,2026-08-11,2026-08-11,94,2026-08-11 23:30:00,24,65_96,375.0,2026-09-19T06:34:53.854728+00:00,/root/rivermind-data/electricity_forecast_model2.5/data/96/authoritative/pmos_96_全量.csv
dayahead,2026-07-21,2026-07-21,41,2026-07-21 10:15:00,11,33_64,-75.97,2026-09-19T06:34:53.854728+00:00,/root/rivermind-data/electricity_forecast_model2.5/data/96/authoritative/pmos_96_全量.csv
dayahead,2026-08-08,2026-08-08,36,2026-08-08 09:00:00,9,33_64,-1.95,2026-09-19T06:34:53.854728+00:00,/root/rivermind-data/electricity_forecast_model2.5/data/96/authoritative/pmos_96_全量.csv
dayahead,2026-07-21,2026-07-21,26,2026-07-21 06:30:00,7,1_32,404.88,2026-09-19T06:34:53.854728+00:00,/root/rivermind-data/electricity_forecast_model2.5/data/96/authoritative/pmos_96_全量.csv
dayahead,2026-07-21,2026-07-21,47,2026-07-21 11:45:00,12,33_64,-76.05,2026-09-19T06:34:53.854728+00:00,/root/rivermind-data/electricity_forecast_model2.5/data/96/authoritative/pmos_96_全量.csv
dayahead,2026-08-13,2026-08-13,69,2026-08-13 17:15:00,18,65_96,366.0,2026-09-19T06:34:53.854728+00:00,/root/rivermind-data/electricity_forecast_model2.5/data/96/authoritative/pmos_96_全量.csv
dayahead,2026-07-22,2026-07-22,66,2026-07-22 16:30:00,17,65_96,442.0,2026-09-19T06:34:53.854728+00:00,/root/rivermind-data/electricity_forecast_model2.5/data/96/authoritative/pmos_96_全量.csv
dayahead,2026-08-01,2026-08-01,85,2026-08-01 21:15:00,22,65_96,804.0,2026-09-19T06:34:53.854728+00:00,/root/rivermind-data/electricity_forecast_model2.5/data/96/authoritative/pmos_96_全量.csv
dayahead,2026-07-21,2026-07-21,28,2026-07-21 07:00:00,7,1_32,366.16,2026-09-19T06:34:53.854728+00:00,/root/rivermind-data/electricity_forecast_model2.5/data/96/authoritative/pmos_96_全量.csv
dayahead,2026-08-11,2026-08-11,86,2026-08-11 21:30:00,22,65_96,370.2,2026-09-19T06:34:53.854728+00:00,/root/rivermind-data/electricity_forecast_model2.5/data/96/authoritative/pmos_96_全量.csv
dayahead,2026-07-21,2026-07-21,36,2026-07-21 09:00:00,9,33_64,-80.0,2026-09-19T06:34:53.854728+00:00,/root/rivermind-data/electricity_forecast_model2.5/data/96/authoritative/pmos_96_全量.csv
dayahead,2026-07-21,2026-07-21,9,2026-07-21 02:15:00,3,1_32,437.74,2026-09-19T06:34:53.854728+00:00,/root/rivermind-data/electricity_forecast_model2.5/data/96/authoritative/pmos_96_全量.csv
dayahead,2026-08-01,2026-08-01,73,2026-08-01 18:15:00,19,65_96,803.93,2026-09-19T06:34:53.854728+00:00,/root/rivermind-data/electricity_forecast_model2.5/data/96/authoritative/pmos_96_全量.csv
dayahead,2026-07-22,2026-07-22,2,2026-07-22 00:30:00,1,1_32,503.39,2026-09-19T06:34:53.854728+00:00,/root/rivermind-data/electricity_forecast_model2.5/data/96/authoritative/pmos_96_全量.csv
dayahead,2026-07-21,2026-07-21,46,2026-07-21 11:30:00,12,33_64,-75.98,2026-09-19T06:34:53.854728+00:00,/root/rivermind-data/electricity_forecast_model2.5/data/96/authoritative/pmos_96_全量.csv
dayahead,2026-07-21,2026-07-21,92,2026-07-21 23:00:00,23,65_96,471.26,2026-09-19T06:34:53.854728+00:00,/root/rivermind-data/electricity_forecast_model2.5/data/96/authoritative/pmos_96_全量.csv
dayahead,2026-07-22,2026-07-22,69,2026-07-22 17:15:00,18,65_96,591.5,2026-09-19T06:34:53.854728+00:00,/root/rivermind-data/electricity_forecast_model2.5/data/96/authoritative/pmos_96_全量.csv
dayahead,2026-07-21,2026-07-21,32,2026-07-21 08:00:00,8,1_32,-50.0,2026-09-19T06:34:53.854728+00:00,/root/rivermind-data/electricity_forecast_model2.5/data/96/authoritative/pmos_96_全量.csv
dayahead,2026-07-22,2026-07-22,65,2026-07-22 16:15:00,17,65_96,420.72,2026-09-19T06:34:53.854728+00:00,/root/rivermind-data/electricity_forecast_model2.5/data/96/authoritative/pmos_96_全量.csv
dayahead,2026-08-11,2026-08-11,58,2026-08-11 14:30:00,15,33_64,640.41,2026-09-19T06:34:53.854728+00:00,/root/rivermind-data/electricity_forecast_model2.5/data/96/authoritative/pmos_96_全量.csv
dayahead,2026-07-21,2026-07-21,31,2026-07-21 07:45:00,8,1_32,291.8,2026-09-19T06:34:53.854728+00:00,/root/rivermind-data/electricity_forecast_model2.5/data/96/authoritative/pmos_96_全量.csv
dayahead,2026-07-21,2026-07-21,3,2026-07-21 00:45:00,1,1_32,438.25,2026-09-19T06:34:53.854728+00:00,/root/rivermind-data/electricity_forecast_model2.5/data/96/authoritative/pmos_96_全量.csv
dayahead,2026-08-11,2026-08-11,90,2026-08-11 22:30:00,23,65_96,372.0,2026-09-19T06:34:53.854728+00:00,/root/rivermind-data/electricity_forecast_model2.5/data/96/authoritative/pmos_96_全量.csv
dayahead,2026-08-11,2026-08-11,41,2026-08-11 10:15:00,11,33_64,356.89,2026-09-19T06:34:53.854728+00:00,/root/rivermind-data/electricity_forecast_model2.5/data/96/authoritative/pmos_96_全量.csv
dayahead,2026-07-21,2026-07-21,40,2026-07-21 10:00:00,10,33_64,-75.95,2026-09-19T06:34:53.854728+00:00,/root/rivermind-data/electricity_forecast_model2.5/data/96/authoritative/pmos_96_全量.csv
dayahead,2026-07-22,2026-07-22,67,2026-07-22 16:45:00,17,65_96,462.0,2026-09-19T06:34:53.854728+00:00,/root/rivermind-data/electricity_forecast_model2.5/data/96/authoritative/pmos_96_全量.csv
dayahead,2026-07-22,2026-07-22,64,2026-07-22 16:00:00,16,33_64,404.07,2026-09-19T06:34:53.854728+00:00,/root/rivermind-data/electricity_forecast_model2.5/data/96/authoritative/pmos_96_全量.csv
dayahead,2026-07-21,2026-07-21,24,2026-07-21 06:00:00,6,1_32,452.08,2026-09-19T06:34:53.854728+00:00,/root/rivermind-data/electricity_forecast_model2.5/data/96/authoritative/pmos_96_全量.csv
dayahead,2026-08-11,2026-08-11,69,2026-08-11 17:15:00,18,65_96,365.0,2026-09-19T06:34:53.854728+00:00,/root/rivermind-data/electricity_forecast_model2.5/data/96/authoritative/pmos_96_全量.csv
dayahead,2026-07-21,2026-07-21,29,2026-07-21 07:15:00,8,1_32,344.0,2026-09-19T06:34:53.854728+00:00,/root/rivermind-data/electricity_forecast_model2.5/data/96/authoritative/pmos_96_全量.csv
dayahead,2026-07-21,2026-07-21,2,2026-07-21 00:30:00,1,1_32,1500.0,2026-09-19T06:34:53.854728+00:00,/root/rivermind-data/electricity_forecast_model2.5/data/96/authoritative/pmos_96_全量.csv
dayahead,2026-07-21,2026-07-21,37,2026-07-21 09:15:00,10,33_64,-74.43,2026-09-19T06:34:53.854728+00:00,/root/rivermind-data/electricity_forecast_model2.5/data/96/authoritative/pmos_96_全量.csv
dayahead,2026-07-21,2026-07-21,38,2026-07-21 09:30:00,10,33_64,-76.4,2026-09-19T06:34:53.854728+00:00,/root/rivermind-data/electricity_forecast_model2.5/data/96/authoritative/pmos_96_全量.csv
dayahead,2026-07-21,2026-07-21,43,2026-07-21 10:45:00,11,33_64,-76.08,2026-09-19T06:34:53.854728+00:00,/root/rivermind-data/electricity_forecast_model2.5/data/96/authoritative/pmos_96_全量.csv
dayahead,2026-07-22,2026-07-22,58,2026-07-22 14:30:00,15,33_64,297.89,2026-09-19T06:34:53.854728+00:00,/root/rivermind-data/electricity_forecast_model2.5/data/96/authoritative/pmos_96_全量.csv
dayahead,2026-08-11,2026-08-11,84,2026-08-11 21:00:00,21,65_96,370.0,2026-09-19T06:34:53.854728+00:00,/root/rivermind-data/electricity_forecast_model2.5/data/96/authoritative/pmos_96_全量.csv
dayahead,2026-08-11,2026-08-11,51,2026-08-11 12:45:00,13,33_64,354.71,2026-09-19T06:34:53.854728+00:00,/root/rivermind-data/electricity_forecast_model2.5/data/96/authoritative/pmos_96_全量.csv
dayahead,2026-08-09,2026-08-09,54,2026-08-09 13:30:00,14,33_64,22.52,2026-09-19T06:34:53.854728+00:00,/root/rivermind-data/electricity_forecast_model2.5/data/96/authoritative/pmos_96_全量.csv
dayahead,2026-07-21,2026-07-21,81,2026-07-21 20:15:00,21,65_96,475.63,2026-09-19T06:34:53.854728+00:00,/root/rivermind-data/electricity_forecast_model2.5/data/96/authoritative/pmos_96_全量.csv
dayahead,2026-08-09,2026-08-09,62,2026-08-09 15:30:00,16,33_64,348.89,2026-09-19T06:34:53.854728+00:00,/root/rivermind-data/electricity_forecast_model2.5/data/96/authoritative/pmos_96_全量.csv
dayahead,2026-08-12,2026-08-12,3,2026-08-12 00:45:00,1,1_32,371.5,2026-09-19T06:34:53.854728+00:00,/root/rivermind-data/electricity_forecast_model2.5/data/96/authoritative/pmos_96_全量.csv
dayahead,2026-08-13,2026-08-13,4,2026-08-13 01:00:00,1,1_32,371.0,2026-09-19T06:34:53.854728+00:00,/root/rivermind-data/electricity_forecast_model2.5/data/96/authoritative/pmos_96_全量.csv
dayahead,2026-08-13,2026-08-13,44,2026-08-13 11:00:00,11,33_64,357.0,2026-09-19T06:34:53.854728+00:00,/root/rivermind-data/electricity_forecast_model2.5/data/96/authoritative/pmos_96_全量.csv
dayahead,2026-08-13,2026-08-13,68,2026-08-13 17:00:00,17,65_96,366.0,2026-09-19T06:34:53.854728+00:00,/root/rivermind-data/electricity_forecast_model2.5/data/96/authoritative/pmos_96_全量.csv
dayahead,2026-08-12,2026-08-12,18,2026-08-12 04:30:00,5,1_32,360.63,2026-09-19T06:34:53.854728+00:00,/root/rivermind-data/electricity_forecast_model2.5/data/96/authoritative/pmos_96_全量.csv
dayahead,2026-08-13,2026-08-13,39,2026-08-13 09:45:00,10,33_64,360.0,2026-09-19T06:34:53.854728+00:00,/root/rivermind-data/electricity_forecast_model2.5/data/96/authoritative/pmos_96_全量.csv
dayahead,2026-08-12,2026-08-12,92,2026-08-12 23:00:00,23,65_96,363.33,2026-09-19T06:34:53.854728+00:00,/root/rivermind-data/electricity_forecast_model2.5/data/96/authoritative/pmos_96_全量.csv
dayahead,2026-08-12,2026-08-12,49,2026-08-12 12:15:00,13,33_64,355.0,2026-09-19T06:34:53.854728+00:00,/root/rivermind-data/electricity_forecast_model2.5/data/96/authoritative/pmos_96_全量.csv
dayahead,2026-08-12,2026-08-12,89,2026-08-12 22:15:00,23,65_96,366.0,2026-09-19T06:34:53.854728+00:00,/root/rivermind-data/electricity_forecast_model2.5/data/96/authoritative/pmos_96_全量.csv
dayahead,2026-08-13,2026-08-13,22,2026-08-13 05:30:00,6,1_32,368.33,2026-09-19T06:34:53.854728+00:00,/root/rivermind-data/electricity_forecast_model2.5/data/96/authoritative/pmos_96_全量.csv
dayahead,2026-08-12,2026-08-12,48,2026-08-12 12:00:00,12,33_64,355.39,2026-09-19T06:34:53.854728+00:00,/root/rivermind-data/electricity_forecast_model2.5/data/96/authoritative/pmos_96_全量.csv
dayahead,2026-08-12,2026-08-12,80,2026-08-12 20:00:00,20,65_96,360.97,2026-09-19T06:34:53.854728+00:00,/root/rivermind-data/electricity_forecast_model2.5/data/96/authoritative/pmos_96_全量.csv
dayahead,2026-08-13,2026-08-13,38,2026-08-13 09:30:00,10,33_64,360.04,2026-09-19T06:34:53.854728+00:00,/root/rivermind-data/electricity_forecast_model2.5/data/96/authoritative/pmos_96_全量.csv
dayahead,2026-08-12,2026-08-12,74,2026-08-12 18:30:00,19,65_96,360.0,2026-09-19T06:34:53.854728+00:00,/root/rivermind-data/electricity_forecast_model2.5/data/96/authoritative/pmos_96_全量.csv
dayahead,2026-08-12,2026-08-12,73,2026-08-12 18:15:00,19,65_96,360.0,2026-09-19T06:34:53.854728+00:00,/root/rivermind-data/electricity_forecast_model2.5/data/96/authoritative/pmos_96_全量.csv
dayahead,2026-08-12,2026-08-12,14,2026-08-12 03:30:00,4,1_32,366.0,2026-09-19T06:34:53.854728+00:00,/root/rivermind-data/electricity_forecast_model2.5/data/96/authoritative/pmos_96_全量.csv
dayahead,2026-08-12,2026-08-12,42,2026-08-12 10:30:00,11,33_64,361.67,2026-09-19T06:34:53.854728+00:00,/root/rivermind-data/electricity_forecast_model2.5/data/96/authoritative/pmos_96_全量.csv
dayahead,2026-08-12,2026-08-12,85,2026-08-12 21:15:00,22,65_96,356.88,2026-09-19T06:34:53.854728+00:00,/root/rivermind-data/electricity_forecast_model2.5/data/96/authoritative/pmos_96_全量.csv
dayahead,2026-08-13,2026-08-13,2,2026-08-13 00:30:00,1,1_32,371.67,2026-09-19T06:34:53.854728+00:00,/root/rivermind-data/electricity_forecast_model2.5/data/96/authoritative/pmos_96_全量.csv
dayahead,2026-08-12,2026-08-12,29,2026-08-12 07:15:00,8,1_32,355.0,2026-09-19T06:34:53.854728+00:00,/root/rivermind-data/electricity_forecast_model2.5/data/96/authoritative/pmos_96_全量.csv
dayahead,2026-08-09,2026-08-09,5,2026-08-09 01:15:00,2,1_32,384.53,2026-09-19T06:34:53.854728+00:00,/root/rivermind-data/electricity_forecast_model2.5/data/96/authoritative/pmos_96_全量.csv
dayahead,2026-08-12,2026-08-12,1,2026-08-12 00:15:00,1,1_32,376.0,2026-09-19T06:34:53.854728+00:00,/root/rivermind-data/electricity_forecast_model2.5/data/96/authoritative/pmos_96_全量.csv
dayahead,2026-08-09,2026-08-09,38,2026-08-09 09:30:00,10,33_64,19.36,2026-09-19T06:34:53.854728+00:00,/root/rivermind-data/electricity_forecast_model2.5/data/96/authoritative/pmos_96_全量.csv
dayahead,2026-08-09,2026-08-09,3,2026-08-09 00:45:00,1,1_32,365.5,2026-09-19T06:34:53.854728+00:00,/root/rivermind-data/electricity_forecast_model2.5/data/96/authoritative/pmos_96_全量.csv
dayahead,2026-08-09,2026-08-09,42,2026-08-09 10:30:00,11,33_64,17.78,2026-09-19T06:34:53.854728+00:00,/root/rivermind-data/electricity_forecast_model2.5/data/96/authoritative/pmos_96_全量.csv
dayahead,2026-08-09,2026-08-09,4,2026-08-09 01:00:00,1,1_32,365.5,2026-09-19T06:34:53.854728+00:00,/root/rivermind-data/electricity_forecast_model2.5/data/96/authoritative/pmos_96_全量.csv
dayahead,2026-08-13,2026-08-13,42,2026-08-13 10:30:00,11,33_64,359.0,2026-09-19T06:34:53.854728+00:00,/root/rivermind-data/electricity_forecast_model2.5/data/96/authoritative/pmos_96_全量.csv
dayahead,2026-08-13,2026-08-13,87,2026-08-13 21:45:00,22,65_96,373.75,2026-09-19T06:34:53.854728+00:00,/root/rivermind-data/electricity_forecast_model2.5/data/96/authoritative/pmos_96_全量.csv
dayahead,2026-08-13,2026-08-13,29,2026-08-13 07:15:00,8,1_32,360.0,2026-09-19T06:34:53.854728+00:00,/root/rivermind-data/electricity_forecast_model2.5/data/96/authoritative/pmos_96_全量.csv
dayahead,2026-08-12,2026-08-12,94,2026-08-12 23:30:00,24,65_96,369.0,2026-09-19T06:34:53.854728+00:00,/root/rivermind-data/electricity_forecast_model2.5/data/96/authoritative/pmos_96_全量.csv
dayahead,2026-08-12,2026-08-12,43,2026-08-12 10:45:00,11,33_64,362.0,2026-09-19T06:34:53.854728+00:00,/root/rivermind-data/electricity_forecast_model2.5/data/96/authoritative/pmos_96_全量.csv
dayahead,2026-08-13,2026-08-13,10,2026-08-13 02:30:00,3,1_32,373.0,2026-09-19T06:34:53.854728+00:00,/root/rivermind-data/electricity_forecast_model2.5/data/96/authoritative/pmos_96_全量.csv
dayahead,2026-08-13,2026-08-13,30,2026-08-13 07:30:00,8,1_32,361.0,2026-09-19T06:34:53.854728+00:00,/root/rivermind-data/electricity_forecast_model2.5/data/96/authoritative/pmos_96_全量.csv
dayahead,2026-08-13,2026-08-13,24,2026-08-13 06:00:00,6,1_32,366.0,2026-09-19T06:34:53.854728+00:00,/root/rivermind-data/electricity_forecast_model2.5/data/96/authoritative/pmos_96_全量.csv
dayahead,2026-08-13,2026-08-13,95,2026-08-13 23:45:00,24,65_96,376.67,2026-09-19T06:34:53.854728+00:00,/root/rivermind-data/electricity_forecast_model2.5/data/96/authoritative/pmos_96_全量.csv
dayahead,2026-08-13,2026-08-13,33,2026-08-13 08:15:00,9,33_64,363.33,2026-09-19T06:34:53.854728+00:00,/root/rivermind-data/electricity_forecast_model2.5/data/96/authoritative/pmos_96_全量.csv
dayahead,2026-08-13,2026-08-13,47,2026-08-13 11:45:00,12,33_64,350.0,2026-09-19T06:34:53.854728+00:00,/root/rivermind-data/electricity_forecast_model2.5/data/96/authoritative/pmos_96_全量.csv
dayahead,2026-08-13,2026-08-13,61,2026-08-13 15:15:00,16,33_64,634.82,2026-09-19T06:34:53.854728+00:00,/root/rivermind-data/electricity_forecast_model2.5/data/96/authoritative/pmos_96_全量.csv
dayahead,2026-08-13,2026-08-13,28,2026-08-13 07:00:00,7,1_32,360.0,2026-09-19T06:34:53.854728+00:00,/root/rivermind-data/electricity_forecast_model2.5/data/96/authoritative/pmos_96_全量.csv
dayahead,2026-08-13,2026-08-13,81,2026-08-13 20:15:00,21,65_96,376.0,2026-09-19T06:34:53.854728+00:00,/root/rivermind-data/electricity_forecast_model2.5/data/96/authoritative/pmos_96_全量.csv
dayahead,2026-08-12,2026-08-12,50,2026-08-12 12:30:00,13,33_64,355.24,2026-09-19T06:34:53.854728+00:00,/root/rivermind-data/electricity_forecast_model2.5/data/96/authoritative/pmos_96_全量.csv
dayahead,2026-08-12,2026-08-12,84,2026-08-12 21:00:00,21,65_96,358.75,2026-09-19T06:34:53.854728+00:00,/root/rivermind-data/electricity_forecast_model2.5/data/96/authoritative/pmos_96_全量.csv
dayahead,2026-08-09,2026-08-09,13,2026-08-09 03:15:00,4,1_32,364.8,2026-09-19T06:34:53.854728+00:00,/root/rivermind-data/electricity_forecast_model2.5/data/96/authoritative/pmos_96_全量.csv
dayahead,2026-08-11,2026-08-11,27,2026-08-11 06:45:00,7,1_32,350.0,2026-09-19T06:34:53.854728+00:00,/root/rivermind-data/electricity_forecast_model2.5/data/96/authoritative/pmos_96_全量.csv
dayahead,2026-08-13,2026-08-13,72,2026-08-13 18:00:00,18,65_96,369.75,2026-09-19T06:34:53.854728+00:00,/root/rivermind-data/electricity_forecast_model2.5/data/96/authoritative/pmos_96_全量.csv
dayahead,2026-08-13,2026-08-13,66,2026-08-13 16:30:00,17,65_96,366.0,2026-09-19T06:34:53.854728+00:00,/root/rivermind-data/electricity_forecast_model2.5/data/96/authoritative/pmos_96_全量.csv
dayahead,2026-08-12,2026-08-12,81,2026-08-12 20:15:00,21,65_96,360.63,2026-09-19T06:34:53.854728+00:00,/root/rivermind-data/electricity_forecast_model2.5/data/96/authoritative/pmos_96_全量.csv
dayahead,2026-08-12,2026-08-12,44,2026-08-12 11:00:00,11,33_64,362.5,2026-09-19T06:34:53.854728+00:00,/root/rivermind-data/electricity_forecast_model2.5/data/96/authoritative/pmos_96_全量.csv
dayahead,2026-08-09,2026-08-09,20,2026-08-09 05:00:00,5,1_32,360.25,2026-09-19T06:34:53.854728+00:00,/root/rivermind-data/electricity_forecast_model2.5/data/96/authoritative/pmos_96_全量.csv
dayahead,2026-08-13,2026-08-13,57,2026-08-13 14:15:00,15,33_64,354.0,2026-09-19T06:34:53.854728+00:00,/root/rivermind-data/electricity_forecast_model2.5/data/96/authoritative/pmos_96_全量.csv
dayahead,2026-08-13,2026-08-13,84,2026-08-13 21:00:00,21,65_96,372.8,2026-09-19T06:34:53.854728+00:00,/root/rivermind-data/electricity_forecast_model2.5/data/96/authoritative/pmos_96_全量.csv
dayahead,2026-08-10,2026-08-10,24,2026-08-10 06:00:00,6,1_32,361.0,2026-09-19T06:34:53.854728+00:00,/root/rivermind-data/electricity_forecast_model2.5/data/96/authoritative/pmos_96_全量.csv
dayahead,2026-08-12,2026-08-12,30,2026-08-12 07:30:00,8,1_32,355.0,2026-09-19T06:34:53.854728+00:00,/root/rivermind-data/electricity_forecast_model2.5/data/96/authoritative/pmos_96_全量.csv
dayahead,2026-08-13,2026-08-13,58,2026-08-13 14:30:00,15,33_64,356.0,2026-09-19T06:34:53.854728+00:00,/root/rivermind-data/electricity_forecast_model2.5/data/96/authoritative/pmos_96_全量.csv
dayahead,2026-08-10,2026-08-10,9,2026-08-10 02:15:00,3,1_32,378.0,2026-09-19T06:34:53.854728+00:00,/root/rivermind-data/electricity_forecast_model2.5/data/96/authoritative/pmos_96_全量.csv
dayahead,2026-08-13,2026-08-13,56,2026-08-13 14:00:00,14,33_64,351.67,2026-09-19T06:34:53.854728+00:00,/root/rivermind-data/electricity_forecast_model2.5/data/96/authoritative/pmos_96_全量.csv
dayahead,2026-08-12,2026-08-12,87,2026-08-12 21:45:00,22,65_96,361.2,2026-09-19T06:34:53.854728+00:00,/root/rivermind-data/electricity_forecast_model2.5/data/96/authoritative/pmos_96_全量.csv
dayahead,2026-08-12,2026-08-12,93,2026-08-12 23:15:00,24,65_96,371.67,2026-09-19T06:34:53.854728+00:00,/root/rivermind-data/electricity_forecast_model2.5/data/96/authoritative/pmos_96_全量.csv
dayahead,2026-08-13,2026-08-13,71,2026-08-13 17:45:00,18,65_96,369.0,2026-09-19T06:34:53.854728+00:00,/root/rivermind-data/electricity_forecast_model2.5/data/96/authoritative/pmos_96_全量.csv
dayahead,2026-08-12,2026-08-12,95,2026-08-12 23:45:00,24,65_96,368.0,2026-09-19T06:34:53.854728+00:00,/root/rivermind-data/electricity_forecast_model2.5/data/96/authoritative/pmos_96_全量.csv
dayahead,2026-08-12,2026-08-12,6,2026-08-12 01:30:00,2,1_32,380.0,2026-09-19T06:34:53.854728+00:00,/root/rivermind-data/electricity_forecast_model2.5/data/96/authoritative/pmos_96_全量.csv
dayahead,2026-08-13,2026-08-13,90,2026-08-13 22:30:00,23,65_96,375.0,2026-09-19T06:34:53.854728+00:00,/root/rivermind-data/electricity_forecast_model2.5/data/96/authoritative/pmos_96_全量.csv
dayahead,2026-08-12,2026-08-12,11,2026-08-12 02:45:00,3,1_32,371.67,2026-09-19T06:34:53.854728+00:00,/root/rivermind-data/electricity_forecast_model2.5/data/96/authoritative/pmos_96_全量.csv
dayahead,2026-08-10,2026-08-10,11,2026-08-10 02:45:00,3,1_32,372.0,2026-09-19T06:34:53.854728+00:00,/root/rivermind-data/electricity_forecast_model2.5/data/96/authoritative/pmos_96_全量.csv
dayahead,2026-08-13,2026-08-13,64,2026-08-13 16:00:00,16,33_64,745.86,2026-09-19T06:34:53.854728+00:00,/root/rivermind-data/electricity_forecast_model2.5/data/96/authoritative/pmos_96_全量.csv
dayahead,2026-08-12,2026-08-12,90,2026-08-12 22:30:00,23,65_96,365.0,2026-09-19T06:34:53.854728+00:00,/root/rivermind-data/electricity_forecast_model2.5/data/96/authoritative/pmos_96_全量.csv
dayahead,2026-08-12,2026-08-12,82,2026-08-12 20:30:00,21,65_96,360.11,2026-09-19T06:34:53.854728+00:00,/root/rivermind-data/electricity_forecast_model2.5/data/96/authoritative/pmos_96_全量.csv
dayahead,2026-08-12,2026-08-12,77,2026-08-12 19:15:00,20,65_96,360.0,2026-09-19T06:34:53.854728+00:00,/root/rivermind-data/electricity_forecast_model2.5/data/96/authoritative/pmos_96_全量.csv
dayahead,2026-08-13,2026-08-13,27,2026-08-13 06:45:00,7,1_32,360.4,2026-09-19T06:34:53.854728+00:00,/root/rivermind-data/electricity_forecast_model2.5/data/96/authoritative/pmos_96_全量.csv
dayahead,2026-08-13,2026-08-13,52,2026-08-13 13:00:00,13,33_64,349.7,2026-09-19T06:34:53.854728+00:00,/root/rivermind-data/electricity_forecast_model2.5/data/96/authoritative/pmos_96_全量.csv
dayahead,2026-08-12,2026-08-12,79,2026-08-12 19:45:00,20,65_96,360.63,2026-09-19T06:34:53.854728+00:00,/root/rivermind-data/electricity_forecast_model2.5/data/96/authoritative/pmos_96_全量.csv
dayahead,2026-08-12,2026-08-12,17,2026-08-12 04:15:00,5,1_32,362.0,2026-09-19T06:34:53.854728+00:00,/root/rivermind-data/electricity_forecast_model2.5/data/96/authoritative/pmos_96_全量.csv
dayahead,2026-08-12,2026-08-12,16,2026-08-12 04:00:00,4,1_32,362.0,2026-09-19T06:34:53.854728+00:00,/root/rivermind-data/electricity_forecast_model2.5/data/96/authoritative/pmos_96_全量.csv
dayahead,2026-08-12,2026-08-12,37,2026-08-12 09:15:00,10,33_64,361.67,2026-09-19T06:34:53.854728+00:00,/root/rivermind-data/electricity_forecast_model2.5/data/96/authoritative/pmos_96_全量.csv
dayahead,2026-08-13,2026-08-13,43,2026-08-13 10:45:00,11,33_64,358.33,2026-09-19T06:34:53.854728+00:00,/root/rivermind-data/electricity_forecast_model2.5/data/96/authoritative/pmos_96_全量.csv
dayahead,2026-08-13,2026-08-13,25,2026-08-13 06:15:00,7,1_32,363.0,2026-09-19T06:34:53.854728+00:00,/root/rivermind-data/electricity_forecast_model2.5/data/96/authoritative/pmos_96_全量.csv
dayahead,2026-08-12,2026-08-12,36,2026-08-12 09:00:00,9,33_64,360.51,2026-09-19T06:34:53.854728+00:00,/root/rivermind-data/electricity_forecast_model2.5/data/96/authoritative/pmos_96_全量.csv
dayahead,2026-08-13,2026-08-13,46,2026-08-13 11:30:00,12,33_64,351.67,2026-09-19T06:34:53.854728+00:00,/root/rivermind-data/electricity_forecast_model2.5/data/96/authoritative/pmos_96_全量.csv
dayahead,2026-08-12,2026-08-12,24,2026-08-12 06:00:00,6,1_32,359.25,2026-09-19T06:34:53.854728+00:00,/root/rivermind-data/electricity_forecast_model2.5/data/96/authoritative/pmos_96_全量.csv
dayahead,2026-08-13,2026-08-13,9,2026-08-13 02:15:00,3,1_32,374.0,2026-09-19T06:34:53.854728+00:00,/root/rivermind-data/electricity_forecast_model2.5/data/96/authoritative/pmos_96_全量.csv
dayahead,2026-08-09,2026-08-09,44,2026-08-09 11:00:00,11,33_64,17.76,2026-09-19T06:34:53.854728+00:00,/root/rivermind-data/electricity_forecast_model2.5/data/96/authoritative/pmos_96_全量.csv
dayahead,2026-08-12,2026-08-12,26,2026-08-12 06:30:00,7,1_32,354.07,2026-09-19T06:34:53.854728+00:00,/root/rivermind-data/electricity_forecast_model2.5/data/96/authoritative/pmos_96_全量.csv
dayahead,2026-08-13,2026-08-13,70,2026-08-13 17:30:00,18,65_96,368.0,2026-09-19T06:34:53.854728+00:00,/root/rivermind-data/electricity_forecast_model2.5/data/96/authoritative/pmos_96_全量.csv
dayahead,2026-08-10,2026-08-10,44,2026-08-10 11:00:00,11,33_64,317.85,2026-09-19T06:34:53.854728+00:00,/root/rivermind-data/electricity_forecast_model2.5/data/96/authoritative/pmos_96_全量.csv
dayahead,2026-08-12,2026-08-12,32,2026-08-12 08:00:00,8,1_32,358.0,2026-09-19T06:34:53.854728+00:00,/root/rivermind-data/electricity_forecast_model2.5/data/96/authoritative/pmos_96_全量.csv
dayahead,2026-08-12,2026-08-12,8,2026-08-12 02:00:00,2,1_32,376.0,2026-09-19T06:34:53.854728+00:00,/root/rivermind-data/electricity_forecast_model2.5/data/96/authoritative/pmos_96_全量.csv
dayahead,2026-08-09,2026-08-09,49,2026-08-09 12:15:00,13,33_64,17.79,2026-09-19T06:34:53.854728+00:00,/root/rivermind-data/electricity_forecast_model2.5/data/96/authoritative/pmos_96_全量.csv
dayahead,2026-08-06,2026-08-06,78,2026-08-06 19:30:00,20,65_96,1500.0,2026-09-19T06:34:53.854728+00:00,/root/rivermind-data/electricity_forecast_model2.5/data/96/authoritative/pmos_96_全量.csv
dayahead,2026-08-08,2026-08-08,94,2026-08-08 23:30:00,24,65_96,400.89,2026-09-19T06:34:53.854728+00:00,/root/rivermind-data/electricity_forecast_model2.5/data/96/authoritative/pmos_96_全量.csv
dayahead,2026-08-13,2026-08-13,11,2026-08-13 02:45:00,3,1_32,371.0,2026-09-19T06:34:53.854728+00:00,/root/rivermind-data/electricity_forecast_model2.5/data/96/authoritative/pmos_96_全量.csv
dayahead,2026-08-03,2026-08-03,93,2026-08-03 23:15:00,24,65_96,1500.0,2026-09-19T06:34:53.854728+00:00,/root/rivermind-data/electricity_forecast_model2.5/data/96/authoritative/pmos_96_全量.csv
dayahead,2026-08-13,2026-08-13,36,2026-08-13 09:00:00,9,33_64,363.0,2026-09-19T06:34:53.854728+00:00,/root/rivermind-data/electricity_forecast_model2.5/data/96/authoritative/pmos_96_全量.csv
dayahead,2026-08-03,2026-08-03,75,2026-08-03 18:45:00,19,65_96,1500.0,2026-09-19T06:34:53.854728+00:00,/root/rivermind-data/electricity_forecast_model2.5/data/96/authoritative/pmos_96_全量.csv
dayahead,2026-08-13,2026-08-13,15,2026-08-13 03:45:00,4,1_32,368.0,2026-09-19T06:34:53.854728+00:00,/root/rivermind-data/electricity_forecast_model2.5/data/96/authoritative/pmos_96_全量.csv
dayahead,2026-08-13,2026-08-13,77,2026-08-13 19:15:00,20,65_96,376.0,2026-09-19T06:34:53.854728+00:00,/root/rivermind-data/electricity_forecast_model2.5/data/96/authoritative/pmos_96_全量.csv
dayahead,2026-08-13,2026-08-13,12,2026-08-13 03:00:00,3,1_32,370.0,2026-09-19T06:34:53.854728+00:00,/root/rivermind-data/electricity_forecast_model2.5/data/96/authoritative/pmos_96_全量.csv
dayahead,2026-08-13,2026-08-13,34,2026-08-13 08:30:00,9,33_64,363.0,2026-09-19T06:34:53.854728+00:00,/root/rivermind-data/electricity_forecast_model2.5/data/96/authoritative/pmos_96_全量.csv
dayahead,2026-08-13,2026-08-13,20,2026-08-13 05:00:00,5,1_32,367.5,2026-09-19T06:34:53.854728+00:00,/root/rivermind-data/electricity_forecast_model2.5/data/96/authoritative/pmos_96_全量.csv
dayahead,2026-08-02,2026-08-02,78,2026-08-02 19:30:00,20,65_96,604.0,2026-09-19T06:34:53.854728+00:00,/root/rivermind-data/electricity_forecast_model2.5/data/96/authoritative/pmos_96_全量.csv
dayahead,2026-08-08,2026-08-08,49,2026-08-08 12:15:00,13,33_64,-5.97,2026-09-19T06:34:53.854728+00:00,/root/rivermind-data/electricity_forecast_model2.5/data/96/authoritative/pmos_96_全量.csv
dayahead,2026-08-13,2026-08-13,35,2026-08-13 08:45:00,9,33_64,363.0,2026-09-19T06:34:53.854728+00:00,/root/rivermind-data/electricity_forecast_model2.5/data/96/authoritative/pmos_96_全量.csv
dayahead,2026-08-12,2026-08-12,59,2026-08-12 14:45:00,15,33_64,668.57,2026-09-19T06:34:53.854728+00:00,/root/rivermind-data/electricity_forecast_model2.5/data/96/authoritative/pmos_96_全量.csv
dayahead,2026-08-12,2026-08-12,19,2026-08-12 04:45:00,5,1_32,361.67,2026-09-19T06:34:53.854728+00:00,/root/rivermind-data/electricity_forecast_model2.5/data/96/authoritative/pmos_96_全量.csv
dayahead,2026-08-02,2026-08-02,28,2026-08-02 07:00:00,7,1_32,346.0,2026-09-19T06:34:53.854728+00:00,/root/rivermind-data/electricity_forecast_model2.5/data/96/authoritative/pmos_96_全量.csv
dayahead,2026-08-04,2026-08-04,24,2026-08-04 06:00:00,6,1_32,537.17,2026-09-19T06:34:53.854728+00:00,/root/rivermind-data/electricity_forecast_model2.5/data/96/authoritative/pmos_96_全量.csv
dayahead,2026-08-04,2026-08-04,69,2026-08-04 17:15:00,18,65_96,1500.0,2026-09-19T06:34:53.854728+00:00,/root/rivermind-data/electricity_forecast_model2.5/data/96/authoritative/pmos_96_全量.csv
dayahead,2026-08-03,2026-08-03,26,2026-08-03 06:30:00,7,1_32,435.21,2026-09-19T06:34:53.854728+00:00,/root/rivermind-data/electricity_forecast_model2.5/data/96/authoritative/pmos_96_全量.csv
dayahead,2026-08-03,2026-08-03,8,2026-08-03 02:00:00,2,1_32,541.91,2026-09-19T06:34:53.854728+00:00,/root/rivermind-data/electricity_forecast_model2.5/data/96/authoritative/pmos_96_全量.csv
dayahead,2026-08-09,2026-08-09,72,2026-08-09 18:00:00,18,65_96,405.11,2026-09-19T06:34:53.854728+00:00,/root/rivermind-data/electricity_forecast_model2.5/data/96/authoritative/pmos_96_全量.csv
dayahead,2026-08-03,2026-08-03,58,2026-08-03 14:30:00,15,33_64,411.78,2026-09-19T06:34:53.854728+00:00,/root/rivermind-data/electricity_forecast_model2.5/data/96/authoritative/pmos_96_全量.csv
dayahead,2026-08-03,2026-08-03,92,2026-08-03 23:00:00,23,65_96,1500.0,2026-09-19T06:34:53.854728+00:00,/root/rivermind-data/electricity_forecast_model2.5/data/96/authoritative/pmos_96_全量.csv
dayahead,2026-08-13,2026-08-13,49,2026-08-13 12:15:00,13,33_64,350.0,2026-09-19T06:34:53.854728+00:00,/root/rivermind-data/electricity_forecast_model2.5/data/96/authoritative/pmos_96_全量.csv
dayahead,2026-08-03,2026-08-03,77,2026-08-03 19:15:00,20,65_96,1319.4,2026-09-19T06:34:53.854728+00:00,/root/rivermind-data/electricity_forecast_model2.5/data/96/authoritative/pmos_96_全量.csv
dayahead,2026-08-03,2026-08-03,17,2026-08-03 04:15:00,5,1_32,500.12,2026-09-19T06:34:53.854728+00:00,/root/rivermind-data/electricity_forecast_model2.5/data/96/authoritative/pmos_96_全量.csv
dayahead,2026-08-03,2026-08-03,81,2026-08-03 20:15:00,21,65_96,562.03,2026-09-19T06:34:53.854728+00:00,/root/rivermind-data/electricity_forecast_model2.5/data/96/authoritative/pmos_96_全量.csv
dayahead,2026-08-03,2026-08-03,11,2026-08-03 02:45:00,3,1_32,531.15,2026-09-19T06:34:53.854728+00:00,/root/rivermind-data/electricity_forecast_model2.5/data/96/authoritative/pmos_96_全量.csv
dayahead,2026-08-13,2026-08-13,75,2026-08-13 18:45:00,19,65_96,373.33,2026-09-19T06:34:53.854728+00:00,/root/rivermind-data/electricity_forecast_model2.5/data/96/authoritative/pmos_96_全量.csv
dayahead,2026-08-13,2026-08-13,18,2026-08-13 04:30:00,5,1_32,366.0,2026-09-19T06:34:53.854728+00:00,/root/rivermind-data/electricity_forecast_model2.5/data/96/authoritative/pmos_96_全量.csv
dayahead,2026-08-03,2026-08-03,82,2026-08-03 20:30:00,21,65_96,1427.75,2026-09-19T06:34:53.854728+00:00,/root/rivermind-data/electricity_forecast_model2.5/data/96/authoritative/pmos_96_全量.csv
dayahead,2026-08-03,2026-08-03,95,2026-08-03 23:45:00,24,65_96,1319.4,2026-09-19T06:34:53.854728+00:00,/root/rivermind-data/electricity_forecast_model2.5/data/96/authoritative/pmos_96_全量.csv
dayahead,2026-08-03,2026-08-03,52,2026-08-03 13:00:00,13,33_64,413.99,2026-09-19T06:34:53.854728+00:00,/root/rivermind-data/electricity_forecast_model2.5/data/96/authoritative/pmos_96_全量.csv
dayahead,2026-08-03,2026-08-03,51,2026-08-03 12:45:00,13,33_64,412.28,2026-09-19T06:34:53.854728+00:00,/root/rivermind-data/electricity_forecast_model2.5/data/96/authoritative/pmos_96_全量.csv
dayahead,2026-08-03,2026-08-03,96,2026-08-04 00:00:00,24,65_96,558.55,2026-09-19T06:34:53.854728+00:00,/root/rivermind-data/electricity_forecast_model2.5/data/96/authoritative/pmos_96_全量.csv
dayahead,2026-08-03,2026-08-03,67,2026-08-03 16:45:00,17,65_96,532.21,2026-09-19T06:34:53.854728+00:00,/root/rivermind-data/electricity_forecast_model2.5/data/96/authoritative/pmos_96_全量.csv
dayahead,2026-08-03,2026-08-03,21,2026-08-03 05:15:00,6,1_32,514.0,2026-09-19T06:34:53.854728+00:00,/root/rivermind-data/electricity_forecast_model2.5/data/96/authoritative/pmos_96_全量.csv
dayahead,2026-08-03,2026-08-03,36,2026-08-03 09:00:00,9,33_64,373.61,2026-09-19T06:34:53.854728+00:00,/root/rivermind-data/electricity_forecast_model2.5/data/96/authoritative/pmos_96_全量.csv
dayahead,2026-08-03,2026-08-03,1,2026-08-03 00:15:00,1,1_32,541.72,2026-09-19T06:34:53.854728+00:00,/root/rivermind-data/electricity_forecast_model2.5/data/96/authoritative/pmos_96_全量.csv
dayahead,2026-08-13,2026-08-13,51,2026-08-13 12:45:00,13,33_64,350.0,2026-09-19T06:34:53.854728+00:00,/root/rivermind-data/electricity_forecast_model2.5/data/96/authoritative/pmos_96_全量.csv
dayahead,2026-08-12,2026-08-12,86,2026-08-12 21:30:00,22,65_96,359.83,2026-09-19T06:34:53.854728+00:00,/root/rivermind-data/electricity_forecast_model2.5/data/96/authoritative/pmos_96_全量.csv
dayahead,2026-08-13,2026-08-13,1,2026-08-13 00:15:00,1,1_32,374.0,2026-09-19T06:34:53.854728+00:00,/root/rivermind-data/electricity_forecast_model2.5/data/96/authoritative/pmos_96_全量.csv
dayahead,2026-08-12,2026-08-12,45,2026-08-12 11:15:00,12,33_64,680.97,2026-09-19T06:34:53.854728+00:00,/root/rivermind-data/electricity_forecast_model2.5/data/96/authoritative/pmos_96_全量.csv
dayahead,2026-08-13,2026-08-13,92,2026-08-13 23:00:00,23,65_96,375.0,2026-09-19T06:34:53.854728+00:00,/root/rivermind-data/electricity_forecast_model2.5/data/96/authoritative/pmos_96_全量.csv
dayahead,2026-08-13,2026-08-13,8,2026-08-13 02:00:00,2,1_32,375.0,2026-09-19T06:34:53.854728+00:00,/root/rivermind-data/electricity_forecast_model2.5/data/96/authoritative/pmos_96_全量.csv
dayahead,2026-08-13,2026-08-13,96,2026-08-14 00:00:00,24,65_96,375.0,2026-09-19T06:34:53.854728+00:00,/root/rivermind-data/electricity_forecast_model2.5/data/96/authoritative/pmos_96_全量.csv
dayahead,2026-08-13,2026-08-13,55,2026-08-13 13:45:00,14,33_64,351.0,2026-09-19T06:34:53.854728+00:00,/root/rivermind-data/electricity_forecast_model2.5/data/96/authoritative/pmos_96_全量.csv
dayahead,2026-08-12,2026-08-12,23,2026-08-12 05:45:00,6,1_32,362.75,2026-09-19T06:34:53.854728+00:00,/root/rivermind-data/electricity_forecast_model2.5/data/96/authoritative/pmos_96_全量.csv
dayahead,2026-08-12,2026-08-12,9,2026-08-12 02:15:00,3,1_32,375.0,2026-09-19T06:34:53.854728+00:00,/root/rivermind-data/electricity_forecast_model2.5/data/96/authoritative/pmos_96_全量.csv
dayahead,2026-08-09,2026-08-09,57,2026-08-09 14:15:00,15,33_64,107.52,2026-09-19T06:34:53.854728+00:00,/root/rivermind-data/electricity_forecast_model2.5/data/96/authoritative/pmos_96_全量.csv
dayahead,2026-08-10,2026-08-10,77,2026-08-10 19:15:00,20,65_96,381.78,2026-09-19T06:34:53.854728+00:00,/root/rivermind-data/electricity_forecast_model2.5/data/96/authoritative/pmos_96_全量.csv
dayahead,2026-08-13,2026-08-13,23,2026-08-13 05:45:00,6,1_32,368.0,2026-09-19T06:34:53.854728+00:00,/root/rivermind-data/electricity_forecast_model2.5/data/96/authoritative/pmos_96_全量.csv
dayahead,2026-08-13,2026-08-13,40,2026-08-13 10:00:00,10,33_64,359.0,2026-09-19T06:34:53.854728+00:00,/root/rivermind-data/electricity_forecast_model2.5/data/96/authoritative/pmos_96_全量.csv
dayahead,2026-08-13,2026-08-13,83,2026-08-13 20:45:00,21,65_96,374.0,2026-09-19T06:34:53.854728+00:00,/root/rivermind-data/electricity_forecast_model2.5/data/96/authoritative/pmos_96_全量.csv
dayahead,2026-08-13,2026-08-13,41,2026-08-13 10:15:00,11,33_64,358.6,2026-09-19T06:34:53.854728+00:00,/root/rivermind-data/electricity_forecast_model2.5/data/96/authoritative/pmos_96_全量.csv
dayahead,2026-08-09,2026-08-09,1,2026-08-09 00:15:00,1,1_32,367.33,2026-09-19T06:34:53.854728+00:00,/root/rivermind-data/electricity_forecast_model2.5/data/96/authoritative/pmos_96_全量.csv
dayahead,2026-08-13,2026-08-13,82,2026-08-13 20:30:00,21,65_96,375.0,2026-09-19T06:34:53.854728+00:00,/root/rivermind-data/electricity_forecast_model2.5/data/96/authoritative/pmos_96_全量.csv
dayahead,2026-08-13,2026-08-13,6,2026-08-13 01:30:00,2,1_32,382.09,2026-09-19T06:34:53.854728+00:00,/root/rivermind-data/electricity_forecast_model2.5/data/96/authoritative/pmos_96_全量.csv
dayahead,2026-08-12,2026-08-12,21,2026-08-12 05:15:00,6,1_32,365.0,2026-09-19T06:34:53.854728+00:00,/root/rivermind-data/electricity_forecast_model2.5/data/96/authoritative/pmos_96_全量.csv
dayahead,2026-08-13,2026-08-13,48,2026-08-13 12:00:00,12,33_64,350.0,2026-09-19T06:34:53.854728+00:00,/root/rivermind-data/electricity_forecast_model2.5/data/96/authoritative/pmos_96_全量.csv
dayahead,2026-08-13,2026-08-13,89,2026-08-13 22:15:00,23,65_96,376.0,2026-09-19T06:34:53.854728+00:00,/root/rivermind-data/electricity_forecast_model2.5/data/96/authoritative/pmos_96_全量.csv
dayahead,2026-08-13,2026-08-13,86,2026-08-13 21:30:00,22,65_96,373.0,2026-09-19T06:34:53.854728+00:00,/root/rivermind-data/electricity_forecast_model2.5/data/96/authoritative/pmos_96_全量.csv
dayahead,2026-08-13,2026-08-13,54,2026-08-13 13:30:00,14,33_64,350.0,2026-09-19T06:34:53.854728+00:00,/root/rivermind-data/electricity_forecast_model2.5/data/96/authoritative/pmos_96_全量.csv
dayahead,2026-08-08,2026-08-08,12,2026-08-08 03:00:00,3,1_32,357.0,2026-09-19T06:34:53.854728+00:00,/root/rivermind-data/electricity_forecast_model2.5/data/96/authoritative/pmos_96_全量.csv
dayahead,2026-08-11,2026-08-11,52,2026-08-11 13:00:00,13,33_64,397.8,2026-09-19T06:34:53.854728+00:00,/root/rivermind-data/electricity_forecast_model2.5/data/96/authoritative/pmos_96_全量.csv
dayahead,2026-08-11,2026-08-11,80,2026-08-11 20:00:00,20,65_96,372.6,2026-09-19T06:34:53.854728+00:00,/root/rivermind-data/electricity_forecast_model2.5/data/96/authoritative/pmos_96_全量.csv
dayahead,2026-08-09,2026-08-09,10,2026-08-09 02:30:00,3,1_32,368.37,2026-09-19T06:34:53.854728+00:00,/root/rivermind-data/electricity_forecast_model2.5/data/96/authoritative/pmos_96_全量.csv
dayahead,2026-08-11,2026-08-11,30,2026-08-11 07:30:00,8,1_32,351.96,2026-09-19T06:34:53.854728+00:00,/root/rivermind-data/electricity_forecast_model2.5/data/96/authoritative/pmos_96_全量.csv
dayahead,2026-08-12,2026-08-12,20,2026-08-12 05:00:00,5,1_32,362.5,2026-09-19T06:34:53.854728+00:00,/root/rivermind-data/electricity_forecast_model2.5/data/96/authoritative/pmos_96_全量.csv
dayahead,2026-08-13,2026-08-13,94,2026-08-13 23:30:00,24,65_96,380.0,2026-09-19T06:34:53.854728+00:00,/root/rivermind-data/electricity_forecast_model2.5/data/96/authoritative/pmos_96_全量.csv
dayahead,2026-08-12,2026-08-12,4,2026-08-12 01:00:00,1,1_32,370.0,2026-09-19T06:34:53.854728+00:00,/root/rivermind-data/electricity_forecast_model2.5/data/96/authoritative/pmos_96_全量.csv
dayahead,2026-08-10,2026-08-10,3,2026-08-10 00:45:00,1,1_32,376.67,2026-09-19T06:34:53.854728+00:00,/root/rivermind-data/electricity_forecast_model2.5/data/96/authoritative/pmos_96_全量.csv
dayahead,2026-08-03,2026-08-03,68,2026-08-03 17:00:00,17,65_96,955.84,2026-09-19T06:34:53.854728+00:00,/root/rivermind-data/electricity_forecast_model2.5/data/96/authoritative/pmos_96_全量.csv
dayahead,2026-08-12,2026-08-12,15,2026-08-12 03:45:00,4,1_32,365.0,2026-09-19T06:34:53.854728+00:00,/root/rivermind-data/electricity_forecast_model2.5/data/96/authoritative/pmos_96_全量.csv
dayahead,2026-08-12,2026-08-12,2,2026-08-12 00:30:00,1,1_32,373.33,2026-09-19T06:34:53.854728+00:00,/root/rivermind-data/electricity_forecast_model2.5/data/96/authoritative/pmos_96_全量.csv
dayahead,2026-08-13,2026-08-13,73,2026-08-13 18:15:00,19,65_96,370.0,2026-09-19T06:34:53.854728+00:00,/root/rivermind-data/electricity_forecast_model2.5/data/96/authoritative/pmos_96_全量.csv
dayahead,2026-08-12,2026-08-12,56,2026-08-12 14:00:00,14,33_64,362.4,2026-09-19T06:34:53.854728+00:00,/root/rivermind-data/electricity_forecast_model2.5/data/96/authoritative/pmos_96_全量.csv
dayahead,2026-08-12,2026-08-12,13,2026-08-12 03:15:00,4,1_32,368.13,2026-09-19T06:34:53.854728+00:00,/root/rivermind-data/electricity_forecast_model2.5/data/96/authoritative/pmos_96_全量.csv
dayahead,2026-08-13,2026-08-13,7,2026-08-13 01:45:00,2,1_32,379.0,2026-09-19T06:34:53.854728+00:00,/root/rivermind-data/electricity_forecast_model2.5/data/96/authoritative/pmos_96_全量.csv
dayahead,2026-08-09,2026-08-09,88,2026-08-09 22:00:00,22,65_96,405.3,2026-09-19T06:34:53.854728+00:00,/root/rivermind-data/electricity_forecast_model2.5/data/96/authoritative/pmos_96_全量.csv
dayahead,2026-08-09,2026-08-09,80,2026-08-09 20:00:00,20,65_96,405.14,2026-09-19T06:34:53.854728+00:00,/root/rivermind-data/electricity_forecast_model2.5/data/96/authoritative/pmos_96_全量.csv
dayahead,2026-08-13,2026-08-13,53,2026-08-13 13:15:00,14,33_64,350.0,2026-09-19T06:34:53.854728+00:00,/root/rivermind-data/electricity_forecast_model2.5/data/96/authoritative/pmos_96_全量.csv
dayahead,2026-08-13,2026-08-13,32,2026-08-13 08:00:00,8,1_32,362.0,2026-09-19T06:34:53.854728+00:00,/root/rivermind-data/electricity_forecast_model2.5/data/96/authoritative/pmos_96_全量.csv
dayahead,2026-08-13,2026-08-13,62,2026-08-13 15:30:00,16,33_64,746.24,2026-09-19T06:34:53.854728+00:00,/root/rivermind-data/electricity_forecast_model2.5/data/96/authoritative/pmos_96_全量.csv
dayahead,2026-08-13,2026-08-13,91,2026-08-13 22:45:00,23,65_96,375.0,2026-09-19T06:34:53.854728+00:00,/root/rivermind-data/electricity_forecast_model2.5/data/96/authoritative/pmos_96_全量.csv
dayahead,2026-08-12,2026-08-12,38,2026-08-12 09:30:00,10,33_64,361.63,2026-09-19T06:34:53.854728+00:00,/root/rivermind-data/electricity_forecast_model2.5/data/96/authoritative/pmos_96_全量.csv
dayahead,2026-08-09,2026-08-09,31,2026-08-09 07:45:00,8,1_32,89.08,2026-09-19T06:34:53.854728+00:00,/root/rivermind-data/electricity_forecast_model2.5/data/96/authoritative/pmos_96_全量.csv
dayahead,2026-08-09,2026-08-09,7,2026-08-09 01:45:00,2,1_32,377.0,2026-09-19T06:34:53.854728+00:00,/root/rivermind-data/electricity_forecast_model2.5/data/96/authoritative/pmos_96_全量.csv
dayahead,2026-08-08,2026-08-08,40,2026-08-08 10:00:00,10,33_64,-5.96,2026-09-19T06:34:53.854728+00:00,/root/rivermind-data/electricity_forecast_model2.5/data/96/authoritative/pmos_96_全量.csv
dayahead,2026-08-08,2026-08-08,41,2026-08-08 10:15:00,11,33_64,-5.81,2026-09-19T06:34:53.854728+00:00,/root/rivermind-data/electricity_forecast_model2.5/data/96/authoritative/pmos_96_全量.csv
dayahead,2026-08-08,2026-08-08,48,2026-08-08 12:00:00,12,33_64,-7.28,2026-09-19T06:34:53.854728+00:00,/root/rivermind-data/electricity_forecast_model2.5/data/96/authoritative/pmos_96_全量.csv
dayahead,2026-08-11,2026-08-11,67,2026-08-11 16:45:00,17,65_96,368.33,2026-09-19T06:34:53.854728+00:00,/root/rivermind-data/electricity_forecast_model2.5/data/96/authoritative/pmos_96_全量.csv
dayahead,2026-08-08,2026-08-08,23,2026-08-08 05:45:00,6,1_32,351.67,2026-09-19T06:34:53.854728+00:00,/root/rivermind-data/electricity_forecast_model2.5/data/96/authoritative/pmos_96_全量.csv
dayahead,2026-08-11,2026-08-11,21,2026-08-11 05:15:00,6,1_32,360.89,2026-09-19T06:34:53.854728+00:00,/root/rivermind-data/electricity_forecast_model2.5/data/96/authoritative/pmos_96_全量.csv
dayahead,2026-08-08,2026-08-08,13,2026-08-08 03:15:00,4,1_32,356.5,2026-09-19T06:34:53.854728+00:00,/root/rivermind-data/electricity_forecast_model2.5/data/96/authoritative/pmos_96_全量.csv
dayahead,2026-08-10,2026-08-10,29,2026-08-10 07:15:00,8,1_32,347.89,2026-09-19T06:34:53.854728+00:00,/root/rivermind-data/electricity_forecast_model2.5/data/96/authoritative/pmos_96_全量.csv
dayahead,2026-08-08,2026-08-08,1,2026-08-08 00:15:00,1,1_32,358.0,2026-09-19T06:34:53.854728+00:00,/root/rivermind-data/electricity_forecast_model2.5/data/96/authoritative/pmos_96_全量.csv
dayahead,2026-08-09,2026-08-09,28,2026-08-09 07:00:00,7,1_32,320.96,2026-09-19T06:34:53.854728+00:00,/root/rivermind-data/electricity_forecast_model2.5/data/96/authoritative/pmos_96_全量.csv
dayahead,2026-08-08,2026-08-08,22,2026-08-08 05:30:00,6,1_32,353.33,2026-09-19T06:34:53.854728+00:00,/root/rivermind-data/electricity_forecast_model2.5/data/96/authoritative/pmos_96_全量.csv
dayahead,2026-08-08,2026-08-08,28,2026-08-08 07:00:00,7,1_32,325.91,2026-09-19T06:34:53.854728+00:00,/root/rivermind-data/electricity_forecast_model2.5/data/96/authoritative/pmos_96_全量.csv
dayahead,2026-08-09,2026-08-09,36,2026-08-09 09:00:00,9,33_64,20.91,2026-09-19T06:34:53.854728+00:00,/root/rivermind-data/electricity_forecast_model2.5/data/96/authoritative/pmos_96_全量.csv
dayahead,2026-08-11,2026-08-11,68,2026-08-11 17:00:00,17,65_96,366.0,2026-09-19T06:34:53.854728+00:00,/root/rivermind-data/electricity_forecast_model2.5/data/96/authoritative/pmos_96_全量.csv
dayahead,2026-08-10,2026-08-10,63,2026-08-10 15:45:00,16,33_64,693.43,2026-09-19T06:34:53.854728+00:00,/root/rivermind-data/electricity_forecast_model2.5/data/96/authoritative/pmos_96_全量.csv
dayahead,2026-08-08,2026-08-08,38,2026-08-08 09:30:00,10,33_64,-5.82,2026-09-19T06:34:53.854728+00:00,/root/rivermind-data/electricity_forecast_model2.5/data/96/authoritative/pmos_96_全量.csv
dayahead,2026-07-22,2026-07-22,68,2026-07-22 17:00:00,17,65_96,473.0,2026-09-19T06:34:53.854728+00:00,/root/rivermind-data/electricity_forecast_model2.5/data/96/authoritative/pmos_96_全量.csv
dayahead,2026-08-10,2026-08-10,66,2026-08-10 16:30:00,17,65_96,693.06,2026-09-19T06:34:53.854728+00:00,/root/rivermind-data/electricity_forecast_model2.5/data/96/authoritative/pmos_96_全量.csv
dayahead,2026-08-10,2026-08-10,92,2026-08-10 23:00:00,23,65_96,370.0,2026-09-19T06:34:53.854728+00:00,/root/rivermind-data/electricity_forecast_model2.5/data/96/authoritative/pmos_96_全量.csv
dayahead,2026-08-08,2026-08-08,25,2026-08-08 06:15:00,7,1_32,343.72,2026-09-19T06:34:53.854728+00:00,/root/rivermind-data/electricity_forecast_model2.5/data/96/authoritative/pmos_96_全量.csv
dayahead,2026-08-10,2026-08-10,68,2026-08-10 17:00:00,17,65_96,690.23,2026-09-19T06:34:53.854728+00:00,/root/rivermind-data/electricity_forecast_model2.5/data/96/authoritative/pmos_96_全量.csv
dayahead,2026-08-10,2026-08-10,73,2026-08-10 18:15:00,19,65_96,379.7,2026-09-19T06:34:53.854728+00:00,/root/rivermind-data/electricity_forecast_model2.5/data/96/authoritative/pmos_96_全量.csv
dayahead,2026-08-10,2026-08-10,96,2026-08-11 00:00:00,24,65_96,368.5,2026-09-19T06:34:53.854728+00:00,/root/rivermind-data/electricity_forecast_model2.5/data/96/authoritative/pmos_96_全量.csv
dayahead,2026-08-09,2026-08-09,29,2026-08-09 07:15:00,8,1_32,328.15,2026-09-19T06:34:53.854728+00:00,/root/rivermind-data/electricity_forecast_model2.5/data/96/authoritative/pmos_96_全量.csv
dayahead,2026-08-13,2026-08-13,50,2026-08-13 12:30:00,13,33_64,350.0,2026-09-19T06:34:53.854728+00:00,/root/rivermind-data/electricity_forecast_model2.5/data/96/authoritative/pmos_96_全量.csv
dayahead,2026-08-09,2026-08-09,46,2026-08-09 11:30:00,12,33_64,17.72,2026-09-19T06:34:53.854728+00:00,/root/rivermind-data/electricity_forecast_model2.5/data/96/authoritative/pmos_96_全量.csv
dayahead,2026-08-09,2026-08-09,15,2026-08-09 03:45:00,4,1_32,362.37,2026-09-19T06:34:53.854728+00:00,/root/rivermind-data/electricity_forecast_model2.5/data/96/authoritative/pmos_96_全量.csv
dayahead,2026-08-10,2026-08-10,53,2026-08-10 13:15:00,14,33_64,330.95,2026-09-19T06:34:53.854728+00:00,/root/rivermind-data/electricity_forecast_model2.5/data/96/authoritative/pmos_96_全量.csv
dayahead,2026-08-09,2026-08-09,81,2026-08-09 20:15:00,21,65_96,405.05,2026-09-19T06:34:53.854728+00:00,/root/rivermind-data/electricity_forecast_model2.5/data/96/authoritative/pmos_96_全量.csv
dayahead,2026-08-09,2026-08-09,52,2026-08-09 13:00:00,13,33_64,17.77,2026-09-19T06:34:53.854728+00:00,/root/rivermind-data/electricity_forecast_model2.5/data/96/authoritative/pmos_96_全量.csv
dayahead,2026-08-10,2026-08-10,72,2026-08-10 18:00:00,18,65_96,379.71,2026-09-19T06:34:53.854728+00:00,/root/rivermind-data/electricity_forecast_model2.5/data/96/authoritative/pmos_96_全量.csv
dayahead,2026-08-08,2026-08-08,2,2026-08-08 00:30:00,1,1_32,359.0,2026-09-19T06:34:53.854728+00:00,/root/rivermind-data/electricity_forecast_model2.5/data/96/authoritative/pmos_96_全量.csv
dayahead,2026-08-10,2026-08-10,91,2026-08-10 22:45:00,23,65_96,371.54,2026-09-19T06:34:53.854728+00:00,/root/rivermind-data/electricity_forecast_model2.5/data/96/authoritative/pmos_96_全量.csv
dayahead,2026-08-08,2026-08-08,46,2026-08-08 11:30:00,12,33_64,-6.08,2026-09-19T06:34:53.854728+00:00,/root/rivermind-data/electricity_forecast_model2.5/data/96/authoritative/pmos_96_全量.csv
dayahead,2026-08-13,2026-08-13,31,2026-08-13 07:45:00,8,1_32,361.0,2026-09-19T06:34:53.854728+00:00,/root/rivermind-data/electricity_forecast_model2.5/data/96/authoritative/pmos_96_全量.csv
dayahead,2026-08-08,2026-08-08,5,2026-08-08 01:15:00,2,1_32,378.0,2026-09-19T06:34:53.854728+00:00,/root/rivermind-data/electricity_forecast_model2.5/data/96/authoritative/pmos_96_全量.csv
dayahead,2026-08-08,2026-08-08,31,2026-08-08 07:45:00,8,1_32,243.16,2026-09-19T06:34:53.854728+00:00,/root/rivermind-data/electricity_forecast_model2.5/data/96/authoritative/pmos_96_全量.csv
dayahead,2026-08-10,2026-08-10,86,2026-08-10 21:30:00,22,65_96,375.88,2026-09-19T06:34:53.854728+00:00,/root/rivermind-data/electricity_forecast_model2.5/data/96/authoritative/pmos_96_全量.csv
dayahead,2026-08-08,2026-08-08,3,2026-08-08 00:45:00,1,1_32,359.0,2026-09-19T06:34:53.854728+00:00,/root/rivermind-data/electricity_forecast_model2.5/data/96/authoritative/pmos_96_全量.csv
dayahead,2026-08-08,2026-08-08,21,2026-08-08 05:15:00,6,1_32,354.0,2026-09-19T06:34:53.854728+00:00,/root/rivermind-data/electricity_forecast_model2.5/data/96/authoritative/pmos_96_全量.csv
dayahead,2026-08-08,2026-08-08,15,2026-08-08 03:45:00,4,1_32,354.32,2026-09-19T06:34:53.854728+00:00,/root/rivermind-data/electricity_forecast_model2.5/data/96/authoritative/pmos_96_全量.csv
dayahead,2026-08-09,2026-08-09,91,2026-08-09 22:45:00,23,65_96,405.28,2026-09-19T06:34:53.854728+00:00,/root/rivermind-data/electricity_forecast_model2.5/data/96/authoritative/pmos_96_全量.csv
dayahead,2026-08-09,2026-08-09,93,2026-08-09 23:15:00,24,65_96,451.0,2026-09-19T06:34:53.854728+00:00,/root/rivermind-data/electricity_forecast_model2.5/data/96/authoritative/pmos_96_全量.csv
dayahead,2026-08-12,2026-08-12,28,2026-08-12 07:00:00,7,1_32,353.33,2026-09-19T06:34:53.854728+00:00,/root/rivermind-data/electricity_forecast_model2.5/data/96/authoritative/pmos_96_全量.csv
dayahead,2026-08-09,2026-08-09,56,2026-08-09 14:00:00,14,33_64,28.45,2026-09-19T06:34:53.854728+00:00,/root/rivermind-data/electricity_forecast_model2.5/data/96/authoritative/pmos_96_全量.csv
dayahead,2026-08-11,2026-08-11,5,2026-08-11 01:15:00,2,1_32,1500.0,2026-09-19T06:34:53.854728+00:00,/root/rivermind-data/electricity_forecast_model2.5/data/96/authoritative/pmos_96_全量.csv
dayahead,2026-08-08,2026-08-08,30,2026-08-08 07:30:00,8,1_32,291.39,2026-09-19T06:34:53.854728+00:00,/root/rivermind-data/electricity_forecast_model2.5/data/96/authoritative/pmos_96_全量.csv
dayahead,2026-08-11,2026-08-11,87,2026-08-11 21:45:00,22,65_96,371.88,2026-09-19T06:34:53.854728+00:00,/root/rivermind-data/electricity_forecast_model2.5/data/96/authoritative/pmos_96_全量.csv
dayahead,2026-08-12,2026-08-12,54,2026-08-12 13:30:00,14,33_64,358.0,2026-09-19T06:34:53.854728+00:00,/root/rivermind-data/electricity_forecast_model2.5/data/96/authoritative/pmos_96_全量.csv
dayahead,2026-08-09,2026-08-09,50,2026-08-09 12:30:00,13,33_64,17.74,2026-09-19T06:34:53.854728+00:00,/root/rivermind-data/electricity_forecast_model2.5/data/96/authoritative/pmos_96_全量.csv
dayahead,2026-08-09,2026-08-09,90,2026-08-09 22:30:00,23,65_96,405.25,2026-09-19T06:34:53.854728+00:00,/root/rivermind-data/electricity_forecast_model2.5/data/96/authoritative/pmos_96_全量.csv
dayahead,2026-08-08,2026-08-08,84,2026-08-08 21:00:00,21,65_96,400.56,2026-09-19T06:34:53.854728+00:00,/root/rivermind-data/electricity_forecast_model2.5/data/96/authoritative/pmos_96_全量.csv
dayahead,2026-08-11,2026-08-11,22,2026-08-11 05:30:00,6,1_32,359.37,2026-09-19T06:34:53.854728+00:00,/root/rivermind-data/electricity_forecast_model2.5/data/96/authoritative/pmos_96_全量.csv
dayahead,2026-08-09,2026-08-09,65,2026-08-09 16:15:00,17,65_96,357.9,2026-09-19T06:34:53.854728+00:00,/root/rivermind-data/electricity_forecast_model2.5/data/96/authoritative/pmos_96_全量.csv
dayahead,2026-08-09,2026-08-09,76,2026-08-09 19:00:00,19,65_96,404.77,2026-09-19T06:34:53.854728+00:00,/root/rivermind-data/electricity_forecast_model2.5/data/96/authoritative/pmos_96_全量.csv
dayahead,2026-08-09,2026-08-09,71,2026-08-09 17:45:00,18,65_96,405.11,2026-09-19T06:34:53.854728+00:00,/root/rivermind-data/electricity_forecast_model2.5/data/96/authoritative/pmos_96_全量.csv
dayahead,2026-08-11,2026-08-11,81,2026-08-11 20:15:00,21,65_96,372.74,2026-09-19T06:34:53.854728+00:00,/root/rivermind-data/electricity_forecast_model2.5/data/96/authoritative/pmos_96_全量.csv
dayahead,2026-08-02,2026-08-02,60,2026-08-02 15:00:00,15,33_64,328.27,2026-09-19T06:34:53.854728+00:00,/root/rivermind-data/electricity_forecast_model2.5/data/96/authoritative/pmos_96_全量.csv
dayahead,2026-08-09,2026-08-09,87,2026-08-09 21:45:00,22,65_96,405.28,2026-09-19T06:34:53.854728+00:00,/root/rivermind-data/electricity_forecast_model2.5/data/96/authoritative/pmos_96_全量.csv
dayahead,2026-08-09,2026-08-09,86,2026-08-09 21:30:00,22,65_96,405.19,2026-09-19T06:34:53.854728+00:00,/root/rivermind-data/electricity_forecast_model2.5/data/96/authoritative/pmos_96_全量.csv
dayahead,2026-08-11,2026-08-11,7,2026-08-11 01:45:00,2,1_32,378.05,2026-09-19T06:34:53.854728+00:00,/root/rivermind-data/electricity_forecast_model2.5/data/96/authoritative/pmos_96_全量.csv
dayahead,2026-08-09,2026-08-09,92,2026-08-09 23:00:00,23,65_96,380.0,2026-09-19T06:34:53.854728+00:00,/root/rivermind-data/electricity_forecast_model2.5/data/96/authoritative/pmos_96_全量.csv
dayahead,2026-08-09,2026-08-09,83,2026-08-09 20:45:00,21,65_96,405.08,2026-09-19T06:34:53.854728+00:00,/root/rivermind-data/electricity_forecast_model2.5/data/96/authoritative/pmos_96_全量.csv
dayahead,2026-08-10,2026-08-10,74,2026-08-10 18:30:00,19,65_96,380.5,2026-09-19T06:34:53.854728+00:00,/root/rivermind-data/electricity_forecast_model2.5/data/96/authoritative/pmos_96_全量.csv
dayahead,2026-08-08,2026-08-08,17,2026-08-08 04:15:00,5,1_32,353.01,2026-09-19T06:34:53.854728+00:00,/root/rivermind-data/electricity_forecast_model2.5/data/96/authoritative/pmos_96_全量.csv
dayahead,2026-08-10,2026-08-10,56,2026-08-10 14:00:00,14,33_64,690.03,2026-09-19T06:34:53.854728+00:00,/root/rivermind-data/electricity_forecast_model2.5/data/96/authoritative/pmos_96_全量.csv
dayahead,2026-08-08,2026-08-08,27,2026-08-08 06:45:00,7,1_32,328.94,2026-09-19T06:34:53.854728+00:00,/root/rivermind-data/electricity_forecast_model2.5/data/96/authoritative/pmos_96_全量.csv
dayahead,2026-08-11,2026-08-11,19,2026-08-11 04:45:00,5,1_32,357.68,2026-09-19T06:34:53.854728+00:00,/root/rivermind-data/electricity_forecast_model2.5/data/96/authoritative/pmos_96_全量.csv
dayahead,2026-08-09,2026-08-09,27,2026-08-09 06:45:00,7,1_32,338.0,2026-09-19T06:34:53.854728+00:00,/root/rivermind-data/electricity_forecast_model2.5/data/96/authoritative/pmos_96_全量.csv
dayahead,2026-08-08,2026-08-08,7,2026-08-08 01:45:00,2,1_32,368.0,2026-09-19T06:34:53.854728+00:00,/root/rivermind-data/electricity_forecast_model2.5/data/96/authoritative/pmos_96_全量.csv
dayahead,2026-08-08,2026-08-08,33,2026-08-08 08:15:00,9,33_64,146.37,2026-09-19T06:34:53.854728+00:00,/root/rivermind-data/electricity_forecast_model2.5/data/96/authoritative/pmos_96_全量.csv
dayahead,2026-08-09,2026-08-09,89,2026-08-09 22:15:00,23,65_96,405.28,2026-09-19T06:34:53.854728+00:00,/root/rivermind-data/electricity_forecast_model2.5/data/96/authoritative/pmos_96_全量.csv
dayahead,2026-08-08,2026-08-08,10,2026-08-08 02:30:00,3,1_32,359.0,2026-09-19T06:34:53.854728+00:00,/root/rivermind-data/electricity_forecast_model2.5/data/96/authoritative/pmos_96_全量.csv
dayahead,2026-08-08,2026-08-08,26,2026-08-08 06:30:00,7,1_32,336.0,2026-09-19T06:34:53.854728+00:00,/root/rivermind-data/electricity_forecast_model2.5/data/96/authoritative/pmos_96_全量.csv
dayahead,2026-08-09,2026-08-09,94,2026-08-09 23:30:00,24,65_96,385.0,2026-09-19T06:34:53.854728+00:00,/root/rivermind-data/electricity_forecast_model2.5/data/96/authoritative/pmos_96_全量.csv
dayahead,2026-08-10,2026-08-10,61,2026-08-10 15:15:00,16,33_64,693.11,2026-09-19T06:34:53.854728+00:00,/root/rivermind-data/electricity_forecast_model2.5/data/96/authoritative/pmos_96_全量.csv
dayahead,2026-08-09,2026-08-09,67,2026-08-09 16:45:00,17,65_96,363.87,2026-09-19T06:34:53.854728+00:00,/root/rivermind-data/electricity_forecast_model2.5/data/96/authoritative/pmos_96_全量.csv
dayahead,2026-08-10,2026-08-10,90,2026-08-10 22:30:00,23,65_96,373.73,2026-09-19T06:34:53.854728+00:00,/root/rivermind-data/electricity_forecast_model2.5/data/96/authoritative/pmos_96_全量.csv
dayahead,2026-08-10,2026-08-10,30,2026-08-10 07:30:00,8,1_32,344.0,2026-09-19T06:34:53.854728+00:00,/root/rivermind-data/electricity_forecast_model2.5/data/96/authoritative/pmos_96_全量.csv
dayahead,2026-08-08,2026-08-08,37,2026-08-08 09:15:00,10,33_64,-5.62,2026-09-19T06:34:53.854728+00:00,/root/rivermind-data/electricity_forecast_model2.5/data/96/authoritative/pmos_96_全量.csv
dayahead,2026-08-10,2026-08-10,58,2026-08-10 14:30:00,15,33_64,693.0,2026-09-19T06:34:53.854728+00:00,/root/rivermind-data/electricity_forecast_model2.5/data/96/authoritative/pmos_96_全量.csv
dayahead,2026-08-09,2026-08-09,95,2026-08-09 23:45:00,24,65_96,405.28,2026-09-19T06:34:53.854728+00:00,/root/rivermind-data/electricity_forecast_model2.5/data/96/authoritative/pmos_96_全量.csv
dayahead,2026-08-08,2026-08-08,6,2026-08-08 01:30:00,2,1_32,375.0,2026-09-19T06:34:53.854728+00:00,/root/rivermind-data/electricity_forecast_model2.5/data/96/authoritative/pmos_96_全量.csv
dayahead,2026-08-09,2026-08-09,74,2026-08-09 18:30:00,19,65_96,405.0,2026-09-19T06:34:53.854728+00:00,/root/rivermind-data/electricity_forecast_model2.5/data/96/authoritative/pmos_96_全量.csv
dayahead,2026-08-11,2026-08-11,25,2026-08-11 06:15:00,7,1_32,353.0,2026-09-19T06:34:53.854728+00:00,/root/rivermind-data/electricity_forecast_model2.5/data/96/authoritative/pmos_96_全量.csv
dayahead,2026-08-12,2026-08-12,33,2026-08-12 08:15:00,9,33_64,360.0,2026-09-19T06:34:53.854728+00:00,/root/rivermind-data/electricity_forecast_model2.5/data/96/authoritative/pmos_96_全量.csv
dayahead,2026-08-02,2026-08-02,35,2026-08-02 08:45:00,9,33_64,161.92,2026-09-19T06:34:53.854728+00:00,/root/rivermind-data/electricity_forecast_model2.5/data/96/authoritative/pmos_96_全量.csv
dayahead,2026-08-09,2026-08-09,18,2026-08-09 04:30:00,5,1_32,360.11,2026-09-19T06:34:53.854728+00:00,/root/rivermind-data/electricity_forecast_model2.5/data/96/authoritative/pmos_96_全量.csv
dayahead,2026-08-09,2026-08-09,2,2026-08-09 00:30:00,1,1_32,365.73,2026-09-19T06:34:53.854728+00:00,/root/rivermind-data/electricity_forecast_model2.5/data/96/authoritative/pmos_96_全量.csv
dayahead,2026-07-22,2026-07-22,57,2026-07-22 14:15:00,15,33_64,274.58,2026-09-19T06:34:53.854728+00:00,/root/rivermind-data/electricity_forecast_model2.5/data/96/authoritative/pmos_96_全量.csv
dayahead,2026-08-09,2026-08-09,25,2026-08-09 06:15:00,7,1_32,350.88,2026-09-19T06:34:53.854728+00:00,/root/rivermind-data/electricity_forecast_model2.5/data/96/authoritative/pmos_96_全量.csv
dayahead,2026-08-09,2026-08-09,96,2026-08-10 00:00:00,24,65_96,382.63,2026-09-19T06:34:53.854728+00:00,/root/rivermind-data/electricity_forecast_model2.5/data/96/authoritative/pmos_96_全量.csv
dayahead,2026-08-09,2026-08-09,43,2026-08-09 10:45:00,11,33_64,17.75,2026-09-19T06:34:53.854728+00:00,/root/rivermind-data/electricity_forecast_model2.5/data/96/authoritative/pmos_96_全量.csv
dayahead,2026-08-12,2026-08-12,41,2026-08-12 10:15:00,11,33_64,362.0,2026-09-19T06:34:53.854728+00:00,/root/rivermind-data/electricity_forecast_model2.5/data/96/authoritative/pmos_96_全量.csv
dayahead,2026-08-09,2026-08-09,30,2026-08-09 07:30:00,8,1_32,204.53,2026-09-19T06:34:53.854728+00:00,/root/rivermind-data/electricity_forecast_model2.5/data/96/authoritative/pmos_96_全量.csv
dayahead,2026-08-12,2026-08-12,72,2026-08-12 18:00:00,18,65_96,362.0,2026-09-19T06:34:53.854728+00:00,/root/rivermind-data/electricity_forecast_model2.5/data/96/authoritative/pmos_96_全量.csv
dayahead,2026-08-09,2026-08-09,40,2026-08-09 10:00:00,10,33_64,17.7,2026-09-19T06:34:53.854728+00:00,/root/rivermind-data/electricity_forecast_model2.5/data/96/authoritative/pmos_96_全量.csv
dayahead,2026-08-09,2026-08-09,8,2026-08-09 02:00:00,2,1_32,374.11,2026-09-19T06:34:53.854728+00:00,/root/rivermind-data/electricity_forecast_model2.5/data/96/authoritative/pmos_96_全量.csv
dayahead,2026-08-09,2026-08-09,24,2026-08-09 06:00:00,6,1_32,355.95,2026-09-19T06:34:53.854728+00:00,/root/rivermind-data/electricity_forecast_model2.5/data/96/authoritative/pmos_96_全量.csv
dayahead,2026-08-10,2026-08-10,54,2026-08-10 13:30:00,14,33_64,337.54,2026-09-19T06:34:53.854728+00:00,/root/rivermind-data/electricity_forecast_model2.5/data/96/authoritative/pmos_96_全量.csv
dayahead,2026-08-09,2026-08-09,41,2026-08-09 10:15:00,11,33_64,17.82,2026-09-19T06:34:53.854728+00:00,/root/rivermind-data/electricity_forecast_model2.5/data/96/authoritative/pmos_96_全量.csv
dayahead,2026-08-13,2026-08-13,5,2026-08-13 01:15:00,2,1_32,1049.63,2026-09-19T06:34:53.854728+00:00,/root/rivermind-data/electricity_forecast_model2.5/data/96/authoritative/pmos_96_全量.csv
dayahead,2026-08-09,2026-08-09,12,2026-08-09 03:00:00,3,1_32,365.5,2026-09-19T06:34:53.854728+00:00,/root/rivermind-data/electricity_forecast_model2.5/data/96/authoritative/pmos_96_全量.csv
dayahead,2026-08-09,2026-08-09,48,2026-08-09 12:00:00,12,33_64,17.77,2026-09-19T06:34:53.854728+00:00,/root/rivermind-data/electricity_forecast_model2.5/data/96/authoritative/pmos_96_全量.csv
dayahead,2026-08-08,2026-08-08,34,2026-08-08 08:30:00,9,33_64,55.46,2026-09-19T06:34:53.854728+00:00,/root/rivermind-data/electricity_forecast_model2.5/data/96/authoritative/pmos_96_全量.csv
dayahead,2026-08-12,2026-08-12,40,2026-08-12 10:00:00,10,33_64,361.36,2026-09-19T06:34:53.854728+00:00,/root/rivermind-data/electricity_forecast_model2.5/data/96/authoritative/pmos_96_全量.csv
dayahead,2026-08-12,2026-08-12,78,2026-08-12 19:30:00,20,65_96,360.97,2026-09-19T06:34:53.854728+00:00,/root/rivermind-data/electricity_forecast_model2.5/data/96/authoritative/pmos_96_全量.csv
dayahead,2026-08-10,2026-08-10,85,2026-08-10 21:15:00,22,65_96,375.34,2026-09-19T06:34:53.854728+00:00,/root/rivermind-data/electricity_forecast_model2.5/data/96/authoritative/pmos_96_全量.csv
dayahead,2026-08-12,2026-08-12,88,2026-08-12 22:00:00,22,65_96,364.0,2026-09-19T06:34:53.854728+00:00,/root/rivermind-data/electricity_forecast_model2.5/data/96/authoritative/pmos_96_全量.csv
dayahead,2026-07-21,2026-07-21,34,2026-07-21 08:30:00,9,33_64,-61.73,2026-09-19T06:34:53.854728+00:00,/root/rivermind-data/electricity_forecast_model2.5/data/96/authoritative/pmos_96_全量.csv
dayahead,2026-08-12,2026-08-12,27,2026-08-12 06:45:00,7,1_32,354.0,2026-09-19T06:34:53.854728+00:00,/root/rivermind-data/electricity_forecast_model2.5/data/96/authoritative/pmos_96_全量.csv
dayahead,2026-08-12,2026-08-12,91,2026-08-12 22:45:00,23,65_96,364.38,2026-09-19T06:34:53.854728+00:00,/root/rivermind-data/electricity_forecast_model2.5/data/96/authoritative/pmos_96_全量.csv
dayahead,2026-08-12,2026-08-12,10,2026-08-12 02:30:00,3,1_32,373.33,2026-09-19T06:34:53.854728+00:00,/root/rivermind-data/electricity_forecast_model2.5/data/96/authoritative/pmos_96_全量.csv
dayahead,2026-08-11,2026-08-11,65,2026-08-11 16:15:00,17,65_96,370.0,2026-09-19T06:34:53.854728+00:00,/root/rivermind-data/electricity_forecast_model2.5/data/96/authoritative/pmos_96_全量.csv
dayahead,2026-08-12,2026-08-12,75,2026-08-12 18:45:00,19,65_96,360.0,2026-09-19T06:34:53.854728+00:00,/root/rivermind-data/electricity_forecast_model2.5/data/96/authoritative/pmos_96_全量.csv
dayahead,2026-08-09,2026-08-09,16,2026-08-09 04:00:00,4,1_32,361.0,2026-09-19T06:34:53.854728+00:00,/root/rivermind-data/electricity_forecast_model2.5/data/96/authoritative/pmos_96_全量.csv
dayahead,2026-08-12,2026-08-12,7,2026-08-12 01:45:00,2,1_32,378.33,2026-09-19T06:34:53.854728+00:00,/root/rivermind-data/electricity_forecast_model2.5/data/96/authoritative/pmos_96_全量.csv
dayahead,2026-08-12,2026-08-12,12,2026-08-12 03:00:00,3,1_32,370.0,2026-09-19T06:34:53.854728+00:00,/root/rivermind-data/electricity_forecast_model2.5/data/96/authoritative/pmos_96_全量.csv
dayahead,2026-08-12,2026-08-12,35,2026-08-12 08:45:00,9,33_64,360.0,2026-09-19T06:34:53.854728+00:00,/root/rivermind-data/electricity_forecast_model2.5/data/96/authoritative/pmos_96_全量.csv
dayahead,2026-08-13,2026-08-13,59,2026-08-13 14:45:00,15,33_64,633.41,2026-09-19T06:34:53.854728+00:00,/root/rivermind-data/electricity_forecast_model2.5/data/96/authoritative/pmos_96_全量.csv
dayahead,2026-08-12,2026-08-12,34,2026-08-12 08:30:00,9,33_64,362.0,2026-09-19T06:34:53.854728+00:00,/root/rivermind-data/electricity_forecast_model2.5/data/96/authoritative/pmos_96_全量.csv
dayahead,2026-08-12,2026-08-12,47,2026-08-12 11:45:00,12,33_64,358.22,2026-09-19T06:34:53.854728+00:00,/root/rivermind-data/electricity_forecast_model2.5/data/96/authoritative/pmos_96_全量.csv
dayahead,2026-08-13,2026-08-13,93,2026-08-13 23:15:00,24,65_96,634.82,2026-09-19T06:34:53.854728+00:00,/root/rivermind-data/electricity_forecast_model2.5/data/96/authoritative/pmos_96_全量.csv
dayahead,2026-08-10,2026-08-10,18,2026-08-10 04:30:00,5,1_32,364.0,2026-09-19T06:34:53.854728+00:00,/root/rivermind-data/electricity_forecast_model2.5/data/96/authoritative/pmos_96_全量.csv
dayahead,2026-08-12,2026-08-12,39,2026-08-12 09:45:00,10,33_64,356.88,2026-09-19T06:34:53.854728+00:00,/root/rivermind-data/electricity_forecast_model2.5/data/96/authoritative/pmos_96_全量.csv
dayahead,2026-08-10,2026-08-10,84,2026-08-10 21:00:00,21,65_96,376.81,2026-09-19T06:34:53.854728+00:00,/root/rivermind-data/electricity_forecast_model2.5/data/96/authoritative/pmos_96_全量.csv
dayahead,2026-07-22,2026-07-22,51,2026-07-22 12:45:00,13,33_64,187.56,2026-09-19T06:34:53.854728+00:00,/root/rivermind-data/electricity_forecast_model2.5/data/96/authoritative/pmos_96_全量.csv
dayahead,2026-08-09,2026-08-09,39,2026-08-09 09:45:00,10,33_64,17.7,2026-09-19T06:34:53.854728+00:00,/root/rivermind-data/electricity_forecast_model2.5/data/96/authoritative/pmos_96_全量.csv
dayahead,2026-08-09,2026-08-09,47,2026-08-09 11:45:00,12,33_64,17.72,2026-09-19T06:34:53.854728+00:00,/root/rivermind-data/electricity_forecast_model2.5/data/96/authoritative/pmos_96_全量.csv
dayahead,2026-08-08,2026-08-08,19,2026-08-08 04:45:00,5,1_32,352.0,2026-09-19T06:34:53.854728+00:00,/root/rivermind-data/electricity_forecast_model2.5/data/96/authoritative/pmos_96_全量.csv
dayahead,2026-08-09,2026-08-09,79,2026-08-09 19:45:00,20,65_96,404.8,2026-09-19T06:34:53.854728+00:00,/root/rivermind-data/electricity_forecast_model2.5/data/96/authoritative/pmos_96_全量.csv
dayahead,2026-08-13,2026-08-13,63,2026-08-13 15:45:00,16,33_64,754.62,2026-09-19T06:34:53.854728+00:00,/root/rivermind-data/electricity_forecast_model2.5/data/96/authoritative/pmos_96_全量.csv
dayahead,2026-08-12,2026-08-12,5,2026-08-12 01:15:00,2,1_32,690.0,2026-09-19T06:34:53.854728+00:00,/root/rivermind-data/electricity_forecast_model2.5/data/96/authoritative/pmos_96_全量.csv
dayahead,2026-08-10,2026-08-10,25,2026-08-10 06:15:00,7,1_32,357.03,2026-09-19T06:34:53.854728+00:00,/root/rivermind-data/electricity_forecast_model2.5/data/96/authoritative/pmos_96_全量.csv
dayahead,2026-08-13,2026-08-13,37,2026-08-13 09:15:00,10,33_64,361.5,2026-09-19T06:34:53.854728+00:00,/root/rivermind-data/electricity_forecast_model2.5/data/96/authoritative/pmos_96_全量.csv
dayahead,2026-08-10,2026-08-10,55,2026-08-10 13:45:00,14,33_64,340.89,2026-09-19T06:34:53.854728+00:00,/root/rivermind-data/electricity_forecast_model2.5/data/96/authoritative/pmos_96_全量.csv
dayahead,2026-08-08,2026-08-08,18,2026-08-08 04:30:00,5,1_32,351.91,2026-09-19T06:34:53.854728+00:00,/root/rivermind-data/electricity_forecast_model2.5/data/96/authoritative/pmos_96_全量.csv
dayahead,2026-08-10,2026-08-10,60,2026-08-10 15:00:00,15,33_64,693.1,2026-09-19T06:34:53.854728+00:00,/root/rivermind-data/electricity_forecast_model2.5/data/96/authoritative/pmos_96_全量.csv
dayahead,2026-08-09,2026-08-09,78,2026-08-09 19:30:00,20,65_96,405.09,2026-09-19T06:34:53.854728+00:00,/root/rivermind-data/electricity_forecast_model2.5/data/96/authoritative/pmos_96_全量.csv
dayahead,2026-08-10,2026-08-10,59,2026-08-10 14:45:00,15,33_64,693.09,2026-09-19T06:34:53.854728+00:00,/root/rivermind-data/electricity_forecast_model2.5/data/96/authoritative/pmos_96_全量.csv
dayahead,2026-08-11,2026-08-11,36,2026-08-11 09:00:00,9,33_64,356.37,2026-09-19T06:34:53.854728+00:00,/root/rivermind-data/electricity_forecast_model2.5/data/96/authoritative/pmos_96_全量.csv
dayahead,2026-08-10,2026-08-10,94,2026-08-10 23:30:00,24,65_96,378.0,2026-09-19T06:34:53.854728+00:00,/root/rivermind-data/electricity_forecast_model2.5/data/96/authoritative/pmos_96_全量.csv
dayahead,2026-08-10,2026-08-10,67,2026-08-10 16:45:00,17,65_96,693.06,2026-09-19T06:34:53.854728+00:00,/root/rivermind-data/electricity_forecast_model2.5/data/96/authoritative/pmos_96_全量.csv
dayahead,2026-08-11,2026-08-11,96,2026-08-12 00:00:00,24,65_96,370.0,2026-09-19T06:34:53.854728+00:00,/root/rivermind-data/electricity_forecast_model2.5/data/96/authoritative/pmos_96_全量.csv
dayahead,2026-08-09,2026-08-09,33,2026-08-09 08:15:00,9,33_64,44.8,2026-09-19T06:34:53.854728+00:00,/root/rivermind-data/electricity_forecast_model2.5/data/96/authoritative/pmos_96_全量.csv
dayahead,2026-08-09,2026-08-09,9,2026-08-09 02:15:00,3,1_32,368.5,2026-09-19T06:34:53.854728+00:00,/root/rivermind-data/electricity_forecast_model2.5/data/96/authoritative/pmos_96_全量.csv
dayahead,2026-08-09,2026-08-09,34,2026-08-09 08:30:00,9,33_64,27.88,2026-09-19T06:34:53.854728+00:00,/root/rivermind-data/electricity_forecast_model2.5/data/96/authoritative/pmos_96_全量.csv
dayahead,2026-08-09,2026-08-09,35,2026-08-09 08:45:00,9,33_64,22.11,2026-09-19T06:34:53.854728+00:00,/root/rivermind-data/electricity_forecast_model2.5/data/96/authoritative/pmos_96_全量.csv
dayahead,2026-08-10,2026-08-10,62,2026-08-10 15:30:00,16,33_64,693.42,2026-09-19T06:34:53.854728+00:00,/root/rivermind-data/electricity_forecast_model2.5/data/96/authoritative/pmos_96_全量.csv
dayahead,2026-08-09,2026-08-09,6,2026-08-09 01:30:00,2,1_32,381.18,2026-09-19T06:34:53.854728+00:00,/root/rivermind-data/electricity_forecast_model2.5/data/96/authoritative/pmos_96_全量.csv
dayahead,2026-08-11,2026-08-11,34,2026-08-11 08:30:00,9,33_64,356.0,2026-09-19T06:34:53.854728+00:00,/root/rivermind-data/electricity_forecast_model2.5/data/96/authoritative/pmos_96_全量.csv
dayahead,2026-08-13,2026-08-13,3,2026-08-13 00:45:00,1,1_32,371.0,2026-09-19T06:34:53.854728+00:00,/root/rivermind-data/electricity_forecast_model2.5/data/96/authoritative/pmos_96_全量.csv
dayahead,2026-08-09,2026-08-09,77,2026-08-09 19:15:00,20,65_96,405.01,2026-09-19T06:34:53.854728+00:00,/root/rivermind-data/electricity_forecast_model2.5/data/96/authoritative/pmos_96_全量.csv
dayahead,2026-08-09,2026-08-09,73,2026-08-09 18:15:00,19,65_96,405.13,2026-09-19T06:34:53.854728+00:00,/root/rivermind-data/electricity_forecast_model2.5/data/96/authoritative/pmos_96_全量.csv
dayahead,2026-08-13,2026-08-13,45,2026-08-13 11:15:00,12,33_64,355.63,2026-09-19T06:34:53.854728+00:00,/root/rivermind-data/electricity_forecast_model2.5/data/96/authoritative/pmos_96_全量.csv
dayahead,2026-08-09,2026-08-09,22,2026-08-09 05:30:00,6,1_32,362.5,2026-09-19T06:34:53.854728+00:00,/root/rivermind-data/electricity_forecast_model2.5/data/96/authoritative/pmos_96_全量.csv
dayahead,2026-08-10,2026-08-10,10,2026-08-10 02:30:00,3,1_32,375.0,2026-09-19T06:34:53.854728+00:00,/root/rivermind-data/electricity_forecast_model2.5/data/96/authoritative/pmos_96_全量.csv
dayahead,2026-08-10,2026-08-10,93,2026-08-10 23:15:00,24,65_96,536.44,2026-09-19T06:34:53.854728+00:00,/root/rivermind-data/electricity_forecast_model2.5/data/96/authoritative/pmos_96_全量.csv
dayahead,2026-08-12,2026-08-12,22,2026-08-12 05:30:00,6,1_32,365.33,2026-09-19T06:34:53.854728+00:00,/root/rivermind-data/electricity_forecast_model2.5/data/96/authoritative/pmos_96_全量.csv
dayahead,2026-08-08,2026-08-08,85,2026-08-08 21:15:00,22,65_96,400.62,2026-09-19T06:34:53.854728+00:00,/root/rivermind-data/electricity_forecast_model2.5/data/96/authoritative/pmos_96_全量.csv
dayahead,2026-08-08,2026-08-08,16,2026-08-08 04:00:00,4,1_32,353.23,2026-09-19T06:34:53.854728+00:00,/root/rivermind-data/electricity_forecast_model2.5/data/96/authoritative/pmos_96_全量.csv
dayahead,2026-08-10,2026-08-10,69,2026-08-10 17:15:00,18,65_96,1500.0,2026-09-19T06:34:53.854728+00:00,/root/rivermind-data/electricity_forecast_model2.5/data/96/authoritative/pmos_96_全量.csv
dayahead,2026-08-09,2026-08-09,45,2026-08-09 11:15:00,12,33_64,17.73,2026-09-19T06:34:53.854728+00:00,/root/rivermind-data/electricity_forecast_model2.5/data/96/authoritative/pmos_96_全量.csv
dayahead,2026-08-10,2026-08-10,70,2026-08-10 17:30:00,18,65_96,380.4,2026-09-19T06:34:53.854728+00:00,/root/rivermind-data/electricity_forecast_model2.5/data/96/authoritative/pmos_96_全量.csv
dayahead,2026-08-10,2026-08-10,71,2026-08-10 17:45:00,18,65_96,383.08,2026-09-19T06:34:53.854728+00:00,/root/rivermind-data/electricity_forecast_model2.5/data/96/authoritative/pmos_96_全量.csv
dayahead,2026-08-08,2026-08-08,20,2026-08-08 05:00:00,5,1_32,352.0,2026-09-19T06:34:53.854728+00:00,/root/rivermind-data/electricity_forecast_model2.5/data/96/authoritative/pmos_96_全量.csv
dayahead,2026-08-01,2026-08-01,70,2026-08-01 17:30:00,18,65_96,463.0,2026-09-19T06:34:53.854728+00:00,/root/rivermind-data/electricity_forecast_model2.5/data/96/authoritative/pmos_96_全量.csv
dayahead,2026-08-09,2026-08-09,32,2026-08-09 08:00:00,8,1_32,44.54,2026-09-19T06:34:53.854728+00:00,/root/rivermind-data/electricity_forecast_model2.5/data/96/authoritative/pmos_96_全量.csv
dayahead,2026-08-09,2026-08-09,37,2026-08-09 09:15:00,10,33_64,19.7,2026-09-19T06:34:53.854728+00:00,/root/rivermind-data/electricity_forecast_model2.5/data/96/authoritative/pmos_96_全量.csv
dayahead,2026-08-14,2026-08-14,62,2026-08-14 15:30:00,16,33_64,365.57,2026-09-19T09:56:31.095726+00:00,D:\作业\大创_挑战杯_互联网\大学生创新创业计划\大创实现\其他资料\electricity_forecast_model2.5\data\96\authoritative\pmos_96_全量.csv
dayahead,2026-08-14,2026-08-14,65,2026-08-14 16:15:00,17,65_96,371.0,2026-09-19T09:56:31.095726+00:00,D:\作业\大创_挑战杯_互联网\大学生创新创业计划\大创实现\其他资料\electricity_forecast_model2.5\data\96\authoritative\pmos_96_全量.csv
dayahead,2026-08-14,2026-08-14,64,2026-08-14 16:00:00,16,33_64,370.0,2026-09-19T09:56:31.095726+00:00,D:\作业\大创_挑战杯_互联网\大学生创新创业计划\大创实现\其他资料\electricity_forecast_model2.5\data\96\authoritative\pmos_96_全量.csv
dayahead,2026-08-14,2026-08-14,51,2026-08-14 12:45:00,13,33_64,317.89,2026-09-19T09:56:31.095726+00:00,D:\作业\大创_挑战杯_互联网\大学生创新创业计划\大创实现\其他资料\electricity_forecast_model2.5\data\96\authoritative\pmos_96_全量.csv
dayahead,2026-08-14,2026-08-14,63,2026-08-14 15:45:00,16,33_64,368.33,2026-09-19T09:56:31.095726+00:00,D:\作业\大创_挑战杯_互联网\大学生创新创业计划\大创实现\其他资料\electricity_forecast_model2.5\data\96\authoritative\pmos_96_全量.csv
dayahead,2026-08-14,2026-08-14,61,2026-08-14 15:15:00,16,33_64,362.0,2026-09-19T09:56:31.095726+00:00,D:\作业\大创_挑战杯_互联网\大学生创新创业计划\大创实现\其他资料\electricity_forecast_model2.5\data\96\authoritative\pmos_96_全量.csv
dayahead,2026-08-14,2026-08-14,71,2026-08-14 17:45:00,18,65_96,377.59,2026-09-19T09:56:31.095726+00:00,D:\作业\大创_挑战杯_互联网\大学生创新创业计划\大创实现\其他资料\electricity_forecast_model2.5\data\96\authoritative\pmos_96_全量.csv
dayahead,2026-08-14,2026-08-14,68,2026-08-14 17:00:00,17,65_96,373.0,2026-09-19T09:56:31.095726+00:00,D:\作业\大创_挑战杯_互联网\大学生创新创业计划\大创实现\其他资料\electricity_forecast_model2.5\data\96\authoritative\pmos_96_全量.csv
dayahead,2026-08-14,2026-08-14,67,2026-08-14 16:45:00,17,65_96,373.0,2026-09-19T09:56:31.095726+00:00,D:\作业\大创_挑战杯_互联网\大学生创新创业计划\大创实现\其他资料\electricity_forecast_model2.5\data\96\authoritative\pmos_96_全量.csv
dayahead,2026-08-14,2026-08-14,66,2026-08-14 16:30:00,17,65_96,371.85,2026-09-19T09:56:31.095726+00:00,D:\作业\大创_挑战杯_互联网\大学生创新创业计划\大创实现\其他资料\electricity_forecast_model2.5\data\96\authoritative\pmos_96_全量.csv
dayahead,2026-08-14,2026-08-14,56,2026-08-14 14:00:00,14,33_64,340.43,2026-09-19T09:56:31.095726+00:00,D:\作业\大创_挑战杯_互联网\大学生创新创业计划\大创实现\其他资料\electricity_forecast_model2.5\data\96\authoritative\pmos_96_全量.csv
dayahead,2026-08-14,2026-08-14,55,2026-08-14 13:45:00,14,33_64,336.84,2026-09-19T09:56:31.095726+00:00,D:\作业\大创_挑战杯_互联网\大学生创新创业计划\大创实现\其他资料\electricity_forecast_model2.5\data\96\authoritative\pmos_96_全量.csv
dayahead,2026-08-14,2026-08-14,53,2026-08-14 13:15:00,14,33_64,330.28,2026-09-19T09:56:31.095726+00:00,D:\作业\大创_挑战杯_互联网\大学生创新创业计划\大创实现\其他资料\electricity_forecast_model2.5\data\96\authoritative\pmos_96_全量.csv
dayahead,2026-08-14,2026-08-14,58,2026-08-14 14:30:00,15,33_64,351.26,2026-09-19T09:56:31.095726+00:00,D:\作业\大创_挑战杯_互联网\大学生创新创业计划\大创实现\其他资料\electricity_forecast_model2.5\data\96\authoritative\pmos_96_全量.csv
dayahead,2026-08-14,2026-08-14,50,2026-08-14 12:30:00,13,33_64,309.54,2026-09-19T09:56:31.095726+00:00,D:\作业\大创_挑战杯_互联网\大学生创新创业计划\大创实现\其他资料\electricity_forecast_model2.5\data\96\authoritative\pmos_96_全量.csv
dayahead,2026-08-14,2026-08-14,24,2026-08-14 06:00:00,6,1_32,371.8,2026-09-19T09:56:31.095726+00:00,D:\作业\大创_挑战杯_互联网\大学生创新创业计划\大创实现\其他资料\electricity_forecast_model2.5\data\96\authoritative\pmos_96_全量.csv
dayahead,2026-08-14,2026-08-14,57,2026-08-14 14:15:00,15,33_64,346.67,2026-09-19T09:56:31.095726+00:00,D:\作业\大创_挑战杯_互联网\大学生创新创业计划\大创实现\其他资料\electricity_forecast_model2.5\data\96\authoritative\pmos_96_全量.csv
dayahead,2026-08-14,2026-08-14,86,2026-08-14 21:30:00,22,65_96,381.29,2026-09-19T09:56:31.095726+00:00,D:\作业\大创_挑战杯_互联网\大学生创新创业计划\大创实现\其他资料\electricity_forecast_model2.5\data\96\authoritative\pmos_96_全量.csv
dayahead,2026-08-14,2026-08-14,70,2026-08-14 17:30:00,18,65_96,375.33,2026-09-19T09:56:31.095726+00:00,D:\作业\大创_挑战杯_互联网\大学生创新创业计划\大创实现\其他资料\electricity_forecast_model2.5\data\96\authoritative\pmos_96_全量.csv
dayahead,2026-08-14,2026-08-14,94,2026-08-14 23:30:00,24,65_96,386.0,2026-09-19T09:56:31.095726+00:00,D:\作业\大创_挑战杯_互联网\大学生创新创业计划\大创实现\其他资料\electricity_forecast_model2.5\data\96\authoritative\pmos_96_全量.csv
dayahead,2026-08-14,2026-08-14,59,2026-08-14 14:45:00,15,33_64,356.0,2026-09-19T09:56:31.095726+00:00,D:\作业\大创_挑战杯_互联网\大学生创新创业计划\大创实现\其他资料\electricity_forecast_model2.5\data\96\authoritative\pmos_96_全量.csv
dayahead,2026-08-14,2026-08-14,54,2026-08-14 13:30:00,14,33_64,333.9,2026-09-19T09:56:31.095726+00:00,D:\作业\大创_挑战杯_互联网\大学生创新创业计划\大创实现\其他资料\electricity_forecast_model2.5\data\96\authoritative\pmos_96_全量.csv
dayahead,2026-08-14,2026-08-14,89,2026-08-14 22:15:00,23,65_96,383.56,2026-09-19T09:56:31.095726+00:00,D:\作业\大创_挑战杯_互联网\大学生创新创业计划\大创实现\其他资料\electricity_forecast_model2.5\data\96\authoritative\pmos_96_全量.csv
dayahead,2026-08-14,2026-08-14,77,2026-08-14 19:15:00,20,65_96,384.79,2026-09-19T09:56:31.095726+00:00,D:\作业\大创_挑战杯_互联网\大学生创新创业计划\大创实现\其他资料\electricity_forecast_model2.5\data\96\authoritative\pmos_96_全量.csv
dayahead,2026-08-14,2026-08-14,76,2026-08-14 19:00:00,19,65_96,384.32,2026-09-19T09:56:31.095726+00:00,D:\作业\大创_挑战杯_互联网\大学生创新创业计划\大创实现\其他资料\electricity_forecast_model2.5\data\96\authoritative\pmos_96_全量.csv
dayahead,2026-08-14,2026-08-14,52,2026-08-14 13:00:00,13,33_64,319.64,2026-09-19T09:56:31.095726+00:00,D:\作业\大创_挑战杯_互联网\大学生创新创业计划\大创实现\其他资料\electricity_forecast_model2.5\data\96\authoritative\pmos_96_全量.csv
dayahead,2026-08-14,2026-08-14,90,2026-08-14 22:30:00,23,65_96,382.95,2026-09-19T09:56:31.095726+00:00,D:\作业\大创_挑战杯_互联网\大学生创新创业计划\大创实现\其他资料\electricity_forecast_model2.5\data\96\authoritative\pmos_96_全量.csv
dayahead,2026-08-14,2026-08-14,60,2026-08-14 15:00:00,15,33_64,360.4,2026-09-19T09:56:31.095726+00:00,D:\作业\大创_挑战杯_互联网\大学生创新创业计划\大创实现\其他资料\electricity_forecast_model2.5\data\96\authoritative\pmos_96_全量.csv
dayahead,2026-08-14,2026-08-14,48,2026-08-14 12:00:00,12,33_64,309.58,2026-09-19T09:56:31.095726+00:00,D:\作业\大创_挑战杯_互联网\大学生创新创业计划\大创实现\其他资料\electricity_forecast_model2.5\data\96\authoritative\pmos_96_全量.csv
dayahead,2026-08-14,2026-08-14,83,2026-08-14 20:45:00,21,65_96,382.78,2026-09-19T09:56:31.095726+00:00,D:\作业\大创_挑战杯_互联网\大学生创新创业计划\大创实现\其他资料\electricity_forecast_model2.5\data\96\authoritative\pmos_96_全量.csv
dayahead,2026-08-14,2026-08-14,92,2026-08-14 23:00:00,23,65_96,381.02,2026-09-19T09:56:31.095726+00:00,D:\作业\大创_挑战杯_互联网\大学生创新创业计划\大创实现\其他资料\electricity_forecast_model2.5\data\96\authoritative\pmos_96_全量.csv
dayahead,2026-08-14,2026-08-14,93,2026-08-14 23:15:00,24,65_96,543.74,2026-09-19T09:56:31.095726+00:00,D:\作业\大创_挑战杯_互联网\大学生创新创业计划\大创实现\其他资料\electricity_forecast_model2.5\data\96\authoritative\pmos_96_全量.csv
dayahead,2026-08-14,2026-08-14,87,2026-08-14 21:45:00,22,65_96,382.75,2026-09-19T09:56:31.095726+00:00,D:\作业\大创_挑战杯_互联网\大学生创新创业计划\大创实现\其他资料\electricity_forecast_model2.5\data\96\authoritative\pmos_96_全量.csv
dayahead,2026-08-14,2026-08-14,85,2026-08-14 21:15:00,22,65_96,379.87,2026-09-19T09:56:31.095726+00:00,D:\作业\大创_挑战杯_互联网\大学生创新创业计划\大创实现\其他资料\electricity_forecast_model2.5\data\96\authoritative\pmos_96_全量.csv
dayahead,2026-08-14,2026-08-14,69,2026-08-14 17:15:00,18,65_96,374.0,2026-09-19T09:56:31.095726+00:00,D:\作业\大创_挑战杯_互联网\大学生创新创业计划\大创实现\其他资料\electricity_forecast_model2.5\data\96\authoritative\pmos_96_全量.csv
dayahead,2026-08-14,2026-08-14,78,2026-08-14 19:30:00,20,65_96,385.96,2026-09-19T09:56:31.095726+00:00,D:\作业\大创_挑战杯_互联网\大学生创新创业计划\大创实现\其他资料\electricity_forecast_model2.5\data\96\authoritative\pmos_96_全量.csv
dayahead,2026-08-14,2026-08-14,79,2026-08-14 19:45:00,20,65_96,426.85,2026-09-19T09:56:31.095726+00:00,D:\作业\大创_挑战杯_互联网\大学生创新创业计划\大创实现\其他资料\electricity_forecast_model2.5\data\96\authoritative\pmos_96_全量.csv
dayahead,2026-08-14,2026-08-14,82,2026-08-14 20:30:00,21,65_96,385.12,2026-09-19T09:56:31.095726+00:00,D:\作业\大创_挑战杯_互联网\大学生创新创业计划\大创实现\其他资料\electricity_forecast_model2.5\data\96\authoritative\pmos_96_全量.csv
dayahead,2026-08-14,2026-08-14,81,2026-08-14 20:15:00,21,65_96,386.05,2026-09-19T09:56:31.095726+00:00,D:\作业\大创_挑战杯_互联网\大学生创新创业计划\大创实现\其他资料\electricity_forecast_model2.5\data\96\authoritative\pmos_96_全量.csv
dayahead,2026-08-14,2026-08-14,80,2026-08-14 20:00:00,20,65_96,399.77,2026-09-19T09:56:31.095726+00:00,D:\作业\大创_挑战杯_互联网\大学生创新创业计划\大创实现\其他资料\electricity_forecast_model2.5\data\96\authoritative\pmos_96_全量.csv
dayahead,2026-08-14,2026-08-14,74,2026-08-14 18:30:00,19,65_96,381.84,2026-09-19T09:56:31.095726+00:00,D:\作业\大创_挑战杯_互联网\大学生创新创业计划\大创实现\其他资料\electricity_forecast_model2.5\data\96\authoritative\pmos_96_全量.csv
dayahead,2026-08-14,2026-08-14,72,2026-08-14 18:00:00,18,65_96,378.77,2026-09-19T09:56:31.095726+00:00,D:\作业\大创_挑战杯_互联网\大学生创新创业计划\大创实现\其他资料\electricity_forecast_model2.5\data\96\authoritative\pmos_96_全量.csv
dayahead,2026-08-14,2026-08-14,49,2026-08-14 12:15:00,13,33_64,309.22,2026-09-19T09:56:31.095726+00:00,D:\作业\大创_挑战杯_互联网\大学生创新创业计划\大创实现\其他资料\electricity_forecast_model2.5\data\96\authoritative\pmos_96_全量.csv
dayahead,2026-08-14,2026-08-14,84,2026-08-14 21:00:00,21,65_96,381.93,2026-09-19T09:56:31.095726+00:00,D:\作业\大创_挑战杯_互联网\大学生创新创业计划\大创实现\其他资料\electricity_forecast_model2.5\data\96\authoritative\pmos_96_全量.csv
dayahead,2026-08-14,2026-08-14,73,2026-08-14 18:15:00,19,65_96,379.6,2026-09-19T09:56:31.095726+00:00,D:\作业\大创_挑战杯_互联网\大学生创新创业计划\大创实现\其他资料\electricity_forecast_model2.5\data\96\authoritative\pmos_96_全量.csv
dayahead,2026-08-14,2026-08-14,91,2026-08-14 22:45:00,23,65_96,383.0,2026-09-19T09:56:31.095726+00:00,D:\作业\大创_挑战杯_互联网\大学生创新创业计划\大创实现\其他资料\electricity_forecast_model2.5\data\96\authoritative\pmos_96_全量.csv
dayahead,2026-08-14,2026-08-14,75,2026-08-14 18:45:00,19,65_96,382.94,2026-09-19T09:56:31.095726+00:00,D:\作业\大创_挑战杯_互联网\大学生创新创业计划\大创实现\其他资料\electricity_forecast_model2.5\data\96\authoritative\pmos_96_全量.csv
dayahead,2026-08-14,2026-08-14,88,2026-08-14 22:00:00,22,65_96,383.24,2026-09-19T09:56:31.095726+00:00,D:\作业\大创_挑战杯_互联网\大学生创新创业计划\大创实现\其他资料\electricity_forecast_model2.5\data\96\authoritative\pmos_96_全量.csv
dayahead,2026-08-14,2026-08-14,26,2026-08-14 06:30:00,7,1_32,365.0,2026-09-19T09:56:31.095726+00:00,D:\作业\大创_挑战杯_互联网\大学生创新创业计划\大创实现\其他资料\electricity_forecast_model2.5\data\96\authoritative\pmos_96_全量.csv
dayahead,2026-08-14,2026-08-14,18,2026-08-14 04:30:00,5,1_32,371.16,2026-09-19T09:56:31.095726+00:00,D:\作业\大创_挑战杯_互联网\大学生创新创业计划\大创实现\其他资料\electricity_forecast_model2.5\data\96\authoritative\pmos_96_全量.csv
dayahead,2026-08-14,2026-08-14,96,2026-08-15 00:00:00,24,65_96,381.0,2026-09-19T09:56:31.095726+00:00,D:\作业\大创_挑战杯_互联网\大学生创新创业计划\大创实现\其他资料\electricity_forecast_model2.5\data\96\authoritative\pmos_96_全量.csv
dayahead,2026-08-14,2026-08-14,14,2026-08-14 03:30:00,4,1_32,372.81,2026-09-19T09:56:31.095726+00:00,D:\作业\大创_挑战杯_互联网\大学生创新创业计划\大创实现\其他资料\electricity_forecast_model2.5\data\96\authoritative\pmos_96_全量.csv
dayahead,2026-08-14,2026-08-14,5,2026-08-14 01:15:00,2,1_32,382.36,2026-09-19T09:56:31.095726+00:00,D:\作业\大创_挑战杯_互联网\大学生创新创业计划\大创实现\其他资料\electricity_forecast_model2.5\data\96\authoritative\pmos_96_全量.csv
dayahead,2026-08-14,2026-08-14,13,2026-08-14 03:15:00,4,1_32,374.64,2026-09-19T09:56:31.095726+00:00,D:\作业\大创_挑战杯_互联网\大学生创新创业计划\大创实现\其他资料\electricity_forecast_model2.5\data\96\authoritative\pmos_96_全量.csv
dayahead,2026-08-14,2026-08-14,12,2026-08-14 03:00:00,3,1_32,374.73,2026-09-19T09:56:31.095726+00:00,D:\作业\大创_挑战杯_互联网\大学生创新创业计划\大创实现\其他资料\electricity_forecast_model2.5\data\96\authoritative\pmos_96_全量.csv
dayahead,2026-08-14,2026-08-14,11,2026-08-14 02:45:00,3,1_32,376.4,2026-09-19T09:56:31.095726+00:00,D:\作业\大创_挑战杯_互联网\大学生创新创业计划\大创实现\其他资料\electricity_forecast_model2.5\data\96\authoritative\pmos_96_全量.csv
dayahead,2026-08-14,2026-08-14,22,2026-08-14 05:30:00,6,1_32,374.96,2026-09-19T09:56:31.095726+00:00,D:\作业\大创_挑战杯_互联网\大学生创新创业计划\大创实现\其他资料\electricity_forecast_model2.5\data\96\authoritative\pmos_96_全量.csv
dayahead,2026-08-14,2026-08-14,10,2026-08-14 02:30:00,3,1_32,377.38,2026-09-19T09:56:31.095726+00:00,D:\作业\大创_挑战杯_互联网\大学生创新创业计划\大创实现\其他资料\electricity_forecast_model2.5\data\96\authoritative\pmos_96_全量.csv
dayahead,2026-08-14,2026-08-14,19,2026-08-14 04:45:00,5,1_32,372.05,2026-09-19T09:56:31.095726+00:00,D:\作业\大创_挑战杯_互联网\大学生创新创业计划\大创实现\其他资料\electricity_forecast_model2.5\data\96\authoritative\pmos_96_全量.csv
dayahead,2026-08-14,2026-08-14,20,2026-08-14 05:00:00,5,1_32,372.9,2026-09-19T09:56:31.095726+00:00,D:\作业\大创_挑战杯_互联网\大学生创新创业计划\大创实现\其他资料\electricity_forecast_model2.5\data\96\authoritative\pmos_96_全量.csv
dayahead,2026-08-14,2026-08-14,15,2026-08-14 03:45:00,4,1_32,373.63,2026-09-19T09:56:31.095726+00:00,D:\作业\大创_挑战杯_互联网\大学生创新创业计划\大创实现\其他资料\electricity_forecast_model2.5\data\96\authoritative\pmos_96_全量.csv
dayahead,2026-08-14,2026-08-14,95,2026-08-14 23:45:00,24,65_96,383.0,2026-09-19T09:56:31.095726+00:00,D:\作业\大创_挑战杯_互联网\大学生创新创业计划\大创实现\其他资料\electricity_forecast_model2.5\data\96\authoritative\pmos_96_全量.csv
dayahead,2026-08-14,2026-08-14,3,2026-08-14 00:45:00,1,1_32,374.78,2026-09-19T09:56:31.095726+00:00,D:\作业\大创_挑战杯_互联网\大学生创新创业计划\大创实现\其他资料\electricity_forecast_model2.5\data\96\authoritative\pmos_96_全量.csv
dayahead,2026-08-14,2026-08-14,1,2026-08-14 00:15:00,1,1_32,375.33,2026-09-19T09:56:31.095726+00:00,D:\作业\大创_挑战杯_互联网\大学生创新创业计划\大创实现\其他资料\electricity_forecast_model2.5\data\96\authoritative\pmos_96_全量.csv
dayahead,2026-08-14,2026-08-14,9,2026-08-14 02:15:00,3,1_32,378.87,2026-09-19T09:56:31.095726+00:00,D:\作业\大创_挑战杯_互联网\大学生创新创业计划\大创实现\其他资料\electricity_forecast_model2.5\data\96\authoritative\pmos_96_全量.csv
dayahead,2026-08-14,2026-08-14,23,2026-08-14 05:45:00,6,1_32,374.27,2026-09-19T09:56:31.095726+00:00,D:\作业\大创_挑战杯_互联网\大学生创新创业计划\大创实现\其他资料\electricity_forecast_model2.5\data\96\authoritative\pmos_96_全量.csv
dayahead,2026-08-14,2026-08-14,6,2026-08-14 01:30:00,2,1_32,921.24,2026-09-19T09:56:31.095726+00:00,D:\作业\大创_挑战杯_互联网\大学生创新创业计划\大创实现\其他资料\electricity_forecast_model2.5\data\96\authoritative\pmos_96_全量.csv
dayahead,2026-08-14,2026-08-14,2,2026-08-14 00:30:00,1,1_32,375.36,2026-09-19T09:56:31.095726+00:00,D:\作业\大创_挑战杯_互联网\大学生创新创业计划\大创实现\其他资料\electricity_forecast_model2.5\data\96\authoritative\pmos_96_全量.csv
dayahead,2026-08-14,2026-08-14,21,2026-08-14 05:15:00,6,1_32,374.65,2026-09-19T09:56:31.095726+00:00,D:\作业\大创_挑战杯_互联网\大学生创新创业计划\大创实现\其他资料\electricity_forecast_model2.5\data\96\authoritative\pmos_96_全量.csv
dayahead,2026-08-14,2026-08-14,46,2026-08-14 11:30:00,12,33_64,315.22,2026-09-19T09:56:31.095726+00:00,D:\作业\大创_挑战杯_互联网\大学生创新创业计划\大创实现\其他资料\electricity_forecast_model2.5\data\96\authoritative\pmos_96_全量.csv
dayahead,2026-08-14,2026-08-14,17,2026-08-14 04:15:00,5,1_32,371.78,2026-09-19T09:56:31.095726+00:00,D:\作业\大创_挑战杯_互联网\大学生创新创业计划\大创实现\其他资料\electricity_forecast_model2.5\data\96\authoritative\pmos_96_全量.csv
dayahead,2026-08-14,2026-08-14,4,2026-08-14 01:00:00,1,1_32,373.97,2026-09-19T09:56:31.095726+00:00,D:\作业\大创_挑战杯_互联网\大学生创新创业计划\大创实现\其他资料\electricity_forecast_model2.5\data\96\authoritative\pmos_96_全量.csv
dayahead,2026-08-14,2026-08-14,7,2026-08-14 01:45:00,2,1_32,381.16,2026-09-19T09:56:31.095726+00:00,D:\作业\大创_挑战杯_互联网\大学生创新创业计划\大创实现\其他资料\electricity_forecast_model2.5\data\96\authoritative\pmos_96_全量.csv
dayahead,2026-08-14,2026-08-14,45,2026-08-14 11:15:00,12,33_64,324.61,2026-09-19T09:56:31.095726+00:00,D:\作业\大创_挑战杯_互联网\大学生创新创业计划\大创实现\其他资料\electricity_forecast_model2.5\data\96\authoritative\pmos_96_全量.csv
dayahead,2026-08-14,2026-08-14,38,2026-08-14 09:30:00,10,33_64,335.01,2026-09-19T09:56:31.095726+00:00,D:\作业\大创_挑战杯_互联网\大学生创新创业计划\大创实现\其他资料\electricity_forecast_model2.5\data\96\authoritative\pmos_96_全量.csv
dayahead,2026-08-14,2026-08-14,16,2026-08-14 04:00:00,4,1_32,372.26,2026-09-19T09:56:31.095726+00:00,D:\作业\大创_挑战杯_互联网\大学生创新创业计划\大创实现\其他资料\electricity_forecast_model2.5\data\96\authoritative\pmos_96_全量.csv
dayahead,2026-08-14,2026-08-14,37,2026-08-14 09:15:00,10,33_64,337.58,2026-09-19T09:56:31.095726+00:00,D:\作业\大创_挑战杯_互联网\大学生创新创业计划\大创实现\其他资料\electricity_forecast_model2.5\data\96\authoritative\pmos_96_全量.csv
dayahead,2026-08-14,2026-08-14,47,2026-08-14 11:45:00,12,33_64,315.56,2026-09-19T09:56:31.095726+00:00,D:\作业\大创_挑战杯_互联网\大学生创新创业计划\大创实现\其他资料\electricity_forecast_model2.5\data\96\authoritative\pmos_96_全量.csv
dayahead,2026-08-14,2026-08-14,44,2026-08-14 11:00:00,11,33_64,326.24,2026-09-19T09:56:31.095726+00:00,D:\作业\大创_挑战杯_互联网\大学生创新创业计划\大创实现\其他资料\electricity_forecast_model2.5\data\96\authoritative\pmos_96_全量.csv
dayahead,2026-08-14,2026-08-14,43,2026-08-14 10:45:00,11,33_64,326.63,2026-09-19T09:56:31.095726+00:00,D:\作业\大创_挑战杯_互联网\大学生创新创业计划\大创实现\其他资料\electricity_forecast_model2.5\data\96\authoritative\pmos_96_全量.csv
dayahead,2026-08-14,2026-08-14,42,2026-08-14 10:30:00,11,33_64,328.06,2026-09-19T09:56:31.095726+00:00,D:\作业\大创_挑战杯_互联网\大学生创新创业计划\大创实现\其他资料\electricity_forecast_model2.5\data\96\authoritative\pmos_96_全量.csv
dayahead,2026-08-14,2026-08-14,36,2026-08-14 09:00:00,9,33_64,340.0,2026-09-19T09:56:31.095726+00:00,D:\作业\大创_挑战杯_互联网\大学生创新创业计划\大创实现\其他资料\electricity_forecast_model2.5\data\96\authoritative\pmos_96_全量.csv
dayahead,2026-08-14,2026-08-14,35,2026-08-14 08:45:00,9,33_64,345.0,2026-09-19T09:56:31.095726+00:00,D:\作业\大创_挑战杯_互联网\大学生创新创业计划\大创实现\其他资料\electricity_forecast_model2.5\data\96\authoritative\pmos_96_全量.csv
dayahead,2026-08-14,2026-08-14,39,2026-08-14 09:45:00,10,33_64,331.51,2026-09-19T09:56:31.095726+00:00,D:\作业\大创_挑战杯_互联网\大学生创新创业计划\大创实现\其他资料\electricity_forecast_model2.5\data\96\authoritative\pmos_96_全量.csv
dayahead,2026-08-14,2026-08-14,41,2026-08-14 10:15:00,11,33_64,327.76,2026-09-19T09:56:31.095726+00:00,D:\作业\大创_挑战杯_互联网\大学生创新创业计划\大创实现\其他资料\electricity_forecast_model2.5\data\96\authoritative\pmos_96_全量.csv
dayahead,2026-08-14,2026-08-14,30,2026-08-14 07:30:00,8,1_32,355.0,2026-09-19T09:56:31.095726+00:00,D:\作业\大创_挑战杯_互联网\大学生创新创业计划\大创实现\其他资料\electricity_forecast_model2.5\data\96\authoritative\pmos_96_全量.csv
dayahead,2026-08-14,2026-08-14,28,2026-08-14 07:00:00,7,1_32,360.0,2026-09-19T09:56:31.095726+00:00,D:\作业\大创_挑战杯_互联网\大学生创新创业计划\大创实现\其他资料\electricity_forecast_model2.5\data\96\authoritative\pmos_96_全量.csv
dayahead,2026-08-14,2026-08-14,33,2026-08-14 08:15:00,9,33_64,351.67,2026-09-19T09:56:31.095726+00:00,D:\作业\大创_挑战杯_互联网\大学生创新创业计划\大创实现\其他资料\electricity_forecast_model2.5\data\96\authoritative\pmos_96_全量.csv
dayahead,2026-08-14,2026-08-14,29,2026-08-14 07:15:00,8,1_32,359.0,2026-09-19T09:56:31.095726+00:00,D:\作业\大创_挑战杯_互联网\大学生创新创业计划\大创实现\其他资料\electricity_forecast_model2.5\data\96\authoritative\pmos_96_全量.csv
dayahead,2026-08-14,2026-08-14,32,2026-08-14 08:00:00,8,1_32,351.67,2026-09-19T09:56:31.095726+00:00,D:\作业\大创_挑战杯_互联网\大学生创新创业计划\大创实现\其他资料\electricity_forecast_model2.5\data\96\authoritative\pmos_96_全量.csv
dayahead,2026-08-14,2026-08-14,27,2026-08-14 06:45:00,7,1_32,361.67,2026-09-19T09:56:31.095726+00:00,D:\作业\大创_挑战杯_互联网\大学生创新创业计划\大创实现\其他资料\electricity_forecast_model2.5\data\96\authoritative\pmos_96_全量.csv
dayahead,2026-08-14,2026-08-14,25,2026-08-14 06:15:00,7,1_32,367.5,2026-09-19T09:56:31.095726+00:00,D:\作业\大创_挑战杯_互联网\大学生创新创业计划\大创实现\其他资料\electricity_forecast_model2.5\data\96\authoritative\pmos_96_全量.csv
dayahead,2026-08-14,2026-08-14,31,2026-08-14 07:45:00,8,1_32,353.33,2026-09-19T09:56:31.095726+00:00,D:\作业\大创_挑战杯_互联网\大学生创新创业计划\大创实现\其他资料\electricity_forecast_model2.5\data\96\authoritative\pmos_96_全量.csv
dayahead,2026-08-14,2026-08-14,8,2026-08-14 02:00:00,2,1_32,379.7,2026-09-19T09:56:31.095726+00:00,D:\作业\大创_挑战杯_互联网\大学生创新创业计划\大创实现\其他资料\electricity_forecast_model2.5\data\96\authoritative\pmos_96_全量.csv
dayahead,2026-08-14,2026-08-14,34,2026-08-14 08:30:00,9,33_64,348.0,2026-09-19T09:56:31.095726+00:00,D:\作业\大创_挑战杯_互联网\大学生创新创业计划\大创实现\其他资料\electricity_forecast_model2.5\data\96\authoritative\pmos_96_全量.csv
dayahead,2026-08-14,2026-08-14,40,2026-08-14 10:00:00,10,33_64,327.15,2026-09-19T09:56:31.095726+00:00,D:\作业\大创_挑战杯_互联网\大学生创新创业计划\大创实现\其他资料\electricity_forecast_model2.5\data\96\authoritative\pmos_96_全量.csv
dayahead,2026-08-16,2026-08-16,9,2026-08-16 02:15:00,3,1_32,383.33,2026-09-19T09:56:40.612173+00:00,D:\作业\大创_挑战杯_互联网\大学生创新创业计划\大创实现\其他资料\electricity_forecast_model2.5\data\96\authoritative\pmos_96_全量.csv
dayahead,2026-08-16,2026-08-16,22,2026-08-16 05:30:00,6,1_32,382.0,2026-09-19T09:56:40.612173+00:00,D:\作业\大创_挑战杯_互联网\大学生创新创业计划\大创实现\其他资料\electricity_forecast_model2.5\data\96\authoritative\pmos_96_全量.csv
dayahead,2026-08-16,2026-08-16,21,2026-08-16 05:15:00,6,1_32,382.0,2026-09-19T09:56:40.612173+00:00,D:\作业\大创_挑战杯_互联网\大学生创新创业计划\大创实现\其他资料\electricity_forecast_model2.5\data\96\authoritative\pmos_96_全量.csv
dayahead,2026-08-16,2026-08-16,5,2026-08-16 01:15:00,2,1_32,1500.0,2026-09-19T09:56:40.612173+00:00,D:\作业\大创_挑战杯_互联网\大学生创新创业计划\大创实现\其他资料\electricity_forecast_model2.5\data\96\authoritative\pmos_96_全量.csv
dayahead,2026-08-16,2026-08-16,96,2026-08-17 00:00:00,24,65_96,382.0,2026-09-19T09:56:40.612173+00:00,D:\作业\大创_挑战杯_互联网\大学生创新创业计划\大创实现\其他资料\electricity_forecast_model2.5\data\96\authoritative\pmos_96_全量.csv
dayahead,2026-08-16,2026-08-16,1,2026-08-16 00:15:00,1,1_32,1300.0,2026-09-19T09:56:40.612173+00:00,D:\作业\大创_挑战杯_互联网\大学生创新创业计划\大创实现\其他资料\electricity_forecast_model2.5\data\96\authoritative\pmos_96_全量.csv
dayahead,2026-08-16,2026-08-16,2,2026-08-16 00:30:00,1,1_32,1500.0,2026-09-19T09:56:40.612173+00:00,D:\作业\大创_挑战杯_互联网\大学生创新创业计划\大创实现\其他资料\electricity_forecast_model2.5\data\96\authoritative\pmos_96_全量.csv
dayahead,2026-08-16,2026-08-16,7,2026-08-16 01:45:00,2,1_32,1300.0,2026-09-19T09:56:40.612173+00:00,D:\作业\大创_挑战杯_互联网\大学生创新创业计划\大创实现\其他资料\electricity_forecast_model2.5\data\96\authoritative\pmos_96_全量.csv
dayahead,2026-08-16,2026-08-16,35,2026-08-16 08:45:00,9,33_64,57.6,2026-09-19T09:56:40.612173+00:00,D:\作业\大创_挑战杯_互联网\大学生创新创业计划\大创实现\其他资料\electricity_forecast_model2.5\data\96\authoritative\pmos_96_全量.csv
dayahead,2026-08-16,2026-08-16,17,2026-08-16 04:15:00,5,1_32,377.25,2026-09-19T09:56:40.612173+00:00,D:\作业\大创_挑战杯_互联网\大学生创新创业计划\大创实现\其他资料\electricity_forecast_model2.5\data\96\authoritative\pmos_96_全量.csv
dayahead,2026-08-16,2026-08-16,3,2026-08-16 00:45:00,1,1_32,386.0,2026-09-19T09:56:40.612173+00:00,D:\作业\大创_挑战杯_互联网\大学生创新创业计划\大创实现\其他资料\electricity_forecast_model2.5\data\96\authoritative\pmos_96_全量.csv
dayahead,2026-08-16,2026-08-16,18,2026-08-16 04:30:00,5,1_32,378.33,2026-09-19T09:56:40.612173+00:00,D:\作业\大创_挑战杯_互联网\大学生创新创业计划\大创实现\其他资料\electricity_forecast_model2.5\data\96\authoritative\pmos_96_全量.csv
dayahead,2026-08-16,2026-08-16,10,2026-08-16 02:30:00,3,1_32,383.33,2026-09-19T09:56:40.612173+00:00,D:\作业\大创_挑战杯_互联网\大学生创新创业计划\大创实现\其他资料\electricity_forecast_model2.5\data\96\authoritative\pmos_96_全量.csv
dayahead,2026-08-16,2026-08-16,11,2026-08-16 02:45:00,3,1_32,382.0,2026-09-19T09:56:40.612173+00:00,D:\作业\大创_挑战杯_互联网\大学生创新创业计划\大创实现\其他资料\electricity_forecast_model2.5\data\96\authoritative\pmos_96_全量.csv
dayahead,2026-08-16,2026-08-16,12,2026-08-16 03:00:00,3,1_32,381.57,2026-09-19T09:56:40.612173+00:00,D:\作业\大创_挑战杯_互联网\大学生创新创业计划\大创实现\其他资料\electricity_forecast_model2.5\data\96\authoritative\pmos_96_全量.csv
dayahead,2026-08-16,2026-08-16,13,2026-08-16 03:15:00,4,1_32,380.0,2026-09-19T09:56:40.612173+00:00,D:\作业\大创_挑战杯_互联网\大学生创新创业计划\大创实现\其他资料\electricity_forecast_model2.5\data\96\authoritative\pmos_96_全量.csv
dayahead,2026-08-16,2026-08-16,14,2026-08-16 03:30:00,4,1_32,379.0,2026-09-19T09:56:40.612173+00:00,D:\作业\大创_挑战杯_互联网\大学生创新创业计划\大创实现\其他资料\electricity_forecast_model2.5\data\96\authoritative\pmos_96_全量.csv
dayahead,2026-08-16,2026-08-16,15,2026-08-16 03:45:00,4,1_32,380.0,2026-09-19T09:56:40.612173+00:00,D:\作业\大创_挑战杯_互联网\大学生创新创业计划\大创实现\其他资料\electricity_forecast_model2.5\data\96\authoritative\pmos_96_全量.csv
dayahead,2026-08-16,2026-08-16,16,2026-08-16 04:00:00,4,1_32,378.33,2026-09-19T09:56:40.612173+00:00,D:\作业\大创_挑战杯_互联网\大学生创新创业计划\大创实现\其他资料\electricity_forecast_model2.5\data\96\authoritative\pmos_96_全量.csv
dayahead,2026-08-16,2026-08-16,44,2026-08-16 11:00:00,11,33_64,37.87,2026-09-19T09:56:40.612173+00:00,D:\作业\大创_挑战杯_互联网\大学生创新创业计划\大创实现\其他资料\electricity_forecast_model2.5\data\96\authoritative\pmos_96_全量.csv
dayahead,2026-08-16,2026-08-16,4,2026-08-16 01:00:00,1,1_32,384.0,2026-09-19T09:56:40.612173+00:00,D:\作业\大创_挑战杯_互联网\大学生创新创业计划\大创实现\其他资料\electricity_forecast_model2.5\data\96\authoritative\pmos_96_全量.csv
dayahead,2026-08-16,2026-08-16,20,2026-08-16 05:00:00,5,1_32,380.0,2026-09-19T09:56:40.612173+00:00,D:\作业\大创_挑战杯_互联网\大学生创新创业计划\大创实现\其他资料\electricity_forecast_model2.5\data\96\authoritative\pmos_96_全量.csv
dayahead,2026-08-16,2026-08-16,95,2026-08-16 23:45:00,24,65_96,382.0,2026-09-19T09:56:40.612173+00:00,D:\作业\大创_挑战杯_互联网\大学生创新创业计划\大创实现\其他资料\electricity_forecast_model2.5\data\96\authoritative\pmos_96_全量.csv
dayahead,2026-08-16,2026-08-16,26,2026-08-16 06:30:00,7,1_32,367.0,2026-09-19T09:56:40.612173+00:00,D:\作业\大创_挑战杯_互联网\大学生创新创业计划\大创实现\其他资料\electricity_forecast_model2.5\data\96\authoritative\pmos_96_全量.csv
dayahead,2026-08-16,2026-08-16,42,2026-08-16 10:30:00,11,33_64,37.87,2026-09-19T09:56:40.612173+00:00,D:\作业\大创_挑战杯_互联网\大学生创新创业计划\大创实现\其他资料\electricity_forecast_model2.5\data\96\authoritative\pmos_96_全量.csv
dayahead,2026-08-16,2026-08-16,23,2026-08-16 05:45:00,6,1_32,380.0,2026-09-19T09:56:40.612173+00:00,D:\作业\大创_挑战杯_互联网\大学生创新创业计划\大创实现\其他资料\electricity_forecast_model2.5\data\96\authoritative\pmos_96_全量.csv
dayahead,2026-08-16,2026-08-16,27,2026-08-16 06:45:00,7,1_32,362.75,2026-09-19T09:56:40.612173+00:00,D:\作业\大创_挑战杯_互联网\大学生创新创业计划\大创实现\其他资料\electricity_forecast_model2.5\data\96\authoritative\pmos_96_全量.csv
dayahead,2026-08-16,2026-08-16,8,2026-08-16 02:00:00,2,1_32,1500.0,2026-09-19T09:56:40.612173+00:00,D:\作业\大创_挑战杯_互联网\大学生创新创业计划\大创实现\其他资料\electricity_forecast_model2.5\data\96\authoritative\pmos_96_全量.csv
dayahead,2026-08-16,2026-08-16,29,2026-08-16 07:15:00,8,1_32,355.0,2026-09-19T09:56:40.612173+00:00,D:\作业\大创_挑战杯_互联网\大学生创新创业计划\大创实现\其他资料\electricity_forecast_model2.5\data\96\authoritative\pmos_96_全量.csv
dayahead,2026-08-16,2026-08-16,47,2026-08-16 11:45:00,12,33_64,37.87,2026-09-19T09:56:40.612173+00:00,D:\作业\大创_挑战杯_互联网\大学生创新创业计划\大创实现\其他资料\electricity_forecast_model2.5\data\96\authoritative\pmos_96_全量.csv
dayahead,2026-08-16,2026-08-16,31,2026-08-16 07:45:00,8,1_32,344.0,2026-09-19T09:56:40.612173+00:00,D:\作业\大创_挑战杯_互联网\大学生创新创业计划\大创实现\其他资料\electricity_forecast_model2.5\data\96\authoritative\pmos_96_全量.csv
dayahead,2026-08-16,2026-08-16,32,2026-08-16 08:00:00,8,1_32,323.57,2026-09-19T09:56:40.612173+00:00,D:\作业\大创_挑战杯_互联网\大学生创新创业计划\大创实现\其他资料\electricity_forecast_model2.5\data\96\authoritative\pmos_96_全量.csv
dayahead,2026-08-16,2026-08-16,34,2026-08-16 08:30:00,9,33_64,58.0,2026-09-19T09:56:40.612173+00:00,D:\作业\大创_挑战杯_互联网\大学生创新创业计划\大创实现\其他资料\electricity_forecast_model2.5\data\96\authoritative\pmos_96_全量.csv
dayahead,2026-08-16,2026-08-16,46,2026-08-16 11:30:00,12,33_64,37.87,2026-09-19T09:56:40.612173+00:00,D:\作业\大创_挑战杯_互联网\大学生创新创业计划\大创实现\其他资料\electricity_forecast_model2.5\data\96\authoritative\pmos_96_全量.csv
dayahead,2026-08-16,2026-08-16,30,2026-08-16 07:30:00,8,1_32,347.0,2026-09-19T09:56:40.612173+00:00,D:\作业\大创_挑战杯_互联网\大学生创新创业计划\大创实现\其他资料\electricity_forecast_model2.5\data\96\authoritative\pmos_96_全量.csv
dayahead,2026-08-16,2026-08-16,39,2026-08-16 09:45:00,10,33_64,37.87,2026-09-19T09:56:40.612173+00:00,D:\作业\大创_挑战杯_互联网\大学生创新创业计划\大创实现\其他资料\electricity_forecast_model2.5\data\96\authoritative\pmos_96_全量.csv
dayahead,2026-08-16,2026-08-16,28,2026-08-16 07:00:00,7,1_32,359.0,2026-09-19T09:56:40.612173+00:00,D:\作业\大创_挑战杯_互联网\大学生创新创业计划\大创实现\其他资料\electricity_forecast_model2.5\data\96\authoritative\pmos_96_全量.csv
dayahead,2026-08-16,2026-08-16,37,2026-08-16 09:15:00,10,33_64,38.49,2026-09-19T09:56:40.612173+00:00,D:\作业\大创_挑战杯_互联网\大学生创新创业计划\大创实现\其他资料\electricity_forecast_model2.5\data\96\authoritative\pmos_96_全量.csv
dayahead,2026-08-16,2026-08-16,38,2026-08-16 09:30:00,10,33_64,37.88,2026-09-19T09:56:40.612173+00:00,D:\作业\大创_挑战杯_互联网\大学生创新创业计划\大创实现\其他资料\electricity_forecast_model2.5\data\96\authoritative\pmos_96_全量.csv
dayahead,2026-08-16,2026-08-16,25,2026-08-16 06:15:00,7,1_32,371.67,2026-09-19T09:56:40.612173+00:00,D:\作业\大创_挑战杯_互联网\大学生创新创业计划\大创实现\其他资料\electricity_forecast_model2.5\data\96\authoritative\pmos_96_全量.csv
dayahead,2026-08-16,2026-08-16,33,2026-08-16 08:15:00,9,33_64,73.65,2026-09-19T09:56:40.612173+00:00,D:\作业\大创_挑战杯_互联网\大学生创新创业计划\大创实现\其他资料\electricity_forecast_model2.5\data\96\authoritative\pmos_96_全量.csv
dayahead,2026-08-16,2026-08-16,36,2026-08-16 09:00:00,9,33_64,21.78,2026-09-19T09:56:40.612173+00:00,D:\作业\大创_挑战杯_互联网\大学生创新创业计划\大创实现\其他资料\electricity_forecast_model2.5\data\96\authoritative\pmos_96_全量.csv
dayahead,2026-08-16,2026-08-16,19,2026-08-16 04:45:00,5,1_32,378.33,2026-09-19T09:56:40.612173+00:00,D:\作业\大创_挑战杯_互联网\大学生创新创业计划\大创实现\其他资料\electricity_forecast_model2.5\data\96\authoritative\pmos_96_全量.csv
dayahead,2026-08-16,2026-08-16,45,2026-08-16 11:15:00,12,33_64,37.87,2026-09-19T09:56:40.612173+00:00,D:\作业\大创_挑战杯_互联网\大学生创新创业计划\大创实现\其他资料\electricity_forecast_model2.5\data\96\authoritative\pmos_96_全量.csv
dayahead,2026-08-16,2026-08-16,40,2026-08-16 10:00:00,10,33_64,37.87,2026-09-19T09:56:40.612173+00:00,D:\作业\大创_挑战杯_互联网\大学生创新创业计划\大创实现\其他资料\electricity_forecast_model2.5\data\96\authoritative\pmos_96_全量.csv
dayahead,2026-08-16,2026-08-16,41,2026-08-16 10:15:00,11,33_64,37.83,2026-09-19T09:56:40.612173+00:00,D:\作业\大创_挑战杯_互联网\大学生创新创业计划\大创实现\其他资料\electricity_forecast_model2.5\data\96\authoritative\pmos_96_全量.csv
dayahead,2026-08-16,2026-08-16,43,2026-08-16 10:45:00,11,33_64,37.87,2026-09-19T09:56:40.612173+00:00,D:\作业\大创_挑战杯_互联网\大学生创新创业计划\大创实现\其他资料\electricity_forecast_model2.5\data\96\authoritative\pmos_96_全量.csv
dayahead,2026-08-16,2026-08-16,6,2026-08-16 01:30:00,2,1_32,1300.0,2026-09-19T09:56:40.612173+00:00,D:\作业\大创_挑战杯_互联网\大学生创新创业计划\大创实现\其他资料\electricity_forecast_model2.5\data\96\authoritative\pmos_96_全量.csv
dayahead,2026-08-16,2026-08-16,53,2026-08-16 13:15:00,14,33_64,46.99,2026-09-19T09:56:40.612173+00:00,D:\作业\大创_挑战杯_互联网\大学生创新创业计划\大创实现\其他资料\electricity_forecast_model2.5\data\96\authoritative\pmos_96_全量.csv
dayahead,2026-08-16,2026-08-16,72,2026-08-16 18:00:00,18,65_96,382.0,2026-09-19T09:56:40.612173+00:00,D:\作业\大创_挑战杯_互联网\大学生创新创业计划\大创实现\其他资料\electricity_forecast_model2.5\data\96\authoritative\pmos_96_全量.csv
dayahead,2026-08-16,2026-08-16,65,2026-08-16 16:15:00,17,65_96,366.5,2026-09-19T09:56:40.612173+00:00,D:\作业\大创_挑战杯_互联网\大学生创新创业计划\大创实现\其他资料\electricity_forecast_model2.5\data\96\authoritative\pmos_96_全量.csv
dayahead,2026-08-16,2026-08-16,94,2026-08-16 23:30:00,24,65_96,382.0,2026-09-19T09:56:40.612173+00:00,D:\作业\大创_挑战杯_互联网\大学生创新创业计划\大创实现\其他资料\electricity_forecast_model2.5\data\96\authoritative\pmos_96_全量.csv
dayahead,2026-08-16,2026-08-16,54,2026-08-16 13:30:00,14,33_64,83.76,2026-09-19T09:56:40.612173+00:00,D:\作业\大创_挑战杯_互联网\大学生创新创业计划\大创实现\其他资料\electricity_forecast_model2.5\data\96\authoritative\pmos_96_全量.csv
dayahead,2026-08-16,2026-08-16,55,2026-08-16 13:45:00,14,33_64,43.99,2026-09-19T09:56:40.612173+00:00,D:\作业\大创_挑战杯_互联网\大学生创新创业计划\大创实现\其他资料\electricity_forecast_model2.5\data\96\authoritative\pmos_96_全量.csv
dayahead,2026-08-16,2026-08-16,56,2026-08-16 14:00:00,14,33_64,226.19,2026-09-19T09:56:40.612173+00:00,D:\作业\大创_挑战杯_互联网\大学生创新创业计划\大创实现\其他资料\electricity_forecast_model2.5\data\96\authoritative\pmos_96_全量.csv
dayahead,2026-08-16,2026-08-16,57,2026-08-16 14:15:00,15,33_64,312.94,2026-09-19T09:56:40.612173+00:00,D:\作业\大创_挑战杯_互联网\大学生创新创业计划\大创实现\其他资料\electricity_forecast_model2.5\data\96\authoritative\pmos_96_全量.csv
dayahead,2026-08-16,2026-08-16,24,2026-08-16 06:00:00,6,1_32,376.67,2026-09-19T09:56:40.612173+00:00,D:\作业\大创_挑战杯_互联网\大学生创新创业计划\大创实现\其他资料\electricity_forecast_model2.5\data\96\authoritative\pmos_96_全量.csv
dayahead,2026-08-16,2026-08-16,50,2026-08-16 12:30:00,13,33_64,37.88,2026-09-19T09:56:40.612173+00:00,D:\作业\大创_挑战杯_互联网\大学生创新创业计划\大创实现\其他资料\electricity_forecast_model2.5\data\96\authoritative\pmos_96_全量.csv
dayahead,2026-08-16,2026-08-16,66,2026-08-16 16:30:00,17,65_96,368.33,2026-09-19T09:56:40.612173+00:00,D:\作业\大创_挑战杯_互联网\大学生创新创业计划\大创实现\其他资料\electricity_forecast_model2.5\data\96\authoritative\pmos_96_全量.csv
dayahead,2026-08-16,2026-08-16,61,2026-08-16 15:15:00,16,33_64,352.69,2026-09-19T09:56:40.612173+00:00,D:\作业\大创_挑战杯_互联网\大学生创新创业计划\大创实现\其他资料\electricity_forecast_model2.5\data\96\authoritative\pmos_96_全量.csv
dayahead,2026-08-16,2026-08-16,64,2026-08-16 16:00:00,16,33_64,363.33,2026-09-19T09:56:40.612173+00:00,D:\作业\大创_挑战杯_互联网\大学生创新创业计划\大创实现\其他资料\electricity_forecast_model2.5\data\96\authoritative\pmos_96_全量.csv
dayahead,2026-08-16,2026-08-16,78,2026-08-16 19:30:00,20,65_96,382.0,2026-09-19T09:56:40.612173+00:00,D:\作业\大创_挑战杯_互联网\大学生创新创业计划\大创实现\其他资料\electricity_forecast_model2.5\data\96\authoritative\pmos_96_全量.csv
dayahead,2026-08-16,2026-08-16,67,2026-08-16 16:45:00,17,65_96,370.0,2026-09-19T09:56:40.612173+00:00,D:\作业\大创_挑战杯_互联网\大学生创新创业计划\大创实现\其他资料\electricity_forecast_model2.5\data\96\authoritative\pmos_96_全量.csv
dayahead,2026-08-16,2026-08-16,68,2026-08-16 17:00:00,17,65_96,371.67,2026-09-19T09:56:40.612173+00:00,D:\作业\大创_挑战杯_互联网\大学生创新创业计划\大创实现\其他资料\electricity_forecast_model2.5\data\96\authoritative\pmos_96_全量.csv
dayahead,2026-08-16,2026-08-16,73,2026-08-16 18:15:00,19,65_96,382.0,2026-09-19T09:56:40.612173+00:00,D:\作业\大创_挑战杯_互联网\大学生创新创业计划\大创实现\其他资料\electricity_forecast_model2.5\data\96\authoritative\pmos_96_全量.csv
dayahead,2026-08-16,2026-08-16,59,2026-08-16 14:45:00,15,33_64,342.0,2026-09-19T09:56:40.612173+00:00,D:\作业\大创_挑战杯_互联网\大学生创新创业计划\大创实现\其他资料\electricity_forecast_model2.5\data\96\authoritative\pmos_96_全量.csv
dayahead,2026-08-16,2026-08-16,62,2026-08-16 15:30:00,16,33_64,359.0,2026-09-19T09:56:40.612173+00:00,D:\作业\大创_挑战杯_互联网\大学生创新创业计划\大创实现\其他资料\electricity_forecast_model2.5\data\96\authoritative\pmos_96_全量.csv
dayahead,2026-08-16,2026-08-16,48,2026-08-16 12:00:00,12,33_64,37.87,2026-09-19T09:56:40.612173+00:00,D:\作业\大创_挑战杯_互联网\大学生创新创业计划\大创实现\其他资料\electricity_forecast_model2.5\data\96\authoritative\pmos_96_全量.csv
dayahead,2026-08-16,2026-08-16,70,2026-08-16 17:30:00,18,65_96,376.5,2026-09-19T09:56:40.612173+00:00,D:\作业\大创_挑战杯_互联网\大学生创新创业计划\大创实现\其他资料\electricity_forecast_model2.5\data\96\authoritative\pmos_96_全量.csv
dayahead,2026-08-16,2026-08-16,71,2026-08-16 17:45:00,18,65_96,378.75,2026-09-19T09:56:40.612173+00:00,D:\作业\大创_挑战杯_互联网\大学生创新创业计划\大创实现\其他资料\electricity_forecast_model2.5\data\96\authoritative\pmos_96_全量.csv
dayahead,2026-08-16,2026-08-16,63,2026-08-16 15:45:00,16,33_64,360.0,2026-09-19T09:56:40.612173+00:00,D:\作业\大创_挑战杯_互联网\大学生创新创业计划\大创实现\其他资料\electricity_forecast_model2.5\data\96\authoritative\pmos_96_全量.csv
dayahead,2026-08-16,2026-08-16,69,2026-08-16 17:15:00,18,65_96,373.04,2026-09-19T09:56:40.612173+00:00,D:\作业\大创_挑战杯_互联网\大学生创新创业计划\大创实现\其他资料\electricity_forecast_model2.5\data\96\authoritative\pmos_96_全量.csv
dayahead,2026-08-16,2026-08-16,52,2026-08-16 13:00:00,13,33_64,37.88,2026-09-19T09:56:40.612173+00:00,D:\作业\大创_挑战杯_互联网\大学生创新创业计划\大创实现\其他资料\electricity_forecast_model2.5\data\96\authoritative\pmos_96_全量.csv
dayahead,2026-08-16,2026-08-16,74,2026-08-16 18:30:00,19,65_96,382.0,2026-09-19T09:56:40.612173+00:00,D:\作业\大创_挑战杯_互联网\大学生创新创业计划\大创实现\其他资料\electricity_forecast_model2.5\data\96\authoritative\pmos_96_全量.csv
dayahead,2026-08-16,2026-08-16,84,2026-08-16 21:00:00,21,65_96,382.0,2026-09-19T09:56:40.612173+00:00,D:\作业\大创_挑战杯_互联网\大学生创新创业计划\大创实现\其他资料\electricity_forecast_model2.5\data\96\authoritative\pmos_96_全量.csv
dayahead,2026-08-16,2026-08-16,76,2026-08-16 19:00:00,19,65_96,382.0,2026-09-19T09:56:40.612173+00:00,D:\作业\大创_挑战杯_互联网\大学生创新创业计划\大创实现\其他资料\electricity_forecast_model2.5\data\96\authoritative\pmos_96_全量.csv
dayahead,2026-08-16,2026-08-16,77,2026-08-16 19:15:00,20,65_96,382.0,2026-09-19T09:56:40.612173+00:00,D:\作业\大创_挑战杯_互联网\大学生创新创业计划\大创实现\其他资料\electricity_forecast_model2.5\data\96\authoritative\pmos_96_全量.csv
dayahead,2026-08-16,2026-08-16,81,2026-08-16 20:15:00,21,65_96,382.0,2026-09-19T09:56:40.612173+00:00,D:\作业\大创_挑战杯_互联网\大学生创新创业计划\大创实现\其他资料\electricity_forecast_model2.5\data\96\authoritative\pmos_96_全量.csv
dayahead,2026-08-16,2026-08-16,60,2026-08-16 15:00:00,15,33_64,350.0,2026-09-19T09:56:40.612173+00:00,D:\作业\大创_挑战杯_互联网\大学生创新创业计划\大创实现\其他资料\electricity_forecast_model2.5\data\96\authoritative\pmos_96_全量.csv
dayahead,2026-08-16,2026-08-16,92,2026-08-16 23:00:00,23,65_96,380.0,2026-09-19T09:56:40.612173+00:00,D:\作业\大创_挑战杯_互联网\大学生创新创业计划\大创实现\其他资料\electricity_forecast_model2.5\data\96\authoritative\pmos_96_全量.csv
dayahead,2026-08-16,2026-08-16,79,2026-08-16 19:45:00,20,65_96,382.0,2026-09-19T09:56:40.612173+00:00,D:\作业\大创_挑战杯_互联网\大学生创新创业计划\大创实现\其他资料\electricity_forecast_model2.5\data\96\authoritative\pmos_96_全量.csv
dayahead,2026-08-16,2026-08-16,80,2026-08-16 20:00:00,20,65_96,382.0,2026-09-19T09:56:40.612173+00:00,D:\作业\大创_挑战杯_互联网\大学生创新创业计划\大创实现\其他资料\electricity_forecast_model2.5\data\96\authoritative\pmos_96_全量.csv
dayahead,2026-08-16,2026-08-16,82,2026-08-16 20:30:00,21,65_96,382.0,2026-09-19T09:56:40.612173+00:00,D:\作业\大创_挑战杯_互联网\大学生创新创业计划\大创实现\其他资料\electricity_forecast_model2.5\data\96\authoritative\pmos_96_全量.csv
dayahead,2026-08-16,2026-08-16,87,2026-08-16 21:45:00,22,65_96,382.0,2026-09-19T09:56:40.612173+00:00,D:\作业\大创_挑战杯_互联网\大学生创新创业计划\大创实现\其他资料\electricity_forecast_model2.5\data\96\authoritative\pmos_96_全量.csv
dayahead,2026-08-16,2026-08-16,83,2026-08-16 20:45:00,21,65_96,382.0,2026-09-19T09:56:40.612173+00:00,D:\作业\大创_挑战杯_互联网\大学生创新创业计划\大创实现\其他资料\electricity_forecast_model2.5\data\96\authoritative\pmos_96_全量.csv
dayahead,2026-08-16,2026-08-16,75,2026-08-16 18:45:00,19,65_96,382.0,2026-09-19T09:56:40.612173+00:00,D:\作业\大创_挑战杯_互联网\大学生创新创业计划\大创实现\其他资料\electricity_forecast_model2.5\data\96\authoritative\pmos_96_全量.csv
dayahead,2026-08-16,2026-08-16,85,2026-08-16 21:15:00,22,65_96,382.0,2026-09-19T09:56:40.612173+00:00,D:\作业\大创_挑战杯_互联网\大学生创新创业计划\大创实现\其他资料\electricity_forecast_model2.5\data\96\authoritative\pmos_96_全量.csv
dayahead,2026-08-16,2026-08-16,86,2026-08-16 21:30:00,22,65_96,382.0,2026-09-19T09:56:40.612173+00:00,D:\作业\大创_挑战杯_互联网\大学生创新创业计划\大创实现\其他资料\electricity_forecast_model2.5\data\96\authoritative\pmos_96_全量.csv
dayahead,2026-08-16,2026-08-16,51,2026-08-16 12:45:00,13,33_64,37.88,2026-09-19T09:56:40.612173+00:00,D:\作业\大创_挑战杯_互联网\大学生创新创业计划\大创实现\其他资料\electricity_forecast_model2.5\data\96\authoritative\pmos_96_全量.csv
dayahead,2026-08-16,2026-08-16,93,2026-08-16 23:15:00,24,65_96,384.0,2026-09-19T09:56:40.612173+00:00,D:\作业\大创_挑战杯_互联网\大学生创新创业计划\大创实现\其他资料\electricity_forecast_model2.5\data\96\authoritative\pmos_96_全量.csv
dayahead,2026-08-16,2026-08-16,88,2026-08-16 22:00:00,22,65_96,382.0,2026-09-19T09:56:40.612173+00:00,D:\作业\大创_挑战杯_互联网\大学生创新创业计划\大创实现\其他资料\electricity_forecast_model2.5\data\96\authoritative\pmos_96_全量.csv
dayahead,2026-08-16,2026-08-16,90,2026-08-16 22:30:00,23,65_96,382.0,2026-09-19T09:56:40.612173+00:00,D:\作业\大创_挑战杯_互联网\大学生创新创业计划\大创实现\其他资料\electricity_forecast_model2.5\data\96\authoritative\pmos_96_全量.csv
dayahead,2026-08-16,2026-08-16,91,2026-08-16 22:45:00,23,65_96,382.0,2026-09-19T09:56:40.612173+00:00,D:\作业\大创_挑战杯_互联网\大学生创新创业计划\大创实现\其他资料\electricity_forecast_model2.5\data\96\authoritative\pmos_96_全量.csv
dayahead,2026-08-16,2026-08-16,58,2026-08-16 14:30:00,15,33_64,331.14,2026-09-19T09:56:40.612173+00:00,D:\作业\大创_挑战杯_互联网\大学生创新创业计划\大创实现\其他资料\electricity_forecast_model2.5\data\96\authoritative\pmos_96_全量.csv
dayahead,2026-08-16,2026-08-16,49,2026-08-16 12:15:00,13,33_64,37.87,2026-09-19T09:56:40.612173+00:00,D:\作业\大创_挑战杯_互联网\大学生创新创业计划\大创实现\其他资料\electricity_forecast_model2.5\data\96\authoritative\pmos_96_全量.csv
dayahead,2026-08-16,2026-08-16,89,2026-08-16 22:15:00,23,65_96,382.0,2026-09-19T09:56:40.612173+00:00,D:\作业\大创_挑战杯_互联网\大学生创新创业计划\大创实现\其他资料\electricity_forecast_model2.5\data\96\authoritative\pmos_96_全量.csv
dayahead,2026-09-18,2026-09-18,96,2026-09-19 00:00:00,24,65_96,469.0,2026-09-20T04:44:10.104434+00:00,D:\作业\大创_挑战杯_互联网\大学生创新创业计划\大创实现\其他资料\electricity_forecast_model2.5\data\96\authoritative\pmos_96_全量.csv
dayahead,2026-09-18,2026-09-18,3,2026-09-18 00:45:00,1,1_32,472.0,2026-09-20T04:44:10.104434+00:00,D:\作业\大创_挑战杯_互联网\大学生创新创业计划\大创实现\其他资料\electricity_forecast_model2.5\data\96\authoritative\pmos_96_全量.csv
dayahead,2026-09-18,2026-09-18,2,2026-09-18 00:30:00,1,1_32,474.0,2026-09-20T04:44:10.104434+00:00,D:\作业\大创_挑战杯_互联网\大学生创新创业计划\大创实现\其他资料\electricity_forecast_model2.5\data\96\authoritative\pmos_96_全量.csv
dayahead,2026-09-18,2026-09-18,1,2026-09-18 00:15:00,1,1_32,478.0,2026-09-20T04:44:10.104434+00:00,D:\作业\大创_挑战杯_互联网\大学生创新创业计划\大创实现\其他资料\electricity_forecast_model2.5\data\96\authoritative\pmos_96_全量.csv
dayahead,2026-09-18,2026-09-18,23,2026-09-18 05:45:00,6,1_32,476.0,2026-09-20T04:44:10.104434+00:00,D:\作业\大创_挑战杯_互联网\大学生创新创业计划\大创实现\其他资料\electricity_forecast_model2.5\data\96\authoritative\pmos_96_全量.csv
dayahead,2026-09-18,2026-09-18,9,2026-09-18 02:15:00,3,1_32,464.0,2026-09-20T04:44:10.104434+00:00,D:\作业\大创_挑战杯_互联网\大学生创新创业计划\大创实现\其他资料\electricity_forecast_model2.5\data\96\authoritative\pmos_96_全量.csv
dayahead,2026-09-18,2026-09-18,21,2026-09-18 05:15:00,6,1_32,477.5,2026-09-20T04:44:10.104434+00:00,D:\作业\大创_挑战杯_互联网\大学生创新创业计划\大创实现\其他资料\electricity_forecast_model2.5\data\96\authoritative\pmos_96_全量.csv
dayahead,2026-09-18,2026-09-18,6,2026-09-18 01:30:00,2,1_32,467.0,2026-09-20T04:44:10.104434+00:00,D:\作业\大创_挑战杯_互联网\大学生创新创业计划\大创实现\其他资料\electricity_forecast_model2.5\data\96\authoritative\pmos_96_全量.csv
dayahead,2026-09-18,2026-09-18,4,2026-09-18 01:00:00,1,1_32,471.0,2026-09-20T04:44:10.104434+00:00,D:\作业\大创_挑战杯_互联网\大学生创新创业计划\大创实现\其他资料\electricity_forecast_model2.5\data\96\authoritative\pmos_96_全量.csv
dayahead,2026-09-18,2026-09-18,95,2026-09-18 23:45:00,24,65_96,473.0,2026-09-20T04:44:10.104434+00:00,D:\作业\大创_挑战杯_互联网\大学生创新创业计划\大创实现\其他资料\electricity_forecast_model2.5\data\96\authoritative\pmos_96_全量.csv
dayahead,2026-09-18,2026-09-18,5,2026-09-18 01:15:00,2,1_32,470.88,2026-09-20T04:44:10.104434+00:00,D:\作业\大创_挑战杯_互联网\大学生创新创业计划\大创实现\其他资料\electricity_forecast_model2.5\data\96\authoritative\pmos_96_全量.csv
dayahead,2026-09-18,2026-09-18,11,2026-09-18 02:45:00,3,1_32,463.0,2026-09-20T04:44:10.104434+00:00,D:\作业\大创_挑战杯_互联网\大学生创新创业计划\大创实现\其他资料\electricity_forecast_model2.5\data\96\authoritative\pmos_96_全量.csv
dayahead,2026-09-18,2026-09-18,18,2026-09-18 04:30:00,5,1_32,465.0,2026-09-20T04:44:10.104434+00:00,D:\作业\大创_挑战杯_互联网\大学生创新创业计划\大创实现\其他资料\electricity_forecast_model2.5\data\96\authoritative\pmos_96_全量.csv
dayahead,2026-09-18,2026-09-18,10,2026-09-18 02:30:00,3,1_32,464.0,2026-09-20T04:44:10.104434+00:00,D:\作业\大创_挑战杯_互联网\大学生创新创业计划\大创实现\其他资料\electricity_forecast_model2.5\data\96\authoritative\pmos_96_全量.csv
dayahead,2026-09-18,2026-09-18,22,2026-09-18 05:30:00,6,1_32,476.0,2026-09-20T04:44:10.104434+00:00,D:\作业\大创_挑战杯_互联网\大学生创新创业计划\大创实现\其他资料\electricity_forecast_model2.5\data\96\authoritative\pmos_96_全量.csv
dayahead,2026-09-18,2026-09-18,12,2026-09-18 03:00:00,3,1_32,461.5,2026-09-20T04:44:10.104434+00:00,D:\作业\大创_挑战杯_互联网\大学生创新创业计划\大创实现\其他资料\electricity_forecast_model2.5\data\96\authoritative\pmos_96_全量.csv
dayahead,2026-09-18,2026-09-18,13,2026-09-18 03:15:00,4,1_32,462.37,2026-09-20T04:44:10.104434+00:00,D:\作业\大创_挑战杯_互联网\大学生创新创业计划\大创实现\其他资料\electricity_forecast_model2.5\data\96\authoritative\pmos_96_全量.csv
dayahead,2026-09-18,2026-09-18,14,2026-09-18 03:30:00,4,1_32,462.0,2026-09-20T04:44:10.104434+00:00,D:\作业\大创_挑战杯_互联网\大学生创新创业计划\大创实现\其他资料\electricity_forecast_model2.5\data\96\authoritative\pmos_96_全量.csv
dayahead,2026-09-18,2026-09-18,15,2026-09-18 03:45:00,4,1_32,462.0,2026-09-20T04:44:10.104434+00:00,D:\作业\大创_挑战杯_互联网\大学生创新创业计划\大创实现\其他资料\electricity_forecast_model2.5\data\96\authoritative\pmos_96_全量.csv
dayahead,2026-09-18,2026-09-18,16,2026-09-18 04:00:00,4,1_32,462.0,2026-09-20T04:44:10.104434+00:00,D:\作业\大创_挑战杯_互联网\大学生创新创业计划\大创实现\其他资料\electricity_forecast_model2.5\data\96\authoritative\pmos_96_全量.csv
dayahead,2026-09-18,2026-09-18,17,2026-09-18 04:15:00,5,1_32,463.0,2026-09-20T04:44:10.104434+00:00,D:\作业\大创_挑战杯_互联网\大学生创新创业计划\大创实现\其他资料\electricity_forecast_model2.5\data\96\authoritative\pmos_96_全量.csv
dayahead,2026-09-18,2026-09-18,7,2026-09-18 01:45:00,2,1_32,466.33,2026-09-20T04:44:10.104434+00:00,D:\作业\大创_挑战杯_互联网\大学生创新创业计划\大创实现\其他资料\electricity_forecast_model2.5\data\96\authoritative\pmos_96_全量.csv
dayahead,2026-09-18,2026-09-18,20,2026-09-18 05:00:00,5,1_32,471.0,2026-09-20T04:44:10.104434+00:00,D:\作业\大创_挑战杯_互联网\大学生创新创业计划\大创实现\其他资料\electricity_forecast_model2.5\data\96\authoritative\pmos_96_全量.csv
dayahead,2026-09-18,2026-09-18,29,2026-09-18 07:15:00,8,1_32,441.71,2026-09-20T04:44:10.104434+00:00,D:\作业\大创_挑战杯_互联网\大学生创新创业计划\大创实现\其他资料\electricity_forecast_model2.5\data\96\authoritative\pmos_96_全量.csv
dayahead,2026-09-18,2026-09-18,44,2026-09-18 11:00:00,11,33_64,354.22,2026-09-20T04:44:10.104434+00:00,D:\作业\大创_挑战杯_互联网\大学生创新创业计划\大创实现\其他资料\electricity_forecast_model2.5\data\96\authoritative\pmos_96_全量.csv
dayahead,2026-09-18,2026-09-18,8,2026-09-18 02:00:00,2,1_32,464.67,2026-09-20T04:44:10.104434+00:00,D:\作业\大创_挑战杯_互联网\大学生创新创业计划\大创实现\其他资料\electricity_forecast_model2.5\data\96\authoritative\pmos_96_全量.csv
dayahead,2026-09-18,2026-09-18,32,2026-09-18 08:00:00,8,1_32,425.4,2026-09-20T04:44:10.104434+00:00,D:\作业\大创_挑战杯_互联网\大学生创新创业计划\大创实现\其他资料\electricity_forecast_model2.5\data\96\authoritative\pmos_96_全量.csv
dayahead,2026-09-18,2026-09-18,31,2026-09-18 07:45:00,8,1_32,430.0,2026-09-20T04:44:10.104434+00:00,D:\作业\大创_挑战杯_互联网\大学生创新创业计划\大创实现\其他资料\electricity_forecast_model2.5\data\96\authoritative\pmos_96_全量.csv
dayahead,2026-09-18,2026-09-18,30,2026-09-18 07:30:00,8,1_32,434.67,2026-09-20T04:44:10.104434+00:00,D:\作业\大创_挑战杯_互联网\大学生创新创业计划\大创实现\其他资料\electricity_forecast_model2.5\data\96\authoritative\pmos_96_全量.csv
dayahead,2026-09-18,2026-09-18,47,2026-09-18 11:45:00,12,33_64,354.18,2026-09-20T04:44:10.104434+00:00,D:\作业\大创_挑战杯_互联网\大学生创新创业计划\大创实现\其他资料\electricity_forecast_model2.5\data\96\authoritative\pmos_96_全量.csv
dayahead,2026-09-18,2026-09-18,28,2026-09-18 07:00:00,7,1_32,453.0,2026-09-20T04:44:10.104434+00:00,D:\作业\大创_挑战杯_互联网\大学生创新创业计划\大创实现\其他资料\electricity_forecast_model2.5\data\96\authoritative\pmos_96_全量.csv
dayahead,2026-09-18,2026-09-18,27,2026-09-18 06:45:00,7,1_32,464.5,2026-09-20T04:44:10.104434+00:00,D:\作业\大创_挑战杯_互联网\大学生创新创业计划\大创实现\其他资料\electricity_forecast_model2.5\data\96\authoritative\pmos_96_全量.csv
dayahead,2026-09-18,2026-09-18,26,2026-09-18 06:30:00,7,1_32,474.0,2026-09-20T04:44:10.104434+00:00,D:\作业\大创_挑战杯_互联网\大学生创新创业计划\大创实现\其他资料\electricity_forecast_model2.5\data\96\authoritative\pmos_96_全量.csv
dayahead,2026-09-18,2026-09-18,25,2026-09-18 06:15:00,7,1_32,477.0,2026-09-20T04:44:10.104434+00:00,D:\作业\大创_挑战杯_互联网\大学生创新创业计划\大创实现\其他资料\electricity_forecast_model2.5\data\96\authoritative\pmos_96_全量.csv
dayahead,2026-09-18,2026-09-18,34,2026-09-18 08:30:00,9,33_64,407.09,2026-09-20T04:44:10.104434+00:00,D:\作业\大创_挑战杯_互联网\大学生创新创业计划\大创实现\其他资料\electricity_forecast_model2.5\data\96\authoritative\pmos_96_全量.csv
dayahead,2026-09-18,2026-09-18,33,2026-09-18 08:15:00,9,33_64,420.0,2026-09-20T04:44:10.104434+00:00,D:\作业\大创_挑战杯_互联网\大学生创新创业计划\大创实现\其他资料\electricity_forecast_model2.5\data\96\authoritative\pmos_96_全量.csv
dayahead,2026-09-18,2026-09-18,39,2026-09-18 09:45:00,10,33_64,352.0,2026-09-20T04:44:10.104434+00:00,D:\作业\大创_挑战杯_互联网\大学生创新创业计划\大创实现\其他资料\electricity_forecast_model2.5\data\96\authoritative\pmos_96_全量.csv
dayahead,2026-09-18,2026-09-18,35,2026-09-18 08:45:00,9,33_64,390.06,2026-09-20T04:44:10.104434+00:00,D:\作业\大创_挑战杯_互联网\大学生创新创业计划\大创实现\其他资料\electricity_forecast_model2.5\data\96\authoritative\pmos_96_全量.csv
dayahead,2026-09-18,2026-09-18,36,2026-09-18 09:00:00,9,33_64,373.14,2026-09-20T04:44:10.104434+00:00,D:\作业\大创_挑战杯_互联网\大学生创新创业计划\大创实现\其他资料\electricity_forecast_model2.5\data\96\authoritative\pmos_96_全量.csv
dayahead,2026-09-18,2026-09-18,37,2026-09-18 09:15:00,10,33_64,358.3,2026-09-20T04:44:10.104434+00:00,D:\作业\大创_挑战杯_互联网\大学生创新创业计划\大创实现\其他资料\electricity_forecast_model2.5\data\96\authoritative\pmos_96_全量.csv
dayahead,2026-09-18,2026-09-18,38,2026-09-18 09:30:00,10,33_64,354.68,2026-09-20T04:44:10.104434+00:00,D:\作业\大创_挑战杯_互联网\大学生创新创业计划\大创实现\其他资料\electricity_forecast_model2.5\data\96\authoritative\pmos_96_全量.csv
dayahead,2026-09-18,2026-09-18,40,2026-09-18 10:00:00,10,33_64,350.03,2026-09-20T04:44:10.104434+00:00,D:\作业\大创_挑战杯_互联网\大学生创新创业计划\大创实现\其他资料\electricity_forecast_model2.5\data\96\authoritative\pmos_96_全量.csv
dayahead,2026-09-18,2026-09-18,41,2026-09-18 10:15:00,11,33_64,359.25,2026-09-20T04:44:10.104434+00:00,D:\作业\大创_挑战杯_互联网\大学生创新创业计划\大创实现\其他资料\electricity_forecast_model2.5\data\96\authoritative\pmos_96_全量.csv
dayahead,2026-09-18,2026-09-18,42,2026-09-18 10:30:00,11,33_64,354.64,2026-09-20T04:44:10.104434+00:00,D:\作业\大创_挑战杯_互联网\大学生创新创业计划\大创实现\其他资料\electricity_forecast_model2.5\data\96\authoritative\pmos_96_全量.csv
dayahead,2026-09-18,2026-09-18,43,2026-09-18 10:45:00,11,33_64,354.29,2026-09-20T04:44:10.104434+00:00,D:\作业\大创_挑战杯_互联网\大学生创新创业计划\大创实现\其他资料\electricity_forecast_model2.5\data\96\authoritative\pmos_96_全量.csv
dayahead,2026-09-18,2026-09-18,45,2026-09-18 11:15:00,12,33_64,355.0,2026-09-20T04:44:10.104434+00:00,D:\作业\大创_挑战杯_互联网\大学生创新创业计划\大创实现\其他资料\electricity_forecast_model2.5\data\96\authoritative\pmos_96_全量.csv
dayahead,2026-09-18,2026-09-18,19,2026-09-18 04:45:00,5,1_32,469.0,2026-09-20T04:44:10.104434+00:00,D:\作业\大创_挑战杯_互联网\大学生创新创业计划\大创实现\其他资料\electricity_forecast_model2.5\data\96\authoritative\pmos_96_全量.csv
dayahead,2026-09-18,2026-09-18,46,2026-09-18 11:30:00,12,33_64,354.19,2026-09-20T04:44:10.104434+00:00,D:\作业\大创_挑战杯_互联网\大学生创新创业计划\大创实现\其他资料\electricity_forecast_model2.5\data\96\authoritative\pmos_96_全量.csv
dayahead,2026-09-18,2026-09-18,94,2026-09-18 23:30:00,24,65_96,582.58,2026-09-20T04:44:10.104434+00:00,D:\作业\大创_挑战杯_互联网\大学生创新创业计划\大创实现\其他资料\electricity_forecast_model2.5\data\96\authoritative\pmos_96_全量.csv
dayahead,2026-09-18,2026-09-18,48,2026-09-18 12:00:00,12,33_64,349.26,2026-09-20T04:44:10.104434+00:00,D:\作业\大创_挑战杯_互联网\大学生创新创业计划\大创实现\其他资料\electricity_forecast_model2.5\data\96\authoritative\pmos_96_全量.csv
dayahead,2026-09-18,2026-09-18,61,2026-09-18 15:15:00,16,33_64,418.96,2026-09-20T04:44:10.104434+00:00,D:\作业\大创_挑战杯_互联网\大学生创新创业计划\大创实现\其他资料\electricity_forecast_model2.5\data\96\authoritative\pmos_96_全量.csv
dayahead,2026-09-18,2026-09-18,71,2026-09-18 17:45:00,18,65_96,582.58,2026-09-20T04:44:10.104434+00:00,D:\作业\大创_挑战杯_互联网\大学生创新创业计划\大创实现\其他资料\electricity_forecast_model2.5\data\96\authoritative\pmos_96_全量.csv
dayahead,2026-09-18,2026-09-18,52,2026-09-18 13:00:00,13,33_64,351.61,2026-09-20T04:44:10.104434+00:00,D:\作业\大创_挑战杯_互联网\大学生创新创业计划\大创实现\其他资料\electricity_forecast_model2.5\data\96\authoritative\pmos_96_全量.csv
dayahead,2026-09-18,2026-09-18,53,2026-09-18 13:15:00,14,33_64,352.74,2026-09-20T04:44:10.104434+00:00,D:\作业\大创_挑战杯_互联网\大学生创新创业计划\大创实现\其他资料\electricity_forecast_model2.5\data\96\authoritative\pmos_96_全量.csv
dayahead,2026-09-18,2026-09-18,54,2026-09-18 13:30:00,14,33_64,353.5,2026-09-20T04:44:10.104434+00:00,D:\作业\大创_挑战杯_互联网\大学生创新创业计划\大创实现\其他资料\electricity_forecast_model2.5\data\96\authoritative\pmos_96_全量.csv
dayahead,2026-09-18,2026-09-18,55,2026-09-18 13:45:00,14,33_64,359.29,2026-09-20T04:44:10.104434+00:00,D:\作业\大创_挑战杯_互联网\大学生创新创业计划\大创实现\其他资料\electricity_forecast_model2.5\data\96\authoritative\pmos_96_全量.csv
dayahead,2026-09-18,2026-09-18,56,2026-09-18 14:00:00,14,33_64,364.68,2026-09-20T04:44:10.104434+00:00,D:\作业\大创_挑战杯_互联网\大学生创新创业计划\大创实现\其他资料\electricity_forecast_model2.5\data\96\authoritative\pmos_96_全量.csv
dayahead,2026-09-18,2026-09-18,57,2026-09-18 14:15:00,15,33_64,376.95,2026-09-20T04:44:10.104434+00:00,D:\作业\大创_挑战杯_互联网\大学生创新创业计划\大创实现\其他资料\electricity_forecast_model2.5\data\96\authoritative\pmos_96_全量.csv
dayahead,2026-09-18,2026-09-18,24,2026-09-18 06:00:00,6,1_32,476.83,2026-09-20T04:44:10.104434+00:00,D:\作业\大创_挑战杯_互联网\大学生创新创业计划\大创实现\其他资料\electricity_forecast_model2.5\data\96\authoritative\pmos_96_全量.csv
dayahead,2026-09-18,2026-09-18,88,2026-09-18 22:00:00,22,65_96,582.58,2026-09-20T04:44:10.104434+00:00,D:\作业\大创_挑战杯_互联网\大学生创新创业计划\大创实现\其他资料\electricity_forecast_model2.5\data\96\authoritative\pmos_96_全量.csv
dayahead,2026-09-18,2026-09-18,59,2026-09-18 14:45:00,15,33_64,403.13,2026-09-20T04:44:10.104434+00:00,D:\作业\大创_挑战杯_互联网\大学生创新创业计划\大创实现\其他资料\electricity_forecast_model2.5\data\96\authoritative\pmos_96_全量.csv
dayahead,2026-09-18,2026-09-18,51,2026-09-18 12:45:00,13,33_64,350.0,2026-09-20T04:44:10.104434+00:00,D:\作业\大创_挑战杯_互联网\大学生创新创业计划\大创实现\其他资料\electricity_forecast_model2.5\data\96\authoritative\pmos_96_全量.csv
dayahead,2026-09-18,2026-09-18,63,2026-09-18 15:45:00,16,33_64,434.74,2026-09-20T04:44:10.104434+00:00,D:\作业\大创_挑战杯_互联网\大学生创新创业计划\大创实现\其他资料\electricity_forecast_model2.5\data\96\authoritative\pmos_96_全量.csv
dayahead,2026-09-18,2026-09-18,64,2026-09-18 16:00:00,16,33_64,436.52,2026-09-20T04:44:10.104434+00:00,D:\作业\大创_挑战杯_互联网\大学生创新创业计划\大创实现\其他资料\electricity_forecast_model2.5\data\96\authoritative\pmos_96_全量.csv
dayahead,2026-09-18,2026-09-18,65,2026-09-18 16:15:00,17,65_96,444.02,2026-09-20T04:44:10.104434+00:00,D:\作业\大创_挑战杯_互联网\大学生创新创业计划\大创实现\其他资料\electricity_forecast_model2.5\data\96\authoritative\pmos_96_全量.csv
dayahead,2026-09-18,2026-09-18,66,2026-09-18 16:30:00,17,65_96,459.0,2026-09-20T04:44:10.104434+00:00,D:\作业\大创_挑战杯_互联网\大学生创新创业计划\大创实现\其他资料\electricity_forecast_model2.5\data\96\authoritative\pmos_96_全量.csv
dayahead,2026-09-18,2026-09-18,67,2026-09-18 16:45:00,17,65_96,561.16,2026-09-20T04:44:10.104434+00:00,D:\作业\大创_挑战杯_互联网\大学生创新创业计划\大创实现\其他资料\electricity_forecast_model2.5\data\96\authoritative\pmos_96_全量.csv
dayahead,2026-09-18,2026-09-18,68,2026-09-18 17:00:00,17,65_96,604.0,2026-09-20T04:44:10.104434+00:00,D:\作业\大创_挑战杯_互联网\大学生创新创业计划\大创实现\其他资料\electricity_forecast_model2.5\data\96\authoritative\pmos_96_全量.csv
dayahead,2026-09-18,2026-09-18,69,2026-09-18 17:15:00,18,65_96,582.58,2026-09-20T04:44:10.104434+00:00,D:\作业\大创_挑战杯_互联网\大学生创新创业计划\大创实现\其他资料\electricity_forecast_model2.5\data\96\authoritative\pmos_96_全量.csv
dayahead,2026-09-18,2026-09-18,70,2026-09-18 17:30:00,18,65_96,582.58,2026-09-20T04:44:10.104434+00:00,D:\作业\大创_挑战杯_互联网\大学生创新创业计划\大创实现\其他资料\electricity_forecast_model2.5\data\96\authoritative\pmos_96_全量.csv
dayahead,2026-09-18,2026-09-18,50,2026-09-18 12:30:00,13,33_64,346.42,2026-09-20T04:44:10.104434+00:00,D:\作业\大创_挑战杯_互联网\大学生创新创业计划\大创实现\其他资料\electricity_forecast_model2.5\data\96\authoritative\pmos_96_全量.csv
dayahead,2026-09-18,2026-09-18,82,2026-09-18 20:30:00,21,65_96,582.58,2026-09-20T04:44:10.104434+00:00,D:\作业\大创_挑战杯_互联网\大学生创新创业计划\大创实现\其他资料\electricity_forecast_model2.5\data\96\authoritative\pmos_96_全量.csv
dayahead,2026-09-18,2026-09-18,62,2026-09-18 15:30:00,16,33_64,428.54,2026-09-20T04:44:10.104434+00:00,D:\作业\大创_挑战杯_互联网\大学生创新创业计划\大创实现\其他资料\electricity_forecast_model2.5\data\96\authoritative\pmos_96_全量.csv
dayahead,2026-09-18,2026-09-18,60,2026-09-18 15:00:00,15,33_64,412.08,2026-09-20T04:44:10.104434+00:00,D:\作业\大创_挑战杯_互联网\大学生创新创业计划\大创实现\其他资料\electricity_forecast_model2.5\data\96\authoritative\pmos_96_全量.csv
dayahead,2026-09-18,2026-09-18,58,2026-09-18 14:30:00,15,33_64,386.23,2026-09-20T04:44:10.104434+00:00,D:\作业\大创_挑战杯_互联网\大学生创新创业计划\大创实现\其他资料\electricity_forecast_model2.5\data\96\authoritative\pmos_96_全量.csv
dayahead,2026-09-18,2026-09-18,73,2026-09-18 18:15:00,19,65_96,582.58,2026-09-20T04:44:10.104434+00:00,D:\作业\大创_挑战杯_互联网\大学生创新创业计划\大创实现\其他资料\electricity_forecast_model2.5\data\96\authoritative\pmos_96_全量.csv
dayahead,2026-09-18,2026-09-18,72,2026-09-18 18:00:00,18,65_96,582.58,2026-09-20T04:44:10.104434+00:00,D:\作业\大创_挑战杯_互联网\大学生创新创业计划\大创实现\其他资料\electricity_forecast_model2.5\data\96\authoritative\pmos_96_全量.csv
dayahead,2026-09-18,2026-09-18,74,2026-09-18 18:30:00,19,65_96,582.58,2026-09-20T04:44:10.104434+00:00,D:\作业\大创_挑战杯_互联网\大学生创新创业计划\大创实现\其他资料\electricity_forecast_model2.5\data\96\authoritative\pmos_96_全量.csv
dayahead,2026-09-18,2026-09-18,75,2026-09-18 18:45:00,19,65_96,582.58,2026-09-20T04:44:10.104434+00:00,D:\作业\大创_挑战杯_互联网\大学生创新创业计划\大创实现\其他资料\electricity_forecast_model2.5\data\96\authoritative\pmos_96_全量.csv
dayahead,2026-09-18,2026-09-18,76,2026-09-18 19:00:00,19,65_96,582.58,2026-09-20T04:44:10.104434+00:00,D:\作业\大创_挑战杯_互联网\大学生创新创业计划\大创实现\其他资料\electricity_forecast_model2.5\data\96\authoritative\pmos_96_全量.csv
dayahead,2026-09-18,2026-09-18,49,2026-09-18 12:15:00,13,33_64,346.96,2026-09-20T04:44:10.104434+00:00,D:\作业\大创_挑战杯_互联网\大学生创新创业计划\大创实现\其他资料\electricity_forecast_model2.5\data\96\authoritative\pmos_96_全量.csv
dayahead,2026-09-18,2026-09-18,79,2026-09-18 19:45:00,20,65_96,582.58,2026-09-20T04:44:10.104434+00:00,D:\作业\大创_挑战杯_互联网\大学生创新创业计划\大创实现\其他资料\electricity_forecast_model2.5\data\96\authoritative\pmos_96_全量.csv
dayahead,2026-09-18,2026-09-18,80,2026-09-18 20:00:00,20,65_96,582.58,2026-09-20T04:44:10.104434+00:00,D:\作业\大创_挑战杯_互联网\大学生创新创业计划\大创实现\其他资料\electricity_forecast_model2.5\data\96\authoritative\pmos_96_全量.csv
dayahead,2026-09-18,2026-09-18,81,2026-09-18 20:15:00,21,65_96,582.58,2026-09-20T04:44:10.104434+00:00,D:\作业\大创_挑战杯_互联网\大学生创新创业计划\大创实现\其他资料\electricity_forecast_model2.5\data\96\authoritative\pmos_96_全量.csv
dayahead,2026-09-18,2026-09-18,77,2026-09-18 19:15:00,20,65_96,582.58,2026-09-20T04:44:10.104434+00:00,D:\作业\大创_挑战杯_互联网\大学生创新创业计划\大创实现\其他资料\electricity_forecast_model2.5\data\96\authoritative\pmos_96_全量.csv
dayahead,2026-09-18,2026-09-18,84,2026-09-18 21:00:00,21,65_96,473.0,2026-09-20T04:44:10.104434+00:00,D:\作业\大创_挑战杯_互联网\大学生创新创业计划\大创实现\其他资料\electricity_forecast_model2.5\data\96\authoritative\pmos_96_全量.csv
dayahead,2026-09-18,2026-09-18,78,2026-09-18 19:30:00,20,65_96,582.58,2026-09-20T04:44:10.104434+00:00,D:\作业\大创_挑战杯_互联网\大学生创新创业计划\大创实现\其他资料\electricity_forecast_model2.5\data\96\authoritative\pmos_96_全量.csv
dayahead,2026-09-18,2026-09-18,86,2026-09-18 21:30:00,22,65_96,582.58,2026-09-20T04:44:10.104434+00:00,D:\作业\大创_挑战杯_互联网\大学生创新创业计划\大创实现\其他资料\electricity_forecast_model2.5\data\96\authoritative\pmos_96_全量.csv
dayahead,2026-09-18,2026-09-18,87,2026-09-18 21:45:00,22,65_96,582.58,2026-09-20T04:44:10.104434+00:00,D:\作业\大创_挑战杯_互联网\大学生创新创业计划\大创实现\其他资料\electricity_forecast_model2.5\data\96\authoritative\pmos_96_全量.csv
dayahead,2026-09-18,2026-09-18,93,2026-09-18 23:15:00,24,65_96,582.58,2026-09-20T04:44:10.104434+00:00,D:\作业\大创_挑战杯_互联网\大学生创新创业计划\大创实现\其他资料\electricity_forecast_model2.5\data\96\authoritative\pmos_96_全量.csv
dayahead,2026-09-18,2026-09-18,85,2026-09-18 21:15:00,22,65_96,692.16,2026-09-20T04:44:10.104434+00:00,D:\作业\大创_挑战杯_互联网\大学生创新创业计划\大创实现\其他资料\electricity_forecast_model2.5\data\96\authoritative\pmos_96_全量.csv
dayahead,2026-09-18,2026-09-18,90,2026-09-18 22:30:00,23,65_96,582.58,2026-09-20T04:44:10.104434+00:00,D:\作业\大创_挑战杯_互联网\大学生创新创业计划\大创实现\其他资料\electricity_forecast_model2.5\data\96\authoritative\pmos_96_全量.csv
dayahead,2026-09-18,2026-09-18,91,2026-09-18 22:45:00,23,65_96,582.58,2026-09-20T04:44:10.104434+00:00,D:\作业\大创_挑战杯_互联网\大学生创新创业计划\大创实现\其他资料\electricity_forecast_model2.5\data\96\authoritative\pmos_96_全量.csv
dayahead,2026-09-18,2026-09-18,92,2026-09-18 23:00:00,23,65_96,476.0,2026-09-20T04:44:10.104434+00:00,D:\作业\大创_挑战杯_互联网\大学生创新创业计划\大创实现\其他资料\electricity_forecast_model2.5\data\96\authoritative\pmos_96_全量.csv
dayahead,2026-09-18,2026-09-18,83,2026-09-18 20:45:00,21,65_96,582.58,2026-09-20T04:44:10.104434+00:00,D:\作业\大创_挑战杯_互联网\大学生创新创业计划\大创实现\其他资料\electricity_forecast_model2.5\data\96\authoritative\pmos_96_全量.csv
dayahead,2026-09-18,2026-09-18,89,2026-09-18 22:15:00,23,65_96,582.58,2026-09-20T04:44:10.104434+00:00,D:\作业\大创_挑战杯_互联网\大学生创新创业计划\大创实现\其他资料\electricity_forecast_model2.5\data\96\authoritative\pmos_96_全量.csv
dayahead,2026-09-20,2026-09-20,62,2026-09-20 15:30:00,16,33_64,957.5,2026-09-20T04:44:23.185066+00:00,D:\作业\大创_挑战杯_互联网\大学生创新创业计划\大创实现\其他资料\electricity_forecast_model2.5\data\96\authoritative\pmos_96_全量.csv
dayahead,2026-09-20,2026-09-20,70,2026-09-20 17:30:00,18,65_96,957.5,2026-09-20T04:44:23.185066+00:00,D:\作业\大创_挑战杯_互联网\大学生创新创业计划\大创实现\其他资料\electricity_forecast_model2.5\data\96\authoritative\pmos_96_全量.csv
dayahead,2026-09-20,2026-09-20,69,2026-09-20 17:15:00,18,65_96,957.48,2026-09-20T04:44:23.185066+00:00,D:\作业\大创_挑战杯_互联网\大学生创新创业计划\大创实现\其他资料\electricity_forecast_model2.5\data\96\authoritative\pmos_96_全量.csv
dayahead,2026-09-20,2026-09-20,68,2026-09-20 17:00:00,17,65_96,957.5,2026-09-20T04:44:23.185066+00:00,D:\作业\大创_挑战杯_互联网\大学生创新创业计划\大创实现\其他资料\electricity_forecast_model2.5\data\96\authoritative\pmos_96_全量.csv
dayahead,2026-09-20,2026-09-20,67,2026-09-20 16:45:00,17,65_96,957.3,2026-09-20T04:44:23.185066+00:00,D:\作业\大创_挑战杯_互联网\大学生创新创业计划\大创实现\其他资料\electricity_forecast_model2.5\data\96\authoritative\pmos_96_全量.csv
dayahead,2026-09-20,2026-09-20,66,2026-09-20 16:30:00,17,65_96,957.42,2026-09-20T04:44:23.185066+00:00,D:\作业\大创_挑战杯_互联网\大学生创新创业计划\大创实现\其他资料\electricity_forecast_model2.5\data\96\authoritative\pmos_96_全量.csv
dayahead,2026-09-20,2026-09-20,65,2026-09-20 16:15:00,17,65_96,455.99,2026-09-20T04:44:23.185066+00:00,D:\作业\大创_挑战杯_互联网\大学生创新创业计划\大创实现\其他资料\electricity_forecast_model2.5\data\96\authoritative\pmos_96_全量.csv
dayahead,2026-09-20,2026-09-20,64,2026-09-20 16:00:00,16,33_64,453.4,2026-09-20T04:44:23.185066+00:00,D:\作业\大创_挑战杯_互联网\大学生创新创业计划\大创实现\其他资料\electricity_forecast_model2.5\data\96\authoritative\pmos_96_全量.csv
dayahead,2026-09-20,2026-09-20,63,2026-09-20 15:45:00,16,33_64,1500.0,2026-09-20T04:44:23.185066+00:00,D:\作业\大创_挑战杯_互联网\大学生创新创业计划\大创实现\其他资料\electricity_forecast_model2.5\data\96\authoritative\pmos_96_全量.csv
dayahead,2026-09-20,2026-09-20,51,2026-09-20 12:45:00,13,33_64,957.4,2026-09-20T04:44:23.185066+00:00,D:\作业\大创_挑战杯_互联网\大学生创新创业计划\大创实现\其他资料\electricity_forecast_model2.5\data\96\authoritative\pmos_96_全量.csv
dayahead,2026-09-20,2026-09-20,50,2026-09-20 12:30:00,13,33_64,957.37,2026-09-20T04:44:23.185066+00:00,D:\作业\大创_挑战杯_互联网\大学生创新创业计划\大创实现\其他资料\electricity_forecast_model2.5\data\96\authoritative\pmos_96_全量.csv
dayahead,2026-09-20,2026-09-20,59,2026-09-20 14:45:00,15,33_64,957.54,2026-09-20T04:44:23.185066+00:00,D:\作业\大创_挑战杯_互联网\大学生创新创业计划\大创实现\其他资料\electricity_forecast_model2.5\data\96\authoritative\pmos_96_全量.csv
dayahead,2026-09-20,2026-09-20,24,2026-09-20 06:00:00,6,1_32,464.57,2026-09-20T04:44:23.185066+00:00,D:\作业\大创_挑战杯_互联网\大学生创新创业计划\大创实现\其他资料\electricity_forecast_model2.5\data\96\authoritative\pmos_96_全量.csv
dayahead,2026-09-20,2026-09-20,57,2026-09-20 14:15:00,15,33_64,957.46,2026-09-20T04:44:23.185066+00:00,D:\作业\大创_挑战杯_互联网\大学生创新创业计划\大创实现\其他资料\electricity_forecast_model2.5\data\96\authoritative\pmos_96_全量.csv
dayahead,2026-09-20,2026-09-20,56,2026-09-20 14:00:00,14,33_64,957.36,2026-09-20T04:44:23.185066+00:00,D:\作业\大创_挑战杯_互联网\大学生创新创业计划\大创实现\其他资料\electricity_forecast_model2.5\data\96\authoritative\pmos_96_全量.csv
dayahead,2026-09-20,2026-09-20,55,2026-09-20 13:45:00,14,33_64,957.36,2026-09-20T04:44:23.185066+00:00,D:\作业\大创_挑战杯_互联网\大学生创新创业计划\大创实现\其他资料\electricity_forecast_model2.5\data\96\authoritative\pmos_96_全量.csv
dayahead,2026-09-20,2026-09-20,54,2026-09-20 13:30:00,14,33_64,957.37,2026-09-20T04:44:23.185066+00:00,D:\作业\大创_挑战杯_互联网\大学生创新创业计划\大创实现\其他资料\electricity_forecast_model2.5\data\96\authoritative\pmos_96_全量.csv
dayahead,2026-09-20,2026-09-20,53,2026-09-20 13:15:00,14,33_64,957.44,2026-09-20T04:44:23.185066+00:00,D:\作业\大创_挑战杯_互联网\大学生创新创业计划\大创实现\其他资料\electricity_forecast_model2.5\data\96\authoritative\pmos_96_全量.csv
dayahead,2026-09-20,2026-09-20,52,2026-09-20 13:00:00,13,33_64,957.26,2026-09-20T04:44:23.185066+00:00,D:\作业\大创_挑战杯_互联网\大学生创新创业计划\大创实现\其他资料\electricity_forecast_model2.5\data\96\authoritative\pmos_96_全量.csv
dayahead,2026-09-20,2026-09-20,71,2026-09-20 17:45:00,18,65_96,957.11,2026-09-20T04:44:23.185066+00:00,D:\作业\大创_挑战杯_互联网\大学生创新创业计划\大创实现\其他资料\electricity_forecast_model2.5\data\96\authoritative\pmos_96_全量.csv
dayahead,2026-09-20,2026-09-20,61,2026-09-20 15:15:00,16,33_64,957.51,2026-09-20T04:44:23.185066+00:00,D:\作业\大创_挑战杯_互联网\大学生创新创业计划\大创实现\其他资料\electricity_forecast_model2.5\data\96\authoritative\pmos_96_全量.csv
dayahead,2026-09-20,2026-09-20,94,2026-09-20 23:30:00,24,65_96,470.0,2026-09-20T04:44:23.185066+00:00,D:\作业\大创_挑战杯_互联网\大学生创新创业计划\大创实现\其他资料\electricity_forecast_model2.5\data\96\authoritative\pmos_96_全量.csv
dayahead,2026-09-20,2026-09-20,82,2026-09-20 20:30:00,21,65_96,628.0,2026-09-20T04:44:23.185066+00:00,D:\作业\大创_挑战杯_互联网\大学生创新创业计划\大创实现\其他资料\electricity_forecast_model2.5\data\96\authoritative\pmos_96_全量.csv
dayahead,2026-09-20,2026-09-20,49,2026-09-20 12:15:00,13,33_64,905.43,2026-09-20T04:44:23.185066+00:00,D:\作业\大创_挑战杯_互联网\大学生创新创业计划\大创实现\其他资料\electricity_forecast_model2.5\data\96\authoritative\pmos_96_全量.csv
dayahead,2026-09-20,2026-09-20,60,2026-09-20 15:00:00,15,33_64,957.56,2026-09-20T04:44:23.185066+00:00,D:\作业\大创_挑战杯_互联网\大学生创新创业计划\大创实现\其他资料\electricity_forecast_model2.5\data\96\authoritative\pmos_96_全量.csv
dayahead,2026-09-20,2026-09-20,85,2026-09-20 21:15:00,22,65_96,1435.19,2026-09-20T04:44:23.185066+00:00,D:\作业\大创_挑战杯_互联网\大学生创新创业计划\大创实现\其他资料\electricity_forecast_model2.5\data\96\authoritative\pmos_96_全量.csv
dayahead,2026-09-20,2026-09-20,86,2026-09-20 21:30:00,22,65_96,957.94,2026-09-20T04:44:23.185066+00:00,D:\作业\大创_挑战杯_互联网\大学生创新创业计划\大创实现\其他资料\electricity_forecast_model2.5\data\96\authoritative\pmos_96_全量.csv
dayahead,2026-09-20,2026-09-20,87,2026-09-20 21:45:00,22,65_96,957.33,2026-09-20T04:44:23.185066+00:00,D:\作业\大创_挑战杯_互联网\大学生创新创业计划\大创实现\其他资料\electricity_forecast_model2.5\data\96\authoritative\pmos_96_全量.csv
dayahead,2026-09-20,2026-09-20,93,2026-09-20 23:15:00,24,65_96,476.1,2026-09-20T04:44:23.185066+00:00,D:\作业\大创_挑战杯_互联网\大学生创新创业计划\大创实现\其他资料\electricity_forecast_model2.5\data\96\authoritative\pmos_96_全量.csv
dayahead,2026-09-20,2026-09-20,89,2026-09-20 22:15:00,23,65_96,957.33,2026-09-20T04:44:23.185066+00:00,D:\作业\大创_挑战杯_互联网\大学生创新创业计划\大创实现\其他资料\electricity_forecast_model2.5\data\96\authoritative\pmos_96_全量.csv
dayahead,2026-09-20,2026-09-20,90,2026-09-20 22:30:00,23,65_96,896.38,2026-09-20T04:44:23.185066+00:00,D:\作业\大创_挑战杯_互联网\大学生创新创业计划\大创实现\其他资料\electricity_forecast_model2.5\data\96\authoritative\pmos_96_全量.csv
dayahead,2026-09-20,2026-09-20,91,2026-09-20 22:45:00,23,65_96,474.2,2026-09-20T04:44:23.185066+00:00,D:\作业\大创_挑战杯_互联网\大学生创新创业计划\大创实现\其他资料\electricity_forecast_model2.5\data\96\authoritative\pmos_96_全量.csv
dayahead,2026-09-20,2026-09-20,92,2026-09-20 23:00:00,23,65_96,472.0,2026-09-20T04:44:23.185066+00:00,D:\作业\大创_挑战杯_互联网\大学生创新创业计划\大创实现\其他资料\electricity_forecast_model2.5\data\96\authoritative\pmos_96_全量.csv
dayahead,2026-09-20,2026-09-20,83,2026-09-20 20:45:00,21,65_96,483.0,2026-09-20T04:44:23.185066+00:00,D:\作业\大创_挑战杯_互联网\大学生创新创业计划\大创实现\其他资料\electricity_forecast_model2.5\data\96\authoritative\pmos_96_全量.csv
dayahead,2026-09-20,2026-09-20,84,2026-09-20 21:00:00,21,65_96,480.0,2026-09-20T04:44:23.185066+00:00,D:\作业\大创_挑战杯_互联网\大学生创新创业计划\大创实现\其他资料\electricity_forecast_model2.5\data\96\authoritative\pmos_96_全量.csv
dayahead,2026-09-20,2026-09-20,78,2026-09-20 19:30:00,20,65_96,1500.0,2026-09-20T04:44:23.185066+00:00,D:\作业\大创_挑战杯_互联网\大学生创新创业计划\大创实现\其他资料\electricity_forecast_model2.5\data\96\authoritative\pmos_96_全量.csv
dayahead,2026-09-20,2026-09-20,81,2026-09-20 20:15:00,21,65_96,482.11,2026-09-20T04:44:23.185066+00:00,D:\作业\大创_挑战杯_互联网\大学生创新创业计划\大创实现\其他资料\electricity_forecast_model2.5\data\96\authoritative\pmos_96_全量.csv
dayahead,2026-09-20,2026-09-20,80,2026-09-20 20:00:00,20,65_96,719.31,2026-09-20T04:44:23.185066+00:00,D:\作业\大创_挑战杯_互联网\大学生创新创业计划\大创实现\其他资料\electricity_forecast_model2.5\data\96\authoritative\pmos_96_全量.csv
dayahead,2026-09-20,2026-09-20,79,2026-09-20 19:45:00,20,65_96,744.12,2026-09-20T04:44:23.185066+00:00,D:\作业\大创_挑战杯_互联网\大学生创新创业计划\大创实现\其他资料\electricity_forecast_model2.5\data\96\authoritative\pmos_96_全量.csv
dayahead,2026-09-20,2026-09-20,77,2026-09-20 19:15:00,20,65_96,744.23,2026-09-20T04:44:23.185066+00:00,D:\作业\大创_挑战杯_互联网\大学生创新创业计划\大创实现\其他资料\electricity_forecast_model2.5\data\96\authoritative\pmos_96_全量.csv
dayahead,2026-09-20,2026-09-20,76,2026-09-20 19:00:00,19,65_96,924.49,2026-09-20T04:44:23.185066+00:00,D:\作业\大创_挑战杯_互联网\大学生创新创业计划\大创实现\其他资料\electricity_forecast_model2.5\data\96\authoritative\pmos_96_全量.csv
dayahead,2026-09-20,2026-09-20,75,2026-09-20 18:45:00,19,65_96,956.88,2026-09-20T04:44:23.185066+00:00,D:\作业\大创_挑战杯_互联网\大学生创新创业计划\大创实现\其他资料\electricity_forecast_model2.5\data\96\authoritative\pmos_96_全量.csv
dayahead,2026-09-20,2026-09-20,74,2026-09-20 18:30:00,19,65_96,957.08,2026-09-20T04:44:23.185066+00:00,D:\作业\大创_挑战杯_互联网\大学生创新创业计划\大创实现\其他资料\electricity_forecast_model2.5\data\96\authoritative\pmos_96_全量.csv
dayahead,2026-09-20,2026-09-20,72,2026-09-20 18:00:00,18,65_96,957.32,2026-09-20T04:44:23.185066+00:00,D:\作业\大创_挑战杯_互联网\大学生创新创业计划\大创实现\其他资料\electricity_forecast_model2.5\data\96\authoritative\pmos_96_全量.csv
dayahead,2026-09-20,2026-09-20,73,2026-09-20 18:15:00,19,65_96,956.68,2026-09-20T04:44:23.185066+00:00,D:\作业\大创_挑战杯_互联网\大学生创新创业计划\大创实现\其他资料\electricity_forecast_model2.5\data\96\authoritative\pmos_96_全量.csv
dayahead,2026-09-20,2026-09-20,88,2026-09-20 22:00:00,22,65_96,481.0,2026-09-20T04:44:23.185066+00:00,D:\作业\大创_挑战杯_互联网\大学生创新创业计划\大创实现\其他资料\electricity_forecast_model2.5\data\96\authoritative\pmos_96_全量.csv
dayahead,2026-09-20,2026-09-20,48,2026-09-20 12:00:00,12,33_64,957.2,2026-09-20T04:44:23.185066+00:00,D:\作业\大创_挑战杯_互联网\大学生创新创业计划\大创实现\其他资料\electricity_forecast_model2.5\data\96\authoritative\pmos_96_全量.csv
dayahead,2026-09-20,2026-09-20,58,2026-09-20 14:30:00,15,33_64,957.46,2026-09-20T04:44:23.185066+00:00,D:\作业\大创_挑战杯_互联网\大学生创新创业计划\大创实现\其他资料\electricity_forecast_model2.5\data\96\authoritative\pmos_96_全量.csv
dayahead,2026-09-20,2026-09-20,46,2026-09-20 11:30:00,12,33_64,1272.21,2026-09-20T04:44:23.185066+00:00,D:\作业\大创_挑战杯_互联网\大学生创新创业计划\大创实现\其他资料\electricity_forecast_model2.5\data\96\authoritative\pmos_96_全量.csv
dayahead,2026-09-20,2026-09-20,8,2026-09-20 02:00:00,2,1_32,464.57,2026-09-20T04:44:23.185066+00:00,D:\作业\大创_挑战杯_互联网\大学生创新创业计划\大创实现\其他资料\electricity_forecast_model2.5\data\96\authoritative\pmos_96_全量.csv
dayahead,2026-09-20,2026-09-20,17,2026-09-20 04:15:00,5,1_32,464.57,2026-09-20T04:44:23.185066+00:00,D:\作业\大创_挑战杯_互联网\大学生创新创业计划\大创实现\其他资料\electricity_forecast_model2.5\data\96\authoritative\pmos_96_全量.csv
dayahead,2026-09-20,2026-09-20,16,2026-09-20 04:00:00,4,1_32,464.57,2026-09-20T04:44:23.185066+00:00,D:\作业\大创_挑战杯_互联网\大学生创新创业计划\大创实现\其他资料\electricity_forecast_model2.5\data\96\authoritative\pmos_96_全量.csv
dayahead,2026-09-20,2026-09-20,15,2026-09-20 03:45:00,4,1_32,464.57,2026-09-20T04:44:23.185066+00:00,D:\作业\大创_挑战杯_互联网\大学生创新创业计划\大创实现\其他资料\electricity_forecast_model2.5\data\96\authoritative\pmos_96_全量.csv
dayahead,2026-09-20,2026-09-20,14,2026-09-20 03:30:00,4,1_32,464.57,2026-09-20T04:44:23.185066+00:00,D:\作业\大创_挑战杯_互联网\大学生创新创业计划\大创实现\其他资料\electricity_forecast_model2.5\data\96\authoritative\pmos_96_全量.csv
dayahead,2026-09-20,2026-09-20,13,2026-09-20 03:15:00,4,1_32,464.57,2026-09-20T04:44:23.185066+00:00,D:\作业\大创_挑战杯_互联网\大学生创新创业计划\大创实现\其他资料\electricity_forecast_model2.5\data\96\authoritative\pmos_96_全量.csv
dayahead,2026-09-20,2026-09-20,12,2026-09-20 03:00:00,3,1_32,464.57,2026-09-20T04:44:23.185066+00:00,D:\作业\大创_挑战杯_互联网\大学生创新创业计划\大创实现\其他资料\electricity_forecast_model2.5\data\96\authoritative\pmos_96_全量.csv
dayahead,2026-09-20,2026-09-20,11,2026-09-20 02:45:00,3,1_32,464.57,2026-09-20T04:44:23.185066+00:00,D:\作业\大创_挑战杯_互联网\大学生创新创业计划\大创实现\其他资料\electricity_forecast_model2.5\data\96\authoritative\pmos_96_全量.csv
dayahead,2026-09-20,2026-09-20,22,2026-09-20 05:30:00,6,1_32,464.57,2026-09-20T04:44:23.185066+00:00,D:\作业\大创_挑战杯_互联网\大学生创新创业计划\大创实现\其他资料\electricity_forecast_model2.5\data\96\authoritative\pmos_96_全量.csv
dayahead,2026-09-20,2026-09-20,10,2026-09-20 02:30:00,3,1_32,464.57,2026-09-20T04:44:23.185066+00:00,D:\作业\大创_挑战杯_互联网\大学生创新创业计划\大创实现\其他资料\electricity_forecast_model2.5\data\96\authoritative\pmos_96_全量.csv
dayahead,2026-09-20,2026-09-20,18,2026-09-20 04:30:00,5,1_32,464.57,2026-09-20T04:44:23.185066+00:00,D:\作业\大创_挑战杯_互联网\大学生创新创业计划\大创实现\其他资料\electricity_forecast_model2.5\data\96\authoritative\pmos_96_全量.csv
dayahead,2026-09-20,2026-09-20,7,2026-09-20 01:45:00,2,1_32,464.57,2026-09-20T04:44:23.185066+00:00,D:\作业\大创_挑战杯_互联网\大学生创新创业计划\大创实现\其他资料\electricity_forecast_model2.5\data\96\authoritative\pmos_96_全量.csv
dayahead,2026-09-20,2026-09-20,5,2026-09-20 01:15:00,2,1_32,464.57,2026-09-20T04:44:23.185066+00:00,D:\作业\大创_挑战杯_互联网\大学生创新创业计划\大创实现\其他资料\electricity_forecast_model2.5\data\96\authoritative\pmos_96_全量.csv
dayahead,2026-09-20,2026-09-20,4,2026-09-20 01:00:00,1,1_32,464.57,2026-09-20T04:44:23.185066+00:00,D:\作业\大创_挑战杯_互联网\大学生创新创业计划\大创实现\其他资料\electricity_forecast_model2.5\data\96\authoritative\pmos_96_全量.csv
dayahead,2026-09-20,2026-09-20,3,2026-09-20 00:45:00,1,1_32,464.57,2026-09-20T04:44:23.185066+00:00,D:\作业\大创_挑战杯_互联网\大学生创新创业计划\大创实现\其他资料\electricity_forecast_model2.5\data\96\authoritative\pmos_96_全量.csv
dayahead,2026-09-20,2026-09-20,2,2026-09-20 00:30:00,1,1_32,468.0,2026-09-20T04:44:23.185066+00:00,D:\作业\大创_挑战杯_互联网\大学生创新创业计划\大创实现\其他资料\electricity_forecast_model2.5\data\96\authoritative\pmos_96_全量.csv
dayahead,2026-09-20,2026-09-20,1,2026-09-20 00:15:00,1,1_32,977.0,2026-09-20T04:44:23.185066+00:00,D:\作业\大创_挑战杯_互联网\大学生创新创业计划\大创实现\其他资料\electricity_forecast_model2.5\data\96\authoritative\pmos_96_全量.csv
dayahead,2026-09-20,2026-09-20,95,2026-09-20 23:45:00,24,65_96,466.67,2026-09-20T04:44:23.185066+00:00,D:\作业\大创_挑战杯_互联网\大学生创新创业计划\大创实现\其他资料\electricity_forecast_model2.5\data\96\authoritative\pmos_96_全量.csv
dayahead,2026-09-20,2026-09-20,9,2026-09-20 02:15:00,3,1_32,464.57,2026-09-20T04:44:23.185066+00:00,D:\作业\大创_挑战杯_互联网\大学生创新创业计划\大创实现\其他资料\electricity_forecast_model2.5\data\96\authoritative\pmos_96_全量.csv
dayahead,2026-09-20,2026-09-20,21,2026-09-20 05:15:00,6,1_32,464.57,2026-09-20T04:44:23.185066+00:00,D:\作业\大创_挑战杯_互联网\大学生创新创业计划\大创实现\其他资料\electricity_forecast_model2.5\data\96\authoritative\pmos_96_全量.csv
dayahead,2026-09-20,2026-09-20,6,2026-09-20 01:30:00,2,1_32,464.57,2026-09-20T04:44:23.185066+00:00,D:\作业\大创_挑战杯_互联网\大学生创新创业计划\大创实现\其他资料\electricity_forecast_model2.5\data\96\authoritative\pmos_96_全量.csv
dayahead,2026-09-20,2026-09-20,23,2026-09-20 05:45:00,6,1_32,464.57,2026-09-20T04:44:23.185066+00:00,D:\作业\大创_挑战杯_互联网\大学生创新创业计划\大创实现\其他资料\electricity_forecast_model2.5\data\96\authoritative\pmos_96_全量.csv
dayahead,2026-09-20,2026-09-20,96,2026-09-21 00:00:00,24,65_96,463.33,2026-09-20T04:44:23.185066+00:00,D:\作业\大创_挑战杯_互联网\大学生创新创业计划\大创实现\其他资料\electricity_forecast_model2.5\data\96\authoritative\pmos_96_全量.csv
dayahead,2026-09-20,2026-09-20,20,2026-09-20 05:00:00,5,1_32,464.57,2026-09-20T04:44:23.185066+00:00,D:\作业\大创_挑战杯_互联网\大学生创新创业计划\大创实现\其他资料\electricity_forecast_model2.5\data\96\authoritative\pmos_96_全量.csv
dayahead,2026-09-20,2026-09-20,19,2026-09-20 04:45:00,5,1_32,464.57,2026-09-20T04:44:23.185066+00:00,D:\作业\大创_挑战杯_互联网\大学生创新创业计划\大创实现\其他资料\electricity_forecast_model2.5\data\96\authoritative\pmos_96_全量.csv
dayahead,2026-09-20,2026-09-20,44,2026-09-20 11:00:00,11,33_64,407.3,2026-09-20T04:44:23.185066+00:00,D:\作业\大创_挑战杯_互联网\大学生创新创业计划\大创实现\其他资料\electricity_forecast_model2.5\data\96\authoritative\pmos_96_全量.csv
dayahead,2026-09-20,2026-09-20,45,2026-09-20 11:15:00,12,33_64,1500.0,2026-09-20T04:44:23.185066+00:00,D:\作业\大创_挑战杯_互联网\大学生创新创业计划\大创实现\其他资料\electricity_forecast_model2.5\data\96\authoritative\pmos_96_全量.csv
dayahead,2026-09-20,2026-09-20,43,2026-09-20 10:45:00,11,33_64,957.36,2026-09-20T04:44:23.185066+00:00,D:\作业\大创_挑战杯_互联网\大学生创新创业计划\大创实现\其他资料\electricity_forecast_model2.5\data\96\authoritative\pmos_96_全量.csv
dayahead,2026-09-20,2026-09-20,42,2026-09-20 10:30:00,11,33_64,957.35,2026-09-20T04:44:23.185066+00:00,D:\作业\大创_挑战杯_互联网\大学生创新创业计划\大创实现\其他资料\electricity_forecast_model2.5\data\96\authoritative\pmos_96_全量.csv
dayahead,2026-09-20,2026-09-20,41,2026-09-20 10:15:00,11,33_64,1500.0,2026-09-20T04:44:23.185066+00:00,D:\作业\大创_挑战杯_互联网\大学生创新创业计划\大创实现\其他资料\electricity_forecast_model2.5\data\96\authoritative\pmos_96_全量.csv
dayahead,2026-09-20,2026-09-20,40,2026-09-20 10:00:00,10,33_64,407.54,2026-09-20T04:44:23.185066+00:00,D:\作业\大创_挑战杯_互联网\大学生创新创业计划\大创实现\其他资料\electricity_forecast_model2.5\data\96\authoritative\pmos_96_全量.csv
dayahead,2026-09-20,2026-09-20,38,2026-09-20 09:30:00,10,33_64,464.57,2026-09-20T04:44:23.185066+00:00,D:\作业\大创_挑战杯_互联网\大学生创新创业计划\大创实现\其他资料\electricity_forecast_model2.5\data\96\authoritative\pmos_96_全量.csv
dayahead,2026-09-20,2026-09-20,37,2026-09-20 09:15:00,10,33_64,464.57,2026-09-20T04:44:23.185066+00:00,D:\作业\大创_挑战杯_互联网\大学生创新创业计划\大创实现\其他资料\electricity_forecast_model2.5\data\96\authoritative\pmos_96_全量.csv
dayahead,2026-09-20,2026-09-20,36,2026-09-20 09:00:00,9,33_64,464.67,2026-09-20T04:44:23.185066+00:00,D:\作业\大创_挑战杯_互联网\大学生创新创业计划\大创实现\其他资料\electricity_forecast_model2.5\data\96\authoritative\pmos_96_全量.csv
dayahead,2026-09-20,2026-09-20,35,2026-09-20 08:45:00,9,33_64,464.63,2026-09-20T04:44:23.185066+00:00,D:\作业\大创_挑战杯_互联网\大学生创新创业计划\大创实现\其他资料\electricity_forecast_model2.5\data\96\authoritative\pmos_96_全量.csv
dayahead,2026-09-20,2026-09-20,39,2026-09-20 09:45:00,10,33_64,464.57,2026-09-20T04:44:23.185066+00:00,D:\作业\大创_挑战杯_互联网\大学生创新创业计划\大创实现\其他资料\electricity_forecast_model2.5\data\96\authoritative\pmos_96_全量.csv
dayahead,2026-09-20,2026-09-20,33,2026-09-20 08:15:00,9,33_64,464.61,2026-09-20T04:44:23.185066+00:00,D:\作业\大创_挑战杯_互联网\大学生创新创业计划\大创实现\其他资料\electricity_forecast_model2.5\data\96\authoritative\pmos_96_全量.csv
dayahead,2026-09-20,2026-09-20,34,2026-09-20 08:30:00,9,33_64,464.57,2026-09-20T04:44:23.185066+00:00,D:\作业\大创_挑战杯_互联网\大学生创新创业计划\大创实现\其他资料\electricity_forecast_model2.5\data\96\authoritative\pmos_96_全量.csv
dayahead,2026-09-20,2026-09-20,25,2026-09-20 06:15:00,7,1_32,464.57,2026-09-20T04:44:23.185066+00:00,D:\作业\大创_挑战杯_互联网\大学生创新创业计划\大创实现\其他资料\electricity_forecast_model2.5\data\96\authoritative\pmos_96_全量.csv
dayahead,2026-09-20,2026-09-20,26,2026-09-20 06:30:00,7,1_32,464.57,2026-09-20T04:44:23.185066+00:00,D:\作业\大创_挑战杯_互联网\大学生创新创业计划\大创实现\其他资料\electricity_forecast_model2.5\data\96\authoritative\pmos_96_全量.csv
dayahead,2026-09-20,2026-09-20,27,2026-09-20 06:45:00,7,1_32,464.57,2026-09-20T04:44:23.185066+00:00,D:\作业\大创_挑战杯_互联网\大学生创新创业计划\大创实现\其他资料\electricity_forecast_model2.5\data\96\authoritative\pmos_96_全量.csv
dayahead,2026-09-20,2026-09-20,28,2026-09-20 07:00:00,7,1_32,464.57,2026-09-20T04:44:23.185066+00:00,D:\作业\大创_挑战杯_互联网\大学生创新创业计划\大创实现\其他资料\electricity_forecast_model2.5\data\96\authoritative\pmos_96_全量.csv
dayahead,2026-09-20,2026-09-20,47,2026-09-20 11:45:00,12,33_64,642.0,2026-09-20T04:44:23.185066+00:00,D:\作业\大创_挑战杯_互联网\大学生创新创业计划\大创实现\其他资料\electricity_forecast_model2.5\data\96\authoritative\pmos_96_全量.csv
dayahead,2026-09-20,2026-09-20,30,2026-09-20 07:30:00,8,1_32,455.0,2026-09-20T04:44:23.185066+00:00,D:\作业\大创_挑战杯_互联网\大学生创新创业计划\大创实现\其他资料\electricity_forecast_model2.5\data\96\authoritative\pmos_96_全量.csv
dayahead,2026-09-20,2026-09-20,31,2026-09-20 07:45:00,8,1_32,474.14,2026-09-20T04:44:23.185066+00:00,D:\作业\大创_挑战杯_互联网\大学生创新创业计划\大创实现\其他资料\electricity_forecast_model2.5\data\96\authoritative\pmos_96_全量.csv
dayahead,2026-09-20,2026-09-20,32,2026-09-20 08:00:00,8,1_32,464.57,2026-09-20T04:44:23.185066+00:00,D:\作业\大创_挑战杯_互联网\大学生创新创业计划\大创实现\其他资料\electricity_forecast_model2.5\data\96\authoritative\pmos_96_全量.csv
dayahead,2026-09-20,2026-09-20,29,2026-09-20 07:15:00,8,1_32,464.57,2026-09-20T04:44:23.185066+00:00,D:\作业\大创_挑战杯_互联网\大学生创新创业计划\大创实现\其他资料\electricity_forecast_model2.5\data\96\authoritative\pmos_96_全量.csv
dayahead,2026-08-15,2026-08-15,6,2026-08-15 01:30:00,2,1_32,640.0,2026-09-20T10:48:00.691051+00:00,D:\作业\大创_挑战杯_互联网\大学生创新创业计划\大创实现\其他资料\electricity_forecast_model2.5\data\96\authoritative\pmos_96_全量.csv
dayahead,2026-08-15,2026-08-15,21,2026-08-15 05:15:00,6,1_32,386.0,2026-09-20T10:48:00.691051+00:00,D:\作业\大创_挑战杯_互联网\大学生创新创业计划\大创实现\其他资料\electricity_forecast_model2.5\data\96\authoritative\pmos_96_全量.csv
dayahead,2026-08-15,2026-08-15,9,2026-08-15 02:15:00,3,1_32,390.0,2026-09-20T10:48:00.691051+00:00,D:\作业\大创_挑战杯_互联网\大学生创新创业计划\大创实现\其他资料\electricity_forecast_model2.5\data\96\authoritative\pmos_96_全量.csv
dayahead,2026-08-15,2026-08-15,95,2026-08-15 23:45:00,24,65_96,430.34,2026-09-20T10:48:00.691051+00:00,D:\作业\大创_挑战杯_互联网\大学生创新创业计划\大创实现\其他资料\electricity_forecast_model2.5\data\96\authoritative\pmos_96_全量.csv
dayahead,2026-08-15,2026-08-15,1,2026-08-15 00:15:00,1,1_32,385.0,2026-09-20T10:48:00.691051+00:00,D:\作业\大创_挑战杯_互联网\大学生创新创业计划\大创实现\其他资料\electricity_forecast_model2.5\data\96\authoritative\pmos_96_全量.csv
dayahead,2026-08-15,2026-08-15,2,2026-08-15 00:30:00,1,1_32,385.0,2026-09-20T10:48:00.691051+00:00,D:\作业\大创_挑战杯_互联网\大学生创新创业计划\大创实现\其他资料\electricity_forecast_model2.5\data\96\authoritative\pmos_96_全量.csv
dayahead,2026-08-15,2026-08-15,3,2026-08-15 00:45:00,1,1_32,385.0,2026-09-20T10:48:00.691051+00:00,D:\作业\大创_挑战杯_互联网\大学生创新创业计划\大创实现\其他资料\electricity_forecast_model2.5\data\96\authoritative\pmos_96_全量.csv
dayahead,2026-08-15,2026-08-15,4,2026-08-15 01:00:00,1,1_32,383.0,2026-09-20T10:48:00.691051+00:00,D:\作业\大创_挑战杯_互联网\大学生创新创业计划\大创实现\其他资料\electricity_forecast_model2.5\data\96\authoritative\pmos_96_全量.csv
dayahead,2026-08-15,2026-08-15,5,2026-08-15 01:15:00,2,1_32,1500.0,2026-09-20T10:48:00.691051+00:00,D:\作业\大创_挑战杯_互联网\大学生创新创业计划\大创实现\其他资料\electricity_forecast_model2.5\data\96\authoritative\pmos_96_全量.csv
dayahead,2026-08-15,2026-08-15,7,2026-08-15 01:45:00,2,1_32,1500.0,2026-09-20T10:48:00.691051+00:00,D:\作业\大创_挑战杯_互联网\大学生创新创业计划\大创实现\其他资料\electricity_forecast_model2.5\data\96\authoritative\pmos_96_全量.csv
dayahead,2026-08-15,2026-08-15,18,2026-08-15 04:30:00,5,1_32,383.0,2026-09-20T10:48:00.691051+00:00,D:\作业\大创_挑战杯_互联网\大学生创新创业计划\大创实现\其他资料\electricity_forecast_model2.5\data\96\authoritative\pmos_96_全量.csv
dayahead,2026-08-15,2026-08-15,10,2026-08-15 02:30:00,3,1_32,390.0,2026-09-20T10:48:00.691051+00:00,D:\作业\大创_挑战杯_互联网\大学生创新创业计划\大创实现\其他资料\electricity_forecast_model2.5\data\96\authoritative\pmos_96_全量.csv
dayahead,2026-08-15,2026-08-15,20,2026-08-15 05:00:00,5,1_32,385.0,2026-09-20T10:48:00.691051+00:00,D:\作业\大创_挑战杯_互联网\大学生创新创业计划\大创实现\其他资料\electricity_forecast_model2.5\data\96\authoritative\pmos_96_全量.csv
dayahead,2026-08-15,2026-08-15,11,2026-08-15 02:45:00,3,1_32,388.33,2026-09-20T10:48:00.691051+00:00,D:\作业\大创_挑战杯_互联网\大学生创新创业计划\大创实现\其他资料\electricity_forecast_model2.5\data\96\authoritative\pmos_96_全量.csv
dayahead,2026-08-15,2026-08-15,12,2026-08-15 03:00:00,3,1_32,386.67,2026-09-20T10:48:00.691051+00:00,D:\作业\大创_挑战杯_互联网\大学生创新创业计划\大创实现\其他资料\electricity_forecast_model2.5\data\96\authoritative\pmos_96_全量.csv
dayahead,2026-08-15,2026-08-15,13,2026-08-15 03:15:00,4,1_32,386.67,2026-09-20T10:48:00.691051+00:00,D:\作业\大创_挑战杯_互联网\大学生创新创业计划\大创实现\其他资料\electricity_forecast_model2.5\data\96\authoritative\pmos_96_全量.csv
dayahead,2026-08-15,2026-08-15,14,2026-08-15 03:30:00,4,1_32,385.0,2026-09-20T10:48:00.691051+00:00,D:\作业\大创_挑战杯_互联网\大学生创新创业计划\大创实现\其他资料\electricity_forecast_model2.5\data\96\authoritative\pmos_96_全量.csv
dayahead,2026-08-15,2026-08-15,15,2026-08-15 03:45:00,4,1_32,385.0,2026-09-20T10:48:00.691051+00:00,D:\作业\大创_挑战杯_互联网\大学生创新创业计划\大创实现\其他资料\electricity_forecast_model2.5\data\96\authoritative\pmos_96_全量.csv
dayahead,2026-08-15,2026-08-15,16,2026-08-15 04:00:00,4,1_32,383.0,2026-09-20T10:48:00.691051+00:00,D:\作业\大创_挑战杯_互联网\大学生创新创业计划\大创实现\其他资料\electricity_forecast_model2.5\data\96\authoritative\pmos_96_全量.csv
dayahead,2026-08-15,2026-08-15,17,2026-08-15 04:15:00,5,1_32,383.0,2026-09-20T10:48:00.691051+00:00,D:\作业\大创_挑战杯_互联网\大学生创新创业计划\大创实现\其他资料\electricity_forecast_model2.5\data\96\authoritative\pmos_96_全量.csv
dayahead,2026-08-15,2026-08-15,8,2026-08-15 02:00:00,2,1_32,392.0,2026-09-20T10:48:00.691051+00:00,D:\作业\大创_挑战杯_互联网\大学生创新创业计划\大创实现\其他资料\electricity_forecast_model2.5\data\96\authoritative\pmos_96_全量.csv
dayahead,2026-08-15,2026-08-15,23,2026-08-15 05:45:00,6,1_32,385.0,2026-09-20T10:48:00.691051+00:00,D:\作业\大创_挑战杯_互联网\大学生创新创业计划\大创实现\其他资料\electricity_forecast_model2.5\data\96\authoritative\pmos_96_全量.csv
dayahead,2026-08-15,2026-08-15,96,2026-08-16 00:00:00,24,65_96,430.34,2026-09-20T10:48:00.691051+00:00,D:\作业\大创_挑战杯_互联网\大学生创新创业计划\大创实现\其他资料\electricity_forecast_model2.5\data\96\authoritative\pmos_96_全量.csv
dayahead,2026-08-15,2026-08-15,44,2026-08-15 11:00:00,11,33_64,115.41,2026-09-20T10:48:00.691051+00:00,D:\作业\大创_挑战杯_互联网\大学生创新创业计划\大创实现\其他资料\electricity_forecast_model2.5\data\96\authoritative\pmos_96_全量.csv
dayahead,2026-08-15,2026-08-15,19,2026-08-15 04:45:00,5,1_32,383.0,2026-09-20T10:48:00.691051+00:00,D:\作业\大创_挑战杯_互联网\大学生创新创业计划\大创实现\其他资料\electricity_forecast_model2.5\data\96\authoritative\pmos_96_全量.csv
dayahead,2026-08-15,2026-08-15,47,2026-08-15 11:45:00,12,33_64,115.41,2026-09-20T10:48:00.691051+00:00,D:\作业\大创_挑战杯_互联网\大学生创新创业计划\大创实现\其他资料\electricity_forecast_model2.5\data\96\authoritative\pmos_96_全量.csv
dayahead,2026-08-15,2026-08-15,25,2026-08-15 06:15:00,7,1_32,375.0,2026-09-20T10:48:00.691051+00:00,D:\作业\大创_挑战杯_互联网\大学生创新创业计划\大创实现\其他资料\electricity_forecast_model2.5\data\96\authoritative\pmos_96_全量.csv
dayahead,2026-08-15,2026-08-15,26,2026-08-15 06:30:00,7,1_32,371.67,2026-09-20T10:48:00.691051+00:00,D:\作业\大创_挑战杯_互联网\大学生创新创业计划\大创实现\其他资料\electricity_forecast_model2.5\data\96\authoritative\pmos_96_全量.csv
dayahead,2026-08-15,2026-08-15,27,2026-08-15 06:45:00,7,1_32,368.0,2026-09-20T10:48:00.691051+00:00,D:\作业\大创_挑战杯_互联网\大学生创新创业计划\大创实现\其他资料\electricity_forecast_model2.5\data\96\authoritative\pmos_96_全量.csv
dayahead,2026-08-15,2026-08-15,28,2026-08-15 07:00:00,7,1_32,365.0,2026-09-20T10:48:00.691051+00:00,D:\作业\大创_挑战杯_互联网\大学生创新创业计划\大创实现\其他资料\electricity_forecast_model2.5\data\96\authoritative\pmos_96_全量.csv
dayahead,2026-08-15,2026-08-15,29,2026-08-15 07:15:00,8,1_32,362.0,2026-09-20T10:48:00.691051+00:00,D:\作业\大创_挑战杯_互联网\大学生创新创业计划\大创实现\其他资料\electricity_forecast_model2.5\data\96\authoritative\pmos_96_全量.csv
dayahead,2026-08-15,2026-08-15,30,2026-08-15 07:30:00,8,1_32,359.5,2026-09-20T10:48:00.691051+00:00,D:\作业\大创_挑战杯_互联网\大学生创新创业计划\大创实现\其他资料\electricity_forecast_model2.5\data\96\authoritative\pmos_96_全量.csv
dayahead,2026-08-15,2026-08-15,31,2026-08-15 07:45:00,8,1_32,355.0,2026-09-20T10:48:00.691051+00:00,D:\作业\大创_挑战杯_互联网\大学生创新创业计划\大创实现\其他资料\electricity_forecast_model2.5\data\96\authoritative\pmos_96_全量.csv
dayahead,2026-08-15,2026-08-15,32,2026-08-15 08:00:00,8,1_32,347.4,2026-09-20T10:48:00.691051+00:00,D:\作业\大创_挑战杯_互联网\大学生创新创业计划\大创实现\其他资料\electricity_forecast_model2.5\data\96\authoritative\pmos_96_全量.csv
dayahead,2026-08-15,2026-08-15,33,2026-08-15 08:15:00,9,33_64,342.0,2026-09-20T10:48:00.691051+00:00,D:\作业\大创_挑战杯_互联网\大学生创新创业计划\大创实现\其他资料\electricity_forecast_model2.5\data\96\authoritative\pmos_96_全量.csv
dayahead,2026-08-15,2026-08-15,34,2026-08-15 08:30:00,9,33_64,333.61,2026-09-20T10:48:00.691051+00:00,D:\作业\大创_挑战杯_互联网\大学生创新创业计划\大创实现\其他资料\electricity_forecast_model2.5\data\96\authoritative\pmos_96_全量.csv
dayahead,2026-08-15,2026-08-15,35,2026-08-15 08:45:00,9,33_64,330.0,2026-09-20T10:48:00.691051+00:00,D:\作业\大创_挑战杯_互联网\大学生创新创业计划\大创实现\其他资料\electricity_forecast_model2.5\data\96\authoritative\pmos_96_全量.csv
dayahead,2026-08-15,2026-08-15,36,2026-08-15 09:00:00,9,33_64,303.33,2026-09-20T10:48:00.691051+00:00,D:\作业\大创_挑战杯_互联网\大学生创新创业计划\大创实现\其他资料\electricity_forecast_model2.5\data\96\authoritative\pmos_96_全量.csv
dayahead,2026-08-15,2026-08-15,37,2026-08-15 09:15:00,10,33_64,123.14,2026-09-20T10:48:00.691051+00:00,D:\作业\大创_挑战杯_互联网\大学生创新创业计划\大创实现\其他资料\electricity_forecast_model2.5\data\96\authoritative\pmos_96_全量.csv
dayahead,2026-08-15,2026-08-15,38,2026-08-15 09:30:00,10,33_64,115.56,2026-09-20T10:48:00.691051+00:00,D:\作业\大创_挑战杯_互联网\大学生创新创业计划\大创实现\其他资料\electricity_forecast_model2.5\data\96\authoritative\pmos_96_全量.csv
dayahead,2026-08-15,2026-08-15,39,2026-08-15 09:45:00,10,33_64,115.49,2026-09-20T10:48:00.691051+00:00,D:\作业\大创_挑战杯_互联网\大学生创新创业计划\大创实现\其他资料\electricity_forecast_model2.5\data\96\authoritative\pmos_96_全量.csv
dayahead,2026-08-15,2026-08-15,40,2026-08-15 10:00:00,10,33_64,115.48,2026-09-20T10:48:00.691051+00:00,D:\作业\大创_挑战杯_互联网\大学生创新创业计划\大创实现\其他资料\electricity_forecast_model2.5\data\96\authoritative\pmos_96_全量.csv
dayahead,2026-08-15,2026-08-15,41,2026-08-15 10:15:00,11,33_64,115.44,2026-09-20T10:48:00.691051+00:00,D:\作业\大创_挑战杯_互联网\大学生创新创业计划\大创实现\其他资料\electricity_forecast_model2.5\data\96\authoritative\pmos_96_全量.csv
dayahead,2026-08-15,2026-08-15,42,2026-08-15 10:30:00,11,33_64,115.43,2026-09-20T10:48:00.691051+00:00,D:\作业\大创_挑战杯_互联网\大学生创新创业计划\大创实现\其他资料\electricity_forecast_model2.5\data\96\authoritative\pmos_96_全量.csv
dayahead,2026-08-15,2026-08-15,43,2026-08-15 10:45:00,11,33_64,115.41,2026-09-20T10:48:00.691051+00:00,D:\作业\大创_挑战杯_互联网\大学生创新创业计划\大创实现\其他资料\electricity_forecast_model2.5\data\96\authoritative\pmos_96_全量.csv
dayahead,2026-08-15,2026-08-15,45,2026-08-15 11:15:00,12,33_64,115.41,2026-09-20T10:48:00.691051+00:00,D:\作业\大创_挑战杯_互联网\大学生创新创业计划\大创实现\其他资料\electricity_forecast_model2.5\data\96\authoritative\pmos_96_全量.csv
dayahead,2026-08-15,2026-08-15,46,2026-08-15 11:30:00,12,33_64,115.41,2026-09-20T10:48:00.691051+00:00,D:\作业\大创_挑战杯_互联网\大学生创新创业计划\大创实现\其他资料\electricity_forecast_model2.5\data\96\authoritative\pmos_96_全量.csv
dayahead,2026-08-15,2026-08-15,22,2026-08-15 05:30:00,6,1_32,386.67,2026-09-20T10:48:00.691051+00:00,D:\作业\大创_挑战杯_互联网\大学生创新创业计划\大创实现\其他资料\electricity_forecast_model2.5\data\96\authoritative\pmos_96_全量.csv
dayahead,2026-08-15,2026-08-15,48,2026-08-15 12:00:00,12,33_64,115.41,2026-09-20T10:48:00.691051+00:00,D:\作业\大创_挑战杯_互联网\大学生创新创业计划\大创实现\其他资料\electricity_forecast_model2.5\data\96\authoritative\pmos_96_全量.csv
dayahead,2026-08-15,2026-08-15,60,2026-08-15 15:00:00,15,33_64,352.0,2026-09-20T10:48:00.691051+00:00,D:\作业\大创_挑战杯_互联网\大学生创新创业计划\大创实现\其他资料\electricity_forecast_model2.5\data\96\authoritative\pmos_96_全量.csv
dayahead,2026-08-15,2026-08-15,51,2026-08-15 12:45:00,13,33_64,115.41,2026-09-20T10:48:00.691051+00:00,D:\作业\大创_挑战杯_互联网\大学生创新创业计划\大创实现\其他资料\electricity_forecast_model2.5\data\96\authoritative\pmos_96_全量.csv
dayahead,2026-08-15,2026-08-15,52,2026-08-15 13:00:00,13,33_64,115.41,2026-09-20T10:48:00.691051+00:00,D:\作业\大创_挑战杯_互联网\大学生创新创业计划\大创实现\其他资料\electricity_forecast_model2.5\data\96\authoritative\pmos_96_全量.csv
dayahead,2026-08-15,2026-08-15,53,2026-08-15 13:15:00,14,33_64,115.41,2026-09-20T10:48:00.691051+00:00,D:\作业\大创_挑战杯_互联网\大学生创新创业计划\大创实现\其他资料\electricity_forecast_model2.5\data\96\authoritative\pmos_96_全量.csv
dayahead,2026-08-15,2026-08-15,54,2026-08-15 13:30:00,14,33_64,114.01,2026-09-20T10:48:00.691051+00:00,D:\作业\大创_挑战杯_互联网\大学生创新创业计划\大创实现\其他资料\electricity_forecast_model2.5\data\96\authoritative\pmos_96_全量.csv
dayahead,2026-08-15,2026-08-15,55,2026-08-15 13:45:00,14,33_64,122.23,2026-09-20T10:48:00.691051+00:00,D:\作业\大创_挑战杯_互联网\大学生创新创业计划\大创实现\其他资料\electricity_forecast_model2.5\data\96\authoritative\pmos_96_全量.csv
dayahead,2026-08-15,2026-08-15,56,2026-08-15 14:00:00,14,33_64,149.37,2026-09-20T10:48:00.691051+00:00,D:\作业\大创_挑战杯_互联网\大学生创新创业计划\大创实现\其他资料\electricity_forecast_model2.5\data\96\authoritative\pmos_96_全量.csv
dayahead,2026-08-15,2026-08-15,57,2026-08-15 14:15:00,15,33_64,294.95,2026-09-20T10:48:00.691051+00:00,D:\作业\大创_挑战杯_互联网\大学生创新创业计划\大创实现\其他资料\electricity_forecast_model2.5\data\96\authoritative\pmos_96_全量.csv
dayahead,2026-08-15,2026-08-15,24,2026-08-15 06:00:00,6,1_32,380.0,2026-09-20T10:48:00.691051+00:00,D:\作业\大创_挑战杯_互联网\大学生创新创业计划\大创实现\其他资料\electricity_forecast_model2.5\data\96\authoritative\pmos_96_全量.csv
dayahead,2026-08-15,2026-08-15,59,2026-08-15 14:45:00,15,33_64,341.83,2026-09-20T10:48:00.691051+00:00,D:\作业\大创_挑战杯_互联网\大学生创新创业计划\大创实现\其他资料\electricity_forecast_model2.5\data\96\authoritative\pmos_96_全量.csv
dayahead,2026-08-15,2026-08-15,50,2026-08-15 12:30:00,13,33_64,115.38,2026-09-20T10:48:00.691051+00:00,D:\作业\大创_挑战杯_互联网\大学生创新创业计划\大创实现\其他资料\electricity_forecast_model2.5\data\96\authoritative\pmos_96_全量.csv
dayahead,2026-08-15,2026-08-15,61,2026-08-15 15:15:00,16,33_64,353.14,2026-09-20T10:48:00.691051+00:00,D:\作业\大创_挑战杯_互联网\大学生创新创业计划\大创实现\其他资料\electricity_forecast_model2.5\data\96\authoritative\pmos_96_全量.csv
dayahead,2026-08-15,2026-08-15,63,2026-08-15 15:45:00,16,33_64,361.33,2026-09-20T10:48:00.691051+00:00,D:\作业\大创_挑战杯_互联网\大学生创新创业计划\大创实现\其他资料\electricity_forecast_model2.5\data\96\authoritative\pmos_96_全量.csv
dayahead,2026-08-15,2026-08-15,64,2026-08-15 16:00:00,16,33_64,364.0,2026-09-20T10:48:00.691051+00:00,D:\作业\大创_挑战杯_互联网\大学生创新创业计划\大创实现\其他资料\electricity_forecast_model2.5\data\96\authoritative\pmos_96_全量.csv
dayahead,2026-08-15,2026-08-15,65,2026-08-15 16:15:00,17,65_96,366.0,2026-09-20T10:48:00.691051+00:00,D:\作业\大创_挑战杯_互联网\大学生创新创业计划\大创实现\其他资料\electricity_forecast_model2.5\data\96\authoritative\pmos_96_全量.csv
dayahead,2026-08-15,2026-08-15,66,2026-08-15 16:30:00,17,65_96,368.0,2026-09-20T10:48:00.691051+00:00,D:\作业\大创_挑战杯_互联网\大学生创新创业计划\大创实现\其他资料\electricity_forecast_model2.5\data\96\authoritative\pmos_96_全量.csv
dayahead,2026-08-15,2026-08-15,67,2026-08-15 16:45:00,17,65_96,371.67,2026-09-20T10:48:00.691051+00:00,D:\作业\大创_挑战杯_互联网\大学生创新创业计划\大创实现\其他资料\electricity_forecast_model2.5\data\96\authoritative\pmos_96_全量.csv
dayahead,2026-08-15,2026-08-15,68,2026-08-15 17:00:00,17,65_96,373.33,2026-09-20T10:48:00.691051+00:00,D:\作业\大创_挑战杯_互联网\大学生创新创业计划\大创实现\其他资料\electricity_forecast_model2.5\data\96\authoritative\pmos_96_全量.csv
dayahead,2026-08-15,2026-08-15,69,2026-08-15 17:15:00,18,65_96,374.75,2026-09-20T10:48:00.691051+00:00,D:\作业\大创_挑战杯_互联网\大学生创新创业计划\大创实现\其他资料\electricity_forecast_model2.5\data\96\authoritative\pmos_96_全量.csv
dayahead,2026-08-15,2026-08-15,70,2026-08-15 17:30:00,18,65_96,378.33,2026-09-20T10:48:00.691051+00:00,D:\作业\大创_挑战杯_互联网\大学生创新创业计划\大创实现\其他资料\electricity_forecast_model2.5\data\96\authoritative\pmos_96_全量.csv
dayahead,2026-08-15,2026-08-15,62,2026-08-15 15:30:00,16,33_64,360.0,2026-09-20T10:48:00.691051+00:00,D:\作业\大创_挑战杯_互联网\大学生创新创业计划\大创实现\其他资料\electricity_forecast_model2.5\data\96\authoritative\pmos_96_全量.csv
dayahead,2026-08-15,2026-08-15,71,2026-08-15 17:45:00,18,65_96,430.34,2026-09-20T10:48:00.691051+00:00,D:\作业\大创_挑战杯_互联网\大学生创新创业计划\大创实现\其他资料\electricity_forecast_model2.5\data\96\authoritative\pmos_96_全量.csv
dayahead,2026-08-15,2026-08-15,94,2026-08-15 23:30:00,24,65_96,430.34,2026-09-20T10:48:00.691051+00:00,D:\作业\大创_挑战杯_互联网\大学生创新创业计划\大创实现\其他资料\electricity_forecast_model2.5\data\96\authoritative\pmos_96_全量.csv
dayahead,2026-08-15,2026-08-15,58,2026-08-15 14:30:00,15,33_64,327.15,2026-09-20T10:48:00.691051+00:00,D:\作业\大创_挑战杯_互联网\大学生创新创业计划\大创实现\其他资料\electricity_forecast_model2.5\data\96\authoritative\pmos_96_全量.csv
dayahead,2026-08-15,2026-08-15,49,2026-08-15 12:15:00,13,33_64,115.41,2026-09-20T10:48:00.691051+00:00,D:\作业\大创_挑战杯_互联网\大学生创新创业计划\大创实现\其他资料\electricity_forecast_model2.5\data\96\authoritative\pmos_96_全量.csv
dayahead,2026-08-15,2026-08-15,73,2026-08-15 18:15:00,19,65_96,430.34,2026-09-20T10:48:00.691051+00:00,D:\作业\大创_挑战杯_互联网\大学生创新创业计划\大创实现\其他资料\electricity_forecast_model2.5\data\96\authoritative\pmos_96_全量.csv
dayahead,2026-08-15,2026-08-15,72,2026-08-15 18:00:00,18,65_96,430.34,2026-09-20T10:48:00.691051+00:00,D:\作业\大创_挑战杯_互联网\大学生创新创业计划\大创实现\其他资料\electricity_forecast_model2.5\data\96\authoritative\pmos_96_全量.csv
dayahead,2026-08-15,2026-08-15,74,2026-08-15 18:30:00,19,65_96,430.34,2026-09-20T10:48:00.691051+00:00,D:\作业\大创_挑战杯_互联网\大学生创新创业计划\大创实现\其他资料\electricity_forecast_model2.5\data\96\authoritative\pmos_96_全量.csv
dayahead,2026-08-15,2026-08-15,75,2026-08-15 18:45:00,19,65_96,430.34,2026-09-20T10:48:00.691051+00:00,D:\作业\大创_挑战杯_互联网\大学生创新创业计划\大创实现\其他资料\electricity_forecast_model2.5\data\96\authoritative\pmos_96_全量.csv
dayahead,2026-08-15,2026-08-15,76,2026-08-15 19:00:00,19,65_96,430.34,2026-09-20T10:48:00.691051+00:00,D:\作业\大创_挑战杯_互联网\大学生创新创业计划\大创实现\其他资料\electricity_forecast_model2.5\data\96\authoritative\pmos_96_全量.csv
dayahead,2026-08-15,2026-08-15,77,2026-08-15 19:15:00,20,65_96,430.34,2026-09-20T10:48:00.691051+00:00,D:\作业\大创_挑战杯_互联网\大学生创新创业计划\大创实现\其他资料\electricity_forecast_model2.5\data\96\authoritative\pmos_96_全量.csv
dayahead,2026-08-15,2026-08-15,79,2026-08-15 19:45:00,20,65_96,430.34,2026-09-20T10:48:00.691051+00:00,D:\作业\大创_挑战杯_互联网\大学生创新创业计划\大创实现\其他资料\electricity_forecast_model2.5\data\96\authoritative\pmos_96_全量.csv
dayahead,2026-08-15,2026-08-15,80,2026-08-15 20:00:00,20,65_96,430.34,2026-09-20T10:48:00.691051+00:00,D:\作业\大创_挑战杯_互联网\大学生创新创业计划\大创实现\其他资料\electricity_forecast_model2.5\data\96\authoritative\pmos_96_全量.csv
dayahead,2026-08-15,2026-08-15,81,2026-08-15 20:15:00,21,65_96,430.34,2026-09-20T10:48:00.691051+00:00,D:\作业\大创_挑战杯_互联网\大学生创新创业计划\大创实现\其他资料\electricity_forecast_model2.5\data\96\authoritative\pmos_96_全量.csv
dayahead,2026-08-15,2026-08-15,82,2026-08-15 20:30:00,21,65_96,430.34,2026-09-20T10:48:00.691051+00:00,D:\作业\大创_挑战杯_互联网\大学生创新创业计划\大创实现\其他资料\electricity_forecast_model2.5\data\96\authoritative\pmos_96_全量.csv
dayahead,2026-08-15,2026-08-15,78,2026-08-15 19:30:00,20,65_96,430.34,2026-09-20T10:48:00.691051+00:00,D:\作业\大创_挑战杯_互联网\大学生创新创业计划\大创实现\其他资料\electricity_forecast_model2.5\data\96\authoritative\pmos_96_全量.csv
dayahead,2026-08-15,2026-08-15,84,2026-08-15 21:00:00,21,65_96,430.34,2026-09-20T10:48:00.691051+00:00,D:\作业\大创_挑战杯_互联网\大学生创新创业计划\大创实现\其他资料\electricity_forecast_model2.5\data\96\authoritative\pmos_96_全量.csv
dayahead,2026-08-15,2026-08-15,83,2026-08-15 20:45:00,21,65_96,430.34,2026-09-20T10:48:00.691051+00:00,D:\作业\大创_挑战杯_互联网\大学生创新创业计划\大创实现\其他资料\electricity_forecast_model2.5\data\96\authoritative\pmos_96_全量.csv
dayahead,2026-08-15,2026-08-15,92,2026-08-15 23:00:00,23,65_96,383.0,2026-09-20T10:48:00.691051+00:00,D:\作业\大创_挑战杯_互联网\大学生创新创业计划\大创实现\其他资料\electricity_forecast_model2.5\data\96\authoritative\pmos_96_全量.csv
dayahead,2026-08-15,2026-08-15,91,2026-08-15 22:45:00,23,65_96,430.34,2026-09-20T10:48:00.691051+00:00,D:\作业\大创_挑战杯_互联网\大学生创新创业计划\大创实现\其他资料\electricity_forecast_model2.5\data\96\authoritative\pmos_96_全量.csv
dayahead,2026-08-15,2026-08-15,90,2026-08-15 22:30:00,23,65_96,430.34,2026-09-20T10:48:00.691051+00:00,D:\作业\大创_挑战杯_互联网\大学生创新创业计划\大创实现\其他资料\electricity_forecast_model2.5\data\96\authoritative\pmos_96_全量.csv
dayahead,2026-08-15,2026-08-15,89,2026-08-15 22:15:00,23,65_96,430.34,2026-09-20T10:48:00.691051+00:00,D:\作业\大创_挑战杯_互联网\大学生创新创业计划\大创实现\其他资料\electricity_forecast_model2.5\data\96\authoritative\pmos_96_全量.csv
dayahead,2026-08-15,2026-08-15,93,2026-08-15 23:15:00,24,65_96,477.68,2026-09-20T10:48:00.691051+00:00,D:\作业\大创_挑战杯_互联网\大学生创新创业计划\大创实现\其他资料\electricity_forecast_model2.5\data\96\authoritative\pmos_96_全量.csv
dayahead,2026-08-15,2026-08-15,87,2026-08-15 21:45:00,22,65_96,430.34,2026-09-20T10:48:00.691051+00:00,D:\作业\大创_挑战杯_互联网\大学生创新创业计划\大创实现\其他资料\electricity_forecast_model2.5\data\96\authoritative\pmos_96_全量.csv
dayahead,2026-08-15,2026-08-15,86,2026-08-15 21:30:00,22,65_96,430.34,2026-09-20T10:48:00.691051+00:00,D:\作业\大创_挑战杯_互联网\大学生创新创业计划\大创实现\其他资料\electricity_forecast_model2.5\data\96\authoritative\pmos_96_全量.csv
dayahead,2026-08-15,2026-08-15,85,2026-08-15 21:15:00,22,65_96,430.34,2026-09-20T10:48:00.691051+00:00,D:\作业\大创_挑战杯_互联网\大学生创新创业计划\大创实现\其他资料\electricity_forecast_model2.5\data\96\authoritative\pmos_96_全量.csv
dayahead,2026-08-15,2026-08-15,88,2026-08-15 22:00:00,22,65_96,430.34,2026-09-20T10:48:00.691051+00:00,D:\作业\大创_挑战杯_互联网\大学生创新创业计划\大创实现\其他资料\electricity_forecast_model2.5\data\96\authoritative\pmos_96_全量.csv
dayahead,2026-08-17,2026-08-17,62,2026-08-17 15:30:00,16,33_64,379.04,2026-09-20T10:58:15.230405+00:00,D:\作业\大创_挑战杯_互联网\大学生创新创业计划\大创实现\其他资料\electricity_forecast_model2.5\data\96\authoritative\pmos_96_全量.csv
dayahead,2026-08-17,2026-08-17,70,2026-08-17 17:30:00,18,65_96,526.37,2026-09-20T10:58:15.230405+00:00,D:\作业\大创_挑战杯_互联网\大学生创新创业计划\大创实现\其他资料\electricity_forecast_model2.5\data\96\authoritative\pmos_96_全量.csv
dayahead,2026-08-17,2026-08-17,69,2026-08-17 17:15:00,18,65_96,506.0,2026-09-20T10:58:15.230405+00:00,D:\作业\大创_挑战杯_互联网\大学生创新创业计划\大创实现\其他资料\electricity_forecast_model2.5\data\96\authoritative\pmos_96_全量.csv
dayahead,2026-08-17,2026-08-17,68,2026-08-17 17:00:00,17,65_96,494.66,2026-09-20T10:58:15.230405+00:00,D:\作业\大创_挑战杯_互联网\大学生创新创业计划\大创实现\其他资料\electricity_forecast_model2.5\data\96\authoritative\pmos_96_全量.csv
dayahead,2026-08-17,2026-08-17,67,2026-08-17 16:45:00,17,65_96,480.0,2026-09-20T10:58:15.230405+00:00,D:\作业\大创_挑战杯_互联网\大学生创新创业计划\大创实现\其他资料\electricity_forecast_model2.5\data\96\authoritative\pmos_96_全量.csv
dayahead,2026-08-17,2026-08-17,66,2026-08-17 16:30:00,17,65_96,460.8,2026-09-20T10:58:15.230405+00:00,D:\作业\大创_挑战杯_互联网\大学生创新创业计划\大创实现\其他资料\electricity_forecast_model2.5\data\96\authoritative\pmos_96_全量.csv
dayahead,2026-08-17,2026-08-17,65,2026-08-17 16:15:00,17,65_96,438.0,2026-09-20T10:58:15.230405+00:00,D:\作业\大创_挑战杯_互联网\大学生创新创业计划\大创实现\其他资料\electricity_forecast_model2.5\data\96\authoritative\pmos_96_全量.csv
dayahead,2026-08-17,2026-08-17,64,2026-08-17 16:00:00,16,33_64,417.78,2026-09-20T10:58:15.230405+00:00,D:\作业\大创_挑战杯_互联网\大学生创新创业计划\大创实现\其他资料\electricity_forecast_model2.5\data\96\authoritative\pmos_96_全量.csv
dayahead,2026-08-17,2026-08-17,63,2026-08-17 15:45:00,16,33_64,402.75,2026-09-20T10:58:15.230405+00:00,D:\作业\大创_挑战杯_互联网\大学生创新创业计划\大创实现\其他资料\electricity_forecast_model2.5\data\96\authoritative\pmos_96_全量.csv
dayahead,2026-08-17,2026-08-17,61,2026-08-17 15:15:00,16,33_64,361.46,2026-09-20T10:58:15.230405+00:00,D:\作业\大创_挑战杯_互联网\大学生创新创业计划\大创实现\其他资料\electricity_forecast_model2.5\data\96\authoritative\pmos_96_全量.csv
dayahead,2026-08-17,2026-08-17,50,2026-08-17 12:30:00,13,33_64,109.69,2026-09-20T10:58:15.230405+00:00,D:\作业\大创_挑战杯_互联网\大学生创新创业计划\大创实现\其他资料\electricity_forecast_model2.5\data\96\authoritative\pmos_96_全量.csv
dayahead,2026-08-17,2026-08-17,59,2026-08-17 14:45:00,15,33_64,327.91,2026-09-20T10:58:15.230405+00:00,D:\作业\大创_挑战杯_互联网\大学生创新创业计划\大创实现\其他资料\electricity_forecast_model2.5\data\96\authoritative\pmos_96_全量.csv
dayahead,2026-08-17,2026-08-17,58,2026-08-17 14:30:00,15,33_64,299.0,2026-09-20T10:58:15.230405+00:00,D:\作业\大创_挑战杯_互联网\大学生创新创业计划\大创实现\其他资料\electricity_forecast_model2.5\data\96\authoritative\pmos_96_全量.csv
dayahead,2026-08-17,2026-08-17,57,2026-08-17 14:15:00,15,33_64,226.61,2026-09-20T10:58:15.230405+00:00,D:\作业\大创_挑战杯_互联网\大学生创新创业计划\大创实现\其他资料\electricity_forecast_model2.5\data\96\authoritative\pmos_96_全量.csv
dayahead,2026-08-17,2026-08-17,56,2026-08-17 14:00:00,14,33_64,181.97,2026-09-20T10:58:15.230405+00:00,D:\作业\大创_挑战杯_互联网\大学生创新创业计划\大创实现\其他资料\electricity_forecast_model2.5\data\96\authoritative\pmos_96_全量.csv
dayahead,2026-08-17,2026-08-17,55,2026-08-17 13:45:00,14,33_64,154.22,2026-09-20T10:58:15.230405+00:00,D:\作业\大创_挑战杯_互联网\大学生创新创业计划\大创实现\其他资料\electricity_forecast_model2.5\data\96\authoritative\pmos_96_全量.csv
dayahead,2026-08-17,2026-08-17,54,2026-08-17 13:30:00,14,33_64,110.16,2026-09-20T10:58:15.230405+00:00,D:\作业\大创_挑战杯_互联网\大学生创新创业计划\大创实现\其他资料\electricity_forecast_model2.5\data\96\authoritative\pmos_96_全量.csv
dayahead,2026-08-17,2026-08-17,53,2026-08-17 13:15:00,14,33_64,109.81,2026-09-20T10:58:15.230405+00:00,D:\作业\大创_挑战杯_互联网\大学生创新创业计划\大创实现\其他资料\electricity_forecast_model2.5\data\96\authoritative\pmos_96_全量.csv
dayahead,2026-08-17,2026-08-17,52,2026-08-17 13:00:00,13,33_64,109.77,2026-09-20T10:58:15.230405+00:00,D:\作业\大创_挑战杯_互联网\大学生创新创业计划\大创实现\其他资料\electricity_forecast_model2.5\data\96\authoritative\pmos_96_全量.csv
dayahead,2026-08-17,2026-08-17,51,2026-08-17 12:45:00,13,33_64,109.76,2026-09-20T10:58:15.230405+00:00,D:\作业\大创_挑战杯_互联网\大学生创新创业计划\大创实现\其他资料\electricity_forecast_model2.5\data\96\authoritative\pmos_96_全量.csv
dayahead,2026-08-17,2026-08-17,60,2026-08-17 15:00:00,15,33_64,351.53,2026-09-20T10:58:15.230405+00:00,D:\作业\大创_挑战杯_互联网\大学生创新创业计划\大创实现\其他资料\electricity_forecast_model2.5\data\96\authoritative\pmos_96_全量.csv
dayahead,2026-08-17,2026-08-17,71,2026-08-17 17:45:00,18,65_96,727.66,2026-09-20T10:58:15.230405+00:00,D:\作业\大创_挑战杯_互联网\大学生创新创业计划\大创实现\其他资料\electricity_forecast_model2.5\data\96\authoritative\pmos_96_全量.csv
dayahead,2026-08-17,2026-08-17,94,2026-08-17 23:30:00,24,65_96,727.66,2026-09-20T10:58:15.230405+00:00,D:\作业\大创_挑战杯_互联网\大学生创新创业计划\大创实现\其他资料\electricity_forecast_model2.5\data\96\authoritative\pmos_96_全量.csv
dayahead,2026-08-17,2026-08-17,73,2026-08-17 18:15:00,19,65_96,727.66,2026-09-20T10:58:15.230405+00:00,D:\作业\大创_挑战杯_互联网\大学生创新创业计划\大创实现\其他资料\electricity_forecast_model2.5\data\96\authoritative\pmos_96_全量.csv
dayahead,2026-08-17,2026-08-17,49,2026-08-17 12:15:00,13,33_64,109.77,2026-09-20T10:58:15.230405+00:00,D:\作业\大创_挑战杯_互联网\大学生创新创业计划\大创实现\其他资料\electricity_forecast_model2.5\data\96\authoritative\pmos_96_全量.csv
dayahead,2026-08-17,2026-08-17,93,2026-08-17 23:15:00,24,65_96,931.33,2026-09-20T10:58:15.230405+00:00,D:\作业\大创_挑战杯_互联网\大学生创新创业计划\大创实现\其他资料\electricity_forecast_model2.5\data\96\authoritative\pmos_96_全量.csv
dayahead,2026-08-17,2026-08-17,92,2026-08-17 23:00:00,23,65_96,524.0,2026-09-20T10:58:15.230405+00:00,D:\作业\大创_挑战杯_互联网\大学生创新创业计划\大创实现\其他资料\electricity_forecast_model2.5\data\96\authoritative\pmos_96_全量.csv
dayahead,2026-08-17,2026-08-17,91,2026-08-17 22:45:00,23,65_96,727.66,2026-09-20T10:58:15.230405+00:00,D:\作业\大创_挑战杯_互联网\大学生创新创业计划\大创实现\其他资料\electricity_forecast_model2.5\data\96\authoritative\pmos_96_全量.csv
dayahead,2026-08-17,2026-08-17,90,2026-08-17 22:30:00,23,65_96,727.66,2026-09-20T10:58:15.230405+00:00,D:\作业\大创_挑战杯_互联网\大学生创新创业计划\大创实现\其他资料\electricity_forecast_model2.5\data\96\authoritative\pmos_96_全量.csv
dayahead,2026-08-17,2026-08-17,89,2026-08-17 22:15:00,23,65_96,727.66,2026-09-20T10:58:15.230405+00:00,D:\作业\大创_挑战杯_互联网\大学生创新创业计划\大创实现\其他资料\electricity_forecast_model2.5\data\96\authoritative\pmos_96_全量.csv
dayahead,2026-08-17,2026-08-17,88,2026-08-17 22:00:00,22,65_96,727.66,2026-09-20T10:58:15.230405+00:00,D:\作业\大创_挑战杯_互联网\大学生创新创业计划\大创实现\其他资料\electricity_forecast_model2.5\data\96\authoritative\pmos_96_全量.csv
dayahead,2026-08-17,2026-08-17,87,2026-08-17 21:45:00,22,65_96,727.66,2026-09-20T10:58:15.230405+00:00,D:\作业\大创_挑战杯_互联网\大学生创新创业计划\大创实现\其他资料\electricity_forecast_model2.5\data\96\authoritative\pmos_96_全量.csv
dayahead,2026-08-17,2026-08-17,86,2026-08-17 21:30:00,22,65_96,727.66,2026-09-20T10:58:15.230405+00:00,D:\作业\大创_挑战杯_互联网\大学生创新创业计划\大创实现\其他资料\electricity_forecast_model2.5\data\96\authoritative\pmos_96_全量.csv
dayahead,2026-08-17,2026-08-17,85,2026-08-17 21:15:00,22,65_96,727.66,2026-09-20T10:58:15.230405+00:00,D:\作业\大创_挑战杯_互联网\大学生创新创业计划\大创实现\其他资料\electricity_forecast_model2.5\data\96\authoritative\pmos_96_全量.csv
dayahead,2026-08-17,2026-08-17,84,2026-08-17 21:00:00,21,65_96,727.65,2026-09-20T10:58:15.230405+00:00,D:\作业\大创_挑战杯_互联网\大学生创新创业计划\大创实现\其他资料\electricity_forecast_model2.5\data\96\authoritative\pmos_96_全量.csv
dayahead,2026-08-17,2026-08-17,83,2026-08-17 20:45:00,21,65_96,727.61,2026-09-20T10:58:15.230405+00:00,D:\作业\大创_挑战杯_互联网\大学生创新创业计划\大创实现\其他资料\electricity_forecast_model2.5\data\96\authoritative\pmos_96_全量.csv
dayahead,2026-08-17,2026-08-17,82,2026-08-17 20:30:00,21,65_96,727.54,2026-09-20T10:58:15.230405+00:00,D:\作业\大创_挑战杯_互联网\大学生创新创业计划\大创实现\其他资料\electricity_forecast_model2.5\data\96\authoritative\pmos_96_全量.csv
dayahead,2026-08-17,2026-08-17,81,2026-08-17 20:15:00,21,65_96,727.24,2026-09-20T10:58:15.230405+00:00,D:\作业\大创_挑战杯_互联网\大学生创新创业计划\大创实现\其他资料\electricity_forecast_model2.5\data\96\authoritative\pmos_96_全量.csv
dayahead,2026-08-17,2026-08-17,80,2026-08-17 20:00:00,20,65_96,727.68,2026-09-20T10:58:15.230405+00:00,D:\作业\大创_挑战杯_互联网\大学生创新创业计划\大创实现\其他资料\electricity_forecast_model2.5\data\96\authoritative\pmos_96_全量.csv
dayahead,2026-08-17,2026-08-17,79,2026-08-17 19:45:00,20,65_96,726.9,2026-09-20T10:58:15.230405+00:00,D:\作业\大创_挑战杯_互联网\大学生创新创业计划\大创实现\其他资料\electricity_forecast_model2.5\data\96\authoritative\pmos_96_全量.csv
dayahead,2026-08-17,2026-08-17,78,2026-08-17 19:30:00,20,65_96,727.51,2026-09-20T10:58:15.230405+00:00,D:\作业\大创_挑战杯_互联网\大学生创新创业计划\大创实现\其他资料\electricity_forecast_model2.5\data\96\authoritative\pmos_96_全量.csv
dayahead,2026-08-17,2026-08-17,77,2026-08-17 19:15:00,20,65_96,727.66,2026-09-20T10:58:15.230405+00:00,D:\作业\大创_挑战杯_互联网\大学生创新创业计划\大创实现\其他资料\electricity_forecast_model2.5\data\96\authoritative\pmos_96_全量.csv
dayahead,2026-08-17,2026-08-17,76,2026-08-17 19:00:00,19,65_96,727.31,2026-09-20T10:58:15.230405+00:00,D:\作业\大创_挑战杯_互联网\大学生创新创业计划\大创实现\其他资料\electricity_forecast_model2.5\data\96\authoritative\pmos_96_全量.csv
dayahead,2026-08-17,2026-08-17,75,2026-08-17 18:45:00,19,65_96,727.69,2026-09-20T10:58:15.230405+00:00,D:\作业\大创_挑战杯_互联网\大学生创新创业计划\大创实现\其他资料\electricity_forecast_model2.5\data\96\authoritative\pmos_96_全量.csv
dayahead,2026-08-17,2026-08-17,74,2026-08-17 18:30:00,19,65_96,727.41,2026-09-20T10:58:15.230405+00:00,D:\作业\大创_挑战杯_互联网\大学生创新创业计划\大创实现\其他资料\electricity_forecast_model2.5\data\96\authoritative\pmos_96_全量.csv
dayahead,2026-08-17,2026-08-17,72,2026-08-17 18:00:00,18,65_96,727.66,2026-09-20T10:58:15.230405+00:00,D:\作业\大创_挑战杯_互联网\大学生创新创业计划\大创实现\其他资料\electricity_forecast_model2.5\data\96\authoritative\pmos_96_全量.csv
dayahead,2026-08-17,2026-08-17,48,2026-08-17 12:00:00,12,33_64,109.69,2026-09-20T10:58:15.230405+00:00,D:\作业\大创_挑战杯_互联网\大学生创新创业计划\大创实现\其他资料\electricity_forecast_model2.5\data\96\authoritative\pmos_96_全量.csv
dayahead,2026-08-17,2026-08-17,24,2026-08-17 06:00:00,6,1_32,482.36,2026-09-20T10:58:15.230405+00:00,D:\作业\大创_挑战杯_互联网\大学生创新创业计划\大创实现\其他资料\electricity_forecast_model2.5\data\96\authoritative\pmos_96_全量.csv
dayahead,2026-08-17,2026-08-17,46,2026-08-17 11:30:00,12,33_64,109.69,2026-09-20T10:58:15.230405+00:00,D:\作业\大创_挑战杯_互联网\大学生创新创业计划\大创实现\其他资料\electricity_forecast_model2.5\data\96\authoritative\pmos_96_全量.csv
dayahead,2026-08-17,2026-08-17,19,2026-08-17 04:45:00,5,1_32,492.0,2026-09-20T10:58:15.230405+00:00,D:\作业\大创_挑战杯_互联网\大学生创新创业计划\大创实现\其他资料\electricity_forecast_model2.5\data\96\authoritative\pmos_96_全量.csv
dayahead,2026-08-17,2026-08-17,18,2026-08-17 04:30:00,5,1_32,490.0,2026-09-20T10:58:15.230405+00:00,D:\作业\大创_挑战杯_互联网\大学生创新创业计划\大创实现\其他资料\electricity_forecast_model2.5\data\96\authoritative\pmos_96_全量.csv
dayahead,2026-08-17,2026-08-17,17,2026-08-17 04:15:00,5,1_32,490.0,2026-09-20T10:58:15.230405+00:00,D:\作业\大创_挑战杯_互联网\大学生创新创业计划\大创实现\其他资料\electricity_forecast_model2.5\data\96\authoritative\pmos_96_全量.csv
dayahead,2026-08-17,2026-08-17,16,2026-08-17 04:00:00,4,1_32,490.0,2026-09-20T10:58:15.230405+00:00,D:\作业\大创_挑战杯_互联网\大学生创新创业计划\大创实现\其他资料\electricity_forecast_model2.5\data\96\authoritative\pmos_96_全量.csv
dayahead,2026-08-17,2026-08-17,15,2026-08-17 03:45:00,4,1_32,494.7,2026-09-20T10:58:15.230405+00:00,D:\作业\大创_挑战杯_互联网\大学生创新创业计划\大创实现\其他资料\electricity_forecast_model2.5\data\96\authoritative\pmos_96_全量.csv
dayahead,2026-08-17,2026-08-17,14,2026-08-17 03:30:00,4,1_32,498.0,2026-09-20T10:58:15.230405+00:00,D:\作业\大创_挑战杯_互联网\大学生创新创业计划\大创实现\其他资料\electricity_forecast_model2.5\data\96\authoritative\pmos_96_全量.csv
dayahead,2026-08-17,2026-08-17,13,2026-08-17 03:15:00,4,1_32,501.0,2026-09-20T10:58:15.230405+00:00,D:\作业\大创_挑战杯_互联网\大学生创新创业计划\大创实现\其他资料\electricity_forecast_model2.5\data\96\authoritative\pmos_96_全量.csv
dayahead,2026-08-17,2026-08-17,12,2026-08-17 03:00:00,3,1_32,506.5,2026-09-20T10:58:15.230405+00:00,D:\作业\大创_挑战杯_互联网\大学生创新创业计划\大创实现\其他资料\electricity_forecast_model2.5\data\96\authoritative\pmos_96_全量.csv
dayahead,2026-08-17,2026-08-17,11,2026-08-17 02:45:00,3,1_32,512.0,2026-09-20T10:58:15.230405+00:00,D:\作业\大创_挑战杯_互联网\大学生创新创业计划\大创实现\其他资料\electricity_forecast_model2.5\data\96\authoritative\pmos_96_全量.csv
dayahead,2026-08-17,2026-08-17,20,2026-08-17 05:00:00,5,1_32,494.0,2026-09-20T10:58:15.230405+00:00,D:\作业\大创_挑战杯_互联网\大学生创新创业计划\大创实现\其他资料\electricity_forecast_model2.5\data\96\authoritative\pmos_96_全量.csv
dayahead,2026-08-17,2026-08-17,10,2026-08-17 02:30:00,3,1_32,522.0,2026-09-20T10:58:15.230405+00:00,D:\作业\大创_挑战杯_互联网\大学生创新创业计划\大创实现\其他资料\electricity_forecast_model2.5\data\96\authoritative\pmos_96_全量.csv
dayahead,2026-08-17,2026-08-17,8,2026-08-17 02:00:00,2,1_32,1500.0,2026-09-20T10:58:15.230405+00:00,D:\作业\大创_挑战杯_互联网\大学生创新创业计划\大创实现\其他资料\electricity_forecast_model2.5\data\96\authoritative\pmos_96_全量.csv
dayahead,2026-08-17,2026-08-17,7,2026-08-17 01:45:00,2,1_32,1300.0,2026-09-20T10:58:15.230405+00:00,D:\作业\大创_挑战杯_互联网\大学生创新创业计划\大创实现\其他资料\electricity_forecast_model2.5\data\96\authoritative\pmos_96_全量.csv
dayahead,2026-08-17,2026-08-17,6,2026-08-17 01:30:00,2,1_32,1300.0,2026-09-20T10:58:15.230405+00:00,D:\作业\大创_挑战杯_互联网\大学生创新创业计划\大创实现\其他资料\electricity_forecast_model2.5\data\96\authoritative\pmos_96_全量.csv
dayahead,2026-08-17,2026-08-17,5,2026-08-17 01:15:00,2,1_32,1500.0,2026-09-20T10:58:15.230405+00:00,D:\作业\大创_挑战杯_互联网\大学生创新创业计划\大创实现\其他资料\electricity_forecast_model2.5\data\96\authoritative\pmos_96_全量.csv
dayahead,2026-08-17,2026-08-17,4,2026-08-17 01:00:00,1,1_32,528.0,2026-09-20T10:58:15.230405+00:00,D:\作业\大创_挑战杯_互联网\大学生创新创业计划\大创实现\其他资料\electricity_forecast_model2.5\data\96\authoritative\pmos_96_全量.csv
dayahead,2026-08-17,2026-08-17,3,2026-08-17 00:45:00,1,1_32,527.0,2026-09-20T10:58:15.230405+00:00,D:\作业\大创_挑战杯_互联网\大学生创新创业计划\大创实现\其他资料\electricity_forecast_model2.5\data\96\authoritative\pmos_96_全量.csv
dayahead,2026-08-17,2026-08-17,2,2026-08-17 00:30:00,1,1_32,1383.0,2026-09-20T10:58:15.230405+00:00,D:\作业\大创_挑战杯_互联网\大学生创新创业计划\大创实现\其他资料\electricity_forecast_model2.5\data\96\authoritative\pmos_96_全量.csv
dayahead,2026-08-17,2026-08-17,1,2026-08-17 00:15:00,1,1_32,1300.0,2026-09-20T10:58:15.230405+00:00,D:\作业\大创_挑战杯_互联网\大学生创新创业计划\大创实现\其他资料\electricity_forecast_model2.5\data\96\authoritative\pmos_96_全量.csv
dayahead,2026-08-17,2026-08-17,95,2026-08-17 23:45:00,24,65_96,727.66,2026-09-20T10:58:15.230405+00:00,D:\作业\大创_挑战杯_互联网\大学生创新创业计划\大创实现\其他资料\electricity_forecast_model2.5\data\96\authoritative\pmos_96_全量.csv
dayahead,2026-08-17,2026-08-17,9,2026-08-17 02:15:00,3,1_32,526.0,2026-09-20T10:58:15.230405+00:00,D:\作业\大创_挑战杯_互联网\大学生创新创业计划\大创实现\其他资料\electricity_forecast_model2.5\data\96\authoritative\pmos_96_全量.csv
dayahead,2026-08-17,2026-08-17,21,2026-08-17 05:15:00,6,1_32,498.0,2026-09-20T10:58:15.230405+00:00,D:\作业\大创_挑战杯_互联网\大学生创新创业计划\大创实现\其他资料\electricity_forecast_model2.5\data\96\authoritative\pmos_96_全量.csv
dayahead,2026-08-17,2026-08-17,22,2026-08-17 05:30:00,6,1_32,499.43,2026-09-20T10:58:15.230405+00:00,D:\作业\大创_挑战杯_互联网\大学生创新创业计划\大创实现\其他资料\electricity_forecast_model2.5\data\96\authoritative\pmos_96_全量.csv
dayahead,2026-08-17,2026-08-17,23,2026-08-17 05:45:00,6,1_32,494.0,2026-09-20T10:58:15.230405+00:00,D:\作业\大创_挑战杯_互联网\大学生创新创业计划\大创实现\其他资料\electricity_forecast_model2.5\data\96\authoritative\pmos_96_全量.csv
dayahead,2026-08-17,2026-08-17,45,2026-08-17 11:15:00,12,33_64,109.75,2026-09-20T10:58:15.230405+00:00,D:\作业\大创_挑战杯_互联网\大学生创新创业计划\大创实现\其他资料\electricity_forecast_model2.5\data\96\authoritative\pmos_96_全量.csv
dayahead,2026-08-17,2026-08-17,44,2026-08-17 11:00:00,11,33_64,109.77,2026-09-20T10:58:15.230405+00:00,D:\作业\大创_挑战杯_互联网\大学生创新创业计划\大创实现\其他资料\electricity_forecast_model2.5\data\96\authoritative\pmos_96_全量.csv
dayahead,2026-08-17,2026-08-17,43,2026-08-17 10:45:00,11,33_64,109.89,2026-09-20T10:58:15.230405+00:00,D:\作业\大创_挑战杯_互联网\大学生创新创业计划\大创实现\其他资料\electricity_forecast_model2.5\data\96\authoritative\pmos_96_全量.csv
dayahead,2026-08-17,2026-08-17,42,2026-08-17 10:30:00,11,33_64,110.4,2026-09-20T10:58:15.230405+00:00,D:\作业\大创_挑战杯_互联网\大学生创新创业计划\大创实现\其他资料\electricity_forecast_model2.5\data\96\authoritative\pmos_96_全量.csv
dayahead,2026-08-17,2026-08-17,41,2026-08-17 10:15:00,11,33_64,111.03,2026-09-20T10:58:15.230405+00:00,D:\作业\大创_挑战杯_互联网\大学生创新创业计划\大创实现\其他资料\electricity_forecast_model2.5\data\96\authoritative\pmos_96_全量.csv
dayahead,2026-08-17,2026-08-17,40,2026-08-17 10:00:00,10,33_64,110.95,2026-09-20T10:58:15.230405+00:00,D:\作业\大创_挑战杯_互联网\大学生创新创业计划\大创实现\其他资料\electricity_forecast_model2.5\data\96\authoritative\pmos_96_全量.csv
dayahead,2026-08-17,2026-08-17,39,2026-08-17 09:45:00,10,33_64,111.43,2026-09-20T10:58:15.230405+00:00,D:\作业\大创_挑战杯_互联网\大学生创新创业计划\大创实现\其他资料\electricity_forecast_model2.5\data\96\authoritative\pmos_96_全量.csv
dayahead,2026-08-17,2026-08-17,38,2026-08-17 09:30:00,10,33_64,112.96,2026-09-20T10:58:15.230405+00:00,D:\作业\大创_挑战杯_互联网\大学生创新创业计划\大创实现\其他资料\electricity_forecast_model2.5\data\96\authoritative\pmos_96_全量.csv
dayahead,2026-08-17,2026-08-17,37,2026-08-17 09:15:00,10,33_64,115.13,2026-09-20T10:58:15.230405+00:00,D:\作业\大创_挑战杯_互联网\大学生创新创业计划\大创实现\其他资料\electricity_forecast_model2.5\data\96\authoritative\pmos_96_全量.csv
dayahead,2026-08-17,2026-08-17,36,2026-08-17 09:00:00,9,33_64,116.0,2026-09-20T10:58:15.230405+00:00,D:\作业\大创_挑战杯_互联网\大学生创新创业计划\大创实现\其他资料\electricity_forecast_model2.5\data\96\authoritative\pmos_96_全量.csv
dayahead,2026-08-17,2026-08-17,35,2026-08-17 08:45:00,9,33_64,185.1,2026-09-20T10:58:15.230405+00:00,D:\作业\大创_挑战杯_互联网\大学生创新创业计划\大创实现\其他资料\electricity_forecast_model2.5\data\96\authoritative\pmos_96_全量.csv
dayahead,2026-08-17,2026-08-17,34,2026-08-17 08:30:00,9,33_64,296.0,2026-09-20T10:58:15.230405+00:00,D:\作业\大创_挑战杯_互联网\大学生创新创业计划\大创实现\其他资料\electricity_forecast_model2.5\data\96\authoritative\pmos_96_全量.csv
dayahead,2026-08-17,2026-08-17,33,2026-08-17 08:15:00,9,33_64,314.56,2026-09-20T10:58:15.230405+00:00,D:\作业\大创_挑战杯_互联网\大学生创新创业计划\大创实现\其他资料\electricity_forecast_model2.5\data\96\authoritative\pmos_96_全量.csv
dayahead,2026-08-17,2026-08-17,32,2026-08-17 08:00:00,8,1_32,335.0,2026-09-20T10:58:15.230405+00:00,D:\作业\大创_挑战杯_互联网\大学生创新创业计划\大创实现\其他资料\electricity_forecast_model2.5\data\96\authoritative\pmos_96_全量.csv
dayahead,2026-08-17,2026-08-17,31,2026-08-17 07:45:00,8,1_32,348.0,2026-09-20T10:58:15.230405+00:00,D:\作业\大创_挑战杯_互联网\大学生创新创业计划\大创实现\其他资料\electricity_forecast_model2.5\data\96\authoritative\pmos_96_全量.csv
dayahead,2026-08-17,2026-08-17,30,2026-08-17 07:30:00,8,1_32,360.0,2026-09-20T10:58:15.230405+00:00,D:\作业\大创_挑战杯_互联网\大学生创新创业计划\大创实现\其他资料\electricity_forecast_model2.5\data\96\authoritative\pmos_96_全量.csv
dayahead,2026-08-17,2026-08-17,29,2026-08-17 07:15:00,8,1_32,379.0,2026-09-20T10:58:15.230405+00:00,D:\作业\大创_挑战杯_互联网\大学生创新创业计划\大创实现\其他资料\electricity_forecast_model2.5\data\96\authoritative\pmos_96_全量.csv
dayahead,2026-08-17,2026-08-17,28,2026-08-17 07:00:00,7,1_32,394.85,2026-09-20T10:58:15.230405+00:00,D:\作业\大创_挑战杯_互联网\大学生创新创业计划\大创实现\其他资料\electricity_forecast_model2.5\data\96\authoritative\pmos_96_全量.csv
dayahead,2026-08-17,2026-08-17,27,2026-08-17 06:45:00,7,1_32,414.0,2026-09-20T10:58:15.230405+00:00,D:\作业\大创_挑战杯_互联网\大学生创新创业计划\大创实现\其他资料\electricity_forecast_model2.5\data\96\authoritative\pmos_96_全量.csv
dayahead,2026-08-17,2026-08-17,26,2026-08-17 06:30:00,7,1_32,432.18,2026-09-20T10:58:15.230405+00:00,D:\作业\大创_挑战杯_互联网\大学生创新创业计划\大创实现\其他资料\electricity_forecast_model2.5\data\96\authoritative\pmos_96_全量.csv
dayahead,2026-08-17,2026-08-17,25,2026-08-17 06:15:00,7,1_32,458.4,2026-09-20T10:58:15.230405+00:00,D:\作业\大创_挑战杯_互联网\大学生创新创业计划\大创实现\其他资料\electricity_forecast_model2.5\data\96\authoritative\pmos_96_全量.csv
dayahead,2026-08-17,2026-08-17,47,2026-08-17 11:45:00,12,33_64,109.75,2026-09-20T10:58:15.230405+00:00,D:\作业\大创_挑战杯_互联网\大学生创新创业计划\大创实现\其他资料\electricity_forecast_model2.5\data\96\authoritative\pmos_96_全量.csv
dayahead,2026-08-17,2026-08-17,96,2026-08-18 00:00:00,24,65_96,727.41,2026-09-20T10:58:15.230405+00:00,D:\作业\大创_挑战杯_互联网\大学生创新创业计划\大创实现\其他资料\electricity_forecast_model2.5\data\96\authoritative\pmos_96_全量.csv
