time,类型,日期,小时,实时电价,1.0模型预测实时电价,2.0模型预测实时电价,日前电价,1.0模型预测日前电价,2.0模型预测日前电价
2026-01-01 01:00:00,星期四,2026-01-01,1.0,501.074,331.3245,301.1894,292.6,344.9378,358.7906
2026-01-01 02:00:00,星期四,2026-01-01,2.0,484.259,324.2202,268.3496,251.5,339.245,351.9108
2026-01-01 03:00:00,星期四,2026-01-01,3.0,495.008,328.7881,310.4289,300.0,336.0327,341.7104
2026-01-01 04:00:00,星期四,2026-01-01,4.0,473.502,321.0337,296.532,282.65,333.3416,336.64
2026-01-01 05:00:00,星期四,2026-01-01,5.0,441.324,312.1363,263.583,251.2,326.0319,343.5819
2026-01-01 06:00:00,星期四,2026-01-01,6.0,409.302,298.1249,255.3028,245.0,321.817,330.4169
2026-01-01 07:00:00,星期四,2026-01-01,7.0,324.555,290.9642,256.7936,245.0,306.5475,297.1853
2026-01-01 08:00:00,星期四,2026-01-01,8.0,347.583,333.9985,303.0885,300.0,346.1113,350.4098
2026-01-01 09:00:00,星期四,2026-01-01,9.0,342.173,278.241,262.8741,275.425,259.5374,210.719
2026-01-01 10:00:00,星期四,2026-01-01,10.0,-22.374,88.0782,-80.0,62.56,130.9451,97.0343
2026-01-01 11:00:00,星期四,2026-01-01,11.0,-80.0,-51.3217,-80.0,0.0,-38.915,-6.2546
2026-01-01 12:00:00,星期四,2026-01-01,12.0,-80.0,-84.3854,-80.0,-44.0,-70.2132,-57.4767
2026-01-01 13:00:00,星期四,2026-01-01,13.0,-80.0,-83.3898,-80.0,-52.5,-78.5449,-63.2907
2026-01-01 14:00:00,星期四,2026-01-01,14.0,-80.0,-81.2191,-80.0,-53.0,-76.7142,-61.4244
2026-01-01 15:00:00,星期四,2026-01-01,15.0,-80.0,-86.6667,-80.0,7.75,-73.5673,-43.2456
2026-01-01 16:00:00,星期四,2026-01-01,16.0,-38.953,57.7454,195.5211,227.5,55.1248,94.1401
2026-01-01 17:00:00,星期四,2026-01-01,17.0,-15.218,284.9167,246.3166,245.0,235.0822,235.1727
2026-01-01 18:00:00,星期四,2026-01-01,18.0,-77.821,296.154,269.5305,262.9,278.32,273.1317
2026-01-01 19:00:00,星期四,2026-01-01,19.0,-40.962,290.2551,253.2331,245.0,267.8366,267.3225
2026-01-01 20:00:00,星期四,2026-01-01,20.0,-54.637,289.0429,251.1728,245.0,265.7321,268.6902
2026-01-01 21:00:00,星期四,2026-01-01,21.0,45.665,293.7383,249.6536,245.0,267.9584,273.9227
2026-01-01 22:00:00,星期四,2026-01-01,22.0,296.364,286.6831,250.0547,245.0,249.3114,251.0666
2026-01-01 23:00:00,星期四,2026-01-01,23.0,291.119,280.5474,235.3721,245.0,228.6046,231.694
2026-01-02 00:00:00,星期四,2026-01-01,24.0,265.849,268.0046,236.385,245.0,211.8534,219.1615
2026-01-02 01:00:00,星期五,2026-01-02,1.0,435.449,209.039,318.6672,347.5,189.7539,231.1148
2026-01-02 02:00:00,星期五,2026-01-02,2.0,275.603,202.9074,342.9992,360.0,190.0547,229.1438
2026-01-02 03:00:00,星期五,2026-01-02,3.0,501.461,240.6712,357.3807,360.0,205.5283,273.7231
2026-01-02 04:00:00,星期五,2026-01-02,4.0,377.456,240.9562,339.9047,357.0,199.6668,270.1968
2026-01-02 05:00:00,星期五,2026-01-02,5.0,341.952,241.2196,341.8389,348.0,202.4496,248.7931
2026-01-02 06:00:00,星期五,2026-01-02,6.0,323.574,213.4922,352.6138,360.0,204.7565,221.7576
2026-01-02 07:00:00,星期五,2026-01-02,7.0,299.097,176.9595,312.03,332.6,185.9748,180.9238
2026-01-02 08:00:00,星期五,2026-01-02,8.0,382.073,270.4345,331.2537,345.75,242.9558,238.5719
2026-01-02 09:00:00,星期五,2026-01-02,9.0,417.821,178.1918,219.556,330.5,251.6343,244.1126
2026-01-02 10:00:00,星期五,2026-01-02,10.0,-80.0,-63.2831,-80.0,84.913,29.2865,59.4058
2026-01-02 11:00:00,星期五,2026-01-02,11.0,-80.0,-80.7908,-80.0,23.56,-41.2327,-23.6796
2026-01-02 12:00:00,星期五,2026-01-02,12.0,-80.0,-81.2618,-80.0,0.0,-65.6245,-61.285
2026-01-02 13:00:00,星期五,2026-01-02,13.0,-80.0,-81.6198,-80.0,-21.72,-79.5397,-58.3182
2026-01-02 14:00:00,星期五,2026-01-02,14.0,-80.0,-80.5094,-80.0,0.0,-79.6365,-53.4956
2026-01-02 15:00:00,星期五,2026-01-02,15.0,-45.961,-79.0477,-80.0,79.375,-52.4671,-7.8728
2026-01-02 16:00:00,星期五,2026-01-02,16.0,303.78,47.8057,220.8336,309.0,91.4816,116.3493
2026-01-02 17:00:00,星期五,2026-01-02,17.0,502.928,313.2419,363.2823,378.86,333.3723,331.3342
2026-01-02 18:00:00,星期五,2026-01-02,18.0,480.462,340.6428,396.4265,405.0,363.8172,361.3122
2026-01-02 19:00:00,星期五,2026-01-02,19.0,407.123,307.8173,377.8929,390.1,324.0188,328.8184
2026-01-02 20:00:00,星期五,2026-01-02,20.0,447.553,299.3545,378.9709,390.0,302.182,307.489
2026-01-02 21:00:00,星期五,2026-01-02,21.0,429.196,292.6455,359.595,370.0,283.1815,285.3296
2026-01-02 22:00:00,星期五,2026-01-02,22.0,403.057,287.242,323.8912,347.5,242.524,265.2121
2026-01-02 23:00:00,星期五,2026-01-02,23.0,301.564,224.3766,303.1438,330.0,194.8555,228.6941
2026-01-03 00:00:00,星期五,2026-01-02,24.0,78.417,255.0241,302.0657,330.0,177.4351,204.3677
2026-01-03 01:00:00,星期六,2026-01-03,1.0,-59.924,170.1109,337.1316,364.94,213.12,255.0361
2026-01-03 02:00:00,星期六,2026-01-03,2.0,-80.0,132.8303,307.5134,350.0,173.4754,188.4223
2026-01-03 03:00:00,星期六,2026-01-03,3.0,-80.0,198.7937,346.9774,366.81,210.9659,253.5464
2026-01-03 04:00:00,星期六,2026-01-03,4.0,-80.0,177.2067,332.4489,359.5,207.9105,241.8601
2026-01-03 05:00:00,星期六,2026-01-03,5.0,-80.0,181.0896,325.0734,359.5,209.2854,244.5703
2026-01-03 06:00:00,星期六,2026-01-03,6.0,-80.0,203.6767,324.61,360.0,213.0553,249.7186
2026-01-03 07:00:00,星期六,2026-01-03,7.0,-80.0,199.0775,340.1663,375.0,215.2565,220.0914
2026-01-03 08:00:00,星期六,2026-01-03,8.0,67.279,290.6651,443.848,461.3,273.762,271.6932
2026-01-03 09:00:00,星期六,2026-01-03,9.0,288.16,232.0795,375.0584,489.0,346.9548,365.4728
2026-01-03 10:00:00,星期六,2026-01-03,10.0,187.113,47.2474,147.5064,255.0,187.6793,195.7652
2026-01-03 11:00:00,星期六,2026-01-03,11.0,76.767,-20.246,-80.0,125.0,76.1063,90.6057
2026-01-03 12:00:00,星期六,2026-01-03,12.0,210.706,-77.5295,-80.0,60.0,8.6303,69.4951
2026-01-03 13:00:00,星期六,2026-01-03,13.0,-59.766,-80.2614,-80.0,33.0,-30.6997,13.0494
2026-01-03 14:00:00,星期六,2026-01-03,14.0,-33.473,-71.0614,-80.0,133.75,-4.6807,22.237
2026-01-03 15:00:00,星期六,2026-01-03,15.0,137.721,48.3018,148.6815,213.125,77.9366,109.7081
2026-01-03 16:00:00,星期六,2026-01-03,16.0,457.255,247.0644,312.931,372.5,281.818,288.6266
2026-01-03 17:00:00,星期六,2026-01-03,17.0,519.918,405.4499,483.2463,500.0,455.4406,491.2599
2026-01-03 18:00:00,星期六,2026-01-03,18.0,522.487,415.3333,489.1267,500.0,474.6267,503.8003
2026-01-03 19:00:00,星期六,2026-01-03,19.0,518.953,403.0464,487.8971,500.0,442.8539,473.5932
2026-01-03 20:00:00,星期六,2026-01-03,20.0,519.344,399.3135,491.8989,500.0,428.0202,450.5011
2026-01-03 21:00:00,星期六,2026-01-03,21.0,529.38,396.5329,494.9953,500.0,417.2507,435.0659
2026-01-03 22:00:00,星期六,2026-01-03,22.0,526.759,391.5986,494.2272,500.0,404.9042,416.8738
2026-01-03 23:00:00,星期六,2026-01-03,23.0,503.641,383.0559,466.8988,472.5,390.3137,403.2314
2026-01-04 00:00:00,星期六,2026-01-03,24.0,480.454,367.9776,444.147,450.0,373.6054,374.7031
2026-01-04 01:00:00,星期日,2026-01-04,1.0,359.912,404.4627,379.7906,380.0,446.6972,345.9279
2026-01-04 02:00:00,星期日,2026-01-04,2.0,356.164,383.9668,375.9664,380.0,422.8058,346.1324
2026-01-04 03:00:00,星期日,2026-01-04,3.0,356.106,399.5543,388.392,393.0,433.604,347.6277
2026-01-04 04:00:00,星期日,2026-01-04,4.0,357.947,387.1571,390.4505,391.0,417.2568,344.9022
2026-01-04 05:00:00,星期日,2026-01-04,5.0,355.099,383.7679,381.5011,384.0,410.6214,337.9248
2026-01-04 06:00:00,星期日,2026-01-04,6.0,347.658,382.7501,376.4513,379.0,408.5123,328.6538
2026-01-04 07:00:00,星期日,2026-01-04,7.0,346.182,375.0125,372.4817,384.0,406.4655,314.1744
2026-01-04 08:00:00,星期日,2026-01-04,8.0,367.368,439.7597,380.6982,395.5,469.3265,349.1778
2026-01-04 09:00:00,星期日,2026-01-04,9.0,392.297,434.4878,459.463,454.94,528.8829,560.2204
2026-01-04 10:00:00,星期日,2026-01-04,10.0,372.5,431.3609,456.3263,457.0,530.2825,583.7403
2026-01-04 11:00:00,星期日,2026-01-04,11.0,382.543,459.982,442.9392,454.35,535.1262,580.1908
2026-01-04 12:00:00,星期日,2026-01-04,12.0,392.233,459.0425,441.6496,444.95,532.2138,556.7694
2026-01-04 13:00:00,星期日,2026-01-04,13.0,376.776,438.5011,402.52,427.0,485.3929,513.2509
2026-01-04 14:00:00,星期日,2026-01-04,14.0,391.387,441.2938,422.2975,436.95,502.7498,527.977
2026-01-04 15:00:00,星期日,2026-01-04,15.0,434.804,446.951,439.9229,423.5,507.2652,541.3212
2026-01-04 16:00:00,星期日,2026-01-04,16.0,418.175,445.2041,453.5581,429.0,513.7783,538.9341
2026-01-04 17:00:00,星期日,2026-01-04,17.0,414.401,431.5026,422.6657,431.0,518.9978,559.5271
2026-01-04 18:00:00,星期日,2026-01-04,18.0,392.632,416.3895,426.7491,438.0,501.2381,527.8831
2026-01-04 19:00:00,星期日,2026-01-04,19.0,367.327,406.379,402.7646,414.88,465.4674,494.073
2026-01-04 20:00:00,星期日,2026-01-04,20.0,358.622,403.2414,396.517,407.5,450.0837,468.6434
2026-01-04 21:00:00,星期日,2026-01-04,21.0,346.347,403.4532,393.8175,400.0,440.092,454.2537
2026-01-04 22:00:00,星期日,2026-01-04,22.0,338.004,398.1744,385.9277,389.5,430.5691,437.599
2026-01-04 23:00:00,星期日,2026-01-04,23.0,326.174,382.5673,362.9295,375.0,404.4501,410.1945
2026-01-05 00:00:00,星期日,2026-01-04,24.0,312.167,366.122,340.6478,365.0,387.1875,379.2005
2026-01-05 01:00:00,星期一,2026-01-05,1.0,270.403,330.9748,366.3262,379.7,315.7551,331.202
2026-01-05 02:00:00,星期一,2026-01-05,2.0,254.794,304.4547,359.3314,374.0,301.1947,331.1205
2026-01-05 03:00:00,星期一,2026-01-05,3.0,289.784,305.8055,374.5955,390.0,295.0611,335.1685
2026-01-05 04:00:00,星期一,2026-01-05,4.0,250.969,283.3516,357.746,380.0,275.0992,319.9831
2026-01-05 05:00:00,星期一,2026-01-05,5.0,225.869,276.0665,360.5371,380.0,266.3179,319.6241
2026-01-05 06:00:00,星期一,2026-01-05,6.0,233.053,259.666,357.0433,380.0,263.6252,311.2765
2026-01-05 07:00:00,星期一,2026-01-05,7.0,242.762,266.9765,367.9009,397.713,251.7141,269.0135
2026-01-05 08:00:00,星期一,2026-01-05,8.0,330.341,338.6183,378.2032,400.0,323.6085,311.8645
2026-01-05 09:00:00,星期一,2026-01-05,9.0,400.477,333.2983,372.6056,403.875,315.9395,283.3495
2026-01-05 10:00:00,星期一,2026-01-05,10.0,314.463,196.3803,273.9424,355.0,211.7097,182.4884
2026-01-05 11:00:00,星期一,2026-01-05,11.0,243.604,77.9103,222.0103,330.0,132.3812,92.8809
2026-01-05 12:00:00,星期一,2026-01-05,12.0,162.408,9.7801,184.7736,329.5,72.1725,38.692
2026-01-05 13:00:00,星期一,2026-01-05,13.0,-47.859,-39.9973,156.1264,313.75,-17.7615,-7.8604
2026-01-05 14:00:00,星期一,2026-01-05,14.0,-35.689,23.0585,242.8359,332.5,75.2466,50.2222
2026-01-05 15:00:00,星期一,2026-01-05,15.0,6.171,144.388,315.2409,389.35,148.5287,157.1812
2026-01-05 16:00:00,星期一,2026-01-05,16.0,348.994,326.9087,359.236,396.588,327.5994,315.597
2026-01-05 17:00:00,星期一,2026-01-05,17.0,414.177,434.3046,429.2697,450.0,434.2166,430.1981
2026-01-05 18:00:00,星期一,2026-01-05,18.0,402.448,431.9931,481.5233,483.75,439.7036,436.2026
2026-01-05 19:00:00,星期一,2026-01-05,19.0,415.166,413.0722,478.3493,486.5,421.9202,427.0356
2026-01-05 20:00:00,星期一,2026-01-05,20.0,415.294,408.9855,470.9536,480.5,409.6182,415.2723
2026-01-05 21:00:00,星期一,2026-01-05,21.0,421.4,402.829,462.4177,476.5,405.2255,412.283
2026-01-05 22:00:00,星期一,2026-01-05,22.0,405.692,397.8813,446.7558,459.0,393.2131,396.1169
2026-01-05 23:00:00,星期一,2026-01-05,23.0,387.506,387.9372,435.6868,450.0,366.9778,371.5528
2026-01-06 00:00:00,星期一,2026-01-05,24.0,357.823,375.3811,414.5177,425.0,357.0349,350.04
2026-01-06 01:00:00,星期二,2026-01-06,1.0,357.168,349.2205,346.0287,360.0,375.4219,346.5039
2026-01-06 02:00:00,星期二,2026-01-06,2.0,340.364,329.988,344.0096,357.5,362.0752,341.0839
2026-01-06 03:00:00,星期二,2026-01-06,3.0,355.321,339.6266,347.0564,359.5,369.295,348.3184
2026-01-06 04:00:00,星期二,2026-01-06,4.0,331.55,323.3139,336.4728,350.0,353.2582,349.6986
2026-01-06 05:00:00,星期二,2026-01-06,5.0,325.39,315.9058,334.4668,349.0,350.2578,337.5197
2026-01-06 06:00:00,星期二,2026-01-06,6.0,321.281,311.0094,335.4409,349.5,339.6825,340.843
2026-01-06 07:00:00,星期二,2026-01-06,7.0,328.162,318.4111,344.06,355.5,346.9742,328.77
2026-01-06 08:00:00,星期二,2026-01-06,8.0,383.963,372.3539,371.1392,383.0,386.3436,357.97
2026-01-06 09:00:00,星期二,2026-01-06,9.0,462.204,366.6985,363.0959,387.0,419.1627,376.5145
2026-01-06 10:00:00,星期二,2026-01-06,10.0,493.524,277.8077,312.6783,384.0,350.7048,322.1102
2026-01-06 11:00:00,星期二,2026-01-06,11.0,424.823,205.8214,211.8451,300.0,288.8063,272.6426
2026-01-06 12:00:00,星期二,2026-01-06,12.0,392.95,79.3867,-80.0,182.0,177.0547,183.6132
2026-01-06 13:00:00,星期二,2026-01-06,13.0,351.108,-28.9797,-80.0,100.0,68.0616,120.5853
2026-01-06 14:00:00,星期二,2026-01-06,14.0,341.34,17.0508,-80.0,140.8,103.9487,147.2807
2026-01-06 15:00:00,星期二,2026-01-06,15.0,340.021,104.5956,177.1647,215.0,155.4005,200.3512
2026-01-06 16:00:00,星期二,2026-01-06,16.0,376.439,284.0996,324.1176,357.5,308.9823,320.5166
2026-01-06 17:00:00,星期二,2026-01-06,17.0,380.985,373.8241,360.396,372.313,417.1384,425.3221
2026-01-06 18:00:00,星期二,2026-01-06,18.0,366.714,367.3877,368.815,379.5,420.8639,423.3922
2026-01-06 19:00:00,星期二,2026-01-06,19.0,379.682,333.6825,352.0685,364.65,379.6674,378.0615
2026-01-06 20:00:00,星期二,2026-01-06,20.0,369.707,325.1495,331.8431,345.5,346.0851,357.4932
2026-01-06 21:00:00,星期二,2026-01-06,21.0,341.749,275.9087,328.7913,341.875,301.3908,324.5116
2026-01-06 22:00:00,星期二,2026-01-06,22.0,327.758,269.7946,316.7042,333.0,285.6719,306.6232
2026-01-06 23:00:00,星期二,2026-01-06,23.0,272.582,260.7457,269.4948,300.0,245.9203,287.6711
2026-01-07 00:00:00,星期二,2026-01-06,24.0,40.617,251.7584,273.4175,300.0,254.7077,265.2518
2026-01-07 01:00:00,星期三,2026-01-07,1.0,93.446,176.911,158.6956,200.0,193.8561,156.3213
2026-01-07 02:00:00,星期三,2026-01-07,2.0,101.659,82.1275,-80.0,125.75,129.4161,109.423
2026-01-07 03:00:00,星期三,2026-01-07,3.0,-59.993,109.8573,134.8454,153.5,180.5971,163.2288
2026-01-07 04:00:00,星期三,2026-01-07,4.0,23.587,87.7526,160.5151,196.905,129.9154,118.3339
2026-01-07 05:00:00,星期三,2026-01-07,5.0,0.0,119.053,170.3291,200.0,173.31,164.5024
2026-01-07 06:00:00,星期三,2026-01-07,6.0,17.477,175.1987,180.7718,207.5,198.4881,154.2456
2026-01-07 07:00:00,星期三,2026-01-07,7.0,158.878,197.885,211.9426,228.0,218.051,164.7224
2026-01-07 08:00:00,星期三,2026-01-07,8.0,330.85,320.6718,327.186,340.313,318.4826,289.9355
2026-01-07 09:00:00,星期三,2026-01-07,9.0,430.829,302.6921,294.9453,325.19,349.7587,339.245
2026-01-07 10:00:00,星期三,2026-01-07,10.0,87.212,95.4041,122.6391,200.0,202.0855,192.3616
2026-01-07 11:00:00,星期三,2026-01-07,11.0,-80.0,19.484,-80.0,94.3,116.721,121.096
2026-01-07 12:00:00,星期三,2026-01-07,12.0,-80.0,-52.7495,-80.0,15.205,9.9133,47.594
2026-01-07 13:00:00,星期三,2026-01-07,13.0,-80.0,-75.7123,-80.0,57.5,-32.4585,-0.0694
2026-01-07 14:00:00,星期三,2026-01-07,14.0,-80.0,-59.9808,-80.0,30.09,5.6737,37.438
2026-01-07 15:00:00,星期三,2026-01-07,15.0,-90.169,64.2915,-80.0,120.0,119.8959,137.1132
2026-01-07 16:00:00,星期三,2026-01-07,16.0,303.403,296.3374,269.8861,313.75,306.9806,303.3028
2026-01-07 17:00:00,星期三,2026-01-07,17.0,475.179,410.0997,394.6441,405.5,451.8411,469.9697
2026-01-07 18:00:00,星期三,2026-01-07,18.0,468.093,416.3968,412.569,426.0,469.1875,479.8216
2026-01-07 19:00:00,星期三,2026-01-07,19.0,463.295,398.1095,391.9111,404.5,437.4889,455.9365
2026-01-07 20:00:00,星期三,2026-01-07,20.0,459.735,397.0161,393.0976,402.5,427.8794,443.6902
2026-01-07 21:00:00,星期三,2026-01-07,21.0,459.508,395.4516,390.7894,400.0,419.1194,431.5222
2026-01-07 22:00:00,星期三,2026-01-07,22.0,456.707,394.5828,397.405,400.0,416.7549,421.0629
2026-01-07 23:00:00,星期三,2026-01-07,23.0,465.215,389.42,383.5685,390.0,413.1901,410.1518
2026-01-08 00:00:00,星期三,2026-01-07,24.0,456.3,380.5896,375.5762,373.5,405.0837,392.1627
2026-01-08 01:00:00,星期四,2026-01-08,1.0,437.606,424.5451,356.8388,360.0,387.4865,372.0524
2026-01-08 02:00:00,星期四,2026-01-08,2.0,430.249,413.6534,349.0305,350.25,384.5364,366.6659
2026-01-08 03:00:00,星期四,2026-01-08,3.0,474.081,419.6455,350.6452,352.24,384.8105,373.5501
2026-01-08 04:00:00,星期四,2026-01-08,4.0,452.372,413.0492,344.6814,350.0,381.4891,365.3527
2026-01-08 05:00:00,星期四,2026-01-08,5.0,442.113,407.4379,344.2308,350.0,375.5649,353.8199
2026-01-08 06:00:00,星期四,2026-01-08,6.0,438.086,398.7641,345.1135,351.13,374.0602,346.3424
2026-01-08 07:00:00,星期四,2026-01-08,7.0,442.129,388.997,340.5459,351.0,374.6766,341.9225
2026-01-08 08:00:00,星期四,2026-01-08,8.0,515.079,417.4876,384.2994,392.25,398.6285,371.2342
2026-01-08 09:00:00,星期四,2026-01-08,9.0,539.874,351.7782,333.7868,372.048,376.0218,312.3151
2026-01-08 10:00:00,星期四,2026-01-08,10.0,286.227,164.1348,125.3413,209.113,215.5806,182.861
2026-01-08 11:00:00,星期四,2026-01-08,11.0,195.738,39.9477,-80.0,-20.0,85.721,96.1098
2026-01-08 12:00:00,星期四,2026-01-08,12.0,-45.473,-40.8247,-80.0,-38.5,-3.5101,39.767
2026-01-08 13:00:00,星期四,2026-01-08,13.0,-73.794,-77.8078,-80.0,-32.125,-52.0347,-26.1631
2026-01-08 14:00:00,星期四,2026-01-08,14.0,-74.922,-55.7421,-80.0,-38.5,-34.9487,20.9414
2026-01-08 15:00:00,星期四,2026-01-08,15.0,-26.518,3.621,-80.0,28.088,24.8754,75.7429
2026-01-08 16:00:00,星期四,2026-01-08,16.0,319.934,216.5305,199.2821,211.0,232.1135,245.5641
2026-01-08 17:00:00,星期四,2026-01-08,17.0,437.855,349.6851,299.5364,305.0,360.411,304.8243
2026-01-08 18:00:00,星期四,2026-01-08,18.0,150.188,321.9362,301.8151,305.25,353.9959,323.7851
2026-01-08 19:00:00,星期四,2026-01-08,19.0,-31.709,258.624,257.6743,276.0,260.2324,281.0691
2026-01-08 20:00:00,星期四,2026-01-08,20.0,100.271,241.6608,228.9544,255.0,234.9959,249.8772
2026-01-08 21:00:00,星期四,2026-01-08,21.0,-19.482,222.6358,144.5486,165.05,209.7718,239.265
2026-01-08 22:00:00,星期四,2026-01-08,22.0,-58.666,200.9464,139.7462,151.4,195.1583,205.8194
2026-01-08 23:00:00,星期四,2026-01-08,23.0,-80.0,192.5723,-80.0,50.0,119.5476,179.8706
2026-01-09 00:00:00,星期四,2026-01-08,24.0,-80.0,179.4201,-80.0,43.64,110.4892,156.2746
2026-01-09 01:00:00,星期五,2026-01-09,1.0,-31.022,21.6476,-80.0,0.0,67.7476,-64.9981
2026-01-09 02:00:00,星期五,2026-01-09,2.0,138.831,4.2087,-80.0,0.0,62.7973,-61.3794
2026-01-09 03:00:00,星期五,2026-01-09,3.0,116.893,26.9899,-80.0,-3.26,64.5176,-81.2346
2026-01-09 04:00:00,星期五,2026-01-09,4.0,61.897,16.2649,-80.0,-3.5,64.8633,-70.9658
2026-01-09 05:00:00,星期五,2026-01-09,5.0,-80.0,8.0317,-80.0,-5.01,64.5172,-61.7827
2026-01-09 06:00:00,星期五,2026-01-09,6.0,-80.0,6.8033,-80.0,0.0,71.7707,-66.016
2026-01-09 07:00:00,星期五,2026-01-09,7.0,-80.0,35.1573,-80.0,20.0,80.165,-57.2742
2026-01-09 08:00:00,星期五,2026-01-09,8.0,13.22,167.4455,217.7422,236.55,141.7018,74.9578
2026-01-09 09:00:00,星期五,2026-01-09,9.0,510.09,175.1555,157.4183,246.363,193.1802,146.234
2026-01-09 10:00:00,星期五,2026-01-09,10.0,414.222,-7.1775,-80.0,125.435,32.2045,11.0066
2026-01-09 11:00:00,星期五,2026-01-09,11.0,62.492,-71.9689,-80.0,-71.0,-45.9945,-30.7788
2026-01-09 12:00:00,星期五,2026-01-09,12.0,-76.741,-79.5691,-80.0,-71.0,-72.6975,-70.9525
2026-01-09 13:00:00,星期五,2026-01-09,13.0,-80.0,-79.8159,-80.0,-71.0,-72.6975,-73.9901
2026-01-09 14:00:00,星期五,2026-01-09,14.0,-80.0,-78.6867,-80.0,-71.0,-72.6975,-74.6854
2026-01-09 15:00:00,星期五,2026-01-09,15.0,-80.0,-72.9289,-80.0,-50.0,-59.6934,-46.6533
2026-01-09 16:00:00,星期五,2026-01-09,16.0,53.731,84.3894,-80.0,12.75,78.9005,96.0112
2026-01-09 17:00:00,星期五,2026-01-09,17.0,592.13,281.9564,253.9203,251.25,167.6261,126.8953
2026-01-09 18:00:00,星期五,2026-01-09,18.0,218.899,283.086,288.3918,300.0,192.6612,192.9138
2026-01-09 19:00:00,星期五,2026-01-09,19.0,277.553,232.2022,188.89,224.375,96.771,178.2606
2026-01-09 20:00:00,星期五,2026-01-09,20.0,125.159,222.1045,73.0397,100.0,65.2779,161.751
2026-01-09 21:00:00,星期五,2026-01-09,21.0,-80.0,215.0801,-80.0,73.5,61.8827,158.0078
2026-01-09 22:00:00,星期五,2026-01-09,22.0,-80.0,209.3368,-80.0,50.0,50.3223,144.3557
2026-01-09 23:00:00,星期五,2026-01-09,23.0,-80.0,201.1379,-80.0,0.0,25.9836,126.1671
2026-01-10 00:00:00,星期五,2026-01-09,24.0,-80.0,185.5323,-80.0,-30.0,25.9898,102.5292
2026-01-10 01:00:00,星期六,2026-01-10,1.0,-80.0,10.8998,-80.0,-27.2,89.0241,-15.0802
2026-01-10 02:00:00,星期六,2026-01-10,2.0,-80.0,-4.3425,-80.0,-29.625,75.5444,-11.5605
2026-01-10 03:00:00,星期六,2026-01-10,3.0,-80.0,4.3827,-80.0,-30.0,62.7665,-11.9687
2026-01-10 04:00:00,星期六,2026-01-10,4.0,-80.0,-5.5134,-80.0,-52.5,61.3303,0.8908
2026-01-10 05:00:00,星期六,2026-01-10,5.0,-80.0,-26.1234,-80.0,-60.0,52.8869,-8.8925
2026-01-10 06:00:00,星期六,2026-01-10,6.0,-80.0,-30.6388,-80.0,-46.07,46.8517,-7.6802
2026-01-10 07:00:00,星期六,2026-01-10,7.0,-77.09,-29.6102,-80.0,-20.4,42.9074,-19.1326
2026-01-10 08:00:00,星期六,2026-01-10,8.0,-57.126,60.966,113.2071,100.0,99.6038,22.7291
2026-01-10 09:00:00,星期六,2026-01-10,9.0,-10.921,48.2596,-80.0,200.0,64.8467,2.8947
2026-01-10 10:00:00,星期六,2026-01-10,10.0,-80.0,-78.3798,-80.0,0.0,-70.7492,-47.7501
2026-01-10 11:00:00,星期六,2026-01-10,11.0,-80.0,-79.8573,-80.0,-79.45,-76.8264,-49.7746
2026-01-10 12:00:00,星期六,2026-01-10,12.0,-74.79,-80.4091,-80.0,-79.0,-76.7847,-49.5179
2026-01-10 13:00:00,星期六,2026-01-10,13.0,-80.0,-80.3012,-80.0,-79.0,-76.7847,-49.9598
2026-01-10 14:00:00,星期六,2026-01-10,14.0,-80.0,-79.6033,-80.0,-79.0,-76.7847,-50.5936
2026-01-10 15:00:00,星期六,2026-01-10,15.0,-80.0,-77.9343,-80.0,-77.5,-73.6112,-41.8495
2026-01-10 16:00:00,星期六,2026-01-10,16.0,-80.0,66.0956,76.4733,90.29,65.8818,69.3282
2026-01-10 17:00:00,星期六,2026-01-10,17.0,294.387,205.5099,245.0755,277.22,169.257,181.36
2026-01-10 18:00:00,星期六,2026-01-10,18.0,398.406,249.6179,336.8064,358.205,226.0911,255.7701
2026-01-10 19:00:00,星期六,2026-01-10,19.0,443.424,227.363,333.5462,360.22,207.4576,237.2138
2026-01-10 20:00:00,星期六,2026-01-10,20.0,413.698,229.208,324.8417,350.0,204.9225,241.968
2026-01-10 21:00:00,星期六,2026-01-10,21.0,350.166,232.3409,279.4212,300.0,204.6499,242.5811
2026-01-10 22:00:00,星期六,2026-01-10,22.0,375.263,230.7729,239.0208,255.0,197.7145,248.2316
2026-01-10 23:00:00,星期六,2026-01-10,23.0,355.44,214.3906,184.8449,200.0,145.7448,216.3926
2026-01-11 00:00:00,星期六,2026-01-10,24.0,27.03,193.5594,154.6898,166.0,108.0124,192.1499
2026-01-11 01:00:00,星期日,2026-01-11,1.0,-80.0,31.4295,-80.0,-27.7,106.6208,77.1459
2026-01-11 02:00:00,星期日,2026-01-11,2.0,-80.0,3.2752,-80.0,-25.125,95.6721,89.545
2026-01-11 03:00:00,星期日,2026-01-11,3.0,-80.0,13.8086,-80.0,-25.0,93.968,77.0565
2026-01-11 04:00:00,星期日,2026-01-11,4.0,-80.0,8.8869,-80.0,-30.0,96.0854,87.5205
2026-01-11 05:00:00,星期日,2026-01-11,5.0,-80.0,8.5172,-80.0,-26.5,94.9489,90.5397
2026-01-11 06:00:00,星期日,2026-01-11,6.0,-80.0,9.9985,-80.0,-26.0,99.5077,94.4837
2026-01-11 07:00:00,星期日,2026-01-11,7.0,-80.0,30.3907,-80.0,-26.0,120.4385,103.6386
2026-01-11 08:00:00,星期日,2026-01-11,8.0,196.794,186.7881,158.4245,150.0,161.1796,167.7778
2026-01-11 09:00:00,星期日,2026-01-11,9.0,156.469,94.9469,-80.0,100.0,142.5848,132.8385
2026-01-11 10:00:00,星期日,2026-01-11,10.0,-80.0,-42.2724,-80.0,2.655,-10.321,15.0797
2026-01-11 11:00:00,星期日,2026-01-11,11.0,-80.0,-67.4413,-80.0,-74.5,-36.6938,-7.7903
2026-01-11 12:00:00,星期日,2026-01-11,12.0,-80.0,-75.6062,-80.0,-75.0,-52.4242,-28.4272
2026-01-11 13:00:00,星期日,2026-01-11,13.0,-80.0,-76.8764,-80.0,-75.0,-69.3286,-48.1057
2026-01-11 14:00:00,星期日,2026-01-11,14.0,-80.0,-74.3068,-80.0,-75.0,-51.2889,-28.7692
2026-01-11 15:00:00,星期日,2026-01-11,15.0,-80.0,-43.4189,-80.0,-50.5,-2.0362,12.597
2026-01-11 16:00:00,星期日,2026-01-11,16.0,173.951,216.0155,182.6974,225.5,221.5145,204.9248
2026-01-11 17:00:00,星期日,2026-01-11,17.0,619.514,404.2373,385.4301,410.25,400.7941,398.7178
2026-01-11 18:00:00,星期日,2026-01-11,18.0,628.284,403.9565,411.2164,433.58,429.0238,430.7827
2026-01-11 19:00:00,星期日,2026-01-11,19.0,618.758,341.0618,387.043,406.5,385.7396,394.7383
2026-01-11 20:00:00,星期日,2026-01-11,20.0,602.708,301.8076,336.0916,358.0,336.8536,349.2331
2026-01-11 21:00:00,星期日,2026-01-11,21.0,521.916,242.4226,242.6548,262.5,254.5342,300.6234
2026-01-11 22:00:00,星期日,2026-01-11,22.0,286.184,155.6387,226.0791,248.82,219.9127,265.666
2026-01-11 23:00:00,星期日,2026-01-11,23.0,-80.0,98.2622,154.4806,171.42,148.9764,222.8538
2026-01-12 00:00:00,星期日,2026-01-11,24.0,-80.0,49.3194,-80.0,95.65,117.9927,187.0313
2026-01-12 01:00:00,星期一,2026-01-12,1.0,-80.0,-3.4646,-80.0,-50.0,41.2967,22.8065
2026-01-12 02:00:00,星期一,2026-01-12,2.0,-80.0,-15.3393,-80.0,-54.375,29.2827,32.8246
2026-01-12 03:00:00,星期一,2026-01-12,3.0,-80.0,-13.6173,-80.0,-60.0,26.5058,22.8582
2026-01-12 04:00:00,星期一,2026-01-12,4.0,-80.125,-16.5249,-80.0,-60.0,26.4833,28.1357
2026-01-12 05:00:00,星期一,2026-01-12,5.0,-60.025,-29.0682,-80.0,-61.0,19.4396,23.7538
2026-01-12 06:00:00,星期一,2026-01-12,6.0,-80.0,-20.1963,-80.0,-61.0,25.8196,26.4386
2026-01-12 07:00:00,星期一,2026-01-12,7.0,-80.0,-10.9915,-31.9429,-61.0,37.6243,29.6444
2026-01-12 08:00:00,星期一,2026-01-12,8.0,97.356,132.1139,132.9988,125.5,93.8375,66.8664
2026-01-12 09:00:00,星期一,2026-01-12,9.0,329.792,129.4916,101.329,143.5,148.7774,150.363
2026-01-12 10:00:00,星期一,2026-01-12,10.0,-57.197,-9.343,-80.0,0.0,21.845,22.224
2026-01-12 11:00:00,星期一,2026-01-12,11.0,-79.222,-55.8304,-80.0,-75.0,-0.9848,23.0586
2026-01-12 12:00:00,星期一,2026-01-12,12.0,-80.0,-60.2124,-80.0,-75.0,-33.1074,-21.576
2026-01-12 13:00:00,星期一,2026-01-12,13.0,-80.0,-76.8475,-80.0,-75.0,-51.7109,-17.507
2026-01-12 14:00:00,星期一,2026-01-12,14.0,-80.0,-63.8644,-80.0,-75.0,-27.7078,4.6759
2026-01-12 15:00:00,星期一,2026-01-12,15.0,-90.149,-0.23,-80.0,0.0,54.7832,78.7596
2026-01-12 16:00:00,星期一,2026-01-12,16.0,540.235,220.4062,228.6273,263.065,261.9668,237.3657
2026-01-12 17:00:00,星期一,2026-01-12,17.0,661.765,415.9489,439.3736,458.125,377.4528,381.4449
2026-01-12 18:00:00,星期一,2026-01-12,18.0,427.61,436.6612,477.3879,504.0,432.3327,431.1523
2026-01-12 19:00:00,星期一,2026-01-12,19.0,463.666,427.0746,472.385,500.375,419.8573,414.0458
2026-01-12 20:00:00,星期一,2026-01-12,20.0,420.646,420.7694,465.4846,487.5,410.3222,410.1982
2026-01-12 21:00:00,星期一,2026-01-12,21.0,363.522,416.7936,426.2181,439.14,404.2101,405.2162
2026-01-12 22:00:00,星期一,2026-01-12,22.0,435.19,410.8602,388.1078,400.0,391.9189,386.9791
2026-01-12 23:00:00,星期一,2026-01-12,23.0,565.686,391.0653,347.3858,359.5,367.9239,365.3269
2026-01-13 00:00:00,星期一,2026-01-12,24.0,562.579,361.9458,290.9938,295.5,360.4283,347.0943
2026-01-13 01:00:00,星期二,2026-01-13,1.0,363.367,301.7093,286.0841,300.0,289.3698,311.9379
2026-01-13 02:00:00,星期二,2026-01-13,2.0,336.258,281.7749,228.6682,236.625,269.8914,314.1537
2026-01-13 03:00:00,星期二,2026-01-13,3.0,381.475,289.9002,275.809,289.455,267.0838,295.6268
2026-01-13 04:00:00,星期二,2026-01-13,4.0,285.548,253.5614,211.5827,221.83,250.1583,269.2623
2026-01-13 05:00:00,星期二,2026-01-13,5.0,268.775,235.8107,222.6639,233.08,214.1111,236.0762
2026-01-13 06:00:00,星期二,2026-01-13,6.0,291.816,237.0804,226.0619,235.0,217.7106,226.1615
2026-01-13 07:00:00,星期二,2026-01-13,7.0,316.621,238.2026,271.0799,279.5,189.7485,242.734
2026-01-13 08:00:00,星期二,2026-01-13,8.0,426.16,317.85,352.0012,374.0,294.8412,301.5302
2026-01-13 09:00:00,星期二,2026-01-13,9.0,459.784,305.7509,311.9571,370.5,336.6883,307.7202
2026-01-13 10:00:00,星期二,2026-01-13,10.0,135.867,116.3122,86.9306,140.0,210.6087,192.7634
2026-01-13 11:00:00,星期二,2026-01-13,11.0,69.636,66.0118,7.2459,35.423,139.2199,111.6096
2026-01-13 12:00:00,星期二,2026-01-13,12.0,73.4,11.0862,-80.0,-18.0,47.8896,52.823
2026-01-13 13:00:00,星期二,2026-01-13,13.0,-24.036,-45.7813,-80.0,-60.0,-38.6027,-17.668
2026-01-13 14:00:00,星期二,2026-01-13,14.0,-32.683,-10.0137,-80.0,-69.888,31.1819,8.9089
2026-01-13 15:00:00,星期二,2026-01-13,15.0,216.584,85.2587,-80.0,13.475,135.9707,150.2756
2026-01-13 16:00:00,星期二,2026-01-13,16.0,348.714,266.1792,286.9649,330.0,285.8333,270.9778
2026-01-13 17:00:00,星期二,2026-01-13,17.0,383.393,390.9363,402.7677,422.125,381.1936,382.7863
2026-01-13 18:00:00,星期二,2026-01-13,18.0,304.787,408.3893,408.4457,420.0,409.4871,406.3027
2026-01-13 19:00:00,星期二,2026-01-13,19.0,281.337,356.6912,406.9108,420.0,356.705,380.5266
2026-01-13 20:00:00,星期二,2026-01-13,20.0,255.291,323.5595,377.6342,396.0,329.2559,347.0342
2026-01-13 21:00:00,星期二,2026-01-13,21.0,249.346,302.7555,353.8409,367.0,290.9203,327.4619
2026-01-13 22:00:00,星期二,2026-01-13,22.0,267.532,299.5705,322.9397,332.9,284.1841,310.762
2026-01-13 23:00:00,星期二,2026-01-13,23.0,229.61,262.3822,270.9007,279.0,252.0077,279.1235
2026-01-14 00:00:00,星期二,2026-01-13,24.0,223.84,240.5856,256.395,269.0,285.0796,264.735
2026-01-14 01:00:00,星期三,2026-01-14,1.0,279.996,245.1347,290.0049,297.88,284.416,270.7588
2026-01-14 02:00:00,星期三,2026-01-14,2.0,281.411,229.4332,279.4094,291.35,260.7906,274.4606
2026-01-14 03:00:00,星期三,2026-01-14,3.0,296.547,246.0334,292.971,300.0,283.0143,267.4515
2026-01-14 04:00:00,星期三,2026-01-14,4.0,290.445,239.5268,279.4106,295.56,269.7219,271.1036
2026-01-14 05:00:00,星期三,2026-01-14,5.0,290.403,240.0296,287.8741,294.82,266.5619,259.9215
2026-01-14 06:00:00,星期三,2026-01-14,6.0,286.948,252.0979,286.4651,290.0,263.2116,268.6803
2026-01-14 07:00:00,星期三,2026-01-14,7.0,273.459,249.5564,301.985,315.48,268.3151,254.7872
2026-01-14 08:00:00,星期三,2026-01-14,8.0,324.71,360.7186,368.7468,380.0,341.9576,329.227
2026-01-14 09:00:00,星期三,2026-01-14,9.0,358.242,403.4329,427.9814,400.0,407.655,376.2946
2026-01-14 10:00:00,星期三,2026-01-14,10.0,370.738,352.2182,359.5432,374.615,372.558,367.8838
2026-01-14 11:00:00,星期三,2026-01-14,11.0,365.072,328.998,318.6238,335.0,348.1685,345.7874
2026-01-14 12:00:00,星期三,2026-01-14,12.0,362.539,301.4627,285.4276,323.75,329.9809,310.4464
2026-01-14 13:00:00,星期三,2026-01-14,13.0,415.831,276.2578,271.5996,311.5,290.1611,278.2439
2026-01-14 14:00:00,星期三,2026-01-14,14.0,514.322,317.3668,308.1699,320.0,325.9692,315.3564
2026-01-14 15:00:00,星期三,2026-01-14,15.0,608.805,354.203,357.8317,337.743,346.109,354.4265
2026-01-14 16:00:00,星期三,2026-01-14,16.0,611.225,399.5562,412.244,387.5,385.4042,362.972
2026-01-14 17:00:00,星期三,2026-01-14,17.0,558.132,426.6344,394.7522,400.0,412.9414,399.8443
2026-01-14 18:00:00,星期三,2026-01-14,18.0,360.604,408.3471,379.0216,388.35,406.9525,389.4519
2026-01-14 19:00:00,星期三,2026-01-14,19.0,334.315,363.7404,338.1205,350.05,361.8352,352.0658
2026-01-14 20:00:00,星期三,2026-01-14,20.0,316.373,309.4804,312.5987,319.47,297.1175,304.5626
2026-01-14 21:00:00,星期三,2026-01-14,21.0,304.358,282.0309,298.3507,305.55,270.7223,288.7
2026-01-14 22:00:00,星期三,2026-01-14,22.0,288.832,266.0104,289.8636,300.0,253.8603,271.4974
2026-01-14 23:00:00,星期三,2026-01-14,23.0,287.466,218.1848,244.0687,258.443,229.2757,256.1953
2026-01-15 00:00:00,星期三,2026-01-14,24.0,290.209,246.7057,245.4241,257.35,265.42,270.3318
2026-01-15 01:00:00,星期四,2026-01-15,1.0,331.732,242.191,240.767,272.1,254.5995,261.4398
2026-01-15 02:00:00,星期四,2026-01-15,2.0,344.979,254.5503,243.6205,262.775,262.4801,276.1984
2026-01-15 03:00:00,星期四,2026-01-15,3.0,363.065,280.456,315.8969,340.0,286.1988,298.7138
2026-01-15 04:00:00,星期四,2026-01-15,4.0,314.987,279.4114,326.3016,350.05,283.1012,292.8075
2026-01-15 05:00:00,星期四,2026-01-15,5.0,324.555,301.561,316.446,333.9,293.7787,285.5814
2026-01-15 06:00:00,星期四,2026-01-15,6.0,338.683,301.1396,333.3522,350.013,300.4717,295.7843
2026-01-15 07:00:00,星期四,2026-01-15,7.0,344.632,334.595,349.595,370.05,313.9039,314.5928
2026-01-15 08:00:00,星期四,2026-01-15,8.0,454.909,395.1148,415.2678,430.0,356.7009,318.3516
2026-01-15 09:00:00,星期四,2026-01-15,9.0,492.837,323.4213,351.3676,420.5,318.5224,270.101
2026-01-15 10:00:00,星期四,2026-01-15,10.0,188.418,168.7727,170.5792,249.25,187.424,160.1879
2026-01-15 11:00:00,星期四,2026-01-15,11.0,-72.63,55.6363,-80.0,25.0,81.5896,67.0175
2026-01-15 12:00:00,星期四,2026-01-15,12.0,-66.215,-37.5776,-80.0,-10.948,19.1875,29.1405
2026-01-15 13:00:00,星期四,2026-01-15,13.0,-80.0,-68.2364,-80.0,-70.0,-53.1854,-25.9805
2026-01-15 14:00:00,星期四,2026-01-15,14.0,-80.0,-54.5701,-80.0,-70.0,-68.7054,-19.18
2026-01-15 15:00:00,星期四,2026-01-15,15.0,-74.505,-3.3358,-80.0,-61.063,29.0868,36.7325
2026-01-15 16:00:00,星期四,2026-01-15,16.0,290.549,182.4869,208.686,224.638,177.952,200.25
2026-01-15 17:00:00,星期四,2026-01-15,17.0,374.533,344.8314,351.2219,373.125,338.9067,320.3405
2026-01-15 18:00:00,星期四,2026-01-15,18.0,-78.635,344.6212,334.4309,344.688,352.2782,352.556
2026-01-15 19:00:00,星期四,2026-01-15,19.0,-80.0,288.5737,242.1284,250.0,263.881,329.5866
2026-01-15 20:00:00,星期四,2026-01-15,20.0,-80.0,212.5261,241.2547,254.14,238.6025,292.8419
2026-01-15 21:00:00,星期四,2026-01-15,21.0,-80.0,194.7167,220.7923,234.97,223.0419,284.1547
2026-01-15 22:00:00,星期四,2026-01-15,22.0,-80.0,186.6167,192.3187,203.25,211.54,279.5347
2026-01-15 23:00:00,星期四,2026-01-15,23.0,-80.0,125.7097,117.9272,119.135,184.3919,256.071
2026-01-16 00:00:00,星期四,2026-01-15,24.0,-80.0,117.3453,119.3909,121.62,173.5237,236.9459
2026-01-16 01:00:00,星期五,2026-01-16,1.0,-80.0,15.8215,129.7585,155.658,112.6406,85.6704
2026-01-16 02:00:00,星期五,2026-01-16,2.0,-80.0,18.5865,134.2753,157.5,110.1707,88.3991
2026-01-16 03:00:00,星期五,2026-01-16,3.0,-80.0,65.95,160.6443,162.88,167.3799,67.6998
2026-01-16 04:00:00,星期五,2026-01-16,4.0,-80.0,63.4529,137.535,165.0,130.1962,41.1495
2026-01-16 05:00:00,星期五,2026-01-16,5.0,-80.0,63.9256,143.7838,169.315,122.3373,32.0125
2026-01-16 06:00:00,星期五,2026-01-16,6.0,-80.0,58.6957,143.5564,170.94,123.1316,37.5244
2026-01-16 07:00:00,星期五,2026-01-16,7.0,-80.0,118.1626,219.1562,255.5,159.4337,83.2484
2026-01-16 08:00:00,星期五,2026-01-16,8.0,-80.0,232.6832,372.8846,407.5,216.4497,151.6066
2026-01-16 09:00:00,星期五,2026-01-16,9.0,312.855,248.6907,328.6099,412.0,285.3532,275.0426
2026-01-16 10:00:00,星期五,2026-01-16,10.0,619.764,144.5164,163.2813,263.65,159.8401,156.4543
2026-01-16 11:00:00,星期五,2026-01-16,11.0,670.964,54.4945,-80.0,71.15,88.4199,124.497
2026-01-16 12:00:00,星期五,2026-01-16,12.0,685.94,-22.3943,-80.0,7.158,20.4175,51.0328
2026-01-16 13:00:00,星期五,2026-01-16,13.0,665.472,-65.2583,-80.0,-30.0,-36.6674,29.4165
2026-01-16 14:00:00,星期五,2026-01-16,14.0,565.008,-51.0595,-80.0,-60.0,-35.7633,24.9924
2026-01-16 15:00:00,星期五,2026-01-16,15.0,50.624,-25.4287,-80.0,-30.0,-31.6538,67.2647
2026-01-16 16:00:00,星期五,2026-01-16,16.0,58.277,105.3549,-80.0,0.0,70.1714,170.9411
2026-01-16 17:00:00,星期五,2026-01-16,17.0,360.308,189.8553,149.8773,181.55,129.6507,121.4449
2026-01-16 18:00:00,星期五,2026-01-16,18.0,317.842,177.8745,210.1721,269.44,171.5744,191.6812
2026-01-16 19:00:00,星期五,2026-01-16,19.0,425.487,131.7993,114.9739,172.85,138.6246,169.3062
2026-01-16 20:00:00,星期五,2026-01-16,20.0,426.92,89.9873,-80.0,108.0,93.9821,160.3483
2026-01-16 21:00:00,星期五,2026-01-16,21.0,407.653,80.7881,-80.0,98.0,102.7287,166.1917
2026-01-16 22:00:00,星期五,2026-01-16,22.0,395.707,76.2169,-80.0,67.15,90.494,152.78
2026-01-16 23:00:00,星期五,2026-01-16,23.0,370.686,53.3566,-80.0,-8.71,59.7845,130.9874
2026-01-17 00:00:00,星期五,2026-01-16,24.0,353.5,46.8639,-80.0,-10.0,49.5628,115.4988
2026-01-17 01:00:00,星期六,2026-01-17,1.0,109.737,3.0141,-80.0,-39.95,161.1286,98.3691
2026-01-17 02:00:00,星期六,2026-01-17,2.0,96.337,1.2728,-80.0,-44.963,148.8351,102.5313
2026-01-17 03:00:00,星期六,2026-01-17,3.0,71.558,6.4243,-80.0,-70.0,147.0174,94.643
2026-01-17 04:00:00,星期六,2026-01-17,4.0,93.536,2.2542,-80.0,-70.0,146.1835,87.5873
2026-01-17 05:00:00,星期六,2026-01-17,5.0,87.728,0.5919,-80.0,-70.0,137.3969,75.8463
2026-01-17 06:00:00,星期六,2026-01-17,6.0,88.309,5.6529,-80.0,0.0,136.5045,50.4385
2026-01-17 07:00:00,星期六,2026-01-17,7.0,40.733,6.1674,-80.0,-39.95,130.5841,101.109
2026-01-17 08:00:00,星期六,2026-01-17,8.0,103.123,176.4057,176.163,203.563,177.0768,158.1049
2026-01-17 09:00:00,星期六,2026-01-17,9.0,226.013,199.2756,224.9292,246.0,240.874,237.4898
2026-01-17 10:00:00,星期六,2026-01-17,10.0,83.928,116.5244,129.9104,230.0,151.9919,133.8386
2026-01-17 11:00:00,星期六,2026-01-17,11.0,-38.612,61.0679,-80.0,85.5,107.829,112.0354
2026-01-17 12:00:00,星期六,2026-01-17,12.0,15.589,30.5617,-80.0,55.5,34.0658,80.4583
2026-01-17 13:00:00,星期六,2026-01-17,13.0,82.252,-23.0411,-80.0,49.275,1.7802,39.0958
2026-01-17 14:00:00,星期六,2026-01-17,14.0,164.958,44.2558,-80.0,0.0,88.731,118.1532
2026-01-17 15:00:00,星期六,2026-01-17,15.0,361.67,149.5911,139.5908,170.0,177.7533,190.9737
2026-01-17 16:00:00,星期六,2026-01-17,16.0,569.22,266.9195,311.8897,355.0,284.7344,271.7689
2026-01-17 17:00:00,星期六,2026-01-17,17.0,623.805,320.8363,441.1022,493.28,353.09,288.6109
2026-01-17 18:00:00,星期六,2026-01-17,18.0,609.996,332.4511,377.5948,386.62,378.5838,331.0111
2026-01-17 19:00:00,星期六,2026-01-17,19.0,586.541,326.0177,373.013,385.55,348.1975,319.3072
2026-01-17 20:00:00,星期六,2026-01-17,20.0,576.647,305.5982,383.7368,400.0,345.5875,316.4993
2026-01-17 21:00:00,星期六,2026-01-17,21.0,559.835,307.9142,373.3937,386.95,347.7107,318.6404
2026-01-17 22:00:00,星期六,2026-01-17,22.0,566.205,305.4358,373.6244,388.23,357.3434,322.5768
2026-01-17 23:00:00,星期六,2026-01-17,23.0,549.87,271.9288,337.9309,345.0,333.1527,306.4478
2026-01-18 00:00:00,星期六,2026-01-17,24.0,538.057,289.9568,332.0114,331.011,321.5011,304.7082
2026-01-18 01:00:00,星期日,2026-01-18,1.0,383.196,265.6913,298.1819,316.1,302.8368,323.5644
2026-01-18 02:00:00,星期日,2026-01-18,2.0,370.172,259.3496,288.767,304.95,295.8285,335.7001
2026-01-18 03:00:00,星期日,2026-01-18,3.0,375.18,273.4112,316.459,317.4,298.9464,342.9175
2026-01-18 04:00:00,星期日,2026-01-18,4.0,373.549,265.5703,298.7503,309.35,296.5935,330.3777
2026-01-18 05:00:00,星期日,2026-01-18,5.0,380.294,256.8764,300.8911,305.6,285.6558,305.2609
2026-01-18 06:00:00,星期日,2026-01-18,6.0,377.262,219.3254,304.4715,317.5,234.6096,275.8615
2026-01-18 07:00:00,星期日,2026-01-18,7.0,360.094,126.3648,243.6977,284.125,174.4215,218.6513
2026-01-18 08:00:00,星期日,2026-01-18,8.0,346.468,256.1101,286.2986,317.45,264.2385,286.1487
2026-01-18 09:00:00,星期日,2026-01-18,9.0,420.603,392.8776,398.3961,400.0,421.6051,381.0485
2026-01-18 10:00:00,星期日,2026-01-18,10.0,816.01,438.8993,430.0329,425.0,474.3103,439.4141
2026-01-18 11:00:00,星期日,2026-01-18,11.0,928.834,465.9101,454.0877,440.0,508.0532,454.4724
2026-01-18 12:00:00,星期日,2026-01-18,12.0,1187.507,474.3125,460.1717,463.0,516.0672,446.6995
2026-01-18 13:00:00,星期日,2026-01-18,13.0,942.364,404.9616,431.8207,452.5,472.5087,422.9363
2026-01-18 14:00:00,星期日,2026-01-18,14.0,915.564,405.3365,442.6835,440.0,461.1207,427.1969
2026-01-18 15:00:00,星期日,2026-01-18,15.0,763.658,414.7736,412.0249,400.0,425.2467,403.6364
2026-01-18 16:00:00,星期日,2026-01-18,16.0,448.429,407.7643,387.9074,400.0,400.7321,366.682
2026-01-18 17:00:00,星期日,2026-01-18,17.0,392.256,303.1305,310.1609,350.5,312.3494,294.8664
2026-01-18 18:00:00,星期日,2026-01-18,18.0,367.203,270.5311,260.9258,308.8,289.573,322.2135
2026-01-18 19:00:00,星期日,2026-01-18,19.0,352.152,237.0805,226.2352,259.1,251.8432,295.4444
2026-01-18 20:00:00,星期日,2026-01-18,20.0,348.761,231.0757,229.1493,245.85,239.6938,280.1901
2026-01-18 21:00:00,星期日,2026-01-18,21.0,334.409,219.4075,205.361,217.4,234.5418,269.8916
2026-01-18 22:00:00,星期日,2026-01-18,22.0,293.944,184.7865,194.3821,204.088,203.735,246.1929
2026-01-18 23:00:00,星期日,2026-01-18,23.0,13.748,150.1213,125.0958,122.408,172.424,218.2257
2026-01-19 00:00:00,星期日,2026-01-18,24.0,93.635,106.5578,101.482,100.0,154.1951,174.8864
2026-01-19 01:00:00,星期一,2026-01-19,1.0,65.359,15.8043,117.0971,134.2,134.8873,281.8694
2026-01-19 02:00:00,星期一,2026-01-19,2.0,308.34,-16.4554,-80.0,109.0,90.3027,253.6536
2026-01-19 03:00:00,星期一,2026-01-19,3.0,49.944,-8.712,-80.0,99.75,91.5081,285.3439
2026-01-19 04:00:00,星期一,2026-01-19,4.0,225.08,-19.3377,-80.0,93.05,79.5098,250.9841
2026-01-19 05:00:00,星期一,2026-01-19,5.0,363.789,-14.53,-80.0,45.0,76.0872,263.9336
2026-01-19 06:00:00,星期一,2026-01-19,6.0,361.031,-19.1813,-80.0,29.0,73.6044,272.9879
2026-01-19 07:00:00,星期一,2026-01-19,7.0,42.186,-23.5211,-80.0,20.0,76.2475,242.5661
2026-01-19 08:00:00,星期一,2026-01-19,8.0,136.777,129.6486,175.6877,230.513,127.6064,199.2476
2026-01-19 09:00:00,星期一,2026-01-19,9.0,494.958,310.6487,275.784,337.5,313.335,303.1696
2026-01-19 10:00:00,星期一,2026-01-19,10.0,553.55,227.6347,234.6566,350.91,273.4945,288.0543
2026-01-19 11:00:00,星期一,2026-01-19,11.0,577.792,209.6479,225.8384,375.0,258.4867,265.6938
2026-01-19 12:00:00,星期一,2026-01-19,12.0,606.354,164.7006,160.6164,320.0,228.868,250.2144
2026-01-19 13:00:00,星期一,2026-01-19,13.0,534.011,93.4567,115.7795,270.0,171.4052,204.9906
2026-01-19 14:00:00,星期一,2026-01-19,14.0,541.712,201.3812,208.2253,348.375,241.1391,254.5542
2026-01-19 15:00:00,星期一,2026-01-19,15.0,559.151,268.8047,247.8243,359.82,287.4545,299.4356
2026-01-19 16:00:00,星期一,2026-01-19,16.0,614.329,340.5565,389.6849,474.115,352.7767,352.2493
2026-01-19 17:00:00,星期一,2026-01-19,17.0,569.874,371.4738,493.8527,579.0,338.3801,325.1971
2026-01-19 18:00:00,星期一,2026-01-19,18.0,545.191,374.2682,499.159,590.0,354.1104,363.8359
2026-01-19 19:00:00,星期一,2026-01-19,19.0,522.682,348.9885,496.8231,580.0,329.3366,363.1123
2026-01-19 20:00:00,星期一,2026-01-19,20.0,521.608,359.0952,546.0332,640.0,351.735,364.9035
2026-01-19 21:00:00,星期一,2026-01-19,21.0,505.91,340.3011,413.8018,426.85,356.7787,373.6733
2026-01-19 22:00:00,星期一,2026-01-19,22.0,482.918,362.8884,464.1112,500.0,359.533,376.8908
2026-01-19 23:00:00,星期一,2026-01-19,23.0,432.952,360.0187,382.0304,400.62,338.0907,341.4169
2026-01-20 00:00:00,星期一,2026-01-19,24.0,404.828,354.2555,396.6545,420.5,332.6652,326.5843
2026-01-20 01:00:00,星期二,2026-01-20,1.0,286.209,336.8488,346.2402,371.0,317.1248,312.0486
2026-01-20 02:00:00,星期二,2026-01-20,2.0,290.473,327.8164,344.7708,355.0,298.3572,316.297
2026-01-20 03:00:00,星期二,2026-01-20,3.0,312.463,345.9914,349.2777,365.895,317.7014,311.3068
2026-01-20 04:00:00,星期二,2026-01-20,4.0,286.305,327.1659,346.6827,360.0,305.3335,305.486
2026-01-20 05:00:00,星期二,2026-01-20,5.0,279.783,338.6252,379.8027,394.0,311.688,307.0288
2026-01-20 06:00:00,星期二,2026-01-20,6.0,289.627,327.5849,377.1027,394.0,293.6248,295.0054
2026-01-20 07:00:00,星期二,2026-01-20,7.0,293.643,298.2814,379.8542,410.0,288.2649,281.6809
2026-01-20 08:00:00,星期二,2026-01-20,8.0,358.915,369.0577,389.1668,416.0,328.9134,333.1561
2026-01-20 09:00:00,星期二,2026-01-20,9.0,419.018,407.4619,403.378,454.385,427.2702,380.552
2026-01-20 10:00:00,星期二,2026-01-20,10.0,417.909,256.9599,282.8681,394.5,339.7643,311.9274
2026-01-20 11:00:00,星期二,2026-01-20,11.0,440.75,215.2427,218.8364,327.0,283.626,270.551
2026-01-20 12:00:00,星期二,2026-01-20,12.0,318.155,157.1367,144.4801,202.625,236.9826,234.3957
2026-01-20 13:00:00,星期二,2026-01-20,13.0,93.261,89.2388,-80.0,159.375,164.3435,197.2734
2026-01-20 14:00:00,星期二,2026-01-20,14.0,268.242,133.8473,133.6846,192.625,188.3901,203.8494
2026-01-20 15:00:00,星期二,2026-01-20,15.0,300.775,215.1564,223.7417,300.0,244.0686,263.1634
2026-01-20 16:00:00,星期二,2026-01-20,16.0,385.639,356.9537,355.4876,401.0,356.1496,340.2999
2026-01-20 17:00:00,星期二,2026-01-20,17.0,420.699,437.5702,462.4464,500.0,476.2705,421.6791
2026-01-20 18:00:00,星期二,2026-01-20,18.0,404.492,463.9323,445.58,469.09,513.9283,487.089
2026-01-20 19:00:00,星期二,2026-01-20,19.0,407.862,436.2099,440.4408,460.0,479.7193,484.8129
2026-01-20 20:00:00,星期二,2026-01-20,20.0,406.768,425.2652,460.8944,476.625,465.087,451.9348
2026-01-20 21:00:00,星期二,2026-01-20,21.0,400.694,420.2902,424.5694,433.5,436.1755,452.0116
2026-01-20 22:00:00,星期二,2026-01-20,22.0,388.281,407.8181,449.985,465.0,442.2268,441.6657
2026-01-20 23:00:00,星期二,2026-01-20,23.0,361.813,386.2884,405.8268,414.78,405.4739,398.3396
2026-01-21 00:00:00,星期二,2026-01-20,24.0,342.166,385.1265,402.6249,410.5,393.7539,393.0952
2026-01-21 01:00:00,星期三,2026-01-21,1.0,328.386,342.7432,316.4399,332.95,343.1424,329.4337
2026-01-21 02:00:00,星期三,2026-01-21,2.0,322.103,318.0278,305.4515,321.45,324.9842,322.6365
2026-01-21 03:00:00,星期三,2026-01-21,3.0,338.947,327.3766,301.3625,315.5,324.5624,308.5588
2026-01-21 04:00:00,星期三,2026-01-21,4.0,334.819,314.1799,306.9323,324.5,312.5026,299.123
2026-01-21 05:00:00,星期三,2026-01-21,5.0,337.932,313.8744,299.5206,318.8,311.2848,289.6407
2026-01-21 06:00:00,星期三,2026-01-21,6.0,342.262,311.0556,310.9658,330.0,310.1853,304.3121
2026-01-21 07:00:00,星期三,2026-01-21,7.0,354.865,313.3399,329.0306,344.35,317.3359,336.8121
2026-01-21 08:00:00,星期三,2026-01-21,8.0,403.558,346.0915,364.088,384.16,335.1129,333.3823
2026-01-21 09:00:00,星期三,2026-01-21,9.0,432.872,351.5699,371.0749,423.25,337.8632,285.1735
2026-01-21 10:00:00,星期三,2026-01-21,10.0,376.145,159.8162,199.9319,252.5,223.9333,205.4626
2026-01-21 11:00:00,星期三,2026-01-21,11.0,328.876,126.0412,110.2105,95.0,155.2643,134.4478
2026-01-21 12:00:00,星期三,2026-01-21,12.0,76.285,81.9702,-80.0,51.875,129.4424,114.0344
2026-01-21 13:00:00,星期三,2026-01-21,13.0,-63.626,-5.3901,-80.0,0.0,38.5605,41.8485
2026-01-21 14:00:00,星期三,2026-01-21,14.0,-45.022,27.1078,-80.0,29.045,90.2157,87.2483
2026-01-21 15:00:00,星期三,2026-01-21,15.0,-47.247,175.8333,160.6739,133.125,162.2637,172.2884
2026-01-21 16:00:00,星期三,2026-01-21,16.0,353.393,314.0582,339.0411,355.5,300.1567,272.5643
2026-01-21 17:00:00,星期三,2026-01-21,17.0,443.195,424.3543,442.4128,463.875,428.0534,407.9784
2026-01-21 18:00:00,星期三,2026-01-21,18.0,463.66,474.2689,466.2367,465.5,491.2974,460.4084
2026-01-21 19:00:00,星期三,2026-01-21,19.0,454.966,452.233,466.4888,469.5,462.1745,469.5493
2026-01-21 20:00:00,星期三,2026-01-21,20.0,455.928,451.2851,475.6502,487.79,465.2309,458.2377
2026-01-21 21:00:00,星期三,2026-01-21,21.0,450.312,448.0361,457.4616,470.0,441.6774,458.6785
2026-01-21 22:00:00,星期三,2026-01-21,22.0,454.824,442.7336,452.6847,470.0,431.8572,440.4377
2026-01-21 23:00:00,星期三,2026-01-21,23.0,447.526,407.5123,427.6241,440.0,403.9623,414.3283
2026-01-22 00:00:00,星期三,2026-01-21,24.0,433.137,391.0122,410.1702,420.5,387.1862,398.123
2026-01-22 01:00:00,星期四,2026-01-22,1.0,417.077,377.6497,382.7596,393.5,375.8714,359.6832
2026-01-22 02:00:00,星期四,2026-01-22,2.0,409.029,371.5844,373.4056,384.2,366.4239,360.8644
2026-01-22 03:00:00,星期四,2026-01-22,3.0,418.834,376.0695,355.6378,361.0,365.68,351.6088
2026-01-22 04:00:00,星期四,2026-01-22,4.0,406.272,365.3954,345.5355,352.0,362.2051,357.1672
2026-01-22 05:00:00,星期四,2026-01-22,5.0,403.0,364.7982,371.1995,383.96,350.6545,344.2933
2026-01-22 06:00:00,星期四,2026-01-22,6.0,402.458,372.2028,373.3253,384.03,359.2192,352.9611
2026-01-22 07:00:00,星期四,2026-01-22,7.0,402.857,373.4275,362.8141,367.33,366.3372,359.9765
2026-01-22 08:00:00,星期四,2026-01-22,8.0,432.824,387.1835,382.8644,390.158,383.8646,371.8963
2026-01-22 09:00:00,星期四,2026-01-22,9.0,410.622,374.2863,374.6405,419.0,399.4222,326.7098
2026-01-22 10:00:00,星期四,2026-01-22,10.0,378.692,187.073,210.8336,263.5,243.2732,214.4676
2026-01-22 11:00:00,星期四,2026-01-22,11.0,326.684,98.7248,113.6358,119.0,139.2551,133.2399
2026-01-22 12:00:00,星期四,2026-01-22,12.0,8.834,5.3725,-80.0,5.0,59.3,82.4732
2026-01-22 13:00:00,星期四,2026-01-22,13.0,-80.0,-36.1656,-80.0,15.0,-11.0938,43.1401
2026-01-22 14:00:00,星期四,2026-01-22,14.0,-80.0,-3.3328,-80.0,13.5,22.2041,53.7226
2026-01-22 15:00:00,星期四,2026-01-22,15.0,-80.0,122.6454,133.6447,96.043,112.8532,132.1689
2026-01-22 16:00:00,星期四,2026-01-22,16.0,227.129,288.4689,306.4891,330.0,281.903,257.0409
2026-01-22 17:00:00,星期四,2026-01-22,17.0,472.632,392.3889,420.5629,437.863,438.138,384.4099
2026-01-22 18:00:00,星期四,2026-01-22,18.0,460.614,441.3608,438.7518,440.0,490.9356,446.1677
2026-01-22 19:00:00,星期四,2026-01-22,19.0,460.515,429.2306,415.3491,410.3,481.2429,452.0772
2026-01-22 20:00:00,星期四,2026-01-22,20.0,463.02,429.6305,421.6693,424.575,471.8754,434.7548
2026-01-22 21:00:00,星期四,2026-01-22,21.0,465.233,415.0605,416.1525,421.98,451.5197,426.0051
2026-01-22 22:00:00,星期四,2026-01-22,22.0,455.908,405.151,396.9237,400.0,437.9146,421.4802
2026-01-22 23:00:00,星期四,2026-01-22,23.0,429.782,372.0421,364.8923,366.78,378.2544,387.4784
2026-01-23 00:00:00,星期四,2026-01-22,24.0,404.113,349.4578,348.5687,349.0,357.5818,363.8299
2026-01-23 01:00:00,星期五,2026-01-23,1.0,309.315,314.9609,318.6743,330.0,317.6483,343.0029
2026-01-23 02:00:00,星期五,2026-01-23,2.0,305.87,299.0464,317.2554,330.0,310.0883,333.7884
2026-01-23 03:00:00,星期五,2026-01-23,3.0,313.16,318.1625,324.7295,331.333,317.7928,335.1916
2026-01-23 04:00:00,星期五,2026-01-23,4.0,299.044,321.4943,325.9743,333.525,317.6706,347.1262
2026-01-23 05:00:00,星期五,2026-01-23,5.0,303.651,326.1519,336.406,345.0,335.8137,340.3936
2026-01-23 06:00:00,星期五,2026-01-23,6.0,333.252,337.4491,348.9956,352.0,348.3173,351.1777
2026-01-23 07:00:00,星期五,2026-01-23,7.0,360.505,354.6642,377.9011,379.5,357.1398,359.396
2026-01-23 08:00:00,星期五,2026-01-23,8.0,429.635,377.7974,408.4817,415.0,405.1521,380.112
2026-01-23 09:00:00,星期五,2026-01-23,9.0,641.181,374.8348,383.8672,422.5,418.218,347.7533
2026-01-23 10:00:00,星期五,2026-01-23,10.0,347.296,224.8448,245.3472,337.5,271.66,234.6481
2026-01-23 11:00:00,星期五,2026-01-23,11.0,287.433,114.2242,128.5782,170.25,146.8323,128.9653
2026-01-23 12:00:00,星期五,2026-01-23,12.0,110.936,8.9716,-80.0,0.0,54.187,91.2941
2026-01-23 13:00:00,星期五,2026-01-23,13.0,-80.0,-38.6516,-80.0,0.0,-10.0209,43.1134
2026-01-23 14:00:00,星期五,2026-01-23,14.0,127.051,34.681,-80.0,-6.5,18.0934,51.8878
2026-01-23 15:00:00,星期五,2026-01-23,15.0,281.425,105.5104,113.8859,60.0,108.1392,121.25
2026-01-23 16:00:00,星期五,2026-01-23,16.0,345.157,274.9099,294.8633,313.375,256.5172,260.6146
2026-01-23 17:00:00,星期五,2026-01-23,17.0,505.344,408.5686,417.6142,428.405,408.4533,378.7206
2026-01-23 18:00:00,星期五,2026-01-23,18.0,481.315,446.9848,442.3765,445.0,464.1848,448.4286
2026-01-23 19:00:00,星期五,2026-01-23,19.0,469.468,440.9738,449.7458,450.0,454.6027,462.4923
2026-01-23 20:00:00,星期五,2026-01-23,20.0,497.776,441.5866,427.8176,425.625,454.2682,469.0429
2026-01-23 21:00:00,星期五,2026-01-23,21.0,464.458,443.1986,426.1126,425.0,451.6933,472.7166
2026-01-23 22:00:00,星期五,2026-01-23,22.0,476.957,441.8397,465.4626,474.0,445.7675,465.8679
2026-01-23 23:00:00,星期五,2026-01-23,23.0,522.464,417.7514,416.891,418.5,422.592,430.8945
2026-01-24 00:00:00,星期五,2026-01-23,24.0,453.815,401.8281,402.3314,403.0,403.2994,422.5706
2026-01-24 01:00:00,星期六,2026-01-24,1.0,371.789,402.7677,391.9167,398.95,387.2351,379.2068
2026-01-24 02:00:00,星期六,2026-01-24,2.0,360.548,396.2834,382.2118,389.05,381.2303,375.9242
2026-01-24 03:00:00,星期六,2026-01-24,3.0,376.692,398.8975,388.0807,399.04,385.2188,373.0913
2026-01-24 04:00:00,星期六,2026-01-24,4.0,359.931,396.7444,381.9071,393.11,384.6191,370.5414
2026-01-24 05:00:00,星期六,2026-01-24,5.0,355.682,394.1219,377.6781,389.43,378.5579,366.7475
2026-01-24 06:00:00,星期六,2026-01-24,6.0,352.776,389.4427,381.9675,394.05,377.7211,362.2944
2026-01-24 07:00:00,星期六,2026-01-24,7.0,340.769,379.0859,380.6232,394.013,386.5171,360.7422
2026-01-24 08:00:00,星期六,2026-01-24,8.0,364.375,397.0565,403.9159,420.87,418.1387,389.9257
2026-01-24 09:00:00,星期六,2026-01-24,9.0,381.321,355.6145,359.4253,420.0,396.2735,353.1649
2026-01-24 10:00:00,星期六,2026-01-24,10.0,127.435,188.7461,219.5098,313.64,266.4778,235.2426
2026-01-24 11:00:00,星期六,2026-01-24,11.0,13.113,121.2123,137.0252,190.0,175.3025,147.1969
2026-01-24 12:00:00,星期六,2026-01-24,12.0,-21.122,40.4152,-80.0,7.0,108.4082,112.2665
2026-01-24 13:00:00,星期六,2026-01-24,13.0,-80.0,-23.1021,-80.0,0.0,15.6851,56.8272
2026-01-24 14:00:00,星期六,2026-01-24,14.0,-80.0,33.9453,-80.0,-58.75,75.0122,91.6749
2026-01-24 15:00:00,星期六,2026-01-24,15.0,-16.44,155.0452,160.6687,155.5,169.8679,165.2634
2026-01-24 16:00:00,星期六,2026-01-24,16.0,325.714,282.5305,311.8362,350.0,302.8936,272.4297
2026-01-24 17:00:00,星期六,2026-01-24,17.0,377.889,429.9547,418.2651,434.375,425.2457,388.5275
2026-01-24 18:00:00,星期六,2026-01-24,18.0,369.178,465.6344,448.4884,452.5,476.2571,451.3055
2026-01-24 19:00:00,星期六,2026-01-24,19.0,372.745,444.0401,427.9535,431.225,449.4667,465.3139
2026-01-24 20:00:00,星期六,2026-01-24,20.0,376.067,432.6753,418.9268,422.82,431.4101,449.7059
2026-01-24 21:00:00,星期六,2026-01-24,21.0,422.433,415.3048,405.2528,410.0,420.7043,446.7866
2026-01-24 22:00:00,星期六,2026-01-24,22.0,402.396,406.3446,392.1409,400.0,422.5541,442.6945
2026-01-24 23:00:00,星期六,2026-01-24,23.0,370.88,373.9321,387.9484,400.0,372.3513,407.384
2026-01-25 00:00:00,星期六,2026-01-24,24.0,335.225,351.5002,374.1066,387.09,344.6226,391.4505
2026-01-25 01:00:00,星期日,2026-01-25,1.0,301.561,311.5887,314.4995,329.5,285.1692,324.287
2026-01-25 02:00:00,星期日,2026-01-25,2.0,282.316,285.2075,303.9413,330.0,250.7752,293.8994
2026-01-25 03:00:00,星期日,2026-01-25,3.0,273.141,275.6747,301.6466,330.0,229.9653,282.279
2026-01-25 04:00:00,星期日,2026-01-25,4.0,85.363,246.1056,280.9871,315.0,216.5053,244.9801
2026-01-25 05:00:00,星期日,2026-01-25,5.0,86.544,207.8265,274.9753,315.0,187.0164,227.7826
2026-01-25 06:00:00,星期日,2026-01-25,6.0,26.423,195.5467,259.4707,299.5,184.1471,203.3272
2026-01-25 07:00:00,星期日,2026-01-25,7.0,-80.0,172.1771,211.8392,241.5,165.9584,123.5887
2026-01-25 08:00:00,星期日,2026-01-25,8.0,67.228,244.3027,306.6671,340.0,230.1963,232.7763
2026-01-25 09:00:00,星期日,2026-01-25,9.0,192.092,302.9262,302.754,358.225,316.9849,313.3053
2026-01-25 10:00:00,星期日,2026-01-25,10.0,-80.0,230.0861,235.4292,328.5,276.6979,275.9091
2026-01-25 11:00:00,星期日,2026-01-25,11.0,-80.0,199.8949,213.8703,330.0,241.1329,237.1641
2026-01-25 12:00:00,星期日,2026-01-25,12.0,-80.0,168.2693,155.8735,243.375,190.6076,200.1698
2026-01-25 13:00:00,星期日,2026-01-25,13.0,-80.0,108.1793,141.6669,234.375,163.5597,181.0171
2026-01-25 14:00:00,星期日,2026-01-25,14.0,160.21,194.6019,216.6711,276.5,234.7484,228.8079
2026-01-25 15:00:00,星期日,2026-01-25,15.0,303.185,307.7635,307.0922,348.0,310.0145,300.9305
2026-01-25 16:00:00,星期日,2026-01-25,16.0,337.436,377.9039,395.7251,420.0,374.0433,360.1132
2026-01-25 17:00:00,星期日,2026-01-25,17.0,414.759,405.6193,430.6832,452.43,422.0147,423.1834
2026-01-25 18:00:00,星期日,2026-01-25,18.0,393.081,419.2396,443.6795,460.0,442.7864,455.4079
2026-01-25 19:00:00,星期日,2026-01-25,19.0,357.897,409.2381,449.6361,462.925,420.52,449.6753
2026-01-25 20:00:00,星期日,2026-01-25,20.0,390.47,408.2049,441.2424,451.335,419.2908,450.808
2026-01-25 21:00:00,星期日,2026-01-25,21.0,457.861,419.4968,439.2122,450.0,416.2619,453.0827
2026-01-25 22:00:00,星期日,2026-01-25,22.0,490.202,417.4426,408.2489,406.06,408.7358,442.1124
2026-01-25 23:00:00,星期日,2026-01-25,23.0,386.387,404.8523,433.6529,447.3,394.5647,418.3315
2026-01-26 00:00:00,星期日,2026-01-25,24.0,333.527,396.2622,426.7106,435.0,392.7684,400.8014
2026-01-26 01:00:00,星期一,2026-01-26,1.0,331.888,346.2304,400.074,416.75,409.2009,392.638
2026-01-26 02:00:00,星期一,2026-01-26,2.0,334.93,352.115,426.7674,448.5,399.5837,387.0003
2026-01-26 03:00:00,星期一,2026-01-26,3.0,334.594,347.3683,412.8602,430.0,398.4073,380.845
2026-01-26 04:00:00,星期一,2026-01-26,4.0,334.254,355.4621,410.6139,430.0,392.8149,377.9187
2026-01-26 05:00:00,星期一,2026-01-26,5.0,329.854,363.4725,400.7364,418.75,387.2635,376.9475
2026-01-26 06:00:00,星期一,2026-01-26,6.0,329.201,362.1102,394.1794,420.0,384.6818,373.1028
2026-01-26 07:00:00,星期一,2026-01-26,7.0,324.586,342.0259,398.8692,425.0,377.8511,363.3468
2026-01-26 08:00:00,星期一,2026-01-26,8.0,332.64,388.2246,445.084,464.238,427.5229,400.5928
2026-01-26 09:00:00,星期一,2026-01-26,9.0,813.45,453.1328,508.1088,550.0,502.447,474.2839
2026-01-26 10:00:00,星期一,2026-01-26,10.0,1291.302,414.3681,451.7575,530.0,472.4472,443.7369
2026-01-26 11:00:00,星期一,2026-01-26,11.0,1275.122,391.5439,400.5518,500.0,428.9459,400.5561
2026-01-26 12:00:00,星期一,2026-01-26,12.0,1051.962,345.3951,321.4128,396.0,379.3882,336.9121
2026-01-26 13:00:00,星期一,2026-01-26,13.0,442.419,256.1914,240.2716,329.15,297.7912,273.9825
2026-01-26 14:00:00,星期一,2026-01-26,14.0,394.373,277.5695,266.3858,324.175,301.2355,283.6936
2026-01-26 15:00:00,星期一,2026-01-26,15.0,356.98,296.975,266.4035,232.48,323.2418,310.0063
2026-01-26 16:00:00,星期一,2026-01-26,16.0,373.916,365.4648,373.7756,405.75,377.1619,358.1322
2026-01-26 17:00:00,星期一,2026-01-26,17.0,486.036,403.5615,466.0705,491.44,457.6052,421.92
2026-01-26 18:00:00,星期一,2026-01-26,18.0,534.75,432.7134,469.187,480.0,477.3509,459.4578
2026-01-26 19:00:00,星期一,2026-01-26,19.0,463.411,404.6846,464.62,478.0,451.9595,449.2199
2026-01-26 20:00:00,星期一,2026-01-26,20.0,401.106,398.9438,431.6775,433.72,454.917,454.3045
2026-01-26 21:00:00,星期一,2026-01-26,21.0,354.098,394.6074,424.5417,426.32,419.7737,435.2054
2026-01-26 22:00:00,星期一,2026-01-26,22.0,356.098,386.6558,401.9425,400.0,429.9871,429.8991
2026-01-26 23:00:00,星期一,2026-01-26,23.0,323.133,372.0304,395.1839,402.5,380.7557,405.6714
2026-01-27 00:00:00,星期一,2026-01-26,24.0,315.845,359.1317,395.8726,403.0,381.9077,396.5425
2026-01-27 01:00:00,星期二,2026-01-27,1.0,327.456,334.8025,345.6621,367.5,374.7783,367.5356
2026-01-27 02:00:00,星期二,2026-01-27,2.0,322.468,332.8991,335.927,355.0,382.1636,364.9747
2026-01-27 03:00:00,星期二,2026-01-27,3.0,331.928,342.4407,346.1045,368.62,380.4191,359.8073
2026-01-27 04:00:00,星期二,2026-01-27,4.0,328.429,330.4816,345.2034,374.82,376.1013,354.7766
2026-01-27 05:00:00,星期二,2026-01-27,5.0,328.237,328.6376,334.3227,355.0,362.5115,354.7713
2026-01-27 06:00:00,星期二,2026-01-27,6.0,325.141,326.268,335.9591,355.0,351.3124,355.4794
2026-01-27 07:00:00,星期二,2026-01-27,7.0,324.288,325.674,344.7357,367.5,356.4103,348.054
2026-01-27 08:00:00,星期二,2026-01-27,8.0,362.605,359.9022,365.401,391.288,391.1068,384.6634
2026-01-27 09:00:00,星期二,2026-01-27,9.0,461.351,339.8434,334.119,416.25,398.7329,370.6816
2026-01-27 10:00:00,星期二,2026-01-27,10.0,276.831,197.1621,191.3281,300.0,280.3297,245.4733
2026-01-27 11:00:00,星期二,2026-01-27,11.0,244.008,110.0983,97.0164,197.5,196.5041,156.7523
2026-01-27 12:00:00,星期二,2026-01-27,12.0,103.769,40.4241,-80.0,0.0,117.8188,106.7642
2026-01-27 13:00:00,星期二,2026-01-27,13.0,-6.38,-31.3466,-80.0,-23.0,16.9356,54.3948
2026-01-27 14:00:00,星期二,2026-01-27,14.0,259.493,84.957,-80.0,1.0,104.0979,103.7817
2026-01-27 15:00:00,星期二,2026-01-27,15.0,293.262,204.9254,149.6091,158.0,222.3108,193.7236
2026-01-27 16:00:00,星期二,2026-01-27,16.0,355.313,334.6817,314.8098,355.0,359.8256,334.3283
2026-01-27 17:00:00,星期二,2026-01-27,17.0,396.675,400.4173,423.6862,435.84,483.692,411.747
2026-01-27 18:00:00,星期二,2026-01-27,18.0,362.823,431.4132,433.6332,427.075,511.6534,444.7703
2026-01-27 19:00:00,星期二,2026-01-27,19.0,369.22,417.1735,440.9202,442.91,480.3768,425.6068
2026-01-27 20:00:00,星期二,2026-01-27,20.0,382.194,397.8805,423.5973,421.5,451.1968,404.5788
2026-01-27 21:00:00,星期二,2026-01-27,21.0,375.904,388.0263,419.6721,417.57,444.2625,404.8106
2026-01-27 22:00:00,星期二,2026-01-27,22.0,368.057,382.1298,403.4744,401.79,432.2203,402.5903
2026-01-27 23:00:00,星期二,2026-01-27,23.0,339.641,370.1326,390.1363,397.5,383.0514,390.2684
2026-01-28 00:00:00,星期二,2026-01-27,24.0,328.505,359.7182,384.3298,387.0,380.7912,387.338
2026-01-28 01:00:00,星期三,2026-01-28,1.0,307.809,336.0717,315.1508,322.662,352.8147,349.141
2026-01-28 02:00:00,星期三,2026-01-28,2.0,300.599,321.3288,308.0559,319.0,333.6486,346.281
2026-01-28 03:00:00,星期三,2026-01-28,3.0,307.591,335.6568,318.4687,329.0,347.5935,344.502
2026-01-28 04:00:00,星期三,2026-01-28,4.0,299.844,328.0443,315.3651,328.5,349.2166,341.3804
2026-01-28 05:00:00,星期三,2026-01-28,5.0,302.857,332.2085,320.6791,335.0,341.8471,343.2719
2026-01-28 06:00:00,星期三,2026-01-28,6.0,303.19,325.8138,316.681,327.5,342.7679,341.1222
2026-01-28 07:00:00,星期三,2026-01-28,7.0,302.427,318.0636,321.4464,338.125,340.949,344.5803
2026-01-28 08:00:00,星期三,2026-01-28,8.0,327.586,360.3627,357.9865,385.0,382.5742,378.6884
2026-01-28 09:00:00,星期三,2026-01-28,9.0,360.272,380.6741,392.4377,443.025,404.0531,391.8402
2026-01-28 10:00:00,星期三,2026-01-28,10.0,328.581,285.3961,276.3654,370.0,322.3422,309.983
2026-01-28 11:00:00,星期三,2026-01-28,11.0,317.725,253.9768,218.3119,308.96,257.4163,248.9473
2026-01-28 12:00:00,星期三,2026-01-28,12.0,307.019,167.4703,156.0002,231.75,181.9609,183.753
2026-01-28 13:00:00,星期三,2026-01-28,13.0,264.582,112.5647,82.826,81.0,125.6812,136.8092
2026-01-28 14:00:00,星期三,2026-01-28,14.0,305.702,185.0285,183.84,236.0,190.3586,187.4472
2026-01-28 15:00:00,星期三,2026-01-28,15.0,322.207,267.2448,259.1509,298.5,257.5487,258.7411
2026-01-28 16:00:00,星期三,2026-01-28,16.0,349.929,353.2078,356.0239,369.0,350.3987,349.3435
2026-01-28 17:00:00,星期三,2026-01-28,17.0,366.493,415.6272,418.2154,420.0,430.3553,412.1502
2026-01-28 18:00:00,星期三,2026-01-28,18.0,350.387,433.0839,480.5933,503.38,447.9457,433.7164
2026-01-28 19:00:00,星期三,2026-01-28,19.0,355.658,418.2286,423.9274,430.0,429.3818,433.2207
2026-01-28 20:00:00,星期三,2026-01-28,20.0,355.044,398.1644,409.1254,408.75,413.1943,424.1953
2026-01-28 21:00:00,星期三,2026-01-28,21.0,347.462,399.055,398.7895,395.0,407.1787,423.6137
2026-01-28 22:00:00,星期三,2026-01-28,22.0,350.397,397.6753,396.2553,396.0,399.1351,420.5035
2026-01-28 23:00:00,星期三,2026-01-28,23.0,335.955,388.7322,372.853,370.0,369.508,410.0071
2026-01-29 00:00:00,星期三,2026-01-28,24.0,328.687,381.6451,367.0249,360.0,377.3705,408.3823
2026-01-29 01:00:00,星期四,2026-01-29,1.0,327.123,366.1627,335.4152,328.0,352.57,348.2597
2026-01-29 02:00:00,星期四,2026-01-29,2.0,331.888,353.7331,329.4043,328.0,341.6149,347.5085
2026-01-29 03:00:00,星期四,2026-01-29,3.0,330.81,359.1311,327.1507,318.4,344.0552,339.1552
2026-01-29 04:00:00,星期四,2026-01-29,4.0,326.405,348.5043,317.8678,318.24,335.6355,340.7407
2026-01-29 05:00:00,星期四,2026-01-29,5.0,324.865,341.5406,315.1084,315.85,326.5789,329.4662
2026-01-29 06:00:00,星期四,2026-01-29,6.0,325.09,327.5477,307.8433,315.0,317.7059,325.7383
2026-01-29 07:00:00,星期四,2026-01-29,7.0,322.403,305.1076,296.7057,291.0,285.7888,289.2678
2026-01-29 08:00:00,星期四,2026-01-29,8.0,324.584,353.9476,344.1426,345.0,335.3904,355.059
2026-01-29 09:00:00,星期四,2026-01-29,9.0,338.219,415.0319,449.5321,461.11,451.0503,459.6572
2026-01-29 10:00:00,星期四,2026-01-29,10.0,325.224,398.1999,433.3132,500.0,427.4814,438.2964
2026-01-29 11:00:00,星期四,2026-01-29,11.0,311.089,381.4674,394.6003,426.25,403.9598,415.4208
2026-01-29 12:00:00,星期四,2026-01-29,12.0,322.114,324.2443,351.6388,390.0,364.6052,371.9557
2026-01-29 13:00:00,星期四,2026-01-29,13.0,316.567,260.691,308.034,382.0,301.4895,310.8467
2026-01-29 14:00:00,星期四,2026-01-29,14.0,312.127,305.7105,333.483,360.0,325.4566,342.368
2026-01-29 15:00:00,星期四,2026-01-29,15.0,315.491,346.1861,358.4963,360.0,351.6716,377.408
2026-01-29 16:00:00,星期四,2026-01-29,16.0,338.239,382.5354,406.1038,380.0,396.8711,414.6268
2026-01-29 17:00:00,星期四,2026-01-29,17.0,357.699,377.2308,384.2417,400.0,409.2472,411.0618
2026-01-29 18:00:00,星期四,2026-01-29,18.0,353.771,376.7167,400.3986,414.55,431.6407,417.9539
2026-01-29 19:00:00,星期四,2026-01-29,19.0,335.223,363.5712,376.1643,378.45,409.2582,425.5597
2026-01-29 20:00:00,星期四,2026-01-29,20.0,331.923,355.1033,366.1261,370.0,394.0895,404.7181
2026-01-29 21:00:00,星期四,2026-01-29,21.0,330.0,350.6131,362.4331,364.0,386.8548,397.9881
2026-01-29 22:00:00,星期四,2026-01-29,22.0,332.565,350.6537,362.7042,368.0,381.8327,391.3122
2026-01-29 23:00:00,星期四,2026-01-29,23.0,319.071,330.0463,330.3883,325.0,346.0619,383.904
2026-01-30 00:00:00,星期四,2026-01-29,24.0,312.553,330.4261,327.2588,323.5,354.6519,382.6019
2026-01-30 01:00:00,星期五,2026-01-30,1.0,338.337,326.5388,311.4053,324.375,322.7252,326.8037
2026-01-30 02:00:00,星期五,2026-01-30,2.0,340.402,318.1371,304.9624,315.625,318.8787,326.2435
2026-01-30 03:00:00,星期五,2026-01-30,3.0,344.076,329.5428,321.5152,347.16,321.1724,322.1635
2026-01-30 04:00:00,星期五,2026-01-30,4.0,340.974,325.7325,310.9181,324.0,322.9954,327.8494
2026-01-30 05:00:00,星期五,2026-01-30,5.0,336.943,328.2697,319.918,345.84,320.0528,324.9724
2026-01-30 06:00:00,星期五,2026-01-30,6.0,332.74,333.6767,314.5245,325.5,325.2574,325.8972
2026-01-30 07:00:00,星期五,2026-01-30,7.0,331.233,330.5606,333.8406,360.0,315.5918,326.1803
2026-01-30 08:00:00,星期五,2026-01-30,8.0,335.575,398.8503,378.0545,364.976,373.4744,398.5853
2026-01-30 09:00:00,星期五,2026-01-30,9.0,349.791,458.881,571.9766,637.5,506.3367,538.7478
2026-01-30 10:00:00,星期五,2026-01-30,10.0,332.772,435.6737,506.1039,523.0,506.1606,528.2454
2026-01-30 11:00:00,星期五,2026-01-30,11.0,17.177,419.4889,470.9997,500.0,477.0412,499.4721
2026-01-30 12:00:00,星期五,2026-01-30,12.0,-74.77,381.0971,433.5694,500.0,427.9132,440.6942
2026-01-30 13:00:00,星期五,2026-01-30,13.0,-80.0,307.3803,361.7097,436.84,338.9692,352.0242
2026-01-30 14:00:00,星期五,2026-01-30,14.0,140.158,320.2395,366.9376,392.725,348.2955,364.9341
2026-01-30 15:00:00,星期五,2026-01-30,15.0,342.394,358.1087,403.2871,417.68,372.478,402.4825
2026-01-30 16:00:00,星期五,2026-01-30,16.0,355.427,409.9269,448.6668,417.02,418.3447,455.897
2026-01-30 17:00:00,星期五,2026-01-30,17.0,365.734,412.023,429.9893,435.79,418.8391,416.4719
2026-01-30 18:00:00,星期五,2026-01-30,18.0,373.575,432.7423,455.9255,467.08,467.4831,460.4299
2026-01-30 19:00:00,星期五,2026-01-30,19.0,366.11,412.299,434.4951,440.5,436.5004,438.0014
2026-01-30 20:00:00,星期五,2026-01-30,20.0,361.049,404.0951,426.1877,433.34,423.9982,418.8649
2026-01-30 21:00:00,星期五,2026-01-30,21.0,356.611,401.1716,417.6347,422.31,419.0202,416.9853
2026-01-30 22:00:00,星期五,2026-01-30,22.0,357.841,397.5812,407.517,406.86,412.0263,405.6658
2026-01-30 23:00:00,星期五,2026-01-30,23.0,341.383,385.2817,390.5109,397.5,394.6114,395.9253
2026-01-31 00:00:00,星期五,2026-01-30,24.0,334.715,371.7696,382.8861,390.0,393.4723,398.0759
2026-01-31 01:00:00,星期六,2026-01-31,1.0,328.152,389.0577,384.9446,377.5,367.4406,361.969
2026-01-31 02:00:00,星期六,2026-01-31,2.0,323.691,378.2832,376.2095,371.5,358.6716,360.2483
2026-01-31 03:00:00,星期六,2026-01-31,3.0,327.755,383.9483,369.2326,350.0,369.0379,362.7418
2026-01-31 04:00:00,星期六,2026-01-31,4.0,322.014,377.9353,362.2518,345.875,367.9098,365.6515
2026-01-31 05:00:00,星期六,2026-01-31,5.0,320.572,377.739,364.003,350.0,367.1385,362.2198
2026-01-31 06:00:00,星期六,2026-01-31,6.0,314.049,368.2556,350.6678,327.0,359.6455,360.9235
2026-01-31 07:00:00,星期六,2026-01-31,7.0,294.907,342.4009,358.5929,357.5,344.2569,354.683
2026-01-31 08:00:00,星期六,2026-01-31,8.0,327.533,388.8262,383.2052,366.6,388.2067,399.4038
2026-01-31 09:00:00,星期六,2026-01-31,9.0,357.006,420.707,435.3859,396.5,485.3797,445.389
2026-01-31 10:00:00,星期六,2026-01-31,10.0,356.588,383.2081,375.1375,366.388,432.3958,405.8506
2026-01-31 11:00:00,星期六,2026-01-31,11.0,354.713,355.8636,339.9378,380.0,399.4645,385.5652
2026-01-31 12:00:00,星期六,2026-01-31,12.0,348.906,299.9938,266.3308,314.3,350.4542,327.5043
2026-01-31 13:00:00,星期六,2026-01-31,13.0,327.792,233.9766,197.073,220.473,296.0574,277.96
2026-01-31 14:00:00,星期六,2026-01-31,14.0,340.368,284.9921,254.9487,239.15,309.6111,303.4513
2026-01-31 15:00:00,星期六,2026-01-31,15.0,335.554,316.0434,284.4744,242.5,343.9181,331.9381
2026-01-31 16:00:00,星期六,2026-01-31,16.0,343.596,353.0927,345.3906,291.875,391.5144,379.0068
2026-01-31 17:00:00,星期六,2026-01-31,17.0,353.649,387.6437,393.7799,395.35,419.2213,393.4248
2026-01-31 18:00:00,星期六,2026-01-31,18.0,358.488,425.8595,423.0409,416.07,453.0664,433.1439
2026-01-31 19:00:00,星期六,2026-01-31,19.0,353.737,418.8951,419.3622,406.83,448.1103,432.1585
2026-01-31 20:00:00,星期六,2026-01-31,20.0,350.507,419.0158,414.8251,400.0,444.8851,420.4538
2026-01-31 21:00:00,星期六,2026-01-31,21.0,347.644,402.2687,415.5604,403.18,442.6288,427.1124
2026-01-31 22:00:00,星期六,2026-01-31,22.0,343.571,402.7682,409.4428,394.34,441.3331,411.9225
2026-01-31 23:00:00,星期六,2026-01-31,23.0,331.08,392.1731,397.4973,380.0,424.5653,398.5775
2026-02-01 00:00:00,星期六,2026-01-31,24.0,328.082,385.5398,387.6942,368.05,421.4354,391.319
2026-02-01 01:00:00,星期日,2026-02-01,1.0,376.978,363.954,365.2148,377.2,350.076,347.7038
2026-02-01 02:00:00,星期日,2026-02-01,2.0,353.014,345.0653,348.3957,358.46,338.4071,338.6906
2026-02-01 03:00:00,星期日,2026-02-01,3.0,364.613,348.8851,357.2629,375.25,326.7459,334.3692
2026-02-01 04:00:00,星期日,2026-02-01,4.0,347.423,327.1007,337.8409,347.5,318.5979,329.1502
2026-02-01 05:00:00,星期日,2026-02-01,5.0,340.032,323.9416,334.3979,346.0,313.6115,320.1143
2026-02-01 06:00:00,星期日,2026-02-01,6.0,307.932,305.6982,309.8246,318.89,302.0542,316.2883
2026-02-01 07:00:00,星期日,2026-02-01,7.0,196.874,269.7205,288.1533,294.95,285.3942,310.3014
2026-02-01 08:00:00,星期日,2026-02-01,8.0,356.643,306.6854,317.9122,333.8,315.7702,334.7555
2026-02-01 09:00:00,星期日,2026-02-01,9.0,400.267,251.5425,254.7928,316.8,266.8203,221.8662
2026-02-01 10:00:00,星期日,2026-02-01,10.0,432.641,116.2283,110.8461,171.0,150.3517,100.6207
2026-02-01 11:00:00,星期日,2026-02-01,11.0,456.179,39.9248,-80.0,-10.0,71.4069,44.3251
2026-02-01 12:00:00,星期日,2026-02-01,12.0,469.704,-50.8634,-80.0,-20.0,-8.856,-8.9435
2026-02-01 13:00:00,星期日,2026-02-01,13.0,435.397,-84.5095,-80.0,-51.0,-42.6805,-44.7935
2026-02-01 14:00:00,星期日,2026-02-01,14.0,382.755,-36.3399,-80.0,-51.0,-13.6777,-14.7249
2026-02-01 15:00:00,星期日,2026-02-01,15.0,350.422,51.7538,-80.0,0.0,50.916,57.0954
2026-02-01 16:00:00,星期日,2026-02-01,16.0,376.177,185.0625,184.1086,151.0,192.7601,176.8718
2026-02-01 17:00:00,星期日,2026-02-01,17.0,429.143,334.9892,357.1026,392.643,348.7504,367.7252
2026-02-01 18:00:00,星期日,2026-02-01,18.0,437.715,380.7966,392.1692,380.8,410.6271,434.1405
2026-02-01 19:00:00,星期日,2026-02-01,19.0,441.233,373.0105,398.1462,380.0,411.3394,433.3923
2026-02-01 20:00:00,星期日,2026-02-01,20.0,437.852,375.0929,399.8017,387.5,410.5502,426.179
2026-02-01 21:00:00,星期日,2026-02-01,21.0,445.232,379.0799,407.9356,419.0,411.3029,424.2877
2026-02-01 22:00:00,星期日,2026-02-01,22.0,444.737,379.4392,397.5729,406.47,404.4181,417.9374
2026-02-01 23:00:00,星期日,2026-02-01,23.0,430.964,362.2375,368.6536,380.44,377.7529,399.4315
2026-02-02 00:00:00,星期日,2026-02-01,24.0,425.109,342.0868,344.2531,347.55,359.4875,388.9868
2026-02-02 01:00:00,星期一,2026-02-02,1.0,367.178,333.1165,339.9416,361.5,356.1848,354.3381
2026-02-02 02:00:00,星期一,2026-02-02,2.0,364.117,304.5427,324.0738,361.01,330.8254,340.8582
2026-02-02 03:00:00,星期一,2026-02-02,3.0,379.83,303.6517,318.5434,350.0,322.7919,328.7547
2026-02-02 04:00:00,星期一,2026-02-02,4.0,361.868,293.0426,311.6274,347.5,315.5752,324.3523
2026-02-02 05:00:00,星期一,2026-02-02,5.0,365.181,295.5974,294.8278,317.325,311.3801,320.4647
2026-02-02 06:00:00,星期一,2026-02-02,6.0,359.0,298.9942,319.8561,345.0,320.8479,328.6561
2026-02-02 07:00:00,星期一,2026-02-02,7.0,343.835,300.719,314.7624,319.33,321.1176,331.5266
2026-02-02 08:00:00,星期一,2026-02-02,8.0,391.734,323.6298,347.4886,362.125,357.1078,359.4746
2026-02-02 09:00:00,星期一,2026-02-02,9.0,427.545,306.0895,307.8762,370.125,325.0953,289.7518
2026-02-02 10:00:00,星期一,2026-02-02,10.0,383.066,146.9543,155.623,250.0,184.1742,137.5263
2026-02-02 11:00:00,星期一,2026-02-02,11.0,308.314,68.3744,-80.0,150.0,101.714,59.9243
2026-02-02 12:00:00,星期一,2026-02-02,12.0,-37.501,-51.3504,-80.0,107.8,-2.7015,-1.4574
2026-02-02 13:00:00,星期一,2026-02-02,13.0,-80.0,-67.0238,-80.0,50.5,-52.0645,-51.6525
2026-02-02 14:00:00,星期一,2026-02-02,14.0,-80.0,-61.0675,-80.0,51.625,-27.1854,-30.6807
2026-02-02 15:00:00,星期一,2026-02-02,15.0,-80.0,7.7903,-80.0,133.95,24.3368,31.9064
2026-02-02 16:00:00,星期一,2026-02-02,16.0,19.208,222.291,214.0675,326.0,199.6462,174.7604
2026-02-02 17:00:00,星期一,2026-02-02,17.0,378.111,356.0906,351.7051,360.913,406.1314,377.8814
2026-02-02 18:00:00,星期一,2026-02-02,18.0,407.284,423.5072,424.4062,402.87,471.3542,476.323
2026-02-02 19:00:00,星期一,2026-02-02,19.0,419.902,420.0343,439.3065,445.0,452.5858,476.5651
2026-02-02 20:00:00,星期一,2026-02-02,20.0,421.851,419.8561,435.879,460.0,451.9889,452.7262
2026-02-02 21:00:00,星期一,2026-02-02,21.0,425.65,417.6249,423.7667,449.45,437.4503,442.5741
2026-02-02 22:00:00,星期一,2026-02-02,22.0,427.313,398.8748,417.5919,458.54,423.6836,428.5468
2026-02-02 23:00:00,星期一,2026-02-02,23.0,414.733,373.1739,379.3227,416.11,398.3854,387.9699
2026-02-03 00:00:00,星期一,2026-02-02,24.0,393.158,359.3033,354.8672,397.37,381.6117,382.1424
2026-02-03 01:00:00,星期二,2026-02-03,1.0,409.851,351.0571,361.9576,376.307,350.6495,341.509
2026-02-03 02:00:00,星期二,2026-02-03,2.0,379.931,325.2269,333.6542,347.0,330.6725,338.9715
2026-02-03 03:00:00,星期二,2026-02-03,3.0,382.286,323.9104,359.5467,377.625,322.1635,330.6467
2026-02-03 04:00:00,星期二,2026-02-03,4.0,335.13,305.8044,335.3051,355.75,305.8159,325.7162
2026-02-03 05:00:00,星期二,2026-02-03,5.0,309.745,294.2764,340.3625,359.03,291.88,300.4037
2026-02-03 06:00:00,星期二,2026-02-03,6.0,272.095,273.2753,310.6823,328.4,283.0916,293.7552
2026-02-03 07:00:00,星期二,2026-02-03,7.0,219.361,196.888,298.6008,327.9,227.9023,169.677
2026-02-03 08:00:00,星期二,2026-02-03,8.0,348.262,259.1173,314.1311,334.83,239.5,186.6038
2026-02-03 09:00:00,星期二,2026-02-03,9.0,238.652,213.9807,257.6794,363.995,292.5306,353.9593
2026-02-03 10:00:00,星期二,2026-02-03,10.0,-80.0,56.3539,118.993,245.0,156.0382,206.9495
2026-02-03 11:00:00,星期二,2026-02-03,11.0,-70.323,21.8555,-80.0,150.0,101.7215,140.5439
2026-02-03 12:00:00,星期二,2026-02-03,12.0,41.35,-34.1275,-80.0,13.0,37.7453,79.7281
2026-02-03 13:00:00,星期二,2026-02-03,13.0,-21.193,-62.2736,-80.0,39.75,-46.0925,19.005
2026-02-03 14:00:00,星期二,2026-02-03,14.0,-39.912,-18.8963,-80.0,6.363,-7.7868,58.0096
2026-02-03 15:00:00,星期二,2026-02-03,15.0,-74.641,37.6456,122.8828,130.0,107.5999,136.4121
2026-02-03 16:00:00,星期二,2026-02-03,16.0,126.929,185.4745,242.1202,270.25,221.8612,236.6901
2026-02-03 17:00:00,星期二,2026-02-03,17.0,326.403,301.8723,298.8777,300.0,290.3198,299.131
2026-02-03 18:00:00,星期二,2026-02-03,18.0,344.043,323.2948,361.3728,374.5,352.5361,342.6933
2026-02-03 19:00:00,星期二,2026-02-03,19.0,340.306,312.4244,334.4474,325.0,305.963,320.2581
2026-02-03 20:00:00,星期二,2026-02-03,20.0,302.926,283.8472,317.0998,324.163,281.0575,303.2949
2026-02-03 21:00:00,星期二,2026-02-03,21.0,334.888,263.2218,302.3355,315.5,270.4302,291.9352
2026-02-03 22:00:00,星期二,2026-02-03,22.0,366.828,249.0737,285.5279,300.0,242.705,278.4706
2026-02-03 23:00:00,星期二,2026-02-03,23.0,298.828,181.5791,230.759,222.75,196.6481,235.4113
2026-02-04 00:00:00,星期二,2026-02-03,24.0,103.542,165.4884,218.6459,216.0,200.0615,227.7825
2026-02-04 01:00:00,星期三,2026-02-04,1.0,-85.069,43.4936,-80.0,65.0,153.6746,116.1446
2026-02-04 02:00:00,星期三,2026-02-04,2.0,97.306,34.1079,-80.0,71.2,121.0584,117.776
2026-02-04 03:00:00,星期三,2026-02-04,3.0,129.48,67.7328,-80.0,69.5,232.0973,112.6976
2026-02-04 04:00:00,星期三,2026-02-04,4.0,-54.358,47.0531,-80.0,69.5,162.5273,102.3008
2026-02-04 05:00:00,星期三,2026-02-04,5.0,123.694,135.9454,-80.0,87.098,220.9542,155.8249
2026-02-04 06:00:00,星期三,2026-02-04,6.0,9.236,138.3509,-80.0,75.27,207.3535,112.9812
2026-02-04 07:00:00,星期三,2026-02-04,7.0,-80.0,62.0265,139.143,133.75,187.331,118.0668
2026-02-04 08:00:00,星期三,2026-02-04,8.0,47.06,233.8241,281.3482,283.0,268.6031,173.3635
2026-02-04 09:00:00,星期三,2026-02-04,9.0,404.122,216.8882,218.7124,300.0,252.8663,300.5764
2026-02-04 10:00:00,星期三,2026-02-04,10.0,392.015,111.593,-80.0,148.0,127.475,165.656
2026-02-04 11:00:00,星期三,2026-02-04,11.0,59.325,13.676,-80.0,50.0,27.9554,83.6153
2026-02-04 12:00:00,星期三,2026-02-04,12.0,15.56,-40.8421,-80.0,0.0,-0.0205,26.8968
2026-02-04 13:00:00,星期三,2026-02-04,13.0,108.832,-69.1581,-80.0,-7.84,-46.08,-23.5548
2026-02-04 14:00:00,星期三,2026-02-04,14.0,252.339,-29.2592,-80.0,-0.5,-33.6403,21.6224
2026-02-04 15:00:00,星期三,2026-02-04,15.0,355.701,96.483,101.2895,50.0,80.5558,104.9477
2026-02-04 16:00:00,星期三,2026-02-04,16.0,511.258,240.0604,248.02,290.75,216.6121,223.3105
2026-02-04 17:00:00,星期三,2026-02-04,17.0,597.318,389.8057,383.0051,362.5,362.9796,357.4847
2026-02-04 18:00:00,星期三,2026-02-04,18.0,566.111,424.0802,482.5433,500.0,409.4601,410.8045
2026-02-04 19:00:00,星期三,2026-02-04,19.0,552.129,420.284,480.8669,500.0,408.0243,411.1708
2026-02-04 20:00:00,星期三,2026-02-04,20.0,561.596,418.1156,469.8509,500.0,403.7918,406.0941
2026-02-04 21:00:00,星期三,2026-02-04,21.0,563.703,416.8469,456.4981,487.5,400.5322,401.9444
2026-02-04 22:00:00,星期三,2026-02-04,22.0,564.937,411.6098,449.3524,490.5,397.1909,399.3727
2026-02-04 23:00:00,星期三,2026-02-04,23.0,583.393,392.3948,412.9346,443.175,378.4456,377.1319
2026-02-05 00:00:00,星期三,2026-02-04,24.0,548.425,384.3299,413.627,453.875,370.4916,368.8206
2026-02-05 01:00:00,星期四,2026-02-05,1.0,529.654,417.5343,431.326,435.5,380.3506,387.673
2026-02-05 02:00:00,星期四,2026-02-05,2.0,514.808,405.4296,441.5537,447.875,370.783,383.9768
2026-02-05 03:00:00,星期四,2026-02-05,3.0,542.683,415.9864,506.1061,520.16,376.1704,385.4211
2026-02-05 04:00:00,星期四,2026-02-05,4.0,523.626,404.2113,454.3852,469.5,368.2997,387.2786
2026-02-05 05:00:00,星期四,2026-02-05,5.0,518.266,399.9941,482.4935,497.0,360.714,380.1709
2026-02-05 06:00:00,星期四,2026-02-05,6.0,458.473,384.5892,426.9777,435.5,348.6462,374.3713
2026-02-05 07:00:00,星期四,2026-02-05,7.0,433.025,335.9713,385.5587,400.908,329.4258,321.2608
2026-02-05 08:00:00,星期四,2026-02-05,8.0,542.76,324.4867,379.5839,394.75,325.2087,281.0581
2026-02-05 09:00:00,星期四,2026-02-05,9.0,258.098,254.4057,239.3077,345.958,287.9352,311.4601
2026-02-05 10:00:00,星期四,2026-02-05,10.0,-80.0,16.4046,-80.0,154.558,79.5903,123.1737
2026-02-05 11:00:00,星期四,2026-02-05,11.0,-75.602,-67.0208,-80.0,3.395,-57.1482,-9.6144
2026-02-05 12:00:00,星期四,2026-02-05,12.0,100.388,-77.8418,-80.0,-50.0,-85.9488,-74.9395
2026-02-05 13:00:00,星期四,2026-02-05,13.0,-58.771,-77.2385,-80.0,-50.0,-84.2911,-74.6127
2026-02-05 14:00:00,星期四,2026-02-05,14.0,-80.0,-74.5657,-80.0,-50.0,-85.567,-75.3014
2026-02-05 15:00:00,星期四,2026-02-05,15.0,-80.0,-86.6667,-80.0,-50.0,-85.6501,-74.8096
2026-02-05 16:00:00,星期四,2026-02-05,16.0,-80.0,-64.4325,-80.0,29.375,-51.5268,4.8267
2026-02-05 17:00:00,星期四,2026-02-05,17.0,-80.0,112.4938,154.5109,193.0,169.6773,159.1549
2026-02-05 18:00:00,星期四,2026-02-05,18.0,104.184,153.7962,209.2203,225.0,263.0788,257.038
2026-02-05 19:00:00,星期四,2026-02-05,19.0,275.46,157.0397,198.1069,205.0,250.1044,255.046
2026-02-05 20:00:00,星期四,2026-02-05,20.0,291.964,117.9596,202.0683,190.0,259.0223,263.6352
2026-02-05 21:00:00,星期四,2026-02-05,21.0,317.765,133.265,185.6468,150.0,261.9587,265.2193
2026-02-05 22:00:00,星期四,2026-02-05,22.0,335.145,133.9215,232.3566,237.47,258.9715,272.4353
2026-02-05 23:00:00,星期四,2026-02-05,23.0,352.038,116.4555,179.7973,150.0,219.1806,238.0178
2026-02-06 00:00:00,星期四,2026-02-05,24.0,335.166,123.0447,155.3126,107.5,210.0955,199.2346
2026-02-06 01:00:00,星期五,2026-02-06,1.0,306.237,28.3491,-80.0,0.0,131.027,96.6541
2026-02-06 02:00:00,星期五,2026-02-06,2.0,215.634,20.9809,-80.0,0.125,112.7605,95.3266
2026-02-06 03:00:00,星期五,2026-02-06,3.0,-7.566,24.21,-80.0,100.0,118.9982,88.0827
2026-02-06 04:00:00,星期五,2026-02-06,4.0,224.084,14.8793,-80.0,62.5,113.0701,92.4529
2026-02-06 05:00:00,星期五,2026-02-06,5.0,235.456,13.8771,-80.0,17.5,104.1172,89.1084
2026-02-06 06:00:00,星期五,2026-02-06,6.0,81.135,3.2791,-80.0,21.875,92.8063,102.203
2026-02-06 07:00:00,星期五,2026-02-06,7.0,-43.791,3.3921,-80.0,20.705,99.8263,110.2174
2026-02-06 08:00:00,星期五,2026-02-06,8.0,313.907,136.3595,151.3737,153.358,161.0746,160.4726
2026-02-06 09:00:00,星期五,2026-02-06,9.0,238.346,205.4851,257.3699,321.25,260.9385,291.2098
2026-02-06 10:00:00,星期五,2026-02-06,10.0,6.56,164.4555,199.3941,275.5,194.5339,240.7497
2026-02-06 11:00:00,星期五,2026-02-06,11.0,-35.989,151.7212,167.9305,200.0,184.543,223.8929
2026-02-06 12:00:00,星期五,2026-02-06,12.0,33.697,105.4869,161.0881,200.0,186.8165,211.1574
2026-02-06 13:00:00,星期五,2026-02-06,13.0,-22.416,55.7849,145.418,200.0,143.304,189.8729
2026-02-06 14:00:00,星期五,2026-02-06,14.0,318.202,175.745,217.5648,207.56,226.0424,244.3295
2026-02-06 15:00:00,星期五,2026-02-06,15.0,393.672,259.3726,300.9449,329.513,281.9211,300.4479
2026-02-06 16:00:00,星期五,2026-02-06,16.0,449.486,326.1461,368.7545,408.0,345.6865,355.1904
2026-02-06 17:00:00,星期五,2026-02-06,17.0,484.098,425.9857,392.0354,450.25,357.6342,388.0948
2026-02-06 18:00:00,星期五,2026-02-06,18.0,557.422,451.1556,445.1873,500.0,406.5569,446.3912
2026-02-06 19:00:00,星期五,2026-02-06,19.0,607.192,455.0522,443.6984,488.0,429.0247,463.8633
2026-02-06 20:00:00,星期五,2026-02-06,20.0,700.547,454.0277,440.4656,491.375,442.0014,489.0315
2026-02-06 21:00:00,星期五,2026-02-06,21.0,470.133,472.5949,444.6522,501.0,448.1474,498.2149
2026-02-06 22:00:00,星期五,2026-02-06,22.0,459.784,468.3558,434.9809,476.5,450.2516,493.4227
2026-02-06 23:00:00,星期五,2026-02-06,23.0,449.819,443.5365,417.3036,460.0,423.6179,467.2578
2026-02-07 00:00:00,星期五,2026-02-06,24.0,439.867,430.9054,418.4069,460.0,418.9949,440.7298
2026-02-07 01:00:00,星期六,2026-02-07,1.0,426.331,401.3563,419.426,430.5,354.4792,354.9997
2026-02-07 02:00:00,星期六,2026-02-07,2.0,413.804,392.5317,424.6945,431.0,353.9052,353.1702
2026-02-07 03:00:00,星期六,2026-02-07,3.0,425.447,402.7984,420.4511,433.13,361.5302,354.1834
2026-02-07 04:00:00,星期六,2026-02-07,4.0,406.976,394.3687,426.1596,435.0,361.0449,353.5069
2026-02-07 05:00:00,星期六,2026-02-07,5.0,403.547,392.982,421.3332,430.0,354.9149,347.5269
2026-02-07 06:00:00,星期六,2026-02-07,6.0,399.842,380.8963,417.7799,430.0,356.1291,349.0089
2026-02-07 07:00:00,星期六,2026-02-07,7.0,379.188,356.5841,387.1058,399.5,340.9249,325.6806
2026-02-07 08:00:00,星期六,2026-02-07,8.0,411.675,368.3488,400.5986,412.625,355.8298,343.1886
2026-02-07 09:00:00,星期六,2026-02-07,9.0,418.944,313.2549,285.0089,366.875,334.1724,347.2877
2026-02-07 10:00:00,星期六,2026-02-07,10.0,354.292,88.8463,110.8016,203.5,150.1765,168.4465
2026-02-07 11:00:00,星期六,2026-02-07,11.0,27.867,-24.2017,-80.0,28.9,21.6211,69.3556
2026-02-07 12:00:00,星期六,2026-02-07,12.0,-74.921,-78.2233,-80.0,-10.0,-41.5052,-8.7214
2026-02-07 13:00:00,星期六,2026-02-07,13.0,-78.023,-72.9645,-80.0,0.0,-74.3038,-69.8858
2026-02-07 14:00:00,星期六,2026-02-07,14.0,-77.593,-76.4534,-80.0,-10.0,-71.3902,-62.2437
2026-02-07 15:00:00,星期六,2026-02-07,15.0,-80.0,-57.6105,-80.0,-0.5,-55.1871,-18.8088
2026-02-07 16:00:00,星期六,2026-02-07,16.0,-80.0,-24.4983,-80.0,48.0,17.3727,81.6626
2026-02-07 17:00:00,星期六,2026-02-07,17.0,27.206,243.123,294.7251,345.0,290.4711,286.1483
2026-02-07 18:00:00,星期六,2026-02-07,18.0,381.896,410.0403,394.3098,421.25,433.726,417.6588
2026-02-07 19:00:00,星期六,2026-02-07,19.0,388.2,408.223,407.2673,420.0,443.1678,426.7041
2026-02-07 20:00:00,星期六,2026-02-07,20.0,379.826,409.3988,420.0683,444.5,447.137,436.1769
2026-02-07 21:00:00,星期六,2026-02-07,21.0,379.108,417.4024,419.8333,438.283,456.462,443.7692
2026-02-07 22:00:00,星期六,2026-02-07,22.0,393.655,435.0672,433.6732,460.0,458.2863,454.8882
2026-02-07 23:00:00,星期六,2026-02-07,23.0,415.187,414.4032,412.8061,440.0,422.3158,406.8658
2026-02-08 00:00:00,星期六,2026-02-07,24.0,403.629,399.3988,414.3752,449.0,408.4538,385.4008
2026-02-08 01:00:00,星期日,2026-02-08,1.0,441.664,374.1616,405.3373,425.6,392.9354,391.2349
2026-02-08 02:00:00,星期日,2026-02-08,2.0,413.101,361.156,393.9231,413.6,383.1995,392.5845
2026-02-08 03:00:00,星期日,2026-02-08,3.0,422.227,358.3267,390.2014,414.75,380.2775,386.0149
2026-02-08 04:00:00,星期日,2026-02-08,4.0,405.165,352.08,388.0642,414.6,373.4146,381.0943
2026-02-08 05:00:00,星期日,2026-02-08,5.0,389.006,350.3162,374.7499,400.5,363.7206,376.3957
2026-02-08 06:00:00,星期日,2026-02-08,6.0,375.349,336.0624,388.5846,423.54,354.704,376.7113
2026-02-08 07:00:00,星期日,2026-02-08,7.0,351.596,291.4343,323.0186,349.5,332.0306,348.8824
2026-02-08 08:00:00,星期日,2026-02-08,8.0,380.299,298.0814,333.3367,361.5,332.8393,352.4408
2026-02-08 09:00:00,星期日,2026-02-08,9.0,147.389,189.3232,210.2689,314.3,189.716,193.4823
2026-02-08 10:00:00,星期日,2026-02-08,10.0,-80.0,-7.8347,-80.0,85.0,26.7936,38.5676
2026-02-08 11:00:00,星期日,2026-02-08,11.0,-80.0,-54.1234,-80.0,-33.875,-57.2007,-33.2783
2026-02-08 12:00:00,星期日,2026-02-08,12.0,-80.0,-80.5693,-80.0,-50.5,-76.8464,-75.3417
2026-02-08 13:00:00,星期日,2026-02-08,13.0,-80.0,-83.4844,-80.0,-42.0,-78.5319,-75.9832
2026-02-08 14:00:00,星期日,2026-02-08,14.0,-80.0,-85.0274,-80.0,-43.0,-80.1249,-75.6656
2026-02-08 15:00:00,星期日,2026-02-08,15.0,-80.0,-78.7473,-80.0,-44.0,-69.2476,-59.0706
2026-02-08 16:00:00,星期日,2026-02-08,16.0,-80.0,-26.4268,-80.0,29.0,26.742,55.4427
2026-02-08 17:00:00,星期日,2026-02-08,17.0,147.723,311.4508,333.4398,366.753,317.6245,306.1435
2026-02-08 18:00:00,星期日,2026-02-08,18.0,366.209,455.759,420.4673,430.0,455.8069,462.5755
2026-02-08 19:00:00,星期日,2026-02-08,19.0,388.549,450.842,447.4495,480.0,449.9802,458.0039
2026-02-08 20:00:00,星期日,2026-02-08,20.0,401.532,438.8567,417.9416,446.395,433.1002,444.1448
2026-02-08 21:00:00,星期日,2026-02-08,21.0,397.792,415.972,409.8902,462.5,420.6461,429.0466
2026-02-08 22:00:00,星期日,2026-02-08,22.0,396.451,394.8446,369.4228,400.0,408.2147,407.9124
2026-02-08 23:00:00,星期日,2026-02-08,23.0,380.985,326.93,315.5883,341.45,344.9627,342.2067
2026-02-09 00:00:00,星期日,2026-02-08,24.0,179.661,275.8069,262.1045,288.0,303.8605,288.6313
2026-02-09 01:00:00,星期一,2026-02-09,1.0,-59.776,181.9871,153.8407,177.5,190.8058,146.5569
2026-02-09 02:00:00,星期一,2026-02-09,2.0,-80.0,67.5271,168.4848,200.2,163.2141,117.1314
2026-02-09 03:00:00,星期一,2026-02-09,3.0,-80.0,149.5426,138.7222,165.0,146.0435,113.3624
2026-02-09 04:00:00,星期一,2026-02-09,4.0,-80.0,59.2146,147.2749,179.0,131.3186,108.8758
2026-02-09 05:00:00,星期一,2026-02-09,5.0,-80.0,58.427,134.1091,155.0,122.6344,107.3835
2026-02-09 06:00:00,星期一,2026-02-09,6.0,-80.0,56.0988,137.9175,153.5,117.6129,104.68
2026-02-09 07:00:00,星期一,2026-02-09,7.0,-80.0,54.6785,142.6706,150.0,113.3397,113.9498
2026-02-09 08:00:00,星期一,2026-02-09,8.0,60.058,162.1546,153.7298,165.5,164.4148,136.9409
2026-02-09 09:00:00,星期一,2026-02-09,9.0,-71.802,108.6689,-80.0,105.0,111.2825,137.6619
2026-02-09 10:00:00,星期一,2026-02-09,10.0,-80.0,-38.6166,-80.0,50.0,-7.2983,41.9812
2026-02-09 11:00:00,星期一,2026-02-09,11.0,-70.395,-56.2472,-80.0,0.0,-39.4513,15.1251
2026-02-09 12:00:00,星期一,2026-02-09,12.0,-66.315,-74.483,-80.0,-2.0,-30.0081,3.4904
2026-02-09 13:00:00,星期一,2026-02-09,13.0,-66.425,-80.9803,-80.0,0.0,-42.842,-0.3442
2026-02-09 14:00:00,星期一,2026-02-09,14.0,-76.885,-43.5059,-80.0,31.5,6.2407,52.6689
2026-02-09 15:00:00,星期一,2026-02-09,15.0,-80.0,83.1875,114.8017,100.0,95.03,144.3884
2026-02-09 16:00:00,星期一,2026-02-09,16.0,-80.0,196.1096,202.8548,240.48,201.3966,217.1238
2026-02-09 17:00:00,星期一,2026-02-09,17.0,319.345,306.218,309.1974,357.5,274.5116,291.2264
2026-02-09 18:00:00,星期一,2026-02-09,18.0,225.839,322.9514,341.9754,365.65,315.0548,329.9409
2026-02-09 19:00:00,星期一,2026-02-09,19.0,324.929,315.0007,338.1637,360.375,303.9259,304.7747
2026-02-09 20:00:00,星期一,2026-02-09,20.0,330.077,305.4168,327.2724,379.0,275.2037,289.3152
2026-02-09 21:00:00,星期一,2026-02-09,21.0,333.974,298.1669,315.0619,385.4,266.9264,279.3661
2026-02-09 22:00:00,星期一,2026-02-09,22.0,348.382,294.5658,286.0604,338.6,258.6127,271.4865
2026-02-09 23:00:00,星期一,2026-02-09,23.0,300.297,221.9912,242.5701,292.9,201.0279,228.2289
2026-02-10 00:00:00,星期一,2026-02-09,24.0,296.693,221.3036,216.0775,219.36,219.0918,242.405
2026-02-10 01:00:00,星期二,2026-02-10,1.0,310.877,204.5656,170.498,200.0,206.2469,180.6498
2026-02-10 02:00:00,星期二,2026-02-10,2.0,304.586,181.8748,176.0886,208.08,213.4679,185.0809
2026-02-10 03:00:00,星期二,2026-02-10,3.0,310.798,208.3633,237.1281,253.5,233.8984,282.1212
2026-02-10 04:00:00,星期二,2026-02-10,4.0,295.511,236.4783,214.2014,256.0,251.1093,293.8884
2026-02-10 05:00:00,星期二,2026-02-10,5.0,290.403,253.6295,254.3054,282.0,270.1168,319.7133
2026-02-10 06:00:00,星期二,2026-02-10,6.0,291.345,291.3667,274.7726,288.5,304.414,309.7106
2026-02-10 07:00:00,星期二,2026-02-10,7.0,288.443,294.4982,282.9754,283.75,318.5277,326.3121
2026-02-10 08:00:00,星期二,2026-02-10,8.0,322.753,378.2474,375.097,378.45,365.546,362.0302
2026-02-10 09:00:00,星期二,2026-02-10,9.0,332.343,356.762,354.0768,385.3,397.1057,401.3183
2026-02-10 10:00:00,星期二,2026-02-10,10.0,338.452,282.8359,301.7917,388.125,347.0675,327.9078
2026-02-10 11:00:00,星期二,2026-02-10,11.0,310.249,248.1806,252.5971,336.44,289.8743,266.0979
2026-02-10 12:00:00,星期二,2026-02-10,12.0,328.916,88.6045,155.3485,180.5,202.6633,192.6798
2026-02-10 13:00:00,星期二,2026-02-10,13.0,361.628,30.0159,-80.0,122.5,106.7576,118.8257
2026-02-10 14:00:00,星期二,2026-02-10,14.0,357.882,48.0853,135.7651,130.82,147.8775,137.5822
2026-02-10 15:00:00,星期二,2026-02-10,15.0,335.111,168.1985,202.734,220.5,199.5096,188.6551
2026-02-10 16:00:00,星期二,2026-02-10,16.0,337.587,282.764,321.5669,350.75,305.7651,302.2821
2026-02-10 17:00:00,星期二,2026-02-10,17.0,366.053,435.0863,419.3663,412.45,426.367,436.1057
2026-02-10 18:00:00,星期二,2026-02-10,18.0,369.373,476.8221,469.549,439.0,487.5148,507.4435
2026-02-10 19:00:00,星期二,2026-02-10,19.0,376.847,477.0719,472.484,443.025,517.9699,518.2982
2026-02-10 20:00:00,星期二,2026-02-10,20.0,379.195,469.0222,457.0323,440.5,511.3297,511.2039
2026-02-10 21:00:00,星期二,2026-02-10,21.0,412.253,464.0772,441.0896,428.5,509.7762,510.301
2026-02-10 22:00:00,星期二,2026-02-10,22.0,456.048,465.9488,423.7209,402.5,510.6111,498.5469
2026-02-10 23:00:00,星期二,2026-02-10,23.0,399.99,429.9486,398.4605,390.0,454.9619,453.2417
2026-02-11 00:00:00,星期二,2026-02-10,24.0,363.112,406.6418,375.5867,364.5,431.4014,417.5928
2026-02-11 01:00:00,星期三,2026-02-11,1.0,447.197,330.4275,410.4147,420.0,368.4601,387.1104
2026-02-11 02:00:00,星期三,2026-02-11,2.0,412.086,326.4773,388.758,401.3,360.376,376.4647
2026-02-11 03:00:00,星期三,2026-02-11,3.0,439.527,330.6728,405.7623,423.74,353.2586,373.3681
2026-02-11 04:00:00,星期三,2026-02-11,4.0,417.724,320.7419,384.2912,399.25,359.0844,376.1454
2026-02-11 05:00:00,星期三,2026-02-11,5.0,411.158,333.3087,394.5288,413.92,357.562,370.605
2026-02-11 06:00:00,星期三,2026-02-11,6.0,398.553,335.4189,394.0524,401.17,366.3316,382.7708
2026-02-11 07:00:00,星期三,2026-02-11,7.0,393.287,333.783,406.4314,408.5,375.1702,392.6972
2026-02-11 08:00:00,星期三,2026-02-11,8.0,437.587,333.2908,383.2993,393.855,390.9529,390.8949
2026-02-11 09:00:00,星期三,2026-02-11,9.0,277.376,244.2267,213.0702,287.605,284.0102,298.9477
2026-02-11 10:00:00,星期三,2026-02-11,10.0,-80.0,97.6852,-80.0,33.575,106.2274,128.4495
2026-02-11 11:00:00,星期三,2026-02-11,11.0,-79.066,-62.1931,-80.0,-5.5,-20.6458,19.4717
2026-02-11 12:00:00,星期三,2026-02-11,12.0,-79.007,-85.5465,-80.0,-50.0,-63.1229,-36.6718
2026-02-11 13:00:00,星期三,2026-02-11,13.0,-78.913,-86.6667,-80.0,-50.0,-75.1386,-77.2867
2026-02-11 14:00:00,星期三,2026-02-11,14.0,-80.0,-86.1279,-80.0,-50.0,-73.3886,-70.0938
2026-02-11 15:00:00,星期三,2026-02-11,15.0,-80.0,-50.2413,-80.0,-49.75,-53.4857,-21.0023
2026-02-11 16:00:00,星期三,2026-02-11,16.0,-80.0,77.6921,-80.0,7.0,88.0458,111.9295
2026-02-11 17:00:00,星期三,2026-02-11,17.0,165.555,397.1446,364.6572,382.75,379.6823,365.9632
2026-02-11 18:00:00,星期三,2026-02-11,18.0,361.029,453.7437,429.1619,424.0,457.1878,474.1151
2026-02-11 19:00:00,星期三,2026-02-11,19.0,376.86,441.1256,429.0205,420.0,451.9607,470.0043
2026-02-11 20:00:00,星期三,2026-02-11,20.0,371.03,422.3224,391.3876,386.5,437.1618,443.8221
2026-02-11 21:00:00,星期三,2026-02-11,21.0,376.743,402.0222,368.477,380.0,417.0853,419.7422
2026-02-11 22:00:00,星期三,2026-02-11,22.0,372.627,388.7106,343.2792,364.5,374.7667,393.5945
2026-02-11 23:00:00,星期三,2026-02-11,23.0,341.731,346.4416,288.2757,300.0,333.8127,345.9406
2026-02-12 00:00:00,星期三,2026-02-11,24.0,236.702,307.7344,231.0129,203.0,303.7431,310.0172
2026-02-12 01:00:00,星期四,2026-02-12,1.0,160.769,208.4907,174.9836,188.55,238.5487,234.9311
2026-02-12 02:00:00,星期四,2026-02-12,2.0,10.237,101.9691,145.5906,167.25,182.7344,207.5469
2026-02-12 03:00:00,星期四,2026-02-12,3.0,300.427,193.9099,167.0084,182.05,236.2652,248.347
2026-02-12 04:00:00,星期四,2026-02-12,4.0,-17.135,112.1742,180.8717,199.0,219.1678,248.5376
2026-02-12 05:00:00,星期四,2026-02-12,5.0,241.586,203.5189,173.4673,185.05,250.5087,250.9354
2026-02-12 06:00:00,星期四,2026-02-12,6.0,9.998,203.8213,193.5185,200.5,243.6351,257.0985
2026-02-12 07:00:00,星期四,2026-02-12,7.0,-80.0,96.692,205.3428,201.213,211.0628,215.4055
2026-02-12 08:00:00,星期四,2026-02-12,8.0,87.933,208.9329,211.1313,220.25,247.0701,208.1684
2026-02-12 09:00:00,星期四,2026-02-12,9.0,-80.0,8.7134,-80.0,14.675,37.5081,33.377
2026-02-12 10:00:00,星期四,2026-02-12,10.0,-80.0,-85.5594,-80.0,-56.6,-80.9138,-77.122
2026-02-12 11:00:00,星期四,2026-02-12,11.0,-80.0,-86.6144,-80.0,-70.0,-83.8153,-76.8279
2026-02-12 12:00:00,星期四,2026-02-12,12.0,-80.0,-85.2,-80.0,-62.625,-82.5276,-75.8609
2026-02-12 13:00:00,星期四,2026-02-12,13.0,-80.0,-85.8833,-80.0,-70.0,-82.4735,-75.9665
2026-02-12 14:00:00,星期四,2026-02-12,14.0,-80.0,-83.4841,-80.0,-70.0,-82.8334,-77.381
2026-02-12 15:00:00,星期四,2026-02-12,15.0,-80.0,-75.5356,-80.0,-70.0,-83.366,-77.1157
2026-02-12 16:00:00,星期四,2026-02-12,16.0,-80.0,-37.772,-80.0,-10.5,-46.4709,-3.8958
2026-02-12 17:00:00,星期四,2026-02-12,17.0,112.584,349.8794,304.991,277.038,302.7456,266.4142
2026-02-12 18:00:00,星期四,2026-02-12,18.0,345.62,406.5898,414.4037,423.875,402.7157,416.2396
2026-02-12 19:00:00,星期四,2026-02-12,19.0,397.304,406.9085,423.7937,423.925,408.4328,426.3762
2026-02-12 20:00:00,星期四,2026-02-12,20.0,369.852,400.4664,442.6123,510.0,400.0899,410.5599
2026-02-12 21:00:00,星期四,2026-02-12,21.0,367.872,395.5018,385.7483,387.5,400.0496,406.5827
2026-02-12 22:00:00,星期四,2026-02-12,22.0,361.318,393.3896,414.2228,479.5,398.5969,412.3149
2026-02-12 23:00:00,星期四,2026-02-12,23.0,366.665,379.8506,387.7441,458.0,371.599,384.2589
2026-02-13 00:00:00,星期四,2026-02-12,24.0,381.955,365.9803,373.3085,440.0,357.9846,368.1602
2026-02-13 01:00:00,星期五,2026-02-13,1.0,371.765,305.185,344.8813,349.0,313.1296,340.2007
2026-02-13 02:00:00,星期五,2026-02-13,2.0,366.429,306.3343,337.496,334.39,317.0668,345.3925
2026-02-13 03:00:00,星期五,2026-02-13,3.0,393.586,325.6023,405.9385,404.0,344.5217,362.8641
2026-02-13 04:00:00,星期五,2026-02-13,4.0,382.468,340.1644,380.6839,378.0,350.9914,375.8357
2026-02-13 05:00:00,星期五,2026-02-13,5.0,385.01,347.6431,428.4026,430.0,361.8918,376.3717
2026-02-13 06:00:00,星期五,2026-02-13,6.0,396.033,343.7554,404.2869,400.0,365.9918,384.4597
2026-02-13 07:00:00,星期五,2026-02-13,7.0,377.515,324.9951,379.0412,386.0,359.7382,390.1289
2026-02-13 08:00:00,星期五,2026-02-13,8.0,436.582,321.3943,334.2058,338.698,334.9041,368.2372
2026-02-13 09:00:00,星期五,2026-02-13,9.0,153.241,109.0527,-80.0,148.375,98.8337,98.7562
2026-02-13 10:00:00,星期五,2026-02-13,10.0,-80.0,-82.0705,-80.0,-69.0,-65.8821,-50.1906
2026-02-13 11:00:00,星期五,2026-02-13,11.0,-80.0,-85.2067,-80.0,-70.5,-80.2116,-76.9887
2026-02-13 12:00:00,星期五,2026-02-13,12.0,-80.0,-81.2322,-80.0,-70.5,-79.7381,-76.2458
2026-02-13 13:00:00,星期五,2026-02-13,13.0,-80.0,-78.8123,-80.0,-70.5,-80.0108,-76.5849
2026-02-13 14:00:00,星期五,2026-02-13,14.0,-80.0,-82.6595,-80.0,-70.5,-80.1154,-77.52
2026-02-13 15:00:00,星期五,2026-02-13,15.0,-80.0,-73.8781,-80.0,-70.5,-80.1154,-79.2714
2026-02-13 16:00:00,星期五,2026-02-13,16.0,-80.0,-62.6866,-80.0,-70.5,-66.3065,-51.9954
2026-02-13 17:00:00,星期五,2026-02-13,17.0,259.29,348.115,285.1614,226.25,354.3583,339.8615
2026-02-13 18:00:00,星期五,2026-02-13,18.0,360.848,415.4004,395.832,380.0,474.9921,474.8244
2026-02-13 19:00:00,星期五,2026-02-13,19.0,312.262,414.0338,398.3868,362.0,472.0628,472.782
2026-02-13 20:00:00,星期五,2026-02-13,20.0,300.753,401.001,367.2178,350.0,461.3594,443.4217
2026-02-13 21:00:00,星期五,2026-02-13,21.0,302.133,387.0272,341.1133,330.0,426.6149,425.8491
2026-02-13 22:00:00,星期五,2026-02-13,22.0,290.779,375.5269,306.8175,275.0,410.7691,402.1384
2026-02-13 23:00:00,星期五,2026-02-13,23.0,267.26,332.3768,296.002,335.0,323.4158,339.0405
2026-02-14 00:00:00,星期五,2026-02-13,24.0,10.832,302.8798,227.8043,200.0,249.8409,299.4733
2026-02-14 01:00:00,星期六,2026-02-14,1.0,-59.673,93.7482,144.4512,119.95,157.2776,237.655
2026-02-14 02:00:00,星期六,2026-02-14,2.0,-80.0,83.1736,117.4808,100.0,131.661,205.8647
2026-02-14 03:00:00,星期六,2026-02-14,3.0,79.345,90.5164,136.1984,100.0,148.4049,226.4891
2026-02-14 04:00:00,星期六,2026-02-14,4.0,-80.0,77.6929,117.9247,100.0,146.0715,211.9437
2026-02-14 05:00:00,星期六,2026-02-14,5.0,-80.0,82.6945,128.3282,100.0,148.524,224.1772
2026-02-14 06:00:00,星期六,2026-02-14,6.0,-76.35,83.4678,137.204,100.0,162.2306,230.3432
2026-02-14 07:00:00,星期六,2026-02-14,7.0,-80.0,102.4882,-80.0,33.83,183.7791,249.1266
2026-02-14 08:00:00,星期六,2026-02-14,8.0,-41.127,120.8196,127.1915,101.1,197.9738,243.4196
2026-02-14 09:00:00,星期六,2026-02-14,9.0,-80.0,-40.4507,-80.0,-69.0,-26.1651,27.2121
2026-02-14 10:00:00,星期六,2026-02-14,10.0,-80.0,-86.6667,-80.0,-75.0,-79.0927,-79.2879
2026-02-14 11:00:00,星期六,2026-02-14,11.0,-80.0,-78.4498,-80.0,-78.875,-79.8471,-79.0621
2026-02-14 12:00:00,星期六,2026-02-14,12.0,-80.0,-76.2611,-80.0,-75.0,-79.7459,-78.4935
2026-02-14 13:00:00,星期六,2026-02-14,13.0,-80.0,-71.4686,-80.0,-75.0,-79.6016,-78.0254
2026-02-14 14:00:00,星期六,2026-02-14,14.0,-80.0,-74.6926,-80.0,-75.0,-79.7028,-78.5989
2026-02-14 15:00:00,星期六,2026-02-14,15.0,-80.0,-74.4982,-80.0,-75.875,-78.9485,-79.487
2026-02-14 16:00:00,星期六,2026-02-14,16.0,-80.0,-69.2457,-80.0,-75.0,-69.2785,-56.9837
2026-02-14 17:00:00,星期六,2026-02-14,17.0,115.385,345.8239,231.973,100.0,223.2347,244.4054
2026-02-14 18:00:00,星期六,2026-02-14,18.0,266.24,400.0808,383.0533,353.875,398.0194,430.4935
2026-02-14 19:00:00,星期六,2026-02-14,19.0,285.728,397.3741,382.5535,340.738,393.3192,436.0059
2026-02-14 20:00:00,星期六,2026-02-14,20.0,270.439,384.9586,347.9616,330.0,371.4073,412.0092
2026-02-14 21:00:00,星期六,2026-02-14,21.0,255.6,378.2191,322.3152,295.125,348.2186,392.9017
2026-02-14 22:00:00,星期六,2026-02-14,22.0,292.287,353.0714,298.0596,265.55,323.4125,382.9168
2026-02-14 23:00:00,星期六,2026-02-14,23.0,319.402,314.5343,227.8321,160.5,239.5623,277.3295
2026-02-15 00:00:00,星期六,2026-02-14,24.0,327.72,308.4444,204.3014,150.5,213.6374,262.7475
2026-02-15 01:00:00,星期日,2026-02-15,1.0,332.594,91.2448,-80.0,-55.0,50.5383,120.0892
2026-02-15 02:00:00,星期日,2026-02-15,2.0,56.53,60.8843,-80.0,-72.0,21.0172,80.7907
2026-02-15 03:00:00,星期日,2026-02-15,3.0,47.284,49.4822,-80.0,-75.0,21.7566,71.276
2026-02-15 04:00:00,星期日,2026-02-15,4.0,-80.0,28.9567,-80.0,-79.0,24.9112,63.5717
2026-02-15 05:00:00,星期日,2026-02-15,5.0,-80.0,16.6183,-80.0,-79.5,16.2902,57.0709
2026-02-15 06:00:00,星期日,2026-02-15,6.0,-80.0,15.1432,-80.0,-79.5,24.8567,73.2476
2026-02-15 07:00:00,星期日,2026-02-15,7.0,-80.0,30.6632,-80.0,-79.5,48.674,107.2709
2026-02-15 08:00:00,星期日,2026-02-15,8.0,-80.0,19.5337,-80.0,-76.875,43.5388,91.8698
2026-02-15 09:00:00,星期日,2026-02-15,9.0,-80.0,-57.0071,-80.0,-75.0,-71.307,-56.98
2026-02-15 10:00:00,星期日,2026-02-15,10.0,-80.0,-84.2668,-80.0,-79.5,-78.7899,-77.3651
2026-02-15 11:00:00,星期日,2026-02-15,11.0,-80.0,-80.1738,-80.0,-79.5,-78.7899,-77.5337
2026-02-15 12:00:00,星期日,2026-02-15,12.0,-80.0,-79.4592,-80.0,-75.0,-78.7899,-77.1315
2026-02-15 13:00:00,星期日,2026-02-15,13.0,-80.0,-79.5145,-80.0,-77.583,-78.7899,-76.9659
2026-02-15 14:00:00,星期日,2026-02-15,14.0,-80.0,-78.4315,-80.0,-79.5,-78.7899,-77.131
2026-02-15 15:00:00,星期日,2026-02-15,15.0,-80.0,-82.5218,-80.0,-79.5,-72.0337,-59.057
2026-02-15 16:00:00,星期日,2026-02-15,16.0,-80.0,-17.0175,-80.0,-75.0,-31.9453,39.7987
2026-02-15 17:00:00,星期日,2026-02-15,17.0,250.949,319.1609,179.4985,101.918,207.1893,265.923
2026-02-15 18:00:00,星期日,2026-02-15,18.0,393.649,400.8621,350.2971,368.975,395.6169,415.9401
2026-02-15 19:00:00,星期日,2026-02-15,19.0,387.693,413.7029,394.5825,385.875,436.9879,446.9174
2026-02-15 20:00:00,星期日,2026-02-15,20.0,384.488,422.0361,416.9832,425.0,461.938,456.1296
2026-02-15 21:00:00,星期日,2026-02-15,21.0,389.241,431.8809,424.4803,430.0,474.4254,470.5205
2026-02-15 22:00:00,星期日,2026-02-15,22.0,405.109,434.4786,426.0683,443.5,487.6139,473.285
2026-02-15 23:00:00,星期日,2026-02-15,23.0,410.802,422.6048,398.1744,414.5,452.1415,447.3019
2026-02-16 00:00:00,星期日,2026-02-15,24.0,412.251,399.2641,384.5594,404.5,419.4251,416.0914
2026-02-16 01:00:00,星期一,2026-02-16,1.0,362.31,238.0018,289.9122,301.15,223.4585,201.4722
2026-02-16 02:00:00,星期一,2026-02-16,2.0,339.032,161.2117,270.257,273.0,198.0191,189.6206
2026-02-16 03:00:00,星期一,2026-02-16,3.0,324.841,136.1256,222.4414,208.1,173.5426,186.1354
2026-02-16 04:00:00,星期一,2026-02-16,4.0,299.918,54.284,143.8901,100.0,169.419,189.7414
2026-02-16 05:00:00,星期一,2026-02-16,5.0,245.005,48.5281,145.7056,100.0,154.1715,193.1356
2026-02-16 06:00:00,星期一,2026-02-16,6.0,266.954,135.1592,164.6607,100.0,198.8579,229.3035
2026-02-16 07:00:00,星期一,2026-02-16,7.0,332.077,194.2517,301.9383,287.05,276.521,280.6712
2026-02-16 08:00:00,星期一,2026-02-16,8.0,346.041,191.836,291.1724,307.0,282.2295,271.1043
2026-02-16 09:00:00,星期一,2026-02-16,9.0,-80.0,23.4921,-80.0,48.0,-21.035,-0.3824
2026-02-16 10:00:00,星期一,2026-02-16,10.0,-80.0,-86.6667,-80.0,-78.0,-77.8484,-81.1971
2026-02-16 11:00:00,星期一,2026-02-16,11.0,-80.0,-86.133,-80.0,-78.0,-77.2589,-82.276
2026-02-16 12:00:00,星期一,2026-02-16,12.0,-80.0,-84.7288,-80.0,-78.0,-77.0637,-82.2953
2026-02-16 13:00:00,星期一,2026-02-16,13.0,-80.0,-84.6737,-80.0,-78.0,-77.0637,-81.7063
2026-02-16 14:00:00,星期一,2026-02-16,14.0,-80.0,-86.6667,-80.0,-78.0,-77.1574,-80.7543
2026-02-16 15:00:00,星期一,2026-02-16,15.0,-80.0,-81.7858,-80.0,-78.0,-77.7469,-80.1894
2026-02-16 16:00:00,星期一,2026-02-16,16.0,-80.0,6.5691,-80.0,-51.875,-34.2223,3.2574
2026-02-16 17:00:00,星期一,2026-02-16,17.0,228.093,436.491,340.3878,305.925,414.9825,392.2534
2026-02-16 18:00:00,星期一,2026-02-16,18.0,371.543,502.0628,505.5493,480.5,538.9637,537.8257
2026-02-16 19:00:00,星期一,2026-02-16,19.0,392.776,511.9427,537.5589,502.625,556.341,564.976
2026-02-16 20:00:00,星期一,2026-02-16,20.0,396.013,510.6722,536.2501,518.0,558.3864,559.1924
2026-02-16 21:00:00,星期一,2026-02-16,21.0,393.278,512.9836,527.4143,515.0,564.3427,566.2425
2026-02-16 22:00:00,星期一,2026-02-16,22.0,390.575,513.4377,534.5921,549.875,563.1567,577.749
2026-02-16 23:00:00,星期一,2026-02-16,23.0,386.945,504.3642,519.55,527.0,548.173,561.4121
2026-02-17 00:00:00,星期一,2026-02-16,24.0,394.282,483.2082,522.2801,524.0,538.9917,523.893
2026-02-17 01:00:00,星期二,2026-02-17,1.0,497.831,449.7155,481.0054,495.5,437.4633,474.6498
2026-02-17 02:00:00,星期二,2026-02-17,2.0,459.644,413.7592,476.2297,475.5,412.1795,432.7962
2026-02-17 03:00:00,星期二,2026-02-17,3.0,444.344,397.6982,445.4497,440.89,396.7099,406.6221
2026-02-17 04:00:00,星期二,2026-02-17,4.0,429.277,376.8256,467.1967,463.5,390.0793,396.8117
2026-02-17 05:00:00,星期二,2026-02-17,5.0,432.099,374.5237,416.0806,401.96,384.3276,384.605
2026-02-17 06:00:00,星期二,2026-02-17,6.0,455.405,395.9386,423.2067,406.25,397.0102,406.8298
2026-02-17 07:00:00,星期二,2026-02-17,7.0,469.472,412.1212,389.0005,359.25,413.4376,433.8775
2026-02-17 08:00:00,星期二,2026-02-17,8.0,328.042,346.4881,333.1688,339.81,370.728,369.8211
2026-02-17 09:00:00,星期二,2026-02-17,9.0,-80.0,-1.8283,-80.0,-36.667,-41.6653,-6.9617
2026-02-17 10:00:00,星期二,2026-02-17,10.0,-80.0,-86.1271,-80.0,-78.0,-79.2649,-81.8049
2026-02-17 11:00:00,星期二,2026-02-17,11.0,-80.0,-85.454,-80.0,-78.0,-79.2649,-82.8309
2026-02-17 12:00:00,星期二,2026-02-17,12.0,-80.0,-84.9799,-80.0,-78.0,-79.1073,-81.9226
2026-02-17 13:00:00,星期二,2026-02-17,13.0,-80.0,-81.4958,-80.0,-78.0,-79.1073,-81.1661
2026-02-17 14:00:00,星期二,2026-02-17,14.0,-80.0,-84.1421,-80.0,-79.905,-79.1073,-81.9401
2026-02-17 15:00:00,星期二,2026-02-17,15.0,-80.0,-74.912,-80.0,-78.0,-79.1073,-82.1722
2026-02-17 16:00:00,星期二,2026-02-17,16.0,-80.0,-82.9845,-80.0,-78.0,-78.1851,-83.5886
2026-02-17 17:00:00,星期二,2026-02-17,17.0,-80.0,335.3379,277.7457,116.0,222.877,262.4545
2026-02-17 18:00:00,星期二,2026-02-17,18.0,326.001,438.7397,423.2419,362.92,485.2469,442.4796
2026-02-17 19:00:00,星期二,2026-02-17,19.0,288.594,439.7014,427.9205,341.6,503.7503,460.6638
2026-02-17 20:00:00,星期二,2026-02-17,20.0,53.633,427.2285,408.496,360.125,452.6984,431.4155
2026-02-17 21:00:00,星期二,2026-02-17,21.0,101.566,405.7833,381.1312,352.5,417.466,413.2629
2026-02-17 22:00:00,星期二,2026-02-17,22.0,105.971,391.9013,356.9082,353.0,392.7421,396.0681
2026-02-17 23:00:00,星期二,2026-02-17,23.0,50.102,370.3829,286.7127,272.43,361.4999,351.2895
2026-02-18 00:00:00,星期二,2026-02-17,24.0,124.906,338.2927,235.098,230.3,321.0833,313.98
2026-02-18 01:00:00,星期三,2026-02-18,1.0,-80.0,77.6181,-80.0,45.43,114.3914,210.1058
2026-02-18 02:00:00,星期三,2026-02-18,2.0,-80.0,73.2825,-80.0,17.0,81.3402,203.3049
2026-02-18 03:00:00,星期三,2026-02-18,3.0,-80.0,72.3054,116.2018,38.2,111.0234,211.3019
2026-02-18 04:00:00,星期三,2026-02-18,4.0,-80.0,85.567,-80.0,26.32,176.3743,235.8526
2026-02-18 05:00:00,星期三,2026-02-18,5.0,-80.0,120.4509,127.1842,57.5,171.8299,245.7251
2026-02-18 06:00:00,星期三,2026-02-18,6.0,-59.917,139.6977,243.9736,215.0,220.0575,280.9809
2026-02-18 07:00:00,星期三,2026-02-18,7.0,238.715,250.0837,255.6902,225.5,264.0553,307.981
2026-02-18 08:00:00,星期三,2026-02-18,8.0,277.946,91.1444,125.194,120.108,172.2552,253.0261
2026-02-18 09:00:00,星期三,2026-02-18,9.0,-80.0,-75.1623,-80.0,-79.0,-65.0176,-24.1317
2026-02-18 10:00:00,星期三,2026-02-18,10.0,-80.0,-86.6667,-80.0,-78.625,-83.8025,-77.3697
2026-02-18 11:00:00,星期三,2026-02-18,11.0,-80.0,-86.6667,-80.0,-79.75,-82.4586,-76.3675
2026-02-18 12:00:00,星期三,2026-02-18,12.0,-80.0,-84.7076,-80.0,-78.0,-81.889,-77.3279
2026-02-18 13:00:00,星期三,2026-02-18,13.0,-80.0,-84.3063,-80.0,-78.65,-81.889,-76.7469
2026-02-18 14:00:00,星期三,2026-02-18,14.0,-80.0,-84.1551,-80.0,-79.0,-82.2014,-75.9898
2026-02-18 15:00:00,星期三,2026-02-18,15.0,-80.0,-75.4905,-80.0,-79.0,-83.4909,-76.8228
2026-02-18 16:00:00,星期三,2026-02-18,16.0,-80.0,-84.162,-80.0,-78.0,-83.4909,-81.5452
2026-02-18 17:00:00,星期三,2026-02-18,17.0,36.58,348.523,296.6481,213.5,278.4344,258.3164
2026-02-18 18:00:00,星期三,2026-02-18,18.0,473.25,433.1288,450.6661,385.0,451.6715,435.5261
2026-02-18 19:00:00,星期三,2026-02-18,19.0,492.758,440.8091,471.2526,401.425,465.7809,457.1446
2026-02-18 20:00:00,星期三,2026-02-18,20.0,487.755,432.3579,473.372,443.0,463.6914,454.0488
2026-02-18 21:00:00,星期三,2026-02-18,21.0,490.249,427.1016,445.5217,412.5,460.1653,444.6965
2026-02-18 22:00:00,星期三,2026-02-18,22.0,489.547,414.9245,440.8762,429.5,454.6177,435.0528
2026-02-18 23:00:00,星期三,2026-02-18,23.0,494.807,391.2208,389.9514,374.75,413.1014,400.6175
2026-02-19 00:00:00,星期三,2026-02-18,24.0,452.577,360.5815,347.8828,336.263,376.3955,351.6224
2026-02-19 01:00:00,星期四,2026-02-19,1.0,433.468,196.523,185.2764,218.948,189.4247,237.2403
2026-02-19 02:00:00,星期四,2026-02-19,2.0,248.633,79.1314,126.2716,142.85,122.8144,216.2051
2026-02-19 03:00:00,星期四,2026-02-19,3.0,-0.551,59.473,-80.0,33.0,115.9265,202.9518
2026-02-19 04:00:00,星期四,2026-02-19,4.0,-80.0,41.2091,-80.0,45.0,95.1208,194.4824
2026-02-19 05:00:00,星期四,2026-02-19,5.0,-80.0,40.5331,-80.0,-28.0,52.2493,168.5021
2026-02-19 06:00:00,星期四,2026-02-19,6.0,-80.0,31.5927,-80.0,0.0,58.5678,184.8256
2026-02-19 07:00:00,星期四,2026-02-19,7.0,-80.0,45.3429,-80.0,-21.263,114.2257,213.4892
2026-02-19 08:00:00,星期四,2026-02-19,8.0,-59.775,25.1506,-80.0,-9.5,60.6989,152.6596
2026-02-19 09:00:00,星期四,2026-02-19,9.0,-80.0,-70.7636,-80.0,-79.958,-57.4826,-17.4656
2026-02-19 10:00:00,星期四,2026-02-19,10.0,-80.0,-86.6667,-80.0,-79.99,-79.9021,-79.526
2026-02-19 11:00:00,星期四,2026-02-19,11.0,-80.0,-86.6667,-80.0,-80.0,-79.9021,-79.5801
2026-02-19 12:00:00,星期四,2026-02-19,12.0,-80.0,-86.6667,-80.0,-80.0,-79.9021,-78.8431
2026-02-19 13:00:00,星期四,2026-02-19,13.0,-80.0,-86.4906,-80.0,-80.0,-79.7643,-78.2653
2026-02-19 14:00:00,星期四,2026-02-19,14.0,-80.0,-86.6667,-80.0,-80.0,-79.7643,-78.2477
2026-02-19 15:00:00,星期四,2026-02-19,15.0,-80.0,-78.5682,-80.0,-79.99,-79.7643,-79.5304
2026-02-19 16:00:00,星期四,2026-02-19,16.0,-80.0,-86.6667,-80.0,-79.775,-79.7643,-80.6958
2026-02-19 17:00:00,星期四,2026-02-19,17.0,41.613,300.1648,198.6026,-27.5,191.4848,231.9807
2026-02-19 18:00:00,星期四,2026-02-19,18.0,610.695,395.3952,393.7003,312.2,428.6323,410.9695
2026-02-19 19:00:00,星期四,2026-02-19,19.0,506.776,402.684,421.6756,335.0,441.6659,437.8896
2026-02-19 20:00:00,星期四,2026-02-19,20.0,490.774,391.0412,410.5606,362.175,434.4128,423.0988
2026-02-19 21:00:00,星期四,2026-02-19,21.0,472.773,380.2708,371.9912,320.0,413.0103,407.0363
2026-02-19 22:00:00,星期四,2026-02-19,22.0,461.532,366.2325,337.3722,302.875,396.5784,386.5272
2026-02-19 23:00:00,星期四,2026-02-19,23.0,437.879,347.5372,278.999,249.0,327.1419,335.6886
2026-02-20 00:00:00,星期四,2026-02-19,24.0,339.418,315.1694,179.6199,90.25,271.3682,288.9321
2026-02-20 01:00:00,星期五,2026-02-20,1.0,132.768,84.1724,-80.0,80.0,76.0588,140.952
2026-02-20 02:00:00,星期五,2026-02-20,2.0,-26.929,59.0456,-80.0,1.5,38.7835,129.9136
2026-02-20 03:00:00,星期五,2026-02-20,3.0,262.867,55.7099,-80.0,8.0,45.6354,147.997
2026-02-20 04:00:00,星期五,2026-02-20,4.0,-59.852,60.2792,-80.0,-25.0,54.6574,160.4066
2026-02-20 05:00:00,星期五,2026-02-20,5.0,-80.0,62.0194,-80.0,-24.75,61.8998,170.9664
2026-02-20 06:00:00,星期五,2026-02-20,6.0,102.486,62.6022,-80.0,-50.0,99.2536,199.5743
2026-02-20 07:00:00,星期五,2026-02-20,7.0,285.795,85.4363,-80.0,-29.0,149.4117,227.5532
2026-02-20 08:00:00,星期五,2026-02-20,8.0,83.784,26.1797,-80.0,-49.125,41.5984,138.2044
2026-02-20 09:00:00,星期五,2026-02-20,9.0,-80.0,-76.6708,-80.0,-79.775,-66.4226,-33.1863
2026-02-20 10:00:00,星期五,2026-02-20,10.0,-80.0,-85.1267,-80.0,-79.955,-82.7174,-78.8251
2026-02-20 11:00:00,星期五,2026-02-20,11.0,-80.0,-85.0705,-80.0,-79.97,-82.3906,-76.4776
2026-02-20 12:00:00,星期五,2026-02-20,12.0,-80.0,-85.0541,-80.0,-79.978,-82.0355,-76.8407
2026-02-20 13:00:00,星期五,2026-02-20,13.0,-80.0,-85.1022,-80.0,-79.85,-81.9632,-77.7697
2026-02-20 14:00:00,星期五,2026-02-20,14.0,-80.0,-85.1022,-80.0,-79.965,-82.1056,-78.0267
2026-02-20 15:00:00,星期五,2026-02-20,15.0,-80.0,-79.9531,-80.0,-79.97,-82.4325,-78.5682
2026-02-20 16:00:00,星期五,2026-02-20,16.0,-80.0,-81.0558,-80.0,-79.908,-82.4325,-81.8777
2026-02-20 17:00:00,星期五,2026-02-20,17.0,-80.0,275.8331,136.1045,-74.75,-7.6028,2.7617
2026-02-20 18:00:00,星期五,2026-02-20,18.0,266.075,346.0921,315.8377,189.993,165.8545,196.2081
2026-02-20 19:00:00,星期五,2026-02-20,19.0,75.544,350.9887,344.171,246.875,253.5347,240.5832
2026-02-20 20:00:00,星期五,2026-02-20,20.0,134.402,299.8668,260.512,166.7,217.509,228.7575
2026-02-20 21:00:00,星期五,2026-02-20,21.0,-60.153,287.3967,203.7105,90.0,199.6148,224.2031
2026-02-20 22:00:00,星期五,2026-02-20,22.0,285.572,278.8021,166.5063,9.5,198.3016,222.0424
2026-02-20 23:00:00,星期五,2026-02-20,23.0,-80.0,262.3018,126.2716,-11.0,121.527,181.038
2026-02-21 00:00:00,星期五,2026-02-20,24.0,-80.0,238.1587,-80.0,-25.0,53.415,133.7337
2026-02-21 01:00:00,星期六,2026-02-21,1.0,-80.0,-45.3564,-80.0,-65.0,-74.1087,-57.1945
2026-02-21 02:00:00,星期六,2026-02-21,2.0,-80.0,-50.8184,-80.0,-72.625,-68.3811,-53.8559
2026-02-21 03:00:00,星期六,2026-02-21,3.0,-80.0,-48.8092,-80.0,-75.0,-69.8203,-51.8325
2026-02-21 04:00:00,星期六,2026-02-21,4.0,-80.0,-51.5533,-80.0,-77.5,-66.9807,-53.362
2026-02-21 05:00:00,星期六,2026-02-21,5.0,-80.0,-49.8068,-80.0,-78.0,-68.4199,-54.4457
2026-02-21 06:00:00,星期六,2026-02-21,6.0,-80.0,-43.5813,-80.0,-70.0,-59.5634,-35.9814
2026-02-21 07:00:00,星期六,2026-02-21,7.0,-80.0,-25.3391,-80.0,-65.0,-39.4953,6.2133
2026-02-21 08:00:00,星期六,2026-02-21,8.0,-80.0,-37.1537,-80.0,-50.315,-36.9967,-12.3164
2026-02-21 09:00:00,星期六,2026-02-21,9.0,-80.0,-86.6667,-80.0,-79.838,-49.3737,22.8116
2026-02-21 10:00:00,星期六,2026-02-21,10.0,-80.0,-86.6667,-80.0,-79.98,-84.6606,-78.2494
2026-02-21 11:00:00,星期六,2026-02-21,11.0,-80.0,-86.6667,-80.0,-79.98,-83.9626,-79.1877
2026-02-21 12:00:00,星期六,2026-02-21,12.0,-80.0,-86.6667,-80.0,-79.98,-80.6154,-78.2625
2026-02-21 13:00:00,星期六,2026-02-21,13.0,-80.0,-86.6667,-80.0,-79.97,-80.1585,-78.2903
2026-02-21 14:00:00,星期六,2026-02-21,14.0,-80.0,-86.6667,-80.0,-79.98,-82.7839,-79.3626
2026-02-21 15:00:00,星期六,2026-02-21,15.0,-80.0,-84.8052,-80.0,-79.98,-85.1402,-80.8333
2026-02-21 16:00:00,星期六,2026-02-21,16.0,-80.0,-86.6667,-80.0,-79.935,-83.5652,-79.063
2026-02-21 17:00:00,星期六,2026-02-21,17.0,-80.0,250.5748,-80.0,-52.5,-55.2288,-21.6594
2026-02-21 18:00:00,星期六,2026-02-21,18.0,163.289,332.2697,247.0188,129.0,130.9183,176.0029
2026-02-21 19:00:00,星期六,2026-02-21,19.0,167.212,337.4058,293.1779,234.0,210.4091,222.6917
2026-02-21 20:00:00,星期六,2026-02-21,20.0,186.815,302.163,229.2372,165.5,199.5327,223.5976
2026-02-21 21:00:00,星期六,2026-02-21,21.0,67.489,295.4881,235.1745,199.8,199.626,222.0934
2026-02-21 22:00:00,星期六,2026-02-21,22.0,293.448,291.5466,199.6485,153.0,182.2322,213.2689
2026-02-21 23:00:00,星期六,2026-02-21,23.0,34.186,276.6492,120.6461,15.0,115.1672,182.5809
2026-02-22 00:00:00,星期六,2026-02-21,24.0,-59.639,234.6891,-80.0,0.0,3.3244,90.5574
2026-02-22 01:00:00,星期日,2026-02-22,1.0,-80.0,-44.0268,-80.0,-78.5,-44.1584,-21.6349
2026-02-22 02:00:00,星期日,2026-02-22,2.0,-80.0,-52.5385,-80.0,-78.0,-54.965,-36.7873
2026-02-22 03:00:00,星期日,2026-02-22,3.0,-80.0,-57.5878,-80.0,-79.45,-62.5906,-47.8691
2026-02-22 04:00:00,星期日,2026-02-22,4.0,-80.0,-57.0356,-80.0,-79.45,-58.3026,-40.7634
2026-02-22 05:00:00,星期日,2026-02-22,5.0,-80.0,-53.7267,-80.0,-79.45,-53.4176,-30.9263
2026-02-22 06:00:00,星期日,2026-02-22,6.0,-47.402,-46.4259,-80.0,-79.4,-36.9329,-4.8105
2026-02-22 07:00:00,星期日,2026-02-22,7.0,-76.982,-33.2007,-80.0,-78.0,-5.8764,31.1319
2026-02-22 08:00:00,星期日,2026-02-22,8.0,-80.0,-49.3992,-80.0,-78.0,-10.8573,-2.1605
2026-02-22 09:00:00,星期日,2026-02-22,9.0,-80.0,-79.6882,-80.0,-78.0,-62.4767,-13.1711
2026-02-22 10:00:00,星期日,2026-02-22,10.0,-80.0,-84.4102,-80.0,-78.0,-86.6667,-79.1335
2026-02-22 11:00:00,星期日,2026-02-22,11.0,-80.0,-84.4102,-80.0,-78.0,-84.9508,-78.644
2026-02-22 12:00:00,星期日,2026-02-22,12.0,-80.0,-84.4033,-80.0,-78.0,-84.116,-79.1411
2026-02-22 13:00:00,星期日,2026-02-22,13.0,-80.0,-84.3577,-80.0,-78.0,-84.0899,-79.177
2026-02-22 14:00:00,星期日,2026-02-22,14.0,-80.0,-84.4842,-80.0,-78.0,-84.8442,-78.8373
2026-02-22 15:00:00,星期日,2026-02-22,15.0,-80.0,-84.8119,-80.0,-78.0,-86.6667,-79.3461
2026-02-22 16:00:00,星期日,2026-02-22,16.0,-80.0,-86.6667,-80.0,-78.0,-66.5067,-30.2749
2026-02-22 17:00:00,星期日,2026-02-22,17.0,-58.272,257.6799,259.6338,203.25,-1.4599,39.1613
2026-02-22 18:00:00,星期日,2026-02-22,18.0,469.615,402.0973,445.508,455.0,309.9205,285.1527
2026-02-22 19:00:00,星期日,2026-02-22,19.0,454.851,417.2794,482.7321,482.5,375.3462,335.9047
2026-02-22 20:00:00,星期日,2026-02-22,20.0,426.655,409.0341,466.0722,480.05,372.0127,332.2458
2026-02-22 21:00:00,星期日,2026-02-22,21.0,386.052,407.9265,455.5875,482.5,345.706,317.7787
2026-02-22 22:00:00,星期日,2026-02-22,22.0,362.864,405.0082,445.8699,482.5,329.6236,304.8516
2026-02-22 23:00:00,星期日,2026-02-22,23.0,359.18,386.6716,404.3752,447.9,306.2193,277.9573
2026-02-23 00:00:00,星期日,2026-02-22,24.0,367.773,364.422,368.957,415.0,283.7878,245.3205
2026-02-23 01:00:00,星期一,2026-02-23,1.0,309.335,123.2915,269.8485,285.0,180.1625,197.8868
2026-02-23 02:00:00,星期一,2026-02-23,2.0,288.125,65.3292,257.4294,262.0,159.5562,181.5996
2026-02-23 03:00:00,星期一,2026-02-23,3.0,290.621,63.4035,252.4051,249.0,160.7126,179.0645
2026-02-23 04:00:00,星期一,2026-02-23,4.0,124.513,63.8917,230.4088,229.5,127.141,183.8777
2026-02-23 05:00:00,星期一,2026-02-23,5.0,39.447,59.4192,197.814,191.83,105.1568,173.944
2026-02-23 06:00:00,星期一,2026-02-23,6.0,-47.944,67.9452,211.9086,196.5,111.0022,189.9985
2026-02-23 07:00:00,星期一,2026-02-23,7.0,-59.599,119.1113,261.5928,248.5,163.0837,217.3473
2026-02-23 08:00:00,星期一,2026-02-23,8.0,74.059,181.2911,285.6165,287.5,185.1634,226.5934
2026-02-23 09:00:00,星期一,2026-02-23,9.0,309.532,109.0445,234.6948,277.0,129.9015,246.8399
2026-02-23 10:00:00,星期一,2026-02-23,10.0,336.951,39.7719,187.3033,240.0,91.551,292.7409
2026-02-23 11:00:00,星期一,2026-02-23,11.0,356.038,36.8102,181.3053,215.15,110.2099,356.859
2026-02-23 12:00:00,星期一,2026-02-23,12.0,384.235,59.5284,200.1607,212.75,145.3952,414.8782
2026-02-23 13:00:00,星期一,2026-02-23,13.0,366.088,50.9442,204.3283,222.15,146.6308,425.7862
2026-02-23 14:00:00,星期一,2026-02-23,14.0,355.462,50.5991,217.6395,245.75,133.4508,376.7128
2026-02-23 15:00:00,星期一,2026-02-23,15.0,377.481,110.7248,258.1238,280.5,151.446,373.4621
2026-02-23 16:00:00,星期一,2026-02-23,16.0,439.174,198.7367,304.1065,310.5,229.0733,369.905
2026-02-23 17:00:00,星期一,2026-02-23,17.0,472.294,355.4444,356.8345,337.3,448.1404,463.2865
2026-02-23 18:00:00,星期一,2026-02-23,18.0,583.255,390.6413,425.972,418.65,490.8029,512.2301
2026-02-23 19:00:00,星期一,2026-02-23,19.0,458.374,392.6362,427.4982,425.0,490.1995,516.9737
2026-02-23 20:00:00,星期一,2026-02-23,20.0,428.525,384.9256,386.5783,340.5,476.6293,498.8092
2026-02-23 21:00:00,星期一,2026-02-23,21.0,428.016,383.513,403.8492,399.5,468.9262,483.5725
2026-02-23 22:00:00,星期一,2026-02-23,22.0,412.723,389.8811,401.8844,398.5,464.155,475.4614
2026-02-23 23:00:00,星期一,2026-02-23,23.0,397.58,381.3533,392.2176,394.5,443.1288,452.2053
2026-02-24 00:00:00,星期一,2026-02-23,24.0,350.262,356.5641,376.8469,373.75,408.1137,412.8695
2026-02-24 01:00:00,星期二,2026-02-24,1.0,337.395,282.7594,351.1629,338.07,321.0622,351.0609
2026-02-24 02:00:00,星期二,2026-02-24,2.0,354.311,269.4038,365.1572,353.0,314.0945,337.2583
2026-02-24 03:00:00,星期二,2026-02-24,3.0,359.001,279.6007,370.4989,353.0,316.8335,337.0972
2026-02-24 04:00:00,星期二,2026-02-24,4.0,351.47,278.0718,368.7368,352.5,320.9544,340.5218
2026-02-24 05:00:00,星期二,2026-02-24,5.0,352.822,288.2976,368.9262,352.51,323.8942,334.9467
2026-02-24 06:00:00,星期二,2026-02-24,6.0,356.215,298.9161,371.4945,354.37,335.4394,348.3913
2026-02-24 07:00:00,星期二,2026-02-24,7.0,344.967,315.5229,369.6342,350.5,329.4739,355.2237
2026-02-24 08:00:00,星期二,2026-02-24,8.0,381.721,320.966,378.3003,360.5,347.8804,365.6954
2026-02-24 09:00:00,星期二,2026-02-24,9.0,403.517,278.8462,329.2297,385.58,269.2595,345.9024
2026-02-24 10:00:00,星期二,2026-02-24,10.0,294.437,90.0855,221.2009,230.17,166.3479,281.3514
2026-02-24 11:00:00,星期二,2026-02-24,11.0,-22.413,46.2316,151.4736,110.0,99.2194,238.0549
2026-02-24 12:00:00,星期二,2026-02-24,12.0,256.29,-16.3848,-80.0,8.5,19.5033,169.802
2026-02-24 13:00:00,星期二,2026-02-24,13.0,295.465,-40.7603,-80.0,-23.5,-15.1997,103.2054
2026-02-24 14:00:00,星期二,2026-02-24,14.0,315.865,-35.1643,-80.0,-62.5,-19.944,84.9314
2026-02-24 15:00:00,星期二,2026-02-24,15.0,321.606,-17.711,-80.0,5.0,-2.2963,110.8661
2026-02-24 16:00:00,星期二,2026-02-24,16.0,355.63,34.3581,177.4129,81.578,62.7241,180.1002
2026-02-24 17:00:00,星期二,2026-02-24,17.0,397.189,366.0679,378.1112,317.25,353.8009,363.4044
2026-02-24 18:00:00,星期二,2026-02-24,18.0,393.498,451.6852,472.3749,425.5,479.2141,483.1673
2026-02-24 19:00:00,星期二,2026-02-24,19.0,374.691,449.6966,471.3826,420.0,480.3003,496.3869
2026-02-24 20:00:00,星期二,2026-02-24,20.0,364.501,432.7729,437.8133,403.788,466.6234,479.2138
2026-02-24 21:00:00,星期二,2026-02-24,21.0,358.905,412.6104,416.0209,400.0,449.9777,456.417
2026-02-24 22:00:00,星期二,2026-02-24,22.0,355.667,406.5928,375.8195,307.91,419.4724,430.5257
2026-02-24 23:00:00,星期二,2026-02-24,23.0,344.743,376.1115,364.4424,350.0,369.8424,387.6439
2026-02-25 00:00:00,星期二,2026-02-24,24.0,325.386,323.6409,344.1793,330.5,336.9101,358.7715
2026-02-25 01:00:00,星期三,2026-02-25,1.0,300.0,188.8688,299.164,311.5,215.1205,269.5366
2026-02-25 02:00:00,星期三,2026-02-25,2.0,290.184,168.3888,316.7697,329.8,215.8847,257.9156
2026-02-25 03:00:00,星期三,2026-02-25,3.0,350.799,209.0047,321.0205,344.62,228.8512,260.7213
2026-02-25 04:00:00,星期三,2026-02-25,4.0,337.472,181.2893,304.9563,315.5,228.6979,260.3842
2026-02-25 05:00:00,星期三,2026-02-25,5.0,339.253,187.532,290.4852,300.5,227.7867,255.375
2026-02-25 06:00:00,星期三,2026-02-25,6.0,318.097,176.9819,296.9004,305.5,233.9686,264.4774
2026-02-25 07:00:00,星期三,2026-02-25,7.0,270.495,170.773,294.668,300.5,204.6218,269.4882
2026-02-25 08:00:00,星期三,2026-02-25,8.0,326.548,185.921,315.6845,348.0,238.422,251.3402
2026-02-25 09:00:00,星期三,2026-02-25,9.0,333.902,148.2995,251.223,254.5,95.6937,144.0803
2026-02-25 10:00:00,星期三,2026-02-25,10.0,194.342,13.0901,119.8968,10.0,-12.2541,53.9007
2026-02-25 11:00:00,星期三,2026-02-25,11.0,-80.0,-20.671,-80.0,36.0,-44.6843,17.7993
2026-02-25 12:00:00,星期三,2026-02-25,12.0,-77.301,-48.6474,-80.0,0.0,-56.8817,-34.1176
2026-02-25 13:00:00,星期三,2026-02-25,13.0,-71.568,-64.2363,-80.0,-50.0,-68.7418,-74.1763
2026-02-25 14:00:00,星期三,2026-02-25,14.0,-80.0,-56.965,-80.0,-50.0,-74.6005,-72.3982
2026-02-25 15:00:00,星期三,2026-02-25,15.0,-80.0,-35.8014,-80.0,-69.0,-59.0975,-24.3071
2026-02-25 16:00:00,星期三,2026-02-25,16.0,4.631,4.2733,138.3987,49.84,-29.1981,54.8682
2026-02-25 17:00:00,星期三,2026-02-25,17.0,400.065,268.416,296.5285,226.35,286.574,275.2003
2026-02-25 18:00:00,星期三,2026-02-25,18.0,453.799,403.6452,440.9284,420.0,431.529,422.4395
2026-02-25 19:00:00,星期三,2026-02-25,19.0,437.858,415.0924,448.5415,400.613,439.3089,461.7432
2026-02-25 20:00:00,星期三,2026-02-25,20.0,429.736,410.4095,431.9496,390.0,431.2722,449.4501
2026-02-25 21:00:00,星期三,2026-02-25,21.0,439.613,402.7042,421.993,380.0,425.7226,438.8498
2026-02-25 22:00:00,星期三,2026-02-25,22.0,444.404,408.3989,428.4012,400.0,420.3347,432.5527
2026-02-25 23:00:00,星期三,2026-02-25,23.0,432.062,400.5157,431.735,425.5,403.0866,413.7714
2026-02-26 00:00:00,星期三,2026-02-25,24.0,429.704,388.3084,436.4085,422.0,391.8051,394.3407
2026-02-26 01:00:00,星期四,2026-02-26,1.0,341.003,381.7645,362.9879,350.0,418.2079,469.0875
2026-02-26 02:00:00,星期四,2026-02-26,2.0,342.267,376.8288,364.6511,350.0,415.6695,459.896
2026-02-26 03:00:00,星期四,2026-02-26,3.0,340.246,375.0916,368.3607,350.0,418.646,461.5564
2026-02-26 04:00:00,星期四,2026-02-26,4.0,341.327,371.6796,366.9328,350.0,409.193,457.8626
2026-02-26 05:00:00,星期四,2026-02-26,5.0,331.001,368.0927,362.2457,345.0,400.0672,439.361
2026-02-26 06:00:00,星期四,2026-02-26,6.0,331.283,358.3598,366.5603,350.0,394.1271,436.5
2026-02-26 07:00:00,星期四,2026-02-26,7.0,318.968,345.6924,352.8203,340.0,395.1145,433.9031
2026-02-26 08:00:00,星期四,2026-02-26,8.0,310.528,376.9383,371.3301,360.0,421.1464,473.0958
2026-02-26 09:00:00,星期四,2026-02-26,9.0,459.065,456.0066,503.2914,386.353,431.8041,472.6746
2026-02-26 10:00:00,星期四,2026-02-26,10.0,382.389,461.0083,536.1144,500.0,446.3231,505.155
2026-02-26 11:00:00,星期四,2026-02-26,11.0,346.277,480.9122,549.3927,500.0,464.9747,551.0016
2026-02-26 12:00:00,星期四,2026-02-26,12.0,342.719,486.9885,531.6036,500.0,461.7813,544.3429
2026-02-26 13:00:00,星期四,2026-02-26,13.0,308.679,425.0705,448.7234,374.5,386.3015,477.9228
2026-02-26 14:00:00,星期四,2026-02-26,14.0,301.585,391.6205,445.1221,373.575,358.1838,439.4752
2026-02-26 15:00:00,星期四,2026-02-26,15.0,292.642,367.1215,425.3946,350.0,328.5507,409.182
2026-02-26 16:00:00,星期四,2026-02-26,16.0,286.241,369.3109,417.0392,345.0,327.9418,374.0792
2026-02-26 17:00:00,星期四,2026-02-26,17.0,284.181,374.0746,368.6386,335.0,404.1687,407.7158
2026-02-26 18:00:00,星期四,2026-02-26,18.0,292.005,389.8821,401.3903,350.0,427.5867,445.0783
2026-02-26 19:00:00,星期四,2026-02-26,19.0,297.507,393.2607,412.4031,350.0,433.0086,452.9571
2026-02-26 20:00:00,星期四,2026-02-26,20.0,294.381,392.2612,406.9957,350.5,428.1284,445.7957
2026-02-26 21:00:00,星期四,2026-02-26,21.0,296.815,390.5045,405.9295,350.0,433.1276,445.6188
2026-02-26 22:00:00,星期四,2026-02-26,22.0,305.752,401.4022,408.0223,355.0,435.0835,445.7563
2026-02-26 23:00:00,星期四,2026-02-26,23.0,296.833,390.5919,396.9371,350.0,409.3266,421.9051
2026-02-27 00:00:00,星期四,2026-02-26,24.0,289.037,373.9004,395.8449,335.0,393.1561,395.2272
2026-02-27 01:00:00,星期五,2026-02-27,1.0,397.887,314.7271,364.6924,371.0,291.7576,265.4886
2026-02-27 02:00:00,星期五,2026-02-27,2.0,406.224,299.5368,366.9333,376.03,289.5586,261.7145
2026-02-27 03:00:00,星期五,2026-02-27,3.0,421.424,319.1738,380.9232,390.0,297.9115,272.1001
2026-02-27 04:00:00,星期五,2026-02-27,4.0,399.074,294.1629,362.691,369.0,294.8103,270.2381
2026-02-27 05:00:00,星期五,2026-02-27,5.0,391.445,286.1429,344.6619,350.375,289.8822,263.1799
2026-02-27 06:00:00,星期五,2026-02-27,6.0,376.083,275.4604,339.9037,347.0,279.0907,264.8677
2026-02-27 07:00:00,星期五,2026-02-27,7.0,350.668,252.1357,314.9174,320.0,263.0126,267.6609
2026-02-27 08:00:00,星期五,2026-02-27,8.0,405.511,273.8333,302.1689,308.265,284.606,266.0033
2026-02-27 09:00:00,星期五,2026-02-27,9.0,458.434,245.5978,274.9635,350.0,225.2781,209.2509
2026-02-27 10:00:00,星期五,2026-02-27,10.0,400.57,97.8353,142.6697,204.4,112.2508,111.6801
2026-02-27 11:00:00,星期五,2026-02-27,11.0,370.791,-3.9567,-80.0,45.0,40.4296,62.0433
2026-02-27 12:00:00,星期五,2026-02-27,12.0,180.721,-38.6333,-80.0,0.0,-12.6598,9.4631
2026-02-27 13:00:00,星期五,2026-02-27,13.0,-25.155,-65.1904,-80.0,-63.75,-38.1507,-57.3155
2026-02-27 14:00:00,星期五,2026-02-27,14.0,-80.0,-38.8549,-80.0,-60.0,-69.0856,-45.6954
2026-02-27 15:00:00,星期五,2026-02-27,15.0,-80.0,-41.1746,-80.0,0.0,-50.7339,-3.2986
2026-02-27 16:00:00,星期五,2026-02-27,16.0,61.323,73.3319,129.5429,107.0,48.5269,74.1583
2026-02-27 17:00:00,星期五,2026-02-27,17.0,383.697,327.567,337.685,314.25,294.8859,241.8333
2026-02-27 18:00:00,星期五,2026-02-27,18.0,418.877,386.5765,421.8444,400.0,400.8489,376.5706
2026-02-27 19:00:00,星期五,2026-02-27,19.0,424.029,397.2107,435.2412,405.5,416.6647,410.5273
2026-02-27 20:00:00,星期五,2026-02-27,20.0,428.721,390.4193,417.4736,404.0,409.782,407.0645
2026-02-27 21:00:00,星期五,2026-02-27,21.0,428.282,387.3323,404.8613,405.0,410.8346,405.3909
2026-02-27 22:00:00,星期五,2026-02-27,22.0,450.879,384.7072,397.0916,400.5,399.112,391.3294
2026-02-27 23:00:00,星期五,2026-02-27,23.0,458.853,368.1471,398.7868,423.35,367.9128,364.4662
2026-02-28 00:00:00,星期五,2026-02-27,24.0,440.081,347.1921,387.6717,400.0,363.1002,335.1537
2026-02-28 01:00:00,星期六,2026-02-28,1.0,317.452,305.2185,341.5388,350.0,346.1272,342.3107
2026-02-28 02:00:00,星期六,2026-02-28,2.0,306.014,289.249,336.7864,350.0,334.089,329.6625
2026-02-28 03:00:00,星期六,2026-02-28,3.0,308.252,291.8423,328.5193,340.0,336.4401,319.3461
2026-02-28 04:00:00,星期六,2026-02-28,4.0,293.499,278.0175,308.3834,323.0,303.4767,308.7957
2026-02-28 05:00:00,星期六,2026-02-28,5.0,285.136,268.3198,285.905,297.0,276.6008,293.2633
2026-02-28 06:00:00,星期六,2026-02-28,6.0,272.298,248.9801,279.2092,294.5,264.3832,279.0717
2026-02-28 07:00:00,星期六,2026-02-28,7.0,225.211,208.626,235.6446,240.0,253.673,270.7596
2026-02-28 08:00:00,星期六,2026-02-28,8.0,284.387,196.0204,274.0659,295.0,248.7776,273.3843
2026-02-28 09:00:00,星期六,2026-02-28,9.0,305.49,226.7183,242.8189,307.258,245.0991,262.0269
2026-02-28 10:00:00,星期六,2026-02-28,10.0,216.062,157.2365,213.5256,300.5,190.2585,221.5835
2026-02-28 11:00:00,星期六,2026-02-28,11.0,-12.455,90.3684,207.4654,250.0,178.9313,215.0306
2026-02-28 12:00:00,星期六,2026-02-28,12.0,31.867,73.6793,176.9117,207.5,159.8963,199.6678
2026-02-28 13:00:00,星期六,2026-02-28,13.0,-80.0,42.9952,155.9555,200.0,116.2656,160.1651
2026-02-28 14:00:00,星期六,2026-02-28,14.0,20.816,90.3492,198.9081,250.0,159.0575,188.6078
2026-02-28 15:00:00,星期六,2026-02-28,15.0,290.152,215.8529,261.979,300.138,225.3347,244.6992
2026-02-28 16:00:00,星期六,2026-02-28,16.0,311.522,295.5176,315.8459,341.5,277.2863,288.9508
2026-02-28 17:00:00,星期六,2026-02-28,17.0,317.803,351.7974,348.531,355.978,394.1246,387.635
2026-02-28 18:00:00,星期六,2026-02-28,18.0,329.436,377.5045,398.5402,399.27,424.208,436.1016
2026-02-28 19:00:00,星期六,2026-02-28,19.0,330.776,380.3538,402.9945,389.375,432.6609,441.7796
2026-02-28 20:00:00,星期六,2026-02-28,20.0,335.954,381.6904,402.0725,400.0,424.6317,439.4853
2026-02-28 21:00:00,星期六,2026-02-28,21.0,348.237,381.3036,391.2558,375.0,423.0166,438.577
2026-02-28 22:00:00,星期六,2026-02-28,22.0,355.985,380.8741,395.8828,380.0,417.0907,423.69
2026-02-28 23:00:00,星期六,2026-02-28,23.0,340.654,369.3586,386.0415,361.625,399.8036,401.9908
2026-03-01 00:00:00,星期六,2026-02-28,24.0,328.661,353.7687,390.8824,359.84,384.0467,372.3344
2026-03-01 01:00:00,星期日,2026-03-01,1.0,319.016,346.2012,334.5873,350.0,372.7454,372.4801
2026-03-01 02:00:00,星期日,2026-03-01,2.0,309.264,331.7947,330.6613,350.0,360.9877,362.4003
2026-03-01 03:00:00,星期日,2026-03-01,3.0,304.4,323.6882,332.5232,350.0,349.065,347.9118
2026-03-01 04:00:00,星期日,2026-03-01,4.0,299.146,313.2184,323.3738,340.0,338.061,342.8159
2026-03-01 05:00:00,星期日,2026-03-01,5.0,298.698,308.2468,313.7179,336.5,326.0705,327.0259
2026-03-01 06:00:00,星期日,2026-03-01,6.0,299.864,292.4831,312.2453,338.0,317.4853,321.1726
2026-03-01 07:00:00,星期日,2026-03-01,7.0,299.221,261.0351,241.195,257.91,301.336,303.399
2026-03-01 08:00:00,星期日,2026-03-01,8.0,320.043,276.6607,330.0861,355.0,312.7342,329.5042
2026-03-01 09:00:00,星期日,2026-03-01,9.0,410.38,295.8858,329.8663,380.0,313.7375,352.5823
2026-03-01 10:00:00,星期日,2026-03-01,10.0,459.359,296.1334,328.2529,380.5,322.4376,363.4398
2026-03-01 11:00:00,星期日,2026-03-01,11.0,864.8,309.8628,331.2487,371.25,340.6313,391.0578
2026-03-01 12:00:00,星期日,2026-03-01,12.0,927.373,307.5429,324.3408,356.65,335.3465,378.1062
2026-03-01 13:00:00,星期日,2026-03-01,13.0,757.494,257.1887,271.1217,306.35,280.7964,317.0083
2026-03-01 14:00:00,星期日,2026-03-01,14.0,909.245,270.4084,289.5877,320.375,286.1136,315.5692
2026-03-01 15:00:00,星期日,2026-03-01,15.0,558.564,265.8969,293.0688,320.0,282.8355,309.1608
2026-03-01 16:00:00,星期日,2026-03-01,16.0,366.369,265.3559,305.9,350.345,258.3773,287.8967
2026-03-01 17:00:00,星期日,2026-03-01,17.0,336.544,312.3282,281.8212,310.0,314.9963,310.1728
2026-03-01 18:00:00,星期日,2026-03-01,18.0,321.416,340.7586,299.5257,326.993,336.2192,330.3358
2026-03-01 19:00:00,星期日,2026-03-01,19.0,331.805,350.1655,323.1105,349.49,375.2855,347.937
2026-03-01 20:00:00,星期日,2026-03-01,20.0,328.573,351.9177,337.0682,364.5,379.1813,357.9763
2026-03-01 21:00:00,星期日,2026-03-01,21.0,327.741,342.0732,314.3813,331.62,363.388,347.6517
2026-03-01 22:00:00,星期日,2026-03-01,22.0,319.313,333.2101,303.6672,330.08,330.1329,324.3877
2026-03-01 23:00:00,星期日,2026-03-01,23.0,308.102,322.6014,279.8759,309.985,306.7031,296.6648
2026-03-02 00:00:00,星期日,2026-03-01,24.0,299.643,305.7965,260.9434,294.0,278.0241,272.2029
2026-03-02 01:00:00,星期一,2026-03-02,1.0,293.039,242.7793,249.1945,256.05,281.623,294.8081
2026-03-02 02:00:00,星期一,2026-03-02,2.0,298.0,238.8042,241.8161,255.5,269.106,271.2189
2026-03-02 03:00:00,星期一,2026-03-02,3.0,299.593,229.9788,129.9096,121.0,247.8839,249.3883
2026-03-02 04:00:00,星期一,2026-03-02,4.0,297.597,213.2098,121.4038,108.625,239.7512,242.2157
2026-03-02 05:00:00,星期一,2026-03-02,5.0,297.875,208.5363,202.5513,209.788,230.5671,232.5411
2026-03-02 06:00:00,星期一,2026-03-02,6.0,293.991,197.4984,203.1626,208.793,237.4293,236.1208
2026-03-02 07:00:00,星期一,2026-03-02,7.0,289.515,221.726,257.2217,240.0,264.3223,264.4826
2026-03-02 08:00:00,星期一,2026-03-02,8.0,312.457,294.2306,331.516,322.375,322.3214,330.3047
2026-03-02 09:00:00,星期一,2026-03-02,9.0,372.25,403.5744,400.1512,408.15,415.6831,495.1199
2026-03-02 10:00:00,星期一,2026-03-02,10.0,342.987,419.0398,402.4613,428.5,419.6198,497.9645
2026-03-02 11:00:00,星期一,2026-03-02,11.0,342.879,434.8887,401.2494,408.188,430.4835,506.732
2026-03-02 12:00:00,星期一,2026-03-02,12.0,394.558,425.9791,389.3875,421.0,420.2735,473.79
2026-03-02 13:00:00,星期一,2026-03-02,13.0,399.402,382.3134,346.8044,362.7,388.7875,422.4518
2026-03-02 14:00:00,星期一,2026-03-02,14.0,461.541,384.8474,361.1548,380.0,379.7124,421.5079
2026-03-02 15:00:00,星期一,2026-03-02,15.0,401.163,388.2281,352.7328,354.0,370.1267,416.9303
2026-03-02 16:00:00,星期一,2026-03-02,16.0,365.493,408.9223,360.7358,350.375,380.38,421.92
2026-03-02 17:00:00,星期一,2026-03-02,17.0,376.331,386.1196,362.6716,390.0,415.8011,427.7888
2026-03-02 18:00:00,星期一,2026-03-02,18.0,387.194,406.1173,402.2624,419.375,445.5962,465.0022
2026-03-02 19:00:00,星期一,2026-03-02,19.0,474.56,420.2519,401.6742,412.5,458.5454,482.5103
2026-03-02 20:00:00,星期一,2026-03-02,20.0,512.791,424.8679,404.0462,415.14,450.0477,481.6283
2026-03-02 21:00:00,星期一,2026-03-02,21.0,525.394,425.903,400.9085,410.5,445.0628,477.1286
2026-03-02 22:00:00,星期一,2026-03-02,22.0,441.597,419.6517,401.101,406.5,432.413,456.9375
2026-03-02 23:00:00,星期一,2026-03-02,23.0,387.048,411.5319,397.012,393.5,421.1267,438.2325
2026-03-03 00:00:00,星期一,2026-03-02,24.0,363.234,399.6642,386.1516,375.5,407.4014,414.7508
2026-03-03 01:00:00,星期二,2026-03-03,1.0,336.537,397.2038,356.9677,340.0,414.3696,406.5388
2026-03-03 02:00:00,星期二,2026-03-03,2.0,332.015,389.3352,356.86,340.0,407.8898,399.24
2026-03-03 03:00:00,星期二,2026-03-03,3.0,326.324,388.223,360.0876,340.0,400.1179,386.5029
2026-03-03 04:00:00,星期二,2026-03-03,4.0,332.995,389.7162,358.4674,340.0,401.9068,391.8124
2026-03-03 05:00:00,星期二,2026-03-03,5.0,330.818,392.4739,366.0597,350.0,403.1652,390.735
2026-03-03 06:00:00,星期二,2026-03-03,6.0,329.527,394.0093,369.3451,350.0,408.53,398.4087
2026-03-03 07:00:00,星期二,2026-03-03,7.0,330.277,396.602,369.662,350.0,409.5107,405.9112
2026-03-03 08:00:00,星期二,2026-03-03,8.0,358.716,409.5575,400.6674,392.5,427.6856,438.3084
2026-03-03 09:00:00,星期二,2026-03-03,9.0,415.752,414.2238,417.2576,396.875,433.5267,432.6823
2026-03-03 10:00:00,星期二,2026-03-03,10.0,399.928,370.1444,375.5521,400.5,390.7071,378.9406
2026-03-03 11:00:00,星期二,2026-03-03,11.0,446.608,342.5217,339.461,366.89,339.0054,344.5849
2026-03-03 12:00:00,星期二,2026-03-03,12.0,496.292,270.5711,293.5903,341.05,278.1681,288.0332
2026-03-03 13:00:00,星期二,2026-03-03,13.0,404.407,197.9139,223.9166,259.5,210.5044,222.3008
2026-03-03 14:00:00,星期二,2026-03-03,14.0,390.013,190.5718,240.9478,266.0,192.9422,211.0579
2026-03-03 15:00:00,星期二,2026-03-03,15.0,380.523,228.1183,272.445,300.0,210.7955,228.486
2026-03-03 16:00:00,星期二,2026-03-03,16.0,352.564,303.9426,319.7791,316.348,261.5583,277.5354
2026-03-03 17:00:00,星期二,2026-03-03,17.0,362.379,383.2666,381.6016,360.0,370.0688,332.7843
2026-03-03 18:00:00,星期二,2026-03-03,18.0,378.26,419.6163,428.3485,392.5,428.0535,410.2528
2026-03-03 19:00:00,星期二,2026-03-03,19.0,395.005,428.6507,429.0629,386.558,444.0788,433.4991
2026-03-03 20:00:00,星期二,2026-03-03,20.0,399.501,423.5865,438.037,412.5,436.9348,429.1926
2026-03-03 21:00:00,星期二,2026-03-03,21.0,404.448,419.2693,432.5869,410.0,438.9772,423.2483
2026-03-03 22:00:00,星期二,2026-03-03,22.0,408.721,413.0236,416.054,380.0,422.6329,407.3359
2026-03-03 23:00:00,星期二,2026-03-03,23.0,461.048,404.1821,401.0852,360.0,409.2158,388.6826
2026-03-04 00:00:00,星期二,2026-03-03,24.0,355.947,377.7844,385.8512,350.27,372.827,348.7677
2026-03-04 01:00:00,星期三,2026-03-04,1.0,331.88,370.3705,348.5274,359.5,355.5559,347.7516
2026-03-04 02:00:00,星期三,2026-03-04,2.0,319.864,356.9494,337.5081,350.0,344.5003,339.6418
2026-03-04 03:00:00,星期三,2026-03-04,3.0,309.312,350.4193,337.3826,350.0,335.2809,330.1391
2026-03-04 04:00:00,星期三,2026-03-04,4.0,306.0,337.7263,333.7097,350.0,332.1207,324.6266
2026-03-04 05:00:00,星期三,2026-03-04,5.0,306.078,335.7504,326.3052,337.75,329.9303,319.0429
2026-03-04 06:00:00,星期三,2026-03-04,6.0,300.496,324.5702,333.2159,350.0,333.4295,322.5214
2026-03-04 07:00:00,星期三,2026-03-04,7.0,301.962,307.2366,309.88,325.683,341.6884,315.0184
2026-03-04 08:00:00,星期三,2026-03-04,8.0,338.949,300.6088,309.3588,332.125,350.4331,316.9106
2026-03-04 09:00:00,星期三,2026-03-04,9.0,758.439,302.6454,307.9546,345.5,284.7625,323.7892
2026-03-04 10:00:00,星期三,2026-03-04,10.0,970.785,205.4368,271.3773,358.5,223.0587,265.6083
2026-03-04 11:00:00,星期三,2026-03-04,11.0,1002.744,217.3106,238.3817,269.125,211.7352,261.0568
2026-03-04 12:00:00,星期三,2026-03-04,12.0,733.559,199.5257,223.7828,260.0,200.24,255.5812
2026-03-04 13:00:00,星期三,2026-03-04,13.0,352.083,144.2466,196.8456,228.013,152.4584,224.1975
2026-03-04 14:00:00,星期三,2026-03-04,14.0,360.94,197.2475,246.2244,270.5,191.6169,251.13
2026-03-04 15:00:00,星期三,2026-03-04,15.0,386.153,242.094,290.3607,338.89,229.3489,286.2317
2026-03-04 16:00:00,星期三,2026-03-04,16.0,403.272,298.7789,332.8973,366.5,288.3778,325.5938
2026-03-04 17:00:00,星期三,2026-03-04,17.0,439.589,369.5735,380.2085,405.05,378.8511,364.4467
2026-03-04 18:00:00,星期三,2026-03-04,18.0,383.01,398.977,401.1664,416.0,414.3413,413.0297
2026-03-04 19:00:00,星期三,2026-03-04,19.0,394.07,397.9241,407.8043,417.548,406.8593,408.2001
2026-03-04 20:00:00,星期三,2026-03-04,20.0,402.489,394.4827,406.164,416.85,400.3832,394.7839
2026-03-04 21:00:00,星期三,2026-03-04,21.0,428.261,393.2372,398.6433,406.04,406.1046,395.5086
2026-03-04 22:00:00,星期三,2026-03-04,22.0,411.617,389.3658,400.297,410.0,395.1909,388.3424
2026-03-04 23:00:00,星期三,2026-03-04,23.0,375.583,384.0743,374.1748,384.9,384.6149,370.5763
2026-03-05 00:00:00,星期三,2026-03-04,24.0,354.601,370.3661,353.3806,365.0,359.9507,343.7096
2026-03-05 01:00:00,星期四,2026-03-05,1.0,355.65,342.6725,309.2628,335.45,370.1903,373.0526
2026-03-05 02:00:00,星期四,2026-03-05,2.0,354.144,336.2297,300.8611,328.0,356.016,364.4796
2026-03-05 03:00:00,星期四,2026-03-05,3.0,351.842,331.5993,297.2594,325.0,346.5716,350.6193
2026-03-05 04:00:00,星期四,2026-03-05,4.0,350.322,330.2308,293.9751,322.0,346.2028,352.7839
2026-03-05 05:00:00,星期四,2026-03-05,5.0,345.404,330.4351,297.4888,325.0,345.3736,349.1441
2026-03-05 06:00:00,星期四,2026-03-05,6.0,345.816,332.8986,313.5881,340.96,348.2185,355.5422
2026-03-05 07:00:00,星期四,2026-03-05,7.0,340.079,347.8627,313.5627,338.925,371.8951,369.8154
2026-03-05 08:00:00,星期四,2026-03-05,8.0,371.835,380.2559,367.0162,381.36,404.7613,415.5372
2026-03-05 09:00:00,星期四,2026-03-05,9.0,929.228,442.1332,497.7834,500.0,480.0963,569.4556
2026-03-05 10:00:00,星期四,2026-03-05,10.0,733.563,450.2328,556.3244,600.0,517.9247,601.4985
2026-03-05 11:00:00,星期四,2026-03-05,11.0,477.221,461.4832,566.8949,600.0,537.0767,632.1782
2026-03-05 12:00:00,星期四,2026-03-05,12.0,405.731,470.0833,553.1623,600.0,541.5493,619.6251
2026-03-05 13:00:00,星期四,2026-03-05,13.0,371.424,437.5213,516.0369,582.5,489.1412,565.4417
2026-03-05 14:00:00,星期四,2026-03-05,14.0,390.364,449.0149,537.7321,582.0,490.578,572.3684
2026-03-05 15:00:00,星期四,2026-03-05,15.0,537.1,424.1108,453.6422,441.25,453.0857,530.7828
2026-03-05 16:00:00,星期四,2026-03-05,16.0,432.092,413.7421,443.7513,426.49,430.684,492.1423
2026-03-05 17:00:00,星期四,2026-03-05,17.0,387.334,397.2565,394.1702,400.0,423.0217,429.9167
2026-03-05 18:00:00,星期四,2026-03-05,18.0,367.508,394.3851,392.4829,400.0,422.6138,428.29
2026-03-05 19:00:00,星期四,2026-03-05,19.0,358.949,394.2677,397.6763,406.78,426.1169,423.8692
2026-03-05 20:00:00,星期四,2026-03-05,20.0,348.515,388.286,390.5014,400.0,402.0963,407.2367
2026-03-05 21:00:00,星期四,2026-03-05,21.0,337.092,371.361,367.8641,393.1,384.7955,385.5173
2026-03-05 22:00:00,星期四,2026-03-05,22.0,316.662,359.7633,347.9994,373.66,367.5606,363.488
2026-03-05 23:00:00,星期四,2026-03-05,23.0,312.645,332.6716,329.3234,371.19,332.7931,331.079
2026-03-06 00:00:00,星期四,2026-03-05,24.0,241.32,313.2622,282.1055,320.0,312.7752,304.2706
2026-03-06 01:00:00,星期五,2026-03-06,1.0,221.536,273.2523,285.5693,300.0,224.4799,259.847
2026-03-06 02:00:00,星期五,2026-03-06,2.0,-16.797,233.0742,255.4489,278.5,176.1276,241.1611
2026-03-06 03:00:00,星期五,2026-03-06,3.0,-58.123,218.4996,240.5413,257.2,160.3826,229.3741
2026-03-06 04:00:00,星期五,2026-03-06,4.0,-80.0,209.9284,224.728,237.71,145.9911,230.3691
2026-03-06 05:00:00,星期五,2026-03-06,5.0,-27.386,213.413,209.067,222.145,147.5245,227.8169
2026-03-06 06:00:00,星期五,2026-03-06,6.0,79.402,205.0359,211.9577,224.365,163.4502,231.3937
2026-03-06 07:00:00,星期五,2026-03-06,7.0,239.556,232.0505,252.8742,272.8,231.2472,241.4803
2026-03-06 08:00:00,星期五,2026-03-06,8.0,422.522,191.7431,281.5253,308.95,242.9723,249.0259
2026-03-06 09:00:00,星期五,2026-03-06,9.0,374.451,209.6294,250.2134,309.95,185.2683,180.0693
2026-03-06 10:00:00,星期五,2026-03-06,10.0,13.967,62.0218,117.8566,150.5,69.6377,91.276
2026-03-06 11:00:00,星期五,2026-03-06,11.0,-80.0,-30.9076,5.4428,0.0,4.4959,38.0263
2026-03-06 12:00:00,星期五,2026-03-06,12.0,-80.0,-44.6216,-21.4039,-22.625,-60.7216,-12.0034
2026-03-06 13:00:00,星期五,2026-03-06,13.0,-80.0,-76.8844,-54.5952,-48.5,-58.9843,-77.914
2026-03-06 14:00:00,星期五,2026-03-06,14.0,-80.0,-58.9094,-21.9517,-31.0,-69.8085,-44.0565
2026-03-06 15:00:00,星期五,2026-03-06,15.0,-80.0,-27.1796,13.7302,-23.01,-35.2692,-2.9867
2026-03-06 16:00:00,星期五,2026-03-06,16.0,-80.0,-1.1626,105.7587,58.763,47.1284,97.9556
2026-03-06 17:00:00,星期五,2026-03-06,17.0,458.826,306.3815,352.6963,391.75,336.3391,281.0008
2026-03-06 18:00:00,星期五,2026-03-06,18.0,580.258,377.2789,473.7886,504.5,436.0661,402.9404
2026-03-06 19:00:00,星期五,2026-03-06,19.0,593.862,393.5687,475.5089,498.5,451.1089,429.7131
2026-03-06 20:00:00,星期五,2026-03-06,20.0,549.63,386.5782,476.924,505.125,439.3272,419.2393
2026-03-06 21:00:00,星期五,2026-03-06,21.0,567.634,388.7844,462.1194,487.625,438.5724,414.3182
2026-03-06 22:00:00,星期五,2026-03-06,22.0,629.657,376.1014,461.4844,490.5,416.2837,394.4624
2026-03-06 23:00:00,星期五,2026-03-06,23.0,714.262,372.9626,456.0439,490.5,415.9422,383.0199
2026-03-07 00:00:00,星期五,2026-03-06,24.0,642.046,359.4066,437.0721,471.5,399.0382,365.5453
2026-03-07 01:00:00,星期六,2026-03-07,1.0,502.637,345.3559,383.068,400.5,413.0082,426.7148
2026-03-07 02:00:00,星期六,2026-03-07,2.0,433.52,337.1178,367.7923,393.0,402.067,416.4664
2026-03-07 03:00:00,星期六,2026-03-07,3.0,425.193,333.1364,380.2628,402.5,388.4549,393.7697
2026-03-07 04:00:00,星期六,2026-03-07,4.0,426.062,335.3591,376.5102,399.0,386.2267,390.8312
2026-03-07 05:00:00,星期六,2026-03-07,5.0,420.807,338.8511,370.3952,395.5,382.7809,386.754
2026-03-07 06:00:00,星期六,2026-03-07,6.0,421.449,338.0745,380.1048,399.0,377.3087,390.9599
2026-03-07 07:00:00,星期六,2026-03-07,7.0,427.512,321.4152,353.0221,378.44,387.1315,369.1079
2026-03-07 08:00:00,星期六,2026-03-07,8.0,407.612,239.5036,346.6608,385.8,303.7238,304.9209
2026-03-07 09:00:00,星期六,2026-03-07,9.0,24.751,121.4121,209.0217,306.0,172.1938,186.44
2026-03-07 10:00:00,星期六,2026-03-07,10.0,-80.0,-23.3593,-21.3838,-74.125,-14.1196,66.8768
2026-03-07 11:00:00,星期六,2026-03-07,11.0,-80.0,-49.6607,-41.4242,-75.0,-34.121,13.6854
2026-03-07 12:00:00,星期六,2026-03-07,12.0,-80.0,-66.8966,-57.0663,-75.0,-46.3226,-21.1163
2026-03-07 13:00:00,星期六,2026-03-07,13.0,-80.0,-85.1517,-75.7959,-75.0,-62.1017,-61.1827
2026-03-07 14:00:00,星期六,2026-03-07,14.0,-80.0,-62.8444,-59.3664,-75.0,-42.1329,-22.8907
2026-03-07 15:00:00,星期六,2026-03-07,15.0,-80.0,-36.4553,-22.9088,-75.0,-34.8576,17.0689
2026-03-07 16:00:00,星期六,2026-03-07,16.0,-77.809,20.7959,79.2815,59.0,70.0532,116.0771
2026-03-07 17:00:00,星期六,2026-03-07,17.0,394.641,323.9887,317.0874,356.05,379.5186,368.3387
2026-03-07 18:00:00,星期六,2026-03-07,18.0,445.595,389.3225,416.5608,450.125,490.3868,489.0957
2026-03-07 19:00:00,星期六,2026-03-07,19.0,466.575,400.5324,416.8707,442.5,499.3379,500.0092
2026-03-07 20:00:00,星期六,2026-03-07,20.0,462.35,388.3956,392.5804,416.125,470.8572,467.3154
2026-03-07 21:00:00,星期六,2026-03-07,21.0,497.983,375.4902,376.1981,400.5,446.4462,439.6223
2026-03-07 22:00:00,星期六,2026-03-07,22.0,530.126,361.0255,342.9023,375.0,423.7647,403.341
2026-03-07 23:00:00,星期六,2026-03-07,23.0,563.025,345.1251,329.7942,368.0,395.238,379.3673
2026-03-08 00:00:00,星期六,2026-03-07,24.0,495.916,327.4192,295.7176,326.67,355.6047,348.6264
2026-03-08 01:00:00,星期日,2026-03-08,1.0,427.178,270.3013,292.424,320.0,333.2475,348.7565
2026-03-08 02:00:00,星期日,2026-03-08,2.0,409.284,243.1563,272.9463,304.0,288.8625,314.3447
2026-03-08 03:00:00,星期日,2026-03-08,3.0,393.134,228.4487,207.0193,233.2,275.8437,302.241
2026-03-08 04:00:00,星期日,2026-03-08,4.0,377.163,213.9881,199.0865,220.5,266.99,288.8966
2026-03-08 05:00:00,星期日,2026-03-08,5.0,388.519,224.8847,198.086,220.5,265.2424,280.2808
2026-03-08 06:00:00,星期日,2026-03-08,6.0,355.302,204.089,237.931,268.5,234.163,271.2453
2026-03-08 07:00:00,星期日,2026-03-08,7.0,317.335,162.8468,191.0555,218.0,242.9656,252.1446
2026-03-08 08:00:00,星期日,2026-03-08,8.0,361.586,145.4205,243.1775,283.75,208.7818,212.3742
2026-03-08 09:00:00,星期日,2026-03-08,9.0,438.467,47.4901,116.606,181.5,76.2701,104.1776
2026-03-08 10:00:00,星期日,2026-03-08,10.0,504.124,-47.9907,-53.5543,-75.0,-36.8,-0.3622
2026-03-08 11:00:00,星期日,2026-03-08,11.0,422.979,-65.565,-58.4324,-75.0,-61.8313,-36.316
2026-03-08 12:00:00,星期日,2026-03-08,12.0,420.32,-82.2466,-70.3222,-75.0,-78.6167,-65.7899
2026-03-08 13:00:00,星期日,2026-03-08,13.0,298.715,-84.8047,-74.6651,-75.0,-79.7118,-77.3729
2026-03-08 14:00:00,星期日,2026-03-08,14.0,56.82,-57.2439,-55.1085,-75.0,-58.4931,-29.4551
2026-03-08 15:00:00,星期日,2026-03-08,15.0,-80.0,-20.4109,24.0756,0.0,4.3645,54.7979
2026-03-08 16:00:00,星期日,2026-03-08,16.0,392.719,179.5445,209.5296,240.0,158.775,175.6097
2026-03-08 17:00:00,星期日,2026-03-08,17.0,587.791,404.8487,415.8748,453.5,375.5885,363.2738
2026-03-08 18:00:00,星期日,2026-03-08,18.0,555.244,438.8795,480.8114,497.0,434.4006,433.2659
2026-03-08 19:00:00,星期日,2026-03-08,19.0,503.468,450.7477,491.8794,503.0,449.6012,458.6733
2026-03-08 20:00:00,星期日,2026-03-08,20.0,519.754,447.2758,491.4375,500.5,444.8663,448.6646
2026-03-08 21:00:00,星期日,2026-03-08,21.0,647.223,441.4271,489.4724,500.0,438.6267,439.6622
2026-03-08 22:00:00,星期日,2026-03-08,22.0,627.016,427.846,461.3301,473.875,421.2756,416.7357
2026-03-08 23:00:00,星期日,2026-03-08,23.0,628.243,414.675,428.5655,453.25,407.1157,400.756
2026-03-09 00:00:00,星期日,2026-03-08,24.0,548.67,387.0409,398.9873,420.75,373.7563,372.8411
2026-03-09 01:00:00,星期一,2026-03-09,1.0,479.48,321.0236,359.9486,385.41,353.9475,371.1292
2026-03-09 02:00:00,星期一,2026-03-09,2.0,393.617,285.1919,338.2565,376.5,312.805,336.529
2026-03-09 03:00:00,星期一,2026-03-09,3.0,364.072,261.2488,268.7907,300.19,255.6464,300.9505
2026-03-09 04:00:00,星期一,2026-03-09,4.0,102.753,215.4009,249.8858,280.0,221.4087,277.6754
2026-03-09 05:00:00,星期一,2026-03-09,5.0,192.79,213.2102,251.514,278.0,209.4221,263.2485
2026-03-09 06:00:00,星期一,2026-03-09,6.0,-52.461,204.246,234.5427,255.5,208.5437,252.5235
2026-03-09 07:00:00,星期一,2026-03-09,7.0,428.48,177.6969,270.9463,297.0,265.6963,247.6479
2026-03-09 08:00:00,星期一,2026-03-09,8.0,146.422,119.3395,222.1111,268.0,189.6702,183.7754
2026-03-09 09:00:00,星期一,2026-03-09,9.0,-57.921,3.5841,95.5014,150.0,61.9312,118.4713
2026-03-09 10:00:00,星期一,2026-03-09,10.0,-80.0,-62.7189,-33.9493,-43.97,-26.9835,7.5679
2026-03-09 11:00:00,星期一,2026-03-09,11.0,-80.0,-67.0885,-47.1326,-45.0,-61.0916,-33.0359
2026-03-09 12:00:00,星期一,2026-03-09,12.0,-80.0,-77.3789,-84.1199,-73.875,-78.8016,-65.7368
2026-03-09 13:00:00,星期一,2026-03-09,13.0,-80.0,-77.4341,-82.6898,-74.75,-84.6451,-73.1895
2026-03-09 14:00:00,星期一,2026-03-09,14.0,-80.0,-75.1931,-91.3353,-72.0,-82.5964,-72.2329
2026-03-09 15:00:00,星期一,2026-03-09,15.0,-80.0,-50.2204,-55.4249,-74.5,-66.405,-28.2302
2026-03-09 16:00:00,星期一,2026-03-09,16.0,-80.0,-8.3394,10.3743,-13.43,-1.5533,52.4437
2026-03-09 17:00:00,星期一,2026-03-09,17.0,267.714,349.8837,312.2349,359.5,339.0092,329.1096
2026-03-09 18:00:00,星期一,2026-03-09,18.0,497.485,445.4962,502.0645,536.5,484.8832,478.3805
2026-03-09 19:00:00,星期一,2026-03-09,19.0,548.513,462.9675,536.4345,571.5,507.2329,518.2067
2026-03-09 20:00:00,星期一,2026-03-09,20.0,513.726,457.1434,517.2837,548.875,494.0221,501.4322
2026-03-09 21:00:00,星期一,2026-03-09,21.0,497.591,448.4319,513.4818,546.375,484.2741,487.1429
2026-03-09 22:00:00,星期一,2026-03-09,22.0,503.994,435.9561,485.5545,521.505,464.7694,460.2734
2026-03-09 23:00:00,星期一,2026-03-09,23.0,556.707,424.796,467.9967,508.5,445.0343,438.315
2026-03-10 00:00:00,星期一,2026-03-09,24.0,542.256,396.9608,439.1823,481.03,410.5463,404.5278
2026-03-10 01:00:00,星期二,2026-03-10,1.0,451.65,345.6091,412.8693,447.265,366.4377,384.3129
2026-03-10 02:00:00,星期二,2026-03-10,2.0,375.269,301.6949,370.2079,394.75,317.4975,348.9639
2026-03-10 03:00:00,星期二,2026-03-10,3.0,141.25,275.6152,336.8584,359.02,264.6201,305.1879
2026-03-10 04:00:00,星期二,2026-03-10,4.0,-21.589,241.7582,231.717,262.75,224.9864,287.8326
2026-03-10 05:00:00,星期二,2026-03-10,5.0,113.75,214.4652,245.4472,278.0,210.3495,267.4495
2026-03-10 06:00:00,星期二,2026-03-10,6.0,32.762,89.4541,192.25,214.0,177.6041,232.0804
2026-03-10 07:00:00,星期二,2026-03-10,7.0,125.632,168.2641,237.4398,248.5,196.2894,215.7759
2026-03-10 08:00:00,星期二,2026-03-10,8.0,-80.0,83.8562,133.6259,150.0,117.497,131.946
2026-03-10 09:00:00,星期二,2026-03-10,9.0,-80.0,-31.9724,7.7116,0.0,-36.1726,-6.3356
2026-03-10 10:00:00,星期二,2026-03-10,10.0,-80.0,-69.0062,-65.8779,-75.0,-72.1509,-77.4954
2026-03-10 11:00:00,星期二,2026-03-10,11.0,-80.0,-84.6037,-76.0001,-75.0,-72.3598,-77.371
2026-03-10 12:00:00,星期二,2026-03-10,12.0,-80.0,-85.2847,-77.4615,-72.0,-65.59,-76.9686
2026-03-10 13:00:00,星期二,2026-03-10,13.0,-80.0,-85.539,-77.6296,-72.0,-72.692,-77.6693
2026-03-10 14:00:00,星期二,2026-03-10,14.0,-80.0,-85.479,-73.4983,-74.5,-73.712,-77.126
2026-03-10 15:00:00,星期二,2026-03-10,15.0,-80.0,-64.4722,-56.0813,-74.5,-73.308,-72.5543
2026-03-10 16:00:00,星期二,2026-03-10,16.0,-80.0,-27.8535,28.9017,0.0,-23.7855,26.4593
2026-03-10 17:00:00,星期二,2026-03-10,17.0,156.002,309.3536,267.901,267.58,255.6963,285.7928
2026-03-10 18:00:00,星期二,2026-03-10,18.0,373.855,351.369,360.6232,367.0,362.0607,376.8909
2026-03-10 19:00:00,星期二,2026-03-10,19.0,348.28,363.5404,406.5771,418.883,387.5278,398.5822
2026-03-10 20:00:00,星期二,2026-03-10,20.0,406.95,356.7806,413.2274,423.75,351.3121,379.0503
2026-03-10 21:00:00,星期二,2026-03-10,21.0,338.713,352.5147,402.1292,412.398,362.8133,367.8313
2026-03-10 22:00:00,星期二,2026-03-10,22.0,329.302,347.4565,384.6384,400.0,326.4657,348.2305
2026-03-10 23:00:00,星期二,2026-03-10,23.0,359.297,346.0846,371.2301,387.5,318.8826,340.9926
2026-03-11 00:00:00,星期二,2026-03-10,24.0,348.258,307.5208,348.8238,359.625,288.8453,324.033
2026-03-11 01:00:00,星期三,2026-03-11,1.0,469.932,295.4156,340.5834,364.5,299.9946,328.447
2026-03-11 02:00:00,星期三,2026-03-11,2.0,432.599,292.9044,347.6378,373.51,311.2283,333.8224
2026-03-11 03:00:00,星期三,2026-03-11,3.0,427.374,285.6067,353.9506,374.3,317.8709,346.1923
2026-03-11 04:00:00,星期三,2026-03-11,4.0,460.592,292.8309,319.8112,332.5,321.344,356.1768
2026-03-11 05:00:00,星期三,2026-03-11,5.0,483.283,299.1854,367.5918,375.0,330.0315,378.8283
2026-03-11 06:00:00,星期三,2026-03-11,6.0,457.953,307.7505,366.2449,375.0,337.2382,381.0502
2026-03-11 07:00:00,星期三,2026-03-11,7.0,468.951,318.1013,383.3202,395.374,355.468,356.644
2026-03-11 08:00:00,星期三,2026-03-11,8.0,485.044,249.36,325.5564,350.698,295.4361,293.4367
2026-03-11 09:00:00,星期三,2026-03-11,9.0,490.713,141.0082,114.2466,160.5,145.8451,170.2632
2026-03-11 10:00:00,星期三,2026-03-11,10.0,351.147,-21.451,0.4297,6.0,-7.0201,51.0262
2026-03-11 11:00:00,星期三,2026-03-11,11.0,13.498,-48.8247,-48.9419,-75.0,-33.7301,12.6531
2026-03-11 12:00:00,星期三,2026-03-11,12.0,-57.111,-73.6353,-54.5119,-74.5,-45.2707,-21.2825
2026-03-11 13:00:00,星期三,2026-03-11,13.0,-79.101,-85.9684,-64.4963,-75.0,-61.4108,-67.8561
2026-03-11 14:00:00,星期三,2026-03-11,14.0,-77.554,-76.611,-51.1988,-75.0,-64.2441,-60.2527
2026-03-11 15:00:00,星期三,2026-03-11,15.0,15.577,-58.4439,-42.0744,-75.0,-52.0849,-31.9213
2026-03-11 16:00:00,星期三,2026-03-11,16.0,380.303,-21.2363,7.169,-50.0,-15.4762,41.9712
2026-03-11 17:00:00,星期三,2026-03-11,17.0,528.721,325.4767,234.9543,223.69,270.3123,272.6844
2026-03-11 18:00:00,星期三,2026-03-11,18.0,493.473,374.7568,397.4959,404.195,383.3151,397.9362
2026-03-11 19:00:00,星期三,2026-03-11,19.0,479.805,398.6622,417.9475,420.0,440.174,456.054
2026-03-11 20:00:00,星期三,2026-03-11,20.0,483.871,396.0108,416.4819,425.378,420.5627,445.8602
2026-03-11 21:00:00,星期三,2026-03-11,21.0,501.26,395.1764,434.6175,450.0,421.331,442.7221
2026-03-11 22:00:00,星期三,2026-03-11,22.0,501.766,394.1858,431.0974,450.98,407.703,432.2003
2026-03-11 23:00:00,星期三,2026-03-11,23.0,500.146,392.4117,429.9547,451.0,409.6346,429.2275
2026-03-12 00:00:00,星期三,2026-03-11,24.0,504.71,385.7827,422.0347,439.5,392.6885,409.5382
2026-03-12 01:00:00,星期四,2026-03-12,1.0,511.974,348.1196,445.9038,462.645,397.1304,422.3641
2026-03-12 02:00:00,星期四,2026-03-12,2.0,436.608,331.3674,417.8077,444.96,390.2413,412.9263
2026-03-12 03:00:00,星期四,2026-03-12,3.0,426.154,322.5439,394.9453,420.0,373.3593,394.5657
2026-03-12 04:00:00,星期四,2026-03-12,4.0,421.996,312.5418,390.5495,420.0,353.7737,379.9244
2026-03-12 05:00:00,星期四,2026-03-12,5.0,415.649,312.7542,395.4593,420.0,360.9687,376.6641
2026-03-12 06:00:00,星期四,2026-03-12,6.0,424.231,307.372,403.1237,420.0,363.131,371.2653
2026-03-12 07:00:00,星期四,2026-03-12,7.0,460.013,320.5783,401.2301,416.15,372.499,358.3937
2026-03-12 08:00:00,星期四,2026-03-12,8.0,470.064,193.5952,347.1087,410.0,285.2646,270.2319
2026-03-12 09:00:00,星期四,2026-03-12,9.0,386.744,38.0222,131.8102,227.0,81.3901,80.8791
2026-03-12 10:00:00,星期四,2026-03-12,10.0,-80.0,-53.1374,-32.7412,24.0,-50.188,-35.4311
2026-03-12 11:00:00,星期四,2026-03-12,11.0,-80.0,-69.8125,-80.3963,-70.0,-70.883,-73.4597
2026-03-12 12:00:00,星期四,2026-03-12,12.0,-80.0,-85.6412,-88.7471,-70.0,-71.1735,-75.6847
2026-03-12 13:00:00,星期四,2026-03-12,13.0,-80.0,-85.6429,-94.7681,-70.0,-72.9608,-75.6902
2026-03-12 14:00:00,星期四,2026-03-12,14.0,-80.0,-85.5948,-86.6608,-73.0,-73.1618,-76.3076
2026-03-12 15:00:00,星期四,2026-03-12,15.0,-80.0,-64.8034,-78.5272,-70.0,-75.2819,-76.8693
2026-03-12 16:00:00,星期四,2026-03-12,16.0,-80.0,-20.6586,-42.6883,-64.188,-28.0905,18.3105
2026-03-12 17:00:00,星期四,2026-03-12,17.0,329.489,346.9759,283.4664,310.068,325.4009,329.5645
2026-03-12 18:00:00,星期四,2026-03-12,18.0,521.9,427.5634,457.5155,469.375,466.686,477.696
2026-03-12 19:00:00,星期四,2026-03-12,19.0,542.158,448.8927,483.3597,490.75,494.2239,520.5763
2026-03-12 20:00:00,星期四,2026-03-12,20.0,504.096,442.6271,484.2006,501.25,479.2738,509.1372
2026-03-12 21:00:00,星期四,2026-03-12,21.0,510.186,434.1945,482.1131,502.5,471.6958,491.9344
2026-03-12 22:00:00,星期四,2026-03-12,22.0,513.297,430.241,478.3203,500.5,456.2679,477.4803
2026-03-12 23:00:00,星期四,2026-03-12,23.0,547.171,426.6919,460.7623,482.015,451.0484,468.8195
2026-03-13 00:00:00,星期四,2026-03-12,24.0,571.466,408.1687,453.1837,480.0,428.4343,454.2161
2026-03-13 01:00:00,星期五,2026-03-13,1.0,638.451,369.6098,487.1022,505.5,474.1999,472.6333
2026-03-13 02:00:00,星期五,2026-03-13,2.0,536.157,335.3053,455.9207,480.0,445.7725,443.048
2026-03-13 03:00:00,星期五,2026-03-13,3.0,480.897,305.2202,346.6611,370.375,410.3503,411.2445
2026-03-13 04:00:00,星期五,2026-03-13,4.0,425.868,279.3332,378.0427,399.0,386.6039,387.3251
2026-03-13 05:00:00,星期五,2026-03-13,5.0,394.247,266.7712,356.2173,385.5,354.4425,355.7413
2026-03-13 06:00:00,星期五,2026-03-13,6.0,384.644,254.533,345.3712,378.0,331.1318,333.6914
2026-03-13 07:00:00,星期五,2026-03-13,7.0,398.14,238.2603,356.6847,397.66,338.6465,310.9324
2026-03-13 08:00:00,星期五,2026-03-13,8.0,97.22,114.3167,200.24,265.013,211.4042,202.1465
2026-03-13 09:00:00,星期五,2026-03-13,9.0,-80.0,7.2891,74.2629,100.0,-14.7329,16.0967
2026-03-13 10:00:00,星期五,2026-03-13,10.0,-80.0,-59.5749,-77.0137,-75.0,-80.513,-76.3258
2026-03-13 11:00:00,星期五,2026-03-13,11.0,-80.0,-71.8764,-81.8297,-75.0,-74.7974,-75.5753
2026-03-13 12:00:00,星期五,2026-03-13,12.0,-80.0,-74.9192,-85.1283,-75.0,-74.7858,-74.4402
2026-03-13 13:00:00,星期五,2026-03-13,13.0,-80.0,-85.6229,-85.1391,-75.0,-76.0857,-74.7906
2026-03-13 14:00:00,星期五,2026-03-13,14.0,-80.0,-57.3467,-69.0335,-75.0,-77.2253,-58.3932
2026-03-13 15:00:00,星期五,2026-03-13,15.0,223.06,-33.7031,-49.1102,-66.625,-50.067,-5.7088
2026-03-13 16:00:00,星期五,2026-03-13,16.0,493.377,44.5881,34.6135,22.705,22.0031,81.0773
2026-03-13 17:00:00,星期五,2026-03-13,17.0,641.987,350.876,341.7956,389.905,316.0597,317.5025
2026-03-13 18:00:00,星期五,2026-03-13,18.0,593.146,396.9692,354.5149,374.0,406.226,409.8188
2026-03-13 19:00:00,星期五,2026-03-13,19.0,509.289,413.6079,414.7001,416.01,441.9594,445.7592
2026-03-13 20:00:00,星期五,2026-03-13,20.0,513.337,406.7925,459.142,482.5,413.6025,425.2836
2026-03-13 21:00:00,星期五,2026-03-13,21.0,504.712,401.3507,449.8578,471.5,409.4403,416.5174
2026-03-13 22:00:00,星期五,2026-03-13,22.0,612.258,392.9653,395.6297,410.5,372.0544,397.8027
2026-03-13 23:00:00,星期五,2026-03-13,23.0,652.896,393.0024,420.2921,450.5,384.6684,392.3335
2026-03-14 00:00:00,星期五,2026-03-13,24.0,657.775,373.9347,413.0552,450.0,375.3011,377.8959
2026-03-14 01:00:00,星期六,2026-03-14,1.0,387.32,361.7111,396.1094,400.0,410.1755,419.974
2026-03-14 02:00:00,星期六,2026-03-14,2.0,392.526,353.0236,390.2561,400.0,406.3512,418.6514
2026-03-14 03:00:00,星期六,2026-03-14,3.0,389.356,349.2921,373.7442,395.55,392.1854,402.2853
2026-03-14 04:00:00,星期六,2026-03-14,4.0,380.014,349.115,368.253,397.0,398.19,407.3819
2026-03-14 05:00:00,星期六,2026-03-14,5.0,375.761,351.0051,382.2991,400.0,392.4554,403.3913
2026-03-14 06:00:00,星期六,2026-03-14,6.0,374.415,352.4104,379.9366,398.0,392.2041,397.7041
2026-03-14 07:00:00,星期六,2026-03-14,7.0,353.578,349.9267,380.4122,398.0,398.5408,379.961
2026-03-14 08:00:00,星期六,2026-03-14,8.0,336.538,363.6033,400.9482,418.0,383.9298,394.5622
2026-03-14 09:00:00,星期六,2026-03-14,9.0,327.254,352.9636,508.3464,600.0,357.9481,361.3098
2026-03-14 10:00:00,星期六,2026-03-14,10.0,328.385,342.0635,506.7253,600.0,334.6772,361.8374
2026-03-14 11:00:00,星期六,2026-03-14,11.0,338.521,355.4995,507.7441,600.0,346.8269,390.8171
2026-03-14 12:00:00,星期六,2026-03-14,12.0,342.173,353.2144,495.9061,600.0,347.8269,378.6538
2026-03-14 13:00:00,星期六,2026-03-14,13.0,340.996,325.515,475.2987,580.0,326.3854,349.8074
2026-03-14 14:00:00,星期六,2026-03-14,14.0,372.06,349.4181,507.2491,600.0,333.2892,372.4662
2026-03-14 15:00:00,星期六,2026-03-14,15.0,373.747,355.696,498.2219,578.5,326.0248,362.9217
2026-03-14 16:00:00,星期六,2026-03-14,16.0,362.002,350.9158,369.7731,397.0,334.5985,351.0145
2026-03-14 17:00:00,星期六,2026-03-14,17.0,361.753,425.8204,373.1694,390.0,441.305,474.1151
2026-03-14 18:00:00,星期六,2026-03-14,18.0,350.301,430.1124,397.8126,402.0,448.156,481.3498
2026-03-14 19:00:00,星期六,2026-03-14,19.0,361.402,439.025,420.9231,422.0,467.4901,497.3446
2026-03-14 20:00:00,星期六,2026-03-14,20.0,362.875,438.7737,424.7401,423.5,464.0687,485.6573
2026-03-14 21:00:00,星期六,2026-03-14,21.0,369.239,443.4063,424.232,420.0,461.791,480.4875
2026-03-14 22:00:00,星期六,2026-03-14,22.0,366.799,444.2849,424.0425,420.0,452.057,476.0632
2026-03-14 23:00:00,星期六,2026-03-14,23.0,367.512,442.2905,426.9327,423.5,451.1765,470.0751
2026-03-15 00:00:00,星期六,2026-03-14,24.0,359.595,417.5242,416.7375,420.0,430.9246,449.9309
2026-03-15 01:00:00,星期日,2026-03-15,1.0,432.78,386.6834,463.3246,486.0,409.2607,435.5309
2026-03-15 02:00:00,星期日,2026-03-15,2.0,420.519,370.7289,454.4601,480.5,400.4802,423.2935
2026-03-15 03:00:00,星期日,2026-03-15,3.0,410.129,358.4802,407.8699,429.28,389.6418,409.2264
2026-03-15 04:00:00,星期日,2026-03-15,4.0,407.501,351.5096,398.9985,420.0,385.2843,406.489
2026-03-15 05:00:00,星期日,2026-03-15,5.0,408.657,355.6757,396.7142,424.0,384.4509,403.6564
2026-03-15 06:00:00,星期日,2026-03-15,6.0,410.075,361.9359,393.3672,417.5,392.286,411.7609
2026-03-15 07:00:00,星期日,2026-03-15,7.0,409.285,345.5621,399.2084,428.72,390.9866,399.8932
2026-03-15 08:00:00,星期日,2026-03-15,8.0,407.008,280.1572,371.6088,409.125,342.1305,332.1083
2026-03-15 09:00:00,星期日,2026-03-15,9.0,139.857,181.1055,274.8116,384.5,199.5971,238.1773
2026-03-15 10:00:00,星期日,2026-03-15,10.0,-56.846,75.0929,64.8077,116.577,118.8714,153.5264
2026-03-15 11:00:00,星期日,2026-03-15,11.0,-41.174,43.7406,9.4098,15.0,87.4919,138.9157
2026-03-15 12:00:00,星期日,2026-03-15,12.0,28.677,-33.4694,-8.3755,49.0,44.3411,102.5867
2026-03-15 13:00:00,星期日,2026-03-15,13.0,8.815,-38.9117,-26.9973,0.0,-5.9329,59.4012
2026-03-15 14:00:00,星期日,2026-03-15,14.0,-12.532,-15.5295,10.0349,0.0,39.7061,88.8807
2026-03-15 15:00:00,星期日,2026-03-15,15.0,-9.72,-15.2431,13.751,31.0,56.0008,115.9274
2026-03-15 16:00:00,星期日,2026-03-15,16.0,-32.861,109.8318,96.9413,86.5,147.3338,183.3073
2026-03-15 17:00:00,星期日,2026-03-15,17.0,479.498,428.8434,393.3852,414.5,367.444,377.9913
2026-03-15 18:00:00,星期日,2026-03-15,18.0,555.658,481.1675,478.4087,498.375,461.0614,458.8724
2026-03-15 19:00:00,星期日,2026-03-15,19.0,543.741,498.6799,568.8806,606.5,485.0024,487.6359
2026-03-15 20:00:00,星期日,2026-03-15,20.0,547.586,492.6254,409.525,400.5,482.1019,483.7606
2026-03-15 21:00:00,星期日,2026-03-15,21.0,540.79,492.6716,431.4972,431.25,485.2789,484.9884
2026-03-15 22:00:00,星期日,2026-03-15,22.0,557.659,494.6152,484.3495,499.725,488.263,486.9322
2026-03-15 23:00:00,星期日,2026-03-15,23.0,551.611,496.2671,526.387,550.373,496.7737,492.4541
2026-03-16 00:00:00,星期日,2026-03-15,24.0,559.15,481.3735,519.1655,541.54,476.0172,480.278
2026-03-16 01:00:00,星期一,2026-03-16,1.0,469.639,431.6675,446.3551,455.0,492.4461,515.4309
2026-03-16 02:00:00,星期一,2026-03-16,2.0,421.387,419.8507,441.4682,449.5,479.6695,500.8524
2026-03-16 03:00:00,星期一,2026-03-16,3.0,395.06,412.8024,433.9271,441.0,455.6443,477.9173
2026-03-16 04:00:00,星期一,2026-03-16,4.0,394.65,389.583,433.9813,441.0,453.5785,476.4681
2026-03-16 05:00:00,星期一,2026-03-16,5.0,401.108,394.0413,434.0458,441.0,451.4915,471.8855
2026-03-16 06:00:00,星期一,2026-03-16,6.0,449.776,393.7022,438.0964,441.0,464.0601,483.8741
2026-03-16 07:00:00,星期一,2026-03-16,7.0,641.639,422.1799,435.4497,442.5,468.1396,487.2568
2026-03-16 08:00:00,星期一,2026-03-16,8.0,598.909,343.0735,421.7762,443.5,429.0241,435.133
2026-03-16 09:00:00,星期一,2026-03-16,9.0,549.38,337.2301,361.4271,402.75,311.7904,336.996
2026-03-16 10:00:00,星期一,2026-03-16,10.0,351.257,214.1098,244.4533,292.92,196.1824,219.5019
2026-03-16 11:00:00,星期一,2026-03-16,11.0,340.334,154.7502,235.5867,285.743,137.9739,185.6222
2026-03-16 12:00:00,星期一,2026-03-16,12.0,284.17,96.1471,125.5508,146.66,74.6479,139.7474
2026-03-16 13:00:00,星期一,2026-03-16,13.0,14.891,-9.6434,7.5144,20.0,26.4939,88.4704
2026-03-16 14:00:00,星期一,2026-03-16,14.0,-80.0,19.6603,43.282,20.0,51.5625,105.3198
2026-03-16 15:00:00,星期一,2026-03-16,15.0,59.938,75.6324,82.8285,71.198,58.5136,137.6557
2026-03-16 16:00:00,星期一,2026-03-16,16.0,315.537,180.3049,197.8772,200.345,157.4547,209.3291
2026-03-16 17:00:00,星期一,2026-03-16,17.0,366.614,393.6558,384.8128,407.5,418.8465,422.9372
2026-03-16 18:00:00,星期一,2026-03-16,18.0,481.352,450.991,452.3535,458.625,498.498,493.178
2026-03-16 19:00:00,星期一,2026-03-16,19.0,550.824,470.6374,475.6721,480.75,523.8041,520.7609
2026-03-16 20:00:00,星期一,2026-03-16,20.0,536.097,457.8884,452.2249,461.0,506.3945,507.3042
2026-03-16 21:00:00,星期一,2026-03-16,21.0,599.827,450.9746,438.0668,445.5,497.1371,497.2798
2026-03-16 22:00:00,星期一,2026-03-16,22.0,555.81,444.7596,431.7725,440.0,474.0966,483.0886
2026-03-16 23:00:00,星期一,2026-03-16,23.0,509.562,434.75,430.4101,440.0,462.7156,469.3032
2026-03-17 00:00:00,星期一,2026-03-16,24.0,386.802,414.2949,411.5683,422.5,439.5843,445.3637
2026-03-17 01:00:00,星期二,2026-03-17,1.0,392.403,418.1486,444.2451,445.5,445.5046,410.2915
2026-03-17 02:00:00,星期二,2026-03-17,2.0,379.504,409.4303,436.296,435.0,446.6674,411.0042
2026-03-17 03:00:00,星期二,2026-03-17,3.0,374.5,386.4962,414.5127,408.0,440.8747,400.1098
2026-03-17 04:00:00,星期二,2026-03-17,4.0,362.767,379.5561,414.0528,407.0,445.0828,405.4157
2026-03-17 05:00:00,星期二,2026-03-17,5.0,369.97,388.3166,419.2599,412.16,444.8553,404.8886
2026-03-17 06:00:00,星期二,2026-03-17,6.0,384.243,392.0996,423.842,419.4,457.2443,417.5173
2026-03-17 07:00:00,星期二,2026-03-17,7.0,415.829,391.9653,449.6256,447.5,457.1831,417.7161
2026-03-17 08:00:00,星期二,2026-03-17,8.0,363.815,303.1621,401.745,424.675,399.4041,361.1956
2026-03-17 09:00:00,星期二,2026-03-17,9.0,285.303,245.6248,235.068,262.302,272.4897,305.2908
2026-03-17 10:00:00,星期二,2026-03-17,10.0,-63.745,85.9503,187.6105,250.0,157.7629,197.5086
2026-03-17 11:00:00,星期二,2026-03-17,11.0,-80.0,82.1039,189.502,250.0,139.8115,188.7259
2026-03-17 12:00:00,星期二,2026-03-17,12.0,-80.0,76.4673,192.5193,247.0,123.9104,177.933
2026-03-17 13:00:00,星期二,2026-03-17,13.0,-80.0,49.8081,144.5913,215.51,97.6634,157.7762
2026-03-17 14:00:00,星期二,2026-03-17,14.0,-80.0,138.8168,208.4733,243.5,191.6255,228.9832
2026-03-17 15:00:00,星期二,2026-03-17,15.0,206.393,278.048,313.3572,339.468,279.451,317.7804
2026-03-17 16:00:00,星期二,2026-03-17,16.0,382.288,372.6507,390.0999,401.125,352.4892,404.9825
2026-03-17 17:00:00,星期二,2026-03-17,17.0,546.442,463.1062,452.5062,456.0,456.6144,461.8096
2026-03-17 18:00:00,星期二,2026-03-17,18.0,591.351,489.3034,479.8878,475.0,494.605,485.9086
2026-03-17 19:00:00,星期二,2026-03-17,19.0,585.398,487.321,480.8382,475.5,506.6598,498.7738
2026-03-17 20:00:00,星期二,2026-03-17,20.0,541.824,472.1925,501.6399,514.04,484.6237,478.6619
2026-03-17 21:00:00,星期二,2026-03-17,21.0,586.872,467.3842,481.2888,490.0,475.9958,477.7295
2026-03-17 22:00:00,星期二,2026-03-17,22.0,550.095,459.9277,448.2264,450.0,456.5387,470.7263
2026-03-17 23:00:00,星期二,2026-03-17,23.0,470.487,457.0359,442.769,450.0,447.4316,474.6515
2026-03-18 00:00:00,星期二,2026-03-17,24.0,372.978,424.7649,430.5484,445.0,422.1112,462.4103
2026-03-18 01:00:00,星期三,2026-03-18,1.0,407.672,404.5215,408.1659,418.0,453.6995,433.7906
2026-03-18 02:00:00,星期三,2026-03-18,2.0,396.058,399.9784,390.6766,397.5,451.9444,428.9053
2026-03-18 03:00:00,星期三,2026-03-18,3.0,395.008,392.2024,366.2329,377.875,428.2362,414.0417
2026-03-18 04:00:00,星期三,2026-03-18,4.0,383.248,376.0059,343.9827,359.4,414.8004,402.1712
2026-03-18 05:00:00,星期三,2026-03-18,5.0,391.21,363.9484,335.5856,354.5,402.2851,375.2521
2026-03-18 06:00:00,星期三,2026-03-18,6.0,388.341,360.7091,327.9609,348.05,378.5154,373.5146
2026-03-18 07:00:00,星期三,2026-03-18,7.0,377.535,350.6724,350.7851,379.2,368.4038,370.8266
2026-03-18 08:00:00,星期三,2026-03-18,8.0,386.001,315.4434,289.1716,319.65,326.0745,354.9911
2026-03-18 09:00:00,星期三,2026-03-18,9.0,402.335,296.576,306.709,322.875,300.5886,329.5089
2026-03-18 10:00:00,星期三,2026-03-18,10.0,389.885,147.7396,226.8997,300.0,196.171,242.4627
2026-03-18 11:00:00,星期三,2026-03-18,11.0,374.176,97.2266,55.1763,64.625,155.6135,208.7018
2026-03-18 12:00:00,星期三,2026-03-18,12.0,350.894,48.4282,3.5045,8.0,97.3442,171.2587
2026-03-18 13:00:00,星期三,2026-03-18,13.0,266.141,-16.4351,-29.8887,-60.62,30.7104,116.7433
2026-03-18 14:00:00,星期三,2026-03-18,14.0,-59.709,38.164,-16.1488,-49.725,61.898,143.3447
2026-03-18 15:00:00,星期三,2026-03-18,15.0,-72.106,75.3359,86.6173,88.25,101.5446,175.5988
2026-03-18 16:00:00,星期三,2026-03-18,16.0,36.302,170.9051,239.1906,257.35,183.8794,231.7867
2026-03-18 17:00:00,星期三,2026-03-18,17.0,412.455,394.5608,395.3694,432.078,406.1036,380.7051
2026-03-18 18:00:00,星期三,2026-03-18,18.0,468.622,468.6552,462.7625,468.0,508.3217,456.6704
2026-03-18 19:00:00,星期三,2026-03-18,19.0,560.193,504.4389,497.7547,492.625,537.5925,482.6078
2026-03-18 20:00:00,星期三,2026-03-18,20.0,492.61,499.69,528.1091,543.0,532.1776,476.6236
2026-03-18 21:00:00,星期三,2026-03-18,21.0,459.476,499.3575,527.9689,542.5,532.8202,487.3799
2026-03-18 22:00:00,星期三,2026-03-18,22.0,464.418,485.0481,493.0926,495.0,507.7953,486.1265
2026-03-18 23:00:00,星期三,2026-03-18,23.0,453.46,475.0151,476.8761,480.0,500.2189,481.1458
2026-03-19 00:00:00,星期三,2026-03-18,24.0,429.48,447.677,473.6425,490.5,473.3184,464.9661
2026-03-19 01:00:00,星期四,2026-03-19,1.0,500.989,416.4708,446.7258,459.39,445.3122,456.5684
2026-03-19 02:00:00,星期四,2026-03-19,2.0,473.734,383.8061,419.4767,432.3,418.489,429.8864
2026-03-19 03:00:00,星期四,2026-03-19,3.0,459.01,373.9174,436.8116,447.0,400.9086,408.4165
2026-03-19 04:00:00,星期四,2026-03-19,4.0,455.962,366.9033,419.14,429.5,396.0435,405.3695
2026-03-19 05:00:00,星期四,2026-03-19,5.0,461.005,366.8902,420.4166,432.5,394.9884,404.7005
2026-03-19 06:00:00,星期四,2026-03-19,6.0,465.473,372.8025,452.1185,467.9,389.5785,401.6486
2026-03-19 07:00:00,星期四,2026-03-19,7.0,473.454,367.205,428.4703,450.0,389.2695,398.2156
2026-03-19 08:00:00,星期四,2026-03-19,8.0,221.994,252.6733,373.4227,427.013,289.3323,281.0007
2026-03-19 09:00:00,星期四,2026-03-19,9.0,-80.0,137.6946,185.1137,254.5,169.0717,228.9628
2026-03-19 10:00:00,星期四,2026-03-19,10.0,-80.0,-31.1856,-2.1418,0.0,11.4708,75.2473
2026-03-19 11:00:00,星期四,2026-03-19,11.0,-80.0,-53.3089,-13.4603,-2.125,-30.2641,9.5891
2026-03-19 12:00:00,星期四,2026-03-19,12.0,-80.0,-72.39,-61.6933,-48.5,-56.6851,-49.8727
2026-03-19 13:00:00,星期四,2026-03-19,13.0,-80.0,-81.4924,-67.8169,-45.0,-74.7437,-73.0144
2026-03-19 14:00:00,星期四,2026-03-19,14.0,-80.0,-77.3743,-51.0802,-35.5,-73.9148,-73.7771
2026-03-19 15:00:00,星期四,2026-03-19,15.0,-80.0,-61.3204,-40.856,-50.0,-60.8659,-44.5431
2026-03-19 16:00:00,星期四,2026-03-19,16.0,-80.0,-16.0767,26.6992,0.0,-6.6042,65.5775
2026-03-19 17:00:00,星期四,2026-03-19,17.0,309.7,312.3978,366.4957,413.5,326.845,301.1969
2026-03-19 18:00:00,星期四,2026-03-19,18.0,436.4,463.6152,428.9829,437.0,446.5361,434.5843
2026-03-19 19:00:00,星期四,2026-03-19,19.0,434.735,471.9315,483.2592,500.5,470.2364,460.9566
2026-03-19 20:00:00,星期四,2026-03-19,20.0,431.545,457.3946,507.8199,543.0,449.3295,466.1144
2026-03-19 21:00:00,星期四,2026-03-19,21.0,420.454,448.7061,478.2389,508.5,439.8609,435.0402
2026-03-19 22:00:00,星期四,2026-03-19,22.0,432.616,437.3629,459.9999,495.0,422.2827,411.3059
2026-03-19 23:00:00,星期四,2026-03-19,23.0,444.307,425.18,444.3391,480.0,408.6473,402.8183
2026-03-20 00:00:00,星期四,2026-03-19,24.0,441.545,396.6504,427.5106,466.0,391.5569,382.4262
2026-03-20 01:00:00,星期五,2026-03-20,1.0,352.843,360.9484,380.6,400.0,407.0561,431.9239
2026-03-20 02:00:00,星期五,2026-03-20,2.0,345.102,351.721,373.1953,391.25,416.2134,423.5641
2026-03-20 03:00:00,星期五,2026-03-20,3.0,345.691,352.9338,370.2199,390.0,423.0254,414.4626
2026-03-20 04:00:00,星期五,2026-03-20,4.0,346.806,360.2651,388.882,400.0,426.6949,418.3172
2026-03-20 05:00:00,星期五,2026-03-20,5.0,364.188,374.7294,411.4937,420.0,446.2939,423.8204
2026-03-20 06:00:00,星期五,2026-03-20,6.0,399.857,390.5784,411.3665,420.0,467.9914,450.9149
2026-03-20 07:00:00,星期五,2026-03-20,7.0,539.061,393.3251,418.4916,424.75,463.1257,438.4851
2026-03-20 08:00:00,星期五,2026-03-20,8.0,360.533,252.5817,345.221,387.15,369.4681,339.3918
2026-03-20 09:00:00,星期五,2026-03-20,9.0,136.96,116.6034,50.9617,67.5,128.1592,149.2364
2026-03-20 10:00:00,星期五,2026-03-20,10.0,-80.0,-48.2879,-57.1299,-50.0,-43.3971,-10.9833
2026-03-20 11:00:00,星期五,2026-03-20,11.0,-80.0,-61.088,-66.8402,-50.0,-58.3574,-41.8636
2026-03-20 12:00:00,星期五,2026-03-20,12.0,-80.0,-78.0771,-85.4534,-72.5,-73.5686,-62.6972
2026-03-20 13:00:00,星期五,2026-03-20,13.0,-80.0,-81.0634,-89.7496,-75.0,-73.231,-64.7356
2026-03-20 14:00:00,星期五,2026-03-20,14.0,-80.0,-79.2918,-87.2115,-75.0,-73.231,-63.3457
2026-03-20 15:00:00,星期五,2026-03-20,15.0,-80.0,-52.4527,-62.8415,-56.625,-63.9517,-41.4034
2026-03-20 16:00:00,星期五,2026-03-20,16.0,-80.0,-15.622,8.3455,-10.0,-22.1646,37.0243
2026-03-20 17:00:00,星期五,2026-03-20,17.0,278.221,342.7103,312.642,360.0,349.7371,324.9203
2026-03-20 18:00:00,星期五,2026-03-20,18.0,374.16,448.8776,421.3502,440.0,474.2203,456.6696
2026-03-20 19:00:00,星期五,2026-03-20,19.0,369.897,457.5386,445.7451,450.0,508.3022,483.1977
2026-03-20 20:00:00,星期五,2026-03-20,20.0,377.847,448.379,438.7623,450.0,495.2519,473.3384
2026-03-20 21:00:00,星期五,2026-03-20,21.0,381.304,431.583,430.9504,450.0,479.9002,464.2836
2026-03-20 22:00:00,星期五,2026-03-20,22.0,394.964,437.3143,392.6571,410.0,449.2017,419.5359
2026-03-20 23:00:00,星期五,2026-03-20,23.0,404.531,422.4938,384.7965,410.5,430.5982,413.992
2026-03-21 00:00:00,星期五,2026-03-20,24.0,391.983,377.1596,372.1983,410.3,399.1039,415.067
2026-03-21 01:00:00,星期六,2026-03-21,1.0,382.586,340.8511,340.0206,373.5,350.6588,397.7957
2026-03-21 02:00:00,星期六,2026-03-21,2.0,369.319,304.9881,308.5615,344.25,331.5122,375.9813
2026-03-21 03:00:00,星期六,2026-03-21,3.0,360.762,278.1748,288.2929,321.0,302.7657,354.0657
2026-03-21 04:00:00,星期六,2026-03-21,4.0,355.207,261.2734,273.048,306.0,281.3637,337.593
2026-03-21 05:00:00,星期六,2026-03-21,5.0,352.584,270.0049,284.5734,318.0,292.1163,335.8057
2026-03-21 06:00:00,星期六,2026-03-21,6.0,353.389,283.2256,292.5493,328.5,285.3681,338.9155
2026-03-21 07:00:00,星期六,2026-03-21,7.0,347.458,266.2243,291.9909,327.5,308.126,321.1353
2026-03-21 08:00:00,星期六,2026-03-21,8.0,332.181,124.4073,110.7062,150.0,178.8381,156.9874
2026-03-21 09:00:00,星期六,2026-03-21,9.0,36.62,-34.6472,-21.363,-9.9,-20.2426,11.3921
2026-03-21 10:00:00,星期六,2026-03-21,10.0,-80.0,-84.2826,-95.2192,-78.0,-69.215,-74.1932
2026-03-21 11:00:00,星期六,2026-03-21,11.0,-80.0,-84.6133,-94.177,-79.5,-66.8509,-72.7571
2026-03-21 12:00:00,星期六,2026-03-21,12.0,-80.0,-84.0624,-91.6643,-79.5,-71.5585,-69.095
2026-03-21 13:00:00,星期六,2026-03-21,13.0,-80.0,-84.0624,-92.4744,-79.5,-71.5585,-69.6418
2026-03-21 14:00:00,星期六,2026-03-21,14.0,-80.0,-83.9372,-96.4121,-79.5,-71.5585,-73.1806
2026-03-21 15:00:00,星期六,2026-03-21,15.0,-80.0,-83.2522,-87.7085,-77.0,-70.3272,-75.3021
2026-03-21 16:00:00,星期六,2026-03-21,16.0,-80.0,-59.6535,-31.3872,-25.15,-56.1344,-42.9058
2026-03-21 17:00:00,星期六,2026-03-21,17.0,202.466,169.4775,113.6022,50.0,210.0847,201.5108
2026-03-21 18:00:00,星期六,2026-03-21,18.0,358.652,336.5031,300.6586,303.25,325.2766,378.9004
2026-03-21 19:00:00,星期六,2026-03-21,19.0,349.464,347.1037,347.8815,366.0,359.9808,381.5287
2026-03-21 20:00:00,星期六,2026-03-21,20.0,355.271,338.3017,338.7227,356.5,311.4946,368.3731
2026-03-21 21:00:00,星期六,2026-03-21,21.0,358.358,298.6067,316.3309,322.0,322.8898,368.9023
2026-03-21 22:00:00,星期六,2026-03-21,22.0,353.433,288.004,291.885,300.0,291.1579,357.1046
2026-03-21 23:00:00,星期六,2026-03-21,23.0,366.382,275.1877,261.3082,260.0,251.0192,338.0217
2026-03-22 00:00:00,星期六,2026-03-21,24.0,359.766,221.0296,209.3814,200.0,221.3241,328.382
2026-03-22 01:00:00,星期日,2026-03-22,1.0,498.215,80.0184,248.5965,262.0,145.6675,215.8624
2026-03-22 02:00:00,星期日,2026-03-22,2.0,477.784,74.9299,228.8575,245.31,143.734,217.7414
2026-03-22 03:00:00,星期日,2026-03-22,3.0,478.926,90.5748,225.1266,241.0,175.6059,227.2619
2026-03-22 04:00:00,星期日,2026-03-22,4.0,462.068,112.6984,225.3688,241.0,185.392,262.503
2026-03-22 05:00:00,星期日,2026-03-22,5.0,462.297,220.582,247.3165,282.0,214.399,294.6002
2026-03-22 06:00:00,星期日,2026-03-22,6.0,478.871,250.6786,282.7207,314.5,249.9038,314.7605
2026-03-22 07:00:00,星期日,2026-03-22,7.0,451.252,281.8898,310.9383,350.125,292.2738,323.8761
2026-03-22 08:00:00,星期日,2026-03-22,8.0,445.801,244.5449,331.1318,376.405,290.0292,307.5157
2026-03-22 09:00:00,星期日,2026-03-22,9.0,419.841,105.0069,223.1741,321.5,166.8655,194.7065
2026-03-22 10:00:00,星期日,2026-03-22,10.0,381.898,-3.5837,62.2188,121.625,32.2763,77.2329
2026-03-22 11:00:00,星期日,2026-03-22,11.0,31.471,-36.6533,15.6997,58.75,-13.3199,43.1111
2026-03-22 12:00:00,星期日,2026-03-22,12.0,297.218,-68.9114,-39.8219,0.0,-51.4068,-4.5604
2026-03-22 13:00:00,星期日,2026-03-22,13.0,306.654,-84.1434,-50.5801,9.0,-67.5222,-42.3327
2026-03-22 14:00:00,星期日,2026-03-22,14.0,323.585,-69.1337,-25.2448,15.375,-63.4254,-35.3214
2026-03-22 15:00:00,星期日,2026-03-22,15.0,315.093,-40.7552,-25.1924,-46.0,-43.0229,-0.2289
2026-03-22 16:00:00,星期日,2026-03-22,16.0,357.824,-1.7255,82.3159,89.0,5.2666,86.442
2026-03-22 17:00:00,星期日,2026-03-22,17.0,496.351,345.0251,360.1429,396.443,287.4582,323.8468
2026-03-22 18:00:00,星期日,2026-03-22,18.0,543.083,455.0715,482.201,511.875,411.0586,447.2286
2026-03-22 19:00:00,星期日,2026-03-22,19.0,580.875,477.1785,454.9238,402.5,452.6162,464.7386
2026-03-22 20:00:00,星期日,2026-03-22,20.0,635.838,471.2416,467.6255,435.0,451.1956,455.0689
2026-03-22 21:00:00,星期日,2026-03-22,21.0,578.612,460.2912,514.8616,553.86,453.8234,456.2925
2026-03-22 22:00:00,星期日,2026-03-22,22.0,553.134,448.9534,479.8817,503.0,432.5127,440.9747
2026-03-22 23:00:00,星期日,2026-03-22,23.0,540.652,430.8855,465.9886,500.5,413.7397,445.453
2026-03-23 00:00:00,星期日,2026-03-22,24.0,519.57,389.4486,444.1221,502.5,387.8391,425.9643
2026-03-23 01:00:00,星期一,2026-03-23,1.0,455.817,378.711,447.7734,459.0,430.3782,432.4496
2026-03-23 02:00:00,星期一,2026-03-23,2.0,435.361,354.4638,424.6402,448.5,409.3752,415.4299
2026-03-23 03:00:00,星期一,2026-03-23,3.0,427.943,340.3024,407.023,430.0,386.7538,400.4578
2026-03-23 04:00:00,星期一,2026-03-23,4.0,445.218,336.2154,381.8498,401.0,385.732,394.4161
2026-03-23 05:00:00,星期一,2026-03-23,5.0,460.522,339.2368,393.089,412.5,388.9593,393.7892
2026-03-23 06:00:00,星期一,2026-03-23,6.0,468.152,356.4565,393.9561,403.5,397.2205,393.6513
2026-03-23 07:00:00,星期一,2026-03-23,7.0,480.918,356.5606,449.3522,472.0,396.036,400.8772
2026-03-23 08:00:00,星期一,2026-03-23,8.0,432.319,258.82,347.9308,406.0,309.6757,323.2637
2026-03-23 09:00:00,星期一,2026-03-23,9.0,398.369,128.4852,182.9054,273.25,127.4414,171.3445
2026-03-23 10:00:00,星期一,2026-03-23,10.0,402.033,-26.985,59.3914,118.25,0.127,40.2719
2026-03-23 11:00:00,星期一,2026-03-23,11.0,364.617,-42.0607,5.0734,54.5,-29.3542,0.2179
2026-03-23 12:00:00,星期一,2026-03-23,12.0,279.551,-65.116,-50.6825,-20.0,-48.5442,-12.1818
2026-03-23 13:00:00,星期一,2026-03-23,13.0,36.45,-74.7104,-62.3927,-20.0,-56.5698,-31.8182
2026-03-23 14:00:00,星期一,2026-03-23,14.0,25.595,-61.3202,20.6297,87.5,-46.5586,-13.9838
2026-03-23 15:00:00,星期一,2026-03-23,15.0,-80.0,-16.1078,40.837,71.5,-0.5566,53.383
2026-03-23 16:00:00,星期一,2026-03-23,16.0,354.947,146.6256,181.7854,239.0,110.1501,161.8277
2026-03-23 17:00:00,星期一,2026-03-23,17.0,479.619,392.145,420.6621,475.11,419.492,386.2648
2026-03-23 18:00:00,星期一,2026-03-23,18.0,505.032,454.692,509.2338,535.0,503.627,472.2805
2026-03-23 19:00:00,星期一,2026-03-23,19.0,513.962,479.1114,470.5964,401.5,527.1604,510.9146
2026-03-23 20:00:00,星期一,2026-03-23,20.0,515.623,470.28,463.0734,403.5,505.8838,485.7639
2026-03-23 21:00:00,星期一,2026-03-23,21.0,510.213,459.5013,477.2518,453.48,498.7317,470.7182
2026-03-23 22:00:00,星期一,2026-03-23,22.0,503.544,451.046,468.1756,450.06,484.3722,475.6854
2026-03-23 23:00:00,星期一,2026-03-23,23.0,498.879,443.433,470.0347,474.7,475.4412,473.2671
2026-03-24 00:00:00,星期一,2026-03-23,24.0,510.542,421.4421,381.7992,302.5,445.258,459.7492
2026-03-24 01:00:00,星期二,2026-03-24,1.0,468.09,411.9925,444.891,456.71,477.1481,418.5068
2026-03-24 02:00:00,星期二,2026-03-24,2.0,451.488,397.015,426.7313,430.25,462.2975,407.8855
2026-03-24 03:00:00,星期二,2026-03-24,3.0,440.067,390.0095,420.6172,423.5,453.27,402.6249
2026-03-24 04:00:00,星期二,2026-03-24,4.0,428.747,385.7172,425.7288,425.0,440.8131,394.6477
2026-03-24 05:00:00,星期二,2026-03-24,5.0,428.99,390.6439,433.867,434.0,444.3181,393.8372
2026-03-24 06:00:00,星期二,2026-03-24,6.0,440.777,402.7855,461.3594,463.75,449.2857,384.3168
2026-03-24 07:00:00,星期二,2026-03-24,7.0,462.568,403.6983,453.6026,461.63,458.0282,399.7168
2026-03-24 08:00:00,星期二,2026-03-24,8.0,436.193,317.5831,405.9677,424.5,374.9925,356.2574
2026-03-24 09:00:00,星期二,2026-03-24,9.0,382.857,236.0233,267.6868,317.5,239.4781,308.9225
2026-03-24 10:00:00,星期二,2026-03-24,10.0,105.02,72.3205,138.9595,200.5,98.3263,156.3408
2026-03-24 11:00:00,星期二,2026-03-24,11.0,368.961,-23.2629,38.9131,67.46,18.9462,62.2398
2026-03-24 12:00:00,星期二,2026-03-24,12.0,204.706,-27.6118,6.37,27.888,-18.4493,43.2763
2026-03-24 13:00:00,星期二,2026-03-24,13.0,-80.0,-41.081,-22.7895,7.683,-44.113,-1.1941
2026-03-24 14:00:00,星期二,2026-03-24,14.0,-80.0,-37.8914,3.0869,0.0,-28.2898,36.5316
2026-03-24 15:00:00,星期二,2026-03-24,15.0,-80.0,39.5462,51.1283,20.0,46.0985,101.5599
2026-03-24 16:00:00,星期二,2026-03-24,16.0,328.928,192.7521,218.0156,238.115,158.4096,222.7616
2026-03-24 17:00:00,星期二,2026-03-24,17.0,506.097,405.7535,430.284,421.438,334.9569,372.9196
2026-03-24 18:00:00,星期二,2026-03-24,18.0,486.623,455.2969,488.7622,454.928,416.6284,407.4449
2026-03-24 19:00:00,星期二,2026-03-24,19.0,500.291,459.8379,507.838,496.05,425.6266,436.548
2026-03-24 20:00:00,星期二,2026-03-24,20.0,497.953,440.1901,486.0962,500.0,413.6265,438.1739
2026-03-24 21:00:00,星期二,2026-03-24,21.0,485.454,421.9747,447.7229,431.75,408.472,427.0627
2026-03-24 22:00:00,星期二,2026-03-24,22.0,483.402,412.144,419.05,416.875,376.6426,409.6953
2026-03-24 23:00:00,星期二,2026-03-24,23.0,478.356,390.5244,395.6807,403.0,350.4958,398.6985
2026-03-25 00:00:00,星期二,2026-03-24,24.0,442.758,364.6801,374.8291,400.0,308.0162,388.9939
2026-03-25 01:00:00,星期三,2026-03-25,1.0,350.343,327.174,354.6289,378.0,316.421,360.0677
2026-03-25 02:00:00,星期三,2026-03-25,2.0,345.759,301.3357,343.2323,370.0,306.9082,348.5693
2026-03-25 03:00:00,星期三,2026-03-25,3.0,340.922,293.5776,334.7271,360.0,300.4952,340.1545
2026-03-25 04:00:00,星期三,2026-03-25,4.0,341.159,292.7426,334.6413,360.0,300.4171,343.5978
2026-03-25 05:00:00,星期三,2026-03-25,5.0,346.291,307.9172,339.2686,365.0,308.2789,351.1853
2026-03-25 06:00:00,星期三,2026-03-25,6.0,358.654,329.2123,358.4397,380.0,333.8308,358.1036
2026-03-25 07:00:00,星期三,2026-03-25,7.0,371.051,316.0191,356.0341,380.0,346.4665,335.3686
2026-03-25 08:00:00,星期三,2026-03-25,8.0,330.546,174.9137,290.564,356.8,229.6061,198.6915
2026-03-25 09:00:00,星期三,2026-03-25,9.0,59.178,-9.2785,54.3925,64.0,9.3825,83.9653
2026-03-25 10:00:00,星期三,2026-03-25,10.0,-80.0,-64.4418,-56.6972,-45.0,-59.1897,-44.0813
2026-03-25 11:00:00,星期三,2026-03-25,11.0,-80.0,-82.2293,-81.9464,-74.725,-72.7483,-75.0171
2026-03-25 12:00:00,星期三,2026-03-25,12.0,-80.0,-82.538,-85.837,-72.5,-69.602,-75.1878
2026-03-25 13:00:00,星期三,2026-03-25,13.0,-80.0,-81.9161,-85.5653,-75.0,-71.3757,-75.2114
2026-03-25 14:00:00,星期三,2026-03-25,14.0,-80.0,-84.1171,-87.6638,-74.975,-69.5901,-74.8304
2026-03-25 15:00:00,星期三,2026-03-25,15.0,-80.0,-61.7052,-59.7485,-73.625,-66.3328,-67.0364
2026-03-25 16:00:00,星期三,2026-03-25,16.0,102.655,-5.3485,39.0828,8.125,-7.4173,47.9395
2026-03-25 17:00:00,星期三,2026-03-25,17.0,467.285,349.8449,353.3477,380.0,347.3394,328.5496
2026-03-25 18:00:00,星期三,2026-03-25,18.0,383.559,432.2871,442.3837,412.76,446.4759,414.1839
2026-03-25 19:00:00,星期三,2026-03-25,19.0,369.759,440.5134,457.7964,420.0,468.8162,420.7495
2026-03-25 20:00:00,星期三,2026-03-25,20.0,361.037,415.6557,435.7177,410.0,441.0041,420.9893
2026-03-25 21:00:00,星期三,2026-03-25,21.0,361.051,409.7295,410.9849,401.0,414.1533,413.1243
2026-03-25 22:00:00,星期三,2026-03-25,22.0,360.018,404.2703,390.3917,400.0,378.0029,396.0277
2026-03-25 23:00:00,星期三,2026-03-25,23.0,377.3,377.3025,371.9825,395.895,340.9442,383.3012
2026-03-26 00:00:00,星期三,2026-03-25,24.0,375.16,336.0476,354.0479,380.0,305.8915,372.8919
2026-03-26 01:00:00,星期四,2026-03-26,1.0,453.467,316.5049,364.4718,400.0,357.4517,373.2321
2026-03-26 02:00:00,星期四,2026-03-26,2.0,482.794,311.2827,365.056,400.0,352.3212,370.2565
2026-03-26 03:00:00,星期四,2026-03-26,3.0,453.843,311.465,339.0188,370.5,347.8103,367.1874
2026-03-26 04:00:00,星期四,2026-03-26,4.0,430.131,320.1867,348.8315,381.0,375.2347,375.9804
2026-03-26 05:00:00,星期四,2026-03-26,5.0,464.364,353.6256,403.5941,425.158,392.6231,403.3158
2026-03-26 06:00:00,星期四,2026-03-26,6.0,498.936,380.5039,442.2011,461.6,414.9042,414.4693
2026-03-26 07:00:00,星期四,2026-03-26,7.0,504.896,379.7758,465.5765,492.36,415.9739,411.1586
2026-03-26 08:00:00,星期四,2026-03-26,8.0,424.464,253.3324,363.7382,425.0,345.5776,323.5124
2026-03-26 09:00:00,星期四,2026-03-26,9.0,137.266,109.3667,204.5279,264.66,109.0059,159.717
2026-03-26 10:00:00,星期四,2026-03-26,10.0,-80.0,-23.7033,47.4889,78.5,-18.864,30.8769
2026-03-26 11:00:00,星期四,2026-03-26,11.0,-80.0,-35.3781,10.0983,34.085,-36.9031,18.5963
2026-03-26 12:00:00,星期四,2026-03-26,12.0,-80.0,-53.0922,-8.7492,23.5,-51.1347,-5.8405
2026-03-26 13:00:00,星期四,2026-03-26,13.0,-80.0,-72.495,-48.3396,-17.425,-63.1445,-41.0173
2026-03-26 14:00:00,星期四,2026-03-26,14.0,-80.0,-38.6419,0.0848,-18.0,-39.4896,11.8295
2026-03-26 15:00:00,星期四,2026-03-26,15.0,-80.0,-6.3049,80.0579,35.013,13.1537,86.5279
2026-03-26 16:00:00,星期四,2026-03-26,16.0,142.352,202.2903,271.1304,286.048,150.9491,213.5098
2026-03-26 17:00:00,星期四,2026-03-26,17.0,482.1,401.9369,427.7792,455.0,404.5131,366.2229
2026-03-26 18:00:00,星期四,2026-03-26,18.0,494.955,471.1635,475.8762,460.69,457.8509,485.2617
2026-03-26 19:00:00,星期四,2026-03-26,19.0,465.037,490.0309,506.2646,507.75,471.5117,506.2611
2026-03-26 20:00:00,星期四,2026-03-26,20.0,479.475,473.0596,494.8123,497.35,455.4722,516.1401
2026-03-26 21:00:00,星期四,2026-03-26,21.0,485.313,458.1247,485.7071,499.5,446.1101,513.5859
2026-03-26 22:00:00,星期四,2026-03-26,22.0,490.908,434.2162,474.9588,487.0,434.7958,505.9179
2026-03-26 23:00:00,星期四,2026-03-26,23.0,498.084,425.1704,471.0791,495.0,430.7585,509.5616
2026-03-27 00:00:00,星期四,2026-03-26,24.0,507.185,394.2545,451.5314,493.93,408.3606,475.6281
2026-03-27 01:00:00,星期五,2026-03-27,1.0,504.094,382.7138,436.0561,450.5,421.0852,411.8429
2026-03-27 02:00:00,星期五,2026-03-27,2.0,475.138,375.2249,429.7042,437.42,421.4556,406.9934
2026-03-27 03:00:00,星期五,2026-03-27,3.0,482.88,377.8848,415.8281,420.71,415.6911,405.6338
2026-03-27 04:00:00,星期五,2026-03-27,4.0,485.248,382.4714,407.7117,420.5,420.2521,409.6624
2026-03-27 05:00:00,星期五,2026-03-27,5.0,502.544,390.6646,422.8995,438.5,432.3869,412.4042
2026-03-27 06:00:00,星期五,2026-03-27,6.0,513.48,404.6681,450.1697,466.5,446.7909,416.0324
2026-03-27 07:00:00,星期五,2026-03-27,7.0,498.677,395.0762,446.4362,466.53,447.4768,414.5433
2026-03-27 08:00:00,星期五,2026-03-27,8.0,408.692,283.0367,348.0674,394.0,353.1885,337.6368
2026-03-27 09:00:00,星期五,2026-03-27,9.0,136.466,60.8638,62.6912,72.483,92.7122,192.7638
2026-03-27 10:00:00,星期五,2026-03-27,10.0,-80.0,-52.6835,-42.7134,-48.125,-28.9291,35.5228
2026-03-27 11:00:00,星期五,2026-03-27,11.0,-80.0,-65.9982,-61.7656,-73.0,-50.011,-12.6737
2026-03-27 12:00:00,星期五,2026-03-27,12.0,-80.0,-77.9637,-69.3987,-75.0,-59.6739,-33.4119
2026-03-27 13:00:00,星期五,2026-03-27,13.0,-80.0,-85.2458,-79.686,-75.0,-73.0612,-71.4641
2026-03-27 14:00:00,星期五,2026-03-27,14.0,-80.0,-64.4053,-69.4333,-74.375,-58.6158,-36.9732
2026-03-27 15:00:00,星期五,2026-03-27,15.0,121.641,-33.2525,3.6373,-36.875,-35.8136,16.4012
2026-03-27 16:00:00,星期五,2026-03-27,16.0,370.269,99.5009,99.9228,58.0,67.3151,152.2377
2026-03-27 17:00:00,星期五,2026-03-27,17.0,513.249,432.1583,413.0471,411.25,424.46,378.5091
2026-03-27 18:00:00,星期五,2026-03-27,18.0,526.308,503.31,515.5984,499.3,507.4531,432.5089
2026-03-27 19:00:00,星期五,2026-03-27,19.0,533.376,526.3498,549.9774,523.875,537.8978,470.6224
2026-03-27 20:00:00,星期五,2026-03-27,20.0,539.487,520.8492,542.3937,510.0,526.0353,465.5613
2026-03-27 21:00:00,星期五,2026-03-27,21.0,547.691,511.4157,532.3546,500.0,517.4872,457.8494
2026-03-27 22:00:00,星期五,2026-03-27,22.0,563.479,505.346,522.1676,489.5,506.2045,457.8526
2026-03-27 23:00:00,星期五,2026-03-27,23.0,648.495,501.2946,517.6129,496.0,502.0311,457.555
2026-03-28 00:00:00,星期五,2026-03-27,24.0,695.622,479.8139,496.7913,492.5,486.232,453.1675
2026-03-28 01:00:00,星期六,2026-03-28,1.0,567.354,432.7549,418.8996,409.45,480.3538,495.9835
2026-03-28 02:00:00,星期六,2026-03-28,2.0,470.631,421.5186,415.5894,409.4,469.9257,485.5552
2026-03-28 03:00:00,星期六,2026-03-28,3.0,431.818,415.7102,409.1433,402.95,459.3062,478.4483
2026-03-28 04:00:00,星期六,2026-03-28,4.0,424.34,412.7457,410.8858,403.05,457.2267,476.2634
2026-03-28 05:00:00,星期六,2026-03-28,5.0,428.516,412.0195,416.3046,410.5,457.3239,468.9507
2026-03-28 06:00:00,星期六,2026-03-28,6.0,437.996,409.6614,410.5987,410.0,462.2841,471.636
2026-03-28 07:00:00,星期六,2026-03-28,7.0,430.243,371.7387,378.4566,390.0,433.1775,433.8385
2026-03-28 08:00:00,星期六,2026-03-28,8.0,385.985,261.2048,310.5581,360.0,328.4982,308.6697
2026-03-28 09:00:00,星期六,2026-03-28,9.0,350.861,5.2538,65.483,99.5,17.1712,25.9832
2026-03-28 10:00:00,星期六,2026-03-28,10.0,339.435,-71.1199,-64.4423,-69.488,-69.6303,-66.5553
2026-03-28 11:00:00,星期六,2026-03-28,11.0,293.157,-80.3168,-68.7086,-75.95,-74.1355,-68.5828
2026-03-28 12:00:00,星期六,2026-03-28,12.0,170.403,-85.5775,-75.8066,-70.0,-74.1355,-69.2635
2026-03-28 13:00:00,星期六,2026-03-28,13.0,45.064,-86.1807,-76.4293,-70.0,-74.3677,-69.6768
2026-03-28 14:00:00,星期六,2026-03-28,14.0,222.237,-85.4506,-71.7315,-76.0,-73.6968,-74.3078
2026-03-28 15:00:00,星期六,2026-03-28,15.0,228.09,-61.5556,-12.0584,-25.5,-65.134,-51.8029
2026-03-28 16:00:00,星期六,2026-03-28,16.0,355.774,-16.8035,74.467,63.0,-10.7688,51.6519
2026-03-28 17:00:00,星期六,2026-03-28,17.0,412.721,316.7172,326.5276,341.23,315.1837,305.4237
2026-03-28 18:00:00,星期六,2026-03-28,18.0,463.671,380.9584,388.5391,383.5,376.206,328.9172
2026-03-28 19:00:00,星期六,2026-03-28,19.0,511.122,403.5891,401.038,391.45,403.5999,390.2249
2026-03-28 20:00:00,星期六,2026-03-28,20.0,495.557,374.4746,376.8419,360.75,366.7098,329.1421
2026-03-28 21:00:00,星期六,2026-03-28,21.0,407.038,356.3005,367.8156,357.2,365.7318,324.6341
2026-03-28 22:00:00,星期六,2026-03-28,22.0,412.403,341.0538,356.4052,351.0,338.4434,322.2943
2026-03-28 23:00:00,星期六,2026-03-28,23.0,416.719,345.603,354.192,358.5,337.2347,322.4203
2026-03-29 00:00:00,星期六,2026-03-28,24.0,415.605,314.9203,337.7854,357.6,297.696,309.372
2026-03-29 01:00:00,星期日,2026-03-29,1.0,540.144,322.9133,418.7167,446.0,326.2518,358.1399
2026-03-29 02:00:00,星期日,2026-03-29,2.0,535.142,311.5428,386.5253,420.0,314.8954,353.1604
2026-03-29 03:00:00,星期日,2026-03-29,3.0,536.118,310.1588,402.1063,434.5,310.3424,349.3616
2026-03-29 04:00:00,星期日,2026-03-29,4.0,536.217,312.9906,399.9088,430.0,314.6588,356.4345
2026-03-29 05:00:00,星期日,2026-03-29,5.0,543.663,326.7209,402.8935,435.5,341.6551,367.1243
2026-03-29 06:00:00,星期日,2026-03-29,6.0,521.937,346.6984,418.6349,446.75,366.4161,373.7185
2026-03-29 07:00:00,星期日,2026-03-29,7.0,541.294,328.3616,404.5828,437.125,355.5647,335.1478
2026-03-29 08:00:00,星期日,2026-03-29,8.0,533.053,218.7656,341.865,409.3,285.9628,255.9904
2026-03-29 09:00:00,星期日,2026-03-29,9.0,518.186,-7.0098,68.4608,100.504,-0.6024,43.8462
2026-03-29 10:00:00,星期日,2026-03-29,10.0,453.55,-67.3731,-41.2711,-20.0,-64.9095,-59.1058
2026-03-29 11:00:00,星期日,2026-03-29,11.0,275.43,-83.8827,-59.2263,-20.0,-73.4007,-75.1159
2026-03-29 12:00:00,星期日,2026-03-29,12.0,193.92,-84.9217,-77.1486,-53.75,-73.1447,-73.1004
2026-03-29 13:00:00,星期日,2026-03-29,13.0,-7.294,-85.2002,-70.4244,-42.713,-73.5647,-72.1503
2026-03-29 14:00:00,星期日,2026-03-29,14.0,67.21,-80.5377,-59.8016,-20.0,-73.3063,-77.505
2026-03-29 15:00:00,星期日,2026-03-29,15.0,297.224,-54.001,-23.323,-20.0,-54.9174,-43.6227
2026-03-29 16:00:00,星期日,2026-03-29,16.0,410.425,-10.7474,61.9125,80.5,-8.5365,41.5156
2026-03-29 17:00:00,星期日,2026-03-29,17.0,544.291,376.32,388.3522,404.0,343.803,311.0478
2026-03-29 18:00:00,星期日,2026-03-29,18.0,561.037,464.9265,483.8709,508.5,432.4963,440.5905
2026-03-29 19:00:00,星期日,2026-03-29,19.0,561.682,485.3354,506.0103,498.589,455.871,456.3767
2026-03-29 20:00:00,星期日,2026-03-29,20.0,701.47,465.4979,498.7524,507.22,448.0634,491.8498
2026-03-29 21:00:00,星期日,2026-03-29,21.0,615.366,448.3187,490.1141,505.0,439.4044,489.501
2026-03-29 22:00:00,星期日,2026-03-29,22.0,593.282,433.5484,470.4505,491.5,420.9098,463.4919
2026-03-29 23:00:00,星期日,2026-03-29,23.0,547.85,405.4775,448.5155,485.0,406.1022,466.8725
2026-03-30 00:00:00,星期日,2026-03-29,24.0,494.222,368.879,411.5341,472.84,379.8409,442.2908
2026-03-30 01:00:00,星期一,2026-03-30,1.0,364.026,377.0519,371.9966,424.9,452.7742,450.3664
2026-03-30 02:00:00,星期一,2026-03-30,2.0,352.15,352.8648,339.4449,400.99,407.9686,430.6673
2026-03-30 03:00:00,星期一,2026-03-30,3.0,342.559,326.2327,318.0975,387.13,382.2989,408.4047
2026-03-30 04:00:00,星期一,2026-03-30,4.0,343.75,313.8347,308.2887,379.15,368.3094,373.451
2026-03-30 05:00:00,星期一,2026-03-30,5.0,345.265,311.9714,309.575,378.7,347.0658,363.2505
2026-03-30 06:00:00,星期一,2026-03-30,6.0,341.436,318.7081,321.2599,386.28,349.189,364.9272
2026-03-30 07:00:00,星期一,2026-03-30,7.0,343.015,315.942,326.1287,399.65,349.8695,352.9882
2026-03-30 08:00:00,星期一,2026-03-30,8.0,342.799,272.5599,318.3322,400.225,335.5944,338.82
2026-03-30 09:00:00,星期一,2026-03-30,9.0,342.364,212.5155,336.0541,393.53,255.3938,290.5572
2026-03-30 10:00:00,星期一,2026-03-30,10.0,215.568,177.8491,293.521,390.0,208.0445,251.6466
2026-03-30 11:00:00,星期一,2026-03-30,11.0,161.257,176.9541,312.3431,397.45,216.858,267.4993
2026-03-30 12:00:00,星期一,2026-03-30,12.0,75.071,150.6064,287.2969,379.73,189.5844,258.6242
2026-03-30 13:00:00,星期一,2026-03-30,13.0,-78.724,89.3416,228.4286,354.75,120.3277,218.3925
2026-03-30 14:00:00,星期一,2026-03-30,14.0,133.65,131.6885,285.4829,376.65,167.4709,231.2116
2026-03-30 15:00:00,星期一,2026-03-30,15.0,341.894,157.9152,306.4342,379.2,178.9096,231.971
2026-03-30 16:00:00,星期一,2026-03-30,16.0,335.409,208.4674,310.0364,338.84,220.8676,253.0384
2026-03-30 17:00:00,星期一,2026-03-30,17.0,331.31,381.9923,368.2623,398.15,393.7952,374.0526
2026-03-30 18:00:00,星期一,2026-03-30,18.0,330.587,421.3065,409.7047,420.488,433.1642,385.8003
2026-03-30 19:00:00,星期一,2026-03-30,19.0,382.485,451.3094,451.6757,454.96,478.0636,446.1904
2026-03-30 20:00:00,星期一,2026-03-30,20.0,386.0,437.9555,457.2781,450.9,478.2203,460.0445
2026-03-30 21:00:00,星期一,2026-03-30,21.0,390.166,446.8418,469.0298,454.23,484.126,452.642
2026-03-30 22:00:00,星期一,2026-03-30,22.0,394.479,455.8605,480.2587,454.09,479.962,466.262
2026-03-30 23:00:00,星期一,2026-03-30,23.0,395.245,461.0909,487.6767,466.8,480.4099,453.5365
2026-03-31 00:00:00,星期一,2026-03-30,24.0,390.579,454.2594,484.9837,465.69,470.6321,465.3343
2026-03-31 01:00:00,星期二,2026-03-31,1.0,379.597,444.1019,364.2536,360.0,479.9502,450.7195
2026-03-31 02:00:00,星期二,2026-03-31,2.0,279.287,432.7549,358.7049,353.375,468.2365,444.7916
2026-03-31 03:00:00,星期二,2026-03-31,3.0,279.502,431.1877,355.8376,350.0,456.8771,440.7783
2026-03-31 04:00:00,星期二,2026-03-31,4.0,277.975,432.144,356.6972,350.0,460.2188,445.688
2026-03-31 05:00:00,星期二,2026-03-31,5.0,283.017,439.5019,365.7177,360.0,461.8354,444.1461
2026-03-31 06:00:00,星期二,2026-03-31,6.0,290.408,447.7031,378.1144,370.0,471.1482,442.6147
2026-03-31 07:00:00,星期二,2026-03-31,7.0,293.724,427.2376,365.8186,370.0,465.1913,426.1011
2026-03-31 08:00:00,星期二,2026-03-31,8.0,266.077,319.3075,326.692,360.0,393.7682,365.7705
2026-03-31 09:00:00,星期二,2026-03-31,9.0,243.614,192.0693,230.2428,265.4,223.5598,276.0006
2026-03-31 10:00:00,星期二,2026-03-31,10.0,237.723,44.1831,89.1558,107.5,87.6682,153.9038
2026-03-31 11:00:00,星期二,2026-03-31,11.0,248.444,44.1216,62.1975,44.0,67.1217,140.9545
2026-03-31 12:00:00,星期二,2026-03-31,12.0,194.451,-0.0105,60.4789,51.0,35.9513,111.5124
2026-03-31 13:00:00,星期二,2026-03-31,13.0,153.11,-31.8228,10.5353,11.863,-4.6352,75.4862
2026-03-31 14:00:00,星期二,2026-03-31,14.0,254.167,16.0559,68.1222,12.5,50.3669,114.33
2026-03-31 15:00:00,星期二,2026-03-31,15.0,260.018,145.3232,140.5916,94.375,105.9453,180.5503
2026-03-31 16:00:00,星期二,2026-03-31,16.0,274.28,266.1348,281.4831,285.018,230.8393,276.1314
2026-03-31 17:00:00,星期二,2026-03-31,17.0,305.238,437.8688,418.211,380.0,423.5472,410.8944
2026-03-31 18:00:00,星期二,2026-03-31,18.0,318.458,492.0705,477.7915,400.0,475.7412,428.2823
2026-03-31 19:00:00,星期二,2026-03-31,19.0,316.323,512.079,504.3052,410.5,504.2288,435.4641
2026-03-31 20:00:00,星期二,2026-03-31,20.0,321.518,501.5532,502.6128,410.0,497.5743,459.7119
2026-03-31 21:00:00,星期二,2026-03-31,21.0,322.59,496.7473,499.878,410.5,493.8221,459.1272
2026-03-31 22:00:00,星期二,2026-03-31,22.0,312.49,492.2884,497.117,405.55,484.6478,446.523
2026-03-31 23:00:00,星期二,2026-03-31,23.0,296.057,487.8283,489.6144,400.5,483.9571,437.6581
2026-04-01 00:00:00,星期二,2026-03-31,24.0,293.226,473.8704,486.1726,400.0,470.6322,451.598
2026-04-01 01:00:00,星期三,2026-04-01,1.0,522.45,436.1854,500.1587,516.5,432.2875,393.1131
2026-04-01 02:00:00,星期三,2026-04-01,2.0,519.159,431.8471,487.4042,491.5,433.047,392.1063
2026-04-01 03:00:00,星期三,2026-04-01,3.0,502.347,433.6677,487.2502,490.5,436.0488,393.7815
2026-04-01 04:00:00,星期三,2026-04-01,4.0,505.242,437.3486,531.5956,543.03,441.3194,395.6294
2026-04-01 05:00:00,星期三,2026-04-01,5.0,520.041,447.9517,539.7753,550.86,452.6291,397.5867
2026-04-01 06:00:00,星期三,2026-04-01,6.0,533.814,453.4677,501.152,509.47,460.5694,411.4034
2026-04-01 07:00:00,星期三,2026-04-01,7.0,528.995,416.6579,503.7409,527.95,431.0571,372.1924
2026-04-01 08:00:00,星期三,2026-04-01,8.0,441.842,292.9949,374.3447,412.0,324.2418,308.8857
2026-04-01 09:00:00,星期三,2026-04-01,9.0,140.93,79.0465,147.9305,162.905,112.1454,170.6497
2026-04-01 10:00:00,星期三,2026-04-01,10.0,-80.0,-59.1651,-9.2217,0.0,-39.6754,1.0086
2026-04-01 11:00:00,星期三,2026-04-01,11.0,-80.0,-76.5399,-49.1117,-20.0,-62.0485,-47.4355
2026-04-01 12:00:00,星期三,2026-04-01,12.0,-80.0,-85.1585,-79.9144,-73.938,-74.0013,-72.591
2026-04-01 13:00:00,星期三,2026-04-01,13.0,-80.0,-85.1025,-78.996,-70.0,-74.2621,-73.3293
2026-04-01 14:00:00,星期三,2026-04-01,14.0,-80.0,-81.0929,-74.0459,-75.0,-74.1526,-73.8053
2026-04-01 15:00:00,星期三,2026-04-01,15.0,-80.0,-52.7094,-15.4165,-70.125,-55.8735,-25.2728
2026-04-01 16:00:00,星期三,2026-04-01,16.0,-80.0,10.359,94.6725,27.5,21.5836,83.9513
2026-04-01 17:00:00,星期三,2026-04-01,17.0,461.821,358.9797,349.3349,365.48,305.3994,333.3987
2026-04-01 18:00:00,星期三,2026-04-01,18.0,484.241,454.6542,460.9895,480.225,400.4709,415.7218
2026-04-01 19:00:00,星期三,2026-04-01,19.0,511.815,497.8455,471.4596,445.642,449.159,463.4919
2026-04-01 20:00:00,星期三,2026-04-01,20.0,522.101,481.8729,517.9168,526.4,447.6661,461.8314
2026-04-01 21:00:00,星期三,2026-04-01,21.0,521.345,478.9641,492.6066,484.55,448.7212,452.5568
2026-04-01 22:00:00,星期三,2026-04-01,22.0,516.834,479.8525,530.0624,548.3,444.8541,447.9271
2026-04-01 23:00:00,星期三,2026-04-01,23.0,527.041,473.9078,509.7538,517.13,442.5683,456.6312
2026-04-02 00:00:00,星期三,2026-04-01,24.0,521.581,462.6556,522.0288,533.93,439.4039,454.8497
2026-04-02 01:00:00,星期四,2026-04-02,1.0,547.019,458.4798,561.6309,552.0,531.3338,453.8153
2026-04-02 02:00:00,星期四,2026-04-02,2.0,541.944,449.8928,550.578,540.5,513.0676,443.0745
2026-04-02 03:00:00,星期四,2026-04-02,3.0,548.528,442.9969,527.1723,516.51,503.1929,439.082
2026-04-02 04:00:00,星期四,2026-04-02,4.0,525.348,440.3343,522.6599,513.0,513.4536,441.4349
2026-04-02 05:00:00,星期四,2026-04-02,5.0,535.627,445.5088,519.0886,509.5,511.9429,440.6677
2026-04-02 06:00:00,星期四,2026-04-02,6.0,550.678,452.0311,537.0663,526.14,509.0567,442.04
2026-04-02 07:00:00,星期四,2026-04-02,7.0,547.419,424.0269,518.974,519.93,488.099,425.7164
2026-04-02 08:00:00,星期四,2026-04-02,8.0,471.569,298.5417,416.8871,456.928,384.6742,341.4131
2026-04-02 09:00:00,星期四,2026-04-02,9.0,377.955,125.6406,176.689,202.0,129.068,132.5649
2026-04-02 10:00:00,星期四,2026-04-02,10.0,126.14,-33.7622,-7.2371,-52.273,-32.337,-5.9855
2026-04-02 11:00:00,星期四,2026-04-02,11.0,-80.0,-50.7162,-25.4172,-60.0,-46.8044,-30.4717
2026-04-02 12:00:00,星期四,2026-04-02,12.0,3.413,-69.9016,-48.224,-69.5,-62.7482,-55.4867
2026-04-02 13:00:00,星期四,2026-04-02,13.0,-80.0,-73.7105,-62.4436,-70.0,-67.2266,-72.7093
2026-04-02 14:00:00,星期四,2026-04-02,14.0,-80.0,-55.7103,-23.9142,-65.5,-59.0426,-51.0828
2026-04-02 15:00:00,星期四,2026-04-02,15.0,206.233,-20.9416,60.0717,-4.0,-28.9447,7.3108
2026-04-02 16:00:00,星期四,2026-04-02,16.0,416.683,109.6378,203.1332,168.625,81.4745,127.2708
2026-04-02 17:00:00,星期四,2026-04-02,17.0,549.175,302.7995,381.532,423.625,391.5763,360.4064
2026-04-02 18:00:00,星期四,2026-04-02,18.0,517.227,397.6521,439.6563,475.0,461.8226,420.3962
2026-04-02 19:00:00,星期四,2026-04-02,19.0,515.883,411.673,446.6945,473.5,466.4609,455.9176
2026-04-02 20:00:00,星期四,2026-04-02,20.0,505.367,384.5988,411.409,437.51,443.9883,444.8281
2026-04-02 21:00:00,星期四,2026-04-02,21.0,467.671,386.9633,410.4723,457.5,419.7498,417.5371
2026-04-02 22:00:00,星期四,2026-04-02,22.0,453.812,347.4801,393.518,447.5,391.4759,401.2295
2026-04-02 23:00:00,星期四,2026-04-02,23.0,446.791,332.5843,387.5763,450.5,381.1997,391.5626
2026-04-03 00:00:00,星期四,2026-04-02,24.0,464.545,271.1517,334.2262,378.5,341.7739,377.7839
2026-04-03 01:00:00,星期五,2026-04-03,1.0,508.606,318.0856,409.8941,411.198,305.1123,339.1638
2026-04-03 02:00:00,星期五,2026-04-03,2.0,497.377,294.0636,399.7629,404.35,288.9464,333.1056
2026-04-03 03:00:00,星期五,2026-04-03,3.0,467.31,279.1179,383.9121,382.5,275.0263,328.7407
2026-04-03 04:00:00,星期五,2026-04-03,4.0,470.214,288.5931,384.3071,387.0,283.9969,330.0619
2026-04-03 05:00:00,星期五,2026-04-03,5.0,458.879,287.9668,381.3273,388.5,275.8092,325.1468
2026-04-03 06:00:00,星期五,2026-04-03,6.0,469.267,289.7282,381.122,381.2,297.8436,323.2908
2026-04-03 07:00:00,星期五,2026-04-03,7.0,452.093,225.2234,378.7719,390.95,231.598,212.1089
2026-04-03 08:00:00,星期五,2026-04-03,8.0,209.171,108.899,225.3331,304.25,151.1093,143.9021
2026-04-03 09:00:00,星期五,2026-04-03,9.0,-80.0,-30.9428,36.014,48.5,3.3505,96.2198
2026-04-03 10:00:00,星期五,2026-04-03,10.0,-80.0,-74.3551,-50.8215,-60.0,-50.9664,-12.4469
2026-04-03 11:00:00,星期五,2026-04-03,11.0,-80.0,-86.0553,-74.9603,-69.0,-75.0033,-64.387
2026-04-03 12:00:00,星期五,2026-04-03,12.0,-80.0,-86.6667,-74.4596,-59.0,-77.7569,-72.8011
2026-04-03 13:00:00,星期五,2026-04-03,13.0,-80.0,-86.6667,-73.1636,-70.0,-77.7569,-74.5702
2026-04-03 14:00:00,星期五,2026-04-03,14.0,-80.0,-86.6667,-67.234,-70.0,-78.1815,-73.4987
2026-04-03 15:00:00,星期五,2026-04-03,15.0,-45.271,-74.3068,-36.9177,-70.0,-72.3477,-54.9728
2026-04-03 16:00:00,星期五,2026-04-03,16.0,421.32,-32.4777,73.7599,48.113,-34.7414,45.536
2026-04-03 17:00:00,星期五,2026-04-03,17.0,562.832,226.6385,269.2347,279.563,248.3979,250.1809
2026-04-03 18:00:00,星期五,2026-04-03,18.0,559.987,315.6534,408.3831,422.25,345.8894,372.6203
2026-04-03 19:00:00,星期五,2026-04-03,19.0,651.582,362.2204,462.0299,485.125,396.0334,405.3601
2026-04-03 20:00:00,星期五,2026-04-03,20.0,785.807,375.9711,484.6666,532.75,389.8068,389.5041
2026-04-03 21:00:00,星期五,2026-04-03,21.0,639.561,375.5197,437.7684,461.06,389.6697,387.6169
2026-04-03 22:00:00,星期五,2026-04-03,22.0,654.114,365.83,438.3477,462.91,390.1727,383.5344
2026-04-03 23:00:00,星期五,2026-04-03,23.0,626.298,359.6709,433.0478,461.0,384.2712,384.2215
2026-04-04 00:00:00,星期五,2026-04-03,24.0,573.544,301.8949,413.2862,459.0,348.2319,367.6963
2026-04-04 01:00:00,星期六,2026-04-04,1.0,367.948,317.5829,396.1005,420.0,370.1384,363.4782
2026-04-04 02:00:00,星期六,2026-04-04,2.0,349.705,285.5267,362.5436,400.0,316.4643,343.1304
2026-04-04 03:00:00,星期六,2026-04-04,3.0,335.453,177.7941,359.7301,399.25,270.8341,337.0891
2026-04-04 04:00:00,星期六,2026-04-04,4.0,330.614,172.5777,347.2201,381.5,266.9988,331.9185
2026-04-04 05:00:00,星期六,2026-04-04,5.0,337.59,199.7789,379.9095,400.0,313.523,329.5238
2026-04-04 06:00:00,星期六,2026-04-04,6.0,347.759,300.4445,399.5438,411.55,344.1403,346.4592
2026-04-04 07:00:00,星期六,2026-04-04,7.0,346.086,225.5432,353.846,400.0,274.5688,288.8966
2026-04-04 08:00:00,星期六,2026-04-04,8.0,122.931,53.944,195.1175,300.5,146.0725,91.851
2026-04-04 09:00:00,星期六,2026-04-04,9.0,-80.0,-46.9155,-17.6185,-7.75,-42.4134,-16.771
2026-04-04 10:00:00,星期六,2026-04-04,10.0,-80.0,-86.6667,-83.1791,-73.0,-73.8881,-73.8432
2026-04-04 11:00:00,星期六,2026-04-04,11.0,-80.0,-86.6667,-80.5068,-75.0,-76.4111,-69.4327
2026-04-04 12:00:00,星期六,2026-04-04,12.0,-80.0,-86.6667,-77.0301,-75.0,-73.5624,-69.127
2026-04-04 13:00:00,星期六,2026-04-04,13.0,-80.0,-86.6667,-73.6673,-75.0,-76.7368,-70.2941
2026-04-04 14:00:00,星期六,2026-04-04,14.0,-80.0,-86.6667,-73.4856,-75.0,-76.4111,-70.4864
2026-04-04 15:00:00,星期六,2026-04-04,15.0,-80.0,-64.7192,-47.4068,-75.0,-75.5997,-74.0699
2026-04-04 16:00:00,星期六,2026-04-04,16.0,-80.0,-17.2143,94.5039,33.913,-23.6481,22.1224
2026-04-04 17:00:00,星期六,2026-04-04,17.0,240.18,293.2704,385.9065,390.35,409.9609,309.2982
2026-04-04 18:00:00,星期六,2026-04-04,18.0,348.31,471.5164,441.2043,430.0,491.0241,460.5023
2026-04-04 19:00:00,星期六,2026-04-04,19.0,353.173,489.0495,468.8032,450.0,518.0027,498.0691
2026-04-04 20:00:00,星期六,2026-04-04,20.0,351.503,477.2472,450.6022,440.0,492.6589,475.8806
2026-04-04 21:00:00,星期六,2026-04-04,21.0,346.755,470.3692,436.6433,430.5,463.6502,464.3441
2026-04-04 22:00:00,星期六,2026-04-04,22.0,342.744,442.4839,421.1232,420.0,430.3332,443.5582
2026-04-04 23:00:00,星期六,2026-04-04,23.0,344.295,347.6048,396.2281,410.3,395.0089,389.3137
2026-04-05 00:00:00,星期六,2026-04-04,24.0,331.773,270.4061,360.7323,400.0,352.7289,375.2131
2026-04-05 01:00:00,星期日,2026-04-05,1.0,309.431,159.0651,253.8105,320.0,287.8034,353.4131
2026-04-05 02:00:00,星期日,2026-04-05,2.0,298.359,135.8213,217.1814,307.5,256.8837,304.3226
2026-04-05 03:00:00,星期日,2026-04-05,3.0,335.657,67.2609,203.2367,301.5,235.895,211.283
2026-04-05 04:00:00,星期日,2026-04-05,4.0,316.911,97.8027,204.6038,295.5,237.7439,225.1333
2026-04-05 05:00:00,星期日,2026-04-05,5.0,327.27,142.7736,245.9264,315.5,247.5464,276.5785
2026-04-05 06:00:00,星期日,2026-04-05,6.0,331.703,160.3654,293.2738,331.7,284.5033,304.4238
2026-04-05 07:00:00,星期日,2026-04-05,7.0,121.859,65.0991,228.7035,330.02,215.9013,163.891
2026-04-05 08:00:00,星期日,2026-04-05,8.0,-80.0,4.1897,14.8486,94.625,124.5724,71.0903
2026-04-05 09:00:00,星期日,2026-04-05,9.0,-80.0,-73.2874,-78.6273,-41.875,-68.5201,-79.307
2026-04-05 10:00:00,星期日,2026-04-05,10.0,-80.0,-84.588,-89.5578,-75.0,-69.9151,-77.2714
2026-04-05 11:00:00,星期日,2026-04-05,11.0,-80.0,-86.6667,-88.173,-76.0,-69.8026,-73.3707
2026-04-05 12:00:00,星期日,2026-04-05,12.0,-80.0,-86.2502,-87.24,-76.0,-69.8026,-73.4756
2026-04-05 13:00:00,星期日,2026-04-05,13.0,-80.0,-86.2769,-85.9806,-76.0,-69.8026,-73.6645
2026-04-05 14:00:00,星期日,2026-04-05,14.0,-80.0,-86.2939,-85.7174,-76.0,-69.8026,-74.0816
2026-04-05 15:00:00,星期日,2026-04-05,15.0,-80.0,-86.6667,-84.4701,-75.0,-69.8026,-78.2834
2026-04-05 16:00:00,星期日,2026-04-05,16.0,-80.0,-51.0024,11.0736,28.125,-50.9865,-41.8013
2026-04-05 17:00:00,星期日,2026-04-05,17.0,238.831,378.2589,390.4098,397.5,359.875,290.7194
2026-04-05 18:00:00,星期日,2026-04-05,18.0,362.718,491.6045,456.8765,441.67,463.9667,446.5419
2026-04-05 19:00:00,星期日,2026-04-05,19.0,374.702,507.6178,487.3026,455.0,493.6531,485.7651
2026-04-05 20:00:00,星期日,2026-04-05,20.0,366.406,502.3553,514.1584,499.47,486.2935,508.2524
2026-04-05 21:00:00,星期日,2026-04-05,21.0,364.017,491.3204,478.4757,454.425,472.5749,491.2304
2026-04-05 22:00:00,星期日,2026-04-05,22.0,352.964,485.4076,463.8703,448.9,458.8168,472.215
2026-04-05 23:00:00,星期日,2026-04-05,23.0,356.442,462.3875,444.0568,441.898,438.9863,455.3105
2026-04-06 00:00:00,星期日,2026-04-05,24.0,348.578,403.9151,405.2098,430.0,389.1103,424.0326
2026-04-06 01:00:00,星期一,2026-04-06,1.0,321.173,335.5628,341.4852,360.0,358.5533,391.5616
2026-04-06 02:00:00,星期一,2026-04-06,2.0,321.478,308.2295,329.5626,350.0,347.2917,371.6223
2026-04-06 03:00:00,星期一,2026-04-06,3.0,314.861,295.4085,337.2434,350.0,335.6776,355.3077
2026-04-06 04:00:00,星期一,2026-04-06,4.0,313.337,219.1208,338.0106,350.0,329.2494,350.7015
2026-04-06 05:00:00,星期一,2026-04-06,5.0,320.049,299.3144,346.5036,350.0,334.7009,355.8169
2026-04-06 06:00:00,星期一,2026-04-06,6.0,323.51,303.1179,349.5505,350.0,354.1009,366.1404
2026-04-06 07:00:00,星期一,2026-04-06,7.0,300.776,239.7352,286.9777,317.97,318.2059,321.7662
2026-04-06 08:00:00,星期一,2026-04-06,8.0,-80.0,64.0989,42.968,86.5,194.2898,151.1073
2026-04-06 09:00:00,星期一,2026-04-06,9.0,-80.0,-61.9724,-72.9679,-73.625,-37.1753,1.947
2026-04-06 10:00:00,星期一,2026-04-06,10.0,-80.0,-75.142,-83.9549,-76.0,-70.2493,-75.1578
2026-04-06 11:00:00,星期一,2026-04-06,11.0,-80.0,-75.142,-83.1348,-76.0,-69.8548,-77.7322
2026-04-06 12:00:00,星期一,2026-04-06,12.0,-80.0,-75.142,-84.411,-76.0,-69.4955,-74.5966
2026-04-06 13:00:00,星期一,2026-04-06,13.0,-80.0,-75.142,-85.579,-76.0,-70.0098,-76.0851
2026-04-06 14:00:00,星期一,2026-04-06,14.0,-80.0,-75.142,-80.3368,-76.0,-69.1924,-75.5093
2026-04-06 15:00:00,星期一,2026-04-06,15.0,-80.0,-70.3456,-74.1632,-76.0,-64.4623,-67.709
2026-04-06 16:00:00,星期一,2026-04-06,16.0,-80.0,-30.6195,24.509,-4.0,-29.1679,29.0221
2026-04-06 17:00:00,星期一,2026-04-06,17.0,597.811,304.4615,252.698,197.375,328.681,303.9317
2026-04-06 18:00:00,星期一,2026-04-06,18.0,391.971,438.4101,416.0494,390.0,462.1327,450.7102
2026-04-06 19:00:00,星期一,2026-04-06,19.0,374.586,469.3735,444.1715,400.0,498.9471,482.4235
2026-04-06 20:00:00,星期一,2026-04-06,20.0,372.759,466.2528,352.3409,267.0,490.7801,492.5421
2026-04-06 21:00:00,星期一,2026-04-06,21.0,376.999,455.2519,434.1414,400.0,478.3754,454.8864
2026-04-06 22:00:00,星期一,2026-04-06,22.0,370.779,443.4779,424.6084,395.0,462.7213,455.0733
2026-04-06 23:00:00,星期一,2026-04-06,23.0,368.173,432.6678,412.8015,390.0,450.4031,458.2259
2026-04-07 00:00:00,星期一,2026-04-06,24.0,369.547,406.1049,400.049,394.0,421.4232,429.7271
2026-04-07 01:00:00,星期二,2026-04-07,1.0,356.424,396.1713,376.0119,369.5,366.39,410.2373
2026-04-07 02:00:00,星期二,2026-04-07,2.0,343.605,342.0827,355.118,360.0,337.4505,386.6909
2026-04-07 03:00:00,星期二,2026-04-07,3.0,328.742,324.9236,346.4837,356.0,328.606,358.7304
2026-04-07 04:00:00,星期二,2026-04-07,4.0,327.246,316.9646,347.4267,357.5,325.7308,358.4512
2026-04-07 05:00:00,星期二,2026-04-07,5.0,325.538,322.4302,347.5506,356.0,325.8512,356.0284
2026-04-07 06:00:00,星期二,2026-04-07,6.0,333.036,341.3348,356.8587,361.5,342.6084,357.1005
2026-04-07 07:00:00,星期二,2026-04-07,7.0,328.978,282.4564,333.4697,355.0,321.3969,315.2343
2026-04-07 08:00:00,星期二,2026-04-07,8.0,19.623,128.4815,137.7969,198.02,209.9395,137.1284
2026-04-07 09:00:00,星期二,2026-04-07,9.0,-80.0,-25.2416,-10.467,-50.625,-26.3338,29.9759
2026-04-07 10:00:00,星期二,2026-04-07,10.0,-80.0,-66.1475,-64.611,-70.0,-62.6174,-42.4792
2026-04-07 11:00:00,星期二,2026-04-07,11.0,-80.0,-68.189,-68.2759,-75.0,-62.8321,-38.5135
2026-04-07 12:00:00,星期二,2026-04-07,12.0,-80.0,-75.9729,-81.3872,-75.0,-70.108,-58.6693
2026-04-07 13:00:00,星期二,2026-04-07,13.0,-80.0,-75.9729,-79.2759,-75.0,-75.0254,-77.3057
2026-04-07 14:00:00,星期二,2026-04-07,14.0,-80.0,-69.8779,-67.9883,-74.25,-68.4411,-59.3839
2026-04-07 15:00:00,星期二,2026-04-07,15.0,-80.0,-46.1978,-28.1519,-70.0,-55.0279,-27.9956
2026-04-07 16:00:00,星期二,2026-04-07,16.0,-80.0,1.108,91.3236,36.56,-7.0328,58.1848
2026-04-07 17:00:00,星期二,2026-04-07,17.0,343.008,342.4638,355.8434,352.518,361.4877,323.4699
2026-04-07 18:00:00,星期二,2026-04-07,18.0,352.019,443.0482,425.9096,397.0,440.3908,416.4755
2026-04-07 19:00:00,星期二,2026-04-07,19.0,351.629,470.9876,451.927,408.0,469.9031,462.4873
2026-04-07 20:00:00,星期二,2026-04-07,20.0,350.764,453.0902,439.2565,400.225,459.5203,480.7183
2026-04-07 21:00:00,星期二,2026-04-07,21.0,344.247,440.6606,430.8214,396.5,449.2676,443.4324
2026-04-07 22:00:00,星期二,2026-04-07,22.0,341.072,427.8409,415.6223,389.5,437.5331,440.2792
2026-04-07 23:00:00,星期二,2026-04-07,23.0,347.294,411.1041,402.1889,385.5,421.6373,428.3385
2026-04-08 00:00:00,星期二,2026-04-07,24.0,350.513,391.3051,386.0828,381.5,397.8464,399.5361
2026-04-08 01:00:00,星期三,2026-04-08,1.0,371.115,350.7601,348.2406,366.0,340.2209,372.0928
2026-04-08 02:00:00,星期三,2026-04-08,2.0,359.165,317.0171,343.0842,360.0,314.5714,347.4111
2026-04-08 03:00:00,星期三,2026-04-08,3.0,342.129,299.876,332.3512,348.5,304.1997,330.9993
2026-04-08 04:00:00,星期三,2026-04-08,4.0,341.999,285.7498,323.8532,344.06,280.0054,306.4049
2026-04-08 05:00:00,星期三,2026-04-08,5.0,332.43,286.0252,339.2911,355.5,275.0502,307.8328
2026-04-08 06:00:00,星期三,2026-04-08,6.0,336.143,275.031,353.7419,360.0,287.9489,279.8695
2026-04-08 07:00:00,星期三,2026-04-08,7.0,216.481,196.9849,285.6774,314.387,223.9135,223.6794
2026-04-08 08:00:00,星期三,2026-04-08,8.0,9.758,44.173,5.7249,65.875,141.8179,116.6963
2026-04-08 09:00:00,星期三,2026-04-08,9.0,118.014,-63.5762,-52.6355,-66.125,-50.1506,-25.7217
2026-04-08 10:00:00,星期三,2026-04-08,10.0,-80.0,-86.0502,-80.7653,-74.75,-70.4391,-76.4079
2026-04-08 11:00:00,星期三,2026-04-08,11.0,-80.0,-85.5702,-76.6968,-79.0,-68.624,-74.7751
2026-04-08 12:00:00,星期三,2026-04-08,12.0,134.528,-85.418,-80.5549,-79.0,-70.0707,-73.0331
2026-04-08 13:00:00,星期三,2026-04-08,13.0,382.196,-85.4133,-79.9304,-75.0,-70.2817,-75.9299
2026-04-08 14:00:00,星期三,2026-04-08,14.0,380.002,-76.3421,-58.0903,-75.0,-58.8535,-44.9744
2026-04-08 15:00:00,星期三,2026-04-08,15.0,438.313,-20.7618,7.4682,-30.0,-24.2359,29.2264
2026-04-08 16:00:00,星期三,2026-04-08,16.0,437.502,53.1006,151.5691,182.47,26.1458,120.869
2026-04-08 17:00:00,星期三,2026-04-08,17.0,742.566,298.6696,352.8871,384.02,279.8958,211.8774
2026-04-08 18:00:00,星期三,2026-04-08,18.0,370.344,337.1403,394.1515,401.0,349.0717,384.8096
2026-04-08 19:00:00,星期三,2026-04-08,19.0,352.082,353.1245,397.0551,396.74,356.6557,389.895
2026-04-08 20:00:00,星期三,2026-04-08,20.0,371.757,356.972,386.5096,397.375,352.3036,389.1954
2026-04-08 21:00:00,星期三,2026-04-08,21.0,361.745,360.6893,381.4557,389.66,354.5621,389.1745
2026-04-08 22:00:00,星期三,2026-04-08,22.0,365.363,362.7258,387.0665,397.5,363.9365,386.6692
2026-04-08 23:00:00,星期三,2026-04-08,23.0,373.761,379.2646,378.8122,385.5,369.6084,387.4646
2026-04-09 00:00:00,星期三,2026-04-08,24.0,365.054,384.6697,384.7265,395.05,368.011,385.9771
2026-04-09 01:00:00,星期四,2026-04-09,1.0,415.446,356.8132,418.1496,430.3,342.5017,367.2035
2026-04-09 02:00:00,星期四,2026-04-09,2.0,392.399,348.1603,392.4801,401.25,342.6695,367.8812
2026-04-09 03:00:00,星期四,2026-04-09,3.0,443.963,348.3282,368.3283,375.5,343.5724,372.3325
2026-04-09 04:00:00,星期四,2026-04-09,4.0,464.369,348.2772,363.4936,370.0,349.875,380.1807
2026-04-09 05:00:00,星期四,2026-04-09,5.0,439.955,369.844,389.0253,397.65,361.8,391.4297
2026-04-09 06:00:00,星期四,2026-04-09,6.0,379.877,386.3658,396.1217,399.25,376.9434,405.3313
2026-04-09 07:00:00,星期四,2026-04-09,7.0,386.571,398.5928,400.0981,398.8,391.2863,423.6429
2026-04-09 08:00:00,星期四,2026-04-09,8.0,393.807,425.2555,398.6031,400.0,421.5956,471.7045
2026-04-09 09:00:00,星期四,2026-04-09,9.0,408.043,396.9706,453.7242,430.95,455.0504,581.3692
2026-04-09 10:00:00,星期四,2026-04-09,10.0,422.446,396.3336,450.5889,440.8,450.3586,585.847
2026-04-09 11:00:00,星期四,2026-04-09,11.0,437.754,417.6507,468.7057,449.1,472.9564,614.894
2026-04-09 12:00:00,星期四,2026-04-09,12.0,938.463,396.8588,438.1381,424.07,447.9048,583.5002
2026-04-09 13:00:00,星期四,2026-04-09,13.0,729.561,340.4522,378.3522,383.5,387.9733,488.2652
2026-04-09 14:00:00,星期四,2026-04-09,14.0,778.009,347.2423,402.322,388.98,379.8658,490.6799
2026-04-09 15:00:00,星期四,2026-04-09,15.0,617.194,324.7597,396.0024,398.18,349.9689,425.2075
2026-04-09 16:00:00,星期四,2026-04-09,16.0,425.666,358.5962,399.9793,394.0,370.9987,432.5384
2026-04-09 17:00:00,星期四,2026-04-09,17.0,474.955,452.2813,429.3217,413.45,462.8009,434.9819
2026-04-09 18:00:00,星期四,2026-04-09,18.0,432.499,464.5312,454.7701,434.25,481.378,451.7225
2026-04-09 19:00:00,星期四,2026-04-09,19.0,439.461,484.4872,458.0296,439.4,498.6111,502.7168
2026-04-09 20:00:00,星期四,2026-04-09,20.0,437.125,469.035,459.8323,442.95,494.5328,510.5494
2026-04-09 21:00:00,星期四,2026-04-09,21.0,432.901,465.5042,453.6833,432.9,489.4647,499.1185
2026-04-09 22:00:00,星期四,2026-04-09,22.0,421.33,460.195,452.1635,429.3,480.4122,482.6496
2026-04-09 23:00:00,星期四,2026-04-09,23.0,423.689,459.8183,446.7248,422.6,479.1451,488.9822
2026-04-10 00:00:00,星期四,2026-04-09,24.0,415.378,451.8573,434.6735,410.85,464.5294,470.8945
2026-04-10 01:00:00,星期五,2026-04-10,1.0,618.689,482.5867,537.1423,534.5,424.1297,429.215
2026-04-10 02:00:00,星期五,2026-04-10,2.0,576.991,465.8803,551.8408,549.5,414.7185,427.6037
2026-04-10 03:00:00,星期五,2026-04-10,3.0,530.601,455.6329,541.5883,531.5,414.3092,428.549
2026-04-10 04:00:00,星期五,2026-04-10,4.0,515.927,447.2031,569.6548,577.0,411.3197,426.0479
2026-04-10 05:00:00,星期五,2026-04-10,5.0,526.124,445.9568,559.7488,576.5,412.7024,424.6775
2026-04-10 06:00:00,星期五,2026-04-10,6.0,547.735,436.1998,511.2671,512.5,407.6425,419.8498
2026-04-10 07:00:00,星期五,2026-04-10,7.0,532.185,373.3187,459.5894,469.9,375.2208,380.5532
2026-04-10 08:00:00,星期五,2026-04-10,8.0,480.309,208.9733,338.2278,392.175,267.3282,268.3748
2026-04-10 09:00:00,星期五,2026-04-10,9.0,325.132,22.2882,121.6936,191.5,51.4841,60.2308
2026-04-10 10:00:00,星期五,2026-04-10,10.0,29.514,-49.2952,-25.9708,-50.0,-59.1217,-52.3967
2026-04-10 11:00:00,星期五,2026-04-10,11.0,-80.0,-65.4949,-49.7338,-71.975,-70.3686,-70.4867
2026-04-10 12:00:00,星期五,2026-04-10,12.0,-80.0,-80.2643,-76.4033,-70.0,-68.4693,-69.6584
2026-04-10 13:00:00,星期五,2026-04-10,13.0,-80.0,-83.6002,-83.2455,-70.0,-80.1974,-69.0676
2026-04-10 14:00:00,星期五,2026-04-10,14.0,-80.0,-83.6111,-78.9475,-71.75,-81.0816,-70.9886
2026-04-10 15:00:00,星期五,2026-04-10,15.0,-80.0,-68.7864,-44.733,-50.0,-71.5639,-71.8525
2026-04-10 16:00:00,星期五,2026-04-10,16.0,-74.697,-21.4658,67.398,63.623,-46.6826,-5.6435
2026-04-10 17:00:00,星期五,2026-04-10,17.0,36.236,341.2041,315.13,315.77,235.4475,242.4359
2026-04-10 18:00:00,星期五,2026-04-10,18.0,505.493,411.5299,497.597,509.5,384.8383,403.2504
2026-04-10 19:00:00,星期五,2026-04-10,19.0,497.77,448.9151,544.3867,577.5,429.2245,423.6157
2026-04-10 20:00:00,星期五,2026-04-10,20.0,484.256,447.884,540.8156,577.875,434.0305,438.2985
2026-04-10 21:00:00,星期五,2026-04-10,21.0,459.415,436.1272,546.9904,581.0,426.08,423.0514
2026-04-10 22:00:00,星期五,2026-04-10,22.0,437.902,414.5369,532.9429,563.0,410.548,419.2321
2026-04-10 23:00:00,星期五,2026-04-10,23.0,460.311,408.3007,533.8818,580.0,399.6386,420.3245
2026-04-11 00:00:00,星期五,2026-04-10,24.0,408.871,387.8047,486.376,516.0,381.2556,409.8201
2026-04-11 01:00:00,星期六,2026-04-11,1.0,400.859,340.8497,486.1155,508.0,377.0353,421.956
2026-04-11 02:00:00,星期六,2026-04-11,2.0,398.437,342.5224,493.7241,508.0,386.8558,422.5814
2026-04-11 03:00:00,星期六,2026-04-11,3.0,407.297,353.7415,490.4778,506.0,404.1054,432.4239
2026-04-11 04:00:00,星期六,2026-04-11,4.0,470.598,370.8795,499.9827,510.375,424.3031,448.4353
2026-04-11 05:00:00,星期六,2026-04-11,5.0,537.765,395.2836,536.3722,565.5,435.4205,455.7935
2026-04-11 06:00:00,星期六,2026-04-11,6.0,679.052,403.1958,562.8397,600.0,445.4503,465.2668
2026-04-11 07:00:00,星期六,2026-04-11,7.0,421.625,334.3333,477.1235,506.125,391.4692,394.435
2026-04-11 08:00:00,星期六,2026-04-11,8.0,150.774,151.1166,310.4213,370.0,257.1725,251.118
2026-04-11 09:00:00,星期六,2026-04-11,9.0,-80.0,-20.5426,49.7358,60.0,0.6752,74.2801
2026-04-11 10:00:00,星期六,2026-04-11,10.0,-80.0,-70.2455,-38.2751,0.0,-55.7762,-25.1172
2026-04-11 11:00:00,星期六,2026-04-11,11.0,-80.0,-71.2498,-38.5365,-10.0,-62.0788,-33.3768
2026-04-11 12:00:00,星期六,2026-04-11,12.0,-43.688,-78.2393,-49.6006,-9.5,-65.4913,-42.812
2026-04-11 13:00:00,星期六,2026-04-11,13.0,-43.162,-86.2213,-55.467,-9.5,-74.1604,-66.6062
2026-04-11 14:00:00,星期六,2026-04-11,14.0,217.565,-67.5183,-36.893,-42.25,-62.7514,-37.7725
2026-04-11 15:00:00,星期六,2026-04-11,15.0,308.365,-47.0932,25.915,16.63,-48.0351,-5.3439
2026-04-11 16:00:00,星期六,2026-04-11,16.0,465.207,5.7749,163.4725,203.125,8.9539,87.234
2026-04-11 17:00:00,星期六,2026-04-11,17.0,533.351,296.4,401.5726,426.5,365.9976,255.3748
2026-04-11 18:00:00,星期六,2026-04-11,18.0,542.84,350.2696,481.0418,510.0,438.9442,409.3388
2026-04-11 19:00:00,星期六,2026-04-11,19.0,601.738,392.7814,494.152,519.75,461.9867,442.8971
2026-04-11 20:00:00,星期六,2026-04-11,20.0,584.674,385.0504,484.3026,513.375,445.4173,436.324
2026-04-11 21:00:00,星期六,2026-04-11,21.0,572.21,372.0101,485.1277,520.0,420.0162,413.113
2026-04-11 22:00:00,星期六,2026-04-11,22.0,546.465,344.1754,464.8439,496.0,404.4193,408.1814
2026-04-11 23:00:00,星期六,2026-04-11,23.0,540.131,341.9734,461.1936,494.0,399.6413,405.4361
2026-04-12 00:00:00,星期六,2026-04-11,24.0,501.442,295.4571,457.7569,501.0,361.4674,404.8804
2026-04-12 01:00:00,星期日,2026-04-12,1.0,468.332,314.4572,440.2951,478.5,390.3829,427.7296
2026-04-12 02:00:00,星期日,2026-04-12,2.0,441.022,298.2302,408.6502,440.0,379.1122,409.9026
2026-04-12 03:00:00,星期日,2026-04-12,3.0,431.798,294.6128,403.243,433.12,371.485,398.1254
2026-04-12 04:00:00,星期日,2026-04-12,4.0,435.365,292.7922,415.783,441.0,364.9664,389.8452
2026-04-12 05:00:00,星期日,2026-04-12,5.0,459.855,303.0671,426.4451,449.0,366.1784,386.9985
2026-04-12 06:00:00,星期日,2026-04-12,6.0,465.751,311.8056,466.8106,490.75,361.8699,384.6607
2026-04-12 07:00:00,星期日,2026-04-12,7.0,172.455,226.7551,341.6104,388.5,306.6135,318.9263
2026-04-12 08:00:00,星期日,2026-04-12,8.0,-80.0,98.7042,202.1141,297.5,177.4362,206.0289
2026-04-12 09:00:00,星期日,2026-04-12,9.0,-80.0,-41.3907,48.0323,92.525,5.3082,108.9042
2026-04-12 10:00:00,星期日,2026-04-12,10.0,-80.0,-74.0323,-28.6185,24.2,-47.8429,5.7699
2026-04-12 11:00:00,星期日,2026-04-12,11.0,-80.0,-75.0316,-30.8336,5.625,-58.9086,-16.3224
2026-04-12 12:00:00,星期日,2026-04-12,12.0,-80.0,-80.5147,-51.2153,-10.0,-61.0475,-22.0069
2026-04-12 13:00:00,星期日,2026-04-12,13.0,-80.0,-84.9645,-58.6911,-10.0,-68.5797,-43.7421
2026-04-12 14:00:00,星期日,2026-04-12,14.0,-80.0,-66.5211,12.286,55.625,-60.4951,-18.873
2026-04-12 15:00:00,星期日,2026-04-12,15.0,-80.0,-45.3187,33.249,13.028,-49.4965,3.9389
2026-04-12 16:00:00,星期日,2026-04-12,16.0,-80.0,4.0203,123.0055,108.048,9.1715,99.7519
2026-04-12 17:00:00,星期日,2026-04-12,17.0,284.817,361.6206,393.4985,404.823,416.0452,344.855
2026-04-12 18:00:00,星期日,2026-04-12,18.0,583.587,419.8016,498.9763,520.875,488.5393,434.7586
2026-04-12 19:00:00,星期日,2026-04-12,19.0,616.374,456.5106,532.1833,551.5,513.9891,474.1579
2026-04-12 20:00:00,星期日,2026-04-12,20.0,640.564,452.5195,531.3715,562.25,494.8756,472.061
2026-04-12 21:00:00,星期日,2026-04-12,21.0,627.875,449.9968,528.5571,569.66,486.9589,470.4812
2026-04-12 22:00:00,星期日,2026-04-12,22.0,633.907,444.2895,528.8355,570.0,475.5346,456.8735
2026-04-12 23:00:00,星期日,2026-04-12,23.0,636.536,442.3878,531.0833,565.5,467.0018,454.5122
2026-04-13 00:00:00,星期日,2026-04-12,24.0,628.849,436.3387,529.7484,557.5,459.4959,448.0778
2026-04-13 01:00:00,星期一,2026-04-13,1.0,470.118,429.1955,429.6945,424.0,484.6314,555.6768
2026-04-13 02:00:00,星期一,2026-04-13,2.0,433.046,425.4242,428.3939,420.0,480.0373,548.0898
2026-04-13 03:00:00,星期一,2026-04-13,3.0,403.417,421.8293,420.4647,410.0,476.2378,542.2889
2026-04-13 04:00:00,星期一,2026-04-13,4.0,358.488,423.9716,421.3096,412.5,473.9348,539.5723
2026-04-13 05:00:00,星期一,2026-04-13,5.0,358.631,434.5114,432.5756,418.0,476.589,540.3844
2026-04-13 06:00:00,星期一,2026-04-13,6.0,381.556,446.4317,506.83,507.05,489.9765,548.824
2026-04-13 07:00:00,星期一,2026-04-13,7.0,343.636,413.1552,433.8857,429.263,467.578,519.7064
2026-04-13 08:00:00,星期一,2026-04-13,8.0,270.468,325.9175,403.9231,426.875,421.857,470.528
2026-04-13 09:00:00,星期一,2026-04-13,9.0,272.069,381.7067,375.7305,409.143,317.1643,361.4283
2026-04-13 10:00:00,星期一,2026-04-13,10.0,-40.129,261.6944,327.3562,397.0,262.8212,299.7009
2026-04-13 11:00:00,星期一,2026-04-13,11.0,-72.187,212.6324,274.9994,276.498,250.7206,293.8849
2026-04-13 12:00:00,星期一,2026-04-13,12.0,-74.748,223.0712,261.1861,308.45,209.9946,268.0937
2026-04-13 13:00:00,星期一,2026-04-13,13.0,-77.365,163.3661,193.0325,235.388,142.7188,223.9913
2026-04-13 14:00:00,星期一,2026-04-13,14.0,-80.0,192.1128,241.1415,250.175,172.6736,230.0429
2026-04-13 15:00:00,星期一,2026-04-13,15.0,-62.828,200.8493,247.3474,202.875,188.3496,237.6262
2026-04-13 16:00:00,星期一,2026-04-13,16.0,103.787,291.2933,354.7745,383.363,271.9001,298.74
2026-04-13 17:00:00,星期一,2026-04-13,17.0,363.683,474.8731,440.4318,439.925,473.2646,411.6818
2026-04-13 18:00:00,星期一,2026-04-13,18.0,509.381,511.2317,485.0072,477.58,517.6899,446.0855
2026-04-13 19:00:00,星期一,2026-04-13,19.0,554.453,530.2618,549.2596,600.0,535.7051,488.2784
2026-04-13 20:00:00,星期一,2026-04-13,20.0,547.402,528.5236,550.1488,600.0,530.7918,486.9969
2026-04-13 21:00:00,星期一,2026-04-13,21.0,594.357,525.6742,526.5554,536.5,523.7622,477.771
2026-04-13 22:00:00,星期一,2026-04-13,22.0,670.827,527.2946,454.8774,438.89,527.4778,477.1454
2026-04-13 23:00:00,星期一,2026-04-13,23.0,587.988,527.1395,382.4839,339.0,522.1678,466.6001
2026-04-14 00:00:00,星期一,2026-04-13,24.0,611.228,507.5683,512.7748,510.88,500.5596,461.058
2026-04-14 01:00:00,星期二,2026-04-14,1.0,541.257,482.2558,537.195,533.5,487.8743,509.4387
2026-04-14 02:00:00,星期二,2026-04-14,2.0,493.595,468.5715,501.6683,490.0,479.7823,499.7145
2026-04-14 03:00:00,星期二,2026-04-14,3.0,487.755,463.0061,503.038,490.0,475.0009,495.6996
2026-04-14 04:00:00,星期二,2026-04-14,4.0,487.0,455.7242,502.6062,490.0,475.2553,495.9687
2026-04-14 05:00:00,星期二,2026-04-14,5.0,494.913,463.383,506.1786,492.5,478.8272,498.1622
2026-04-14 06:00:00,星期二,2026-04-14,6.0,504.38,466.4867,499.9792,491.5,502.5713,505.8359
2026-04-14 07:00:00,星期二,2026-04-14,7.0,459.292,419.8031,436.0762,427.865,461.3496,465.5012
2026-04-14 08:00:00,星期二,2026-04-14,8.0,345.201,268.4431,335.9598,355.023,373.8891,371.2878
2026-04-14 09:00:00,星期二,2026-04-14,9.0,25.346,141.4275,192.9857,238.78,225.9117,268.1531
2026-04-14 10:00:00,星期二,2026-04-14,10.0,-80.0,15.9842,55.5526,89.5,58.0652,131.8996
2026-04-14 11:00:00,星期二,2026-04-14,11.0,-80.0,-9.2479,36.8549,49.75,-11.5163,84.7376
2026-04-14 12:00:00,星期二,2026-04-14,12.0,-80.0,-51.8758,-16.2312,-35.0,-12.1869,61.1663
2026-04-14 13:00:00,星期二,2026-04-14,13.0,-80.0,-54.7601,-39.919,-40.0,-27.6746,18.3429
2026-04-14 14:00:00,星期二,2026-04-14,14.0,-80.0,-24.565,36.4124,0.0,-4.2247,60.1981
2026-04-14 15:00:00,星期二,2026-04-14,15.0,-80.0,61.7065,145.9218,111.75,80.9989,131.0915
2026-04-14 16:00:00,星期二,2026-04-14,16.0,248.194,177.2619,283.9,322.375,226.3033,251.0904
2026-04-14 17:00:00,星期二,2026-04-14,17.0,444.842,444.6408,442.3221,440.0,433.8491,398.9104
2026-04-14 18:00:00,星期二,2026-04-14,18.0,490.103,508.8804,518.4688,520.0,494.5445,447.4687
2026-04-14 19:00:00,星期二,2026-04-14,19.0,522.071,533.2624,520.1744,505.635,545.4236,456.922
2026-04-14 20:00:00,星期二,2026-04-14,20.0,524.976,519.4355,519.1416,509.375,541.9373,455.42
2026-04-14 21:00:00,星期二,2026-04-14,21.0,516.439,503.9422,521.6154,520.0,507.9867,443.7535
2026-04-14 22:00:00,星期二,2026-04-14,22.0,540.535,490.9632,512.5902,510.0,479.7278,446.0894
2026-04-14 23:00:00,星期二,2026-04-14,23.0,539.383,487.9235,521.625,520.0,479.3208,454.3316
2026-04-15 00:00:00,星期二,2026-04-14,24.0,540.314,475.7586,514.7725,519.43,473.3179,437.1963
2026-04-15 01:00:00,星期三,2026-04-15,1.0,612.094,481.8163,505.7073,489.5,485.8203,506.133
2026-04-15 02:00:00,星期三,2026-04-15,2.0,561.653,474.6816,488.7426,469.5,477.2357,499.4344
2026-04-15 03:00:00,星期三,2026-04-15,3.0,488.785,472.7111,485.7559,469.25,477.9883,500.2189
2026-04-15 04:00:00,星期三,2026-04-15,4.0,475.611,474.218,487.0977,469.5,483.3916,507.0532
2026-04-15 05:00:00,星期三,2026-04-15,5.0,476.319,480.6103,498.7579,475.75,488.868,508.0725
2026-04-15 06:00:00,星期三,2026-04-15,6.0,472.159,476.3066,493.2141,469.5,490.8391,507.7441
2026-04-15 07:00:00,星期三,2026-04-15,7.0,422.498,387.464,404.1154,409.0,425.7858,439.0687
2026-04-15 08:00:00,星期三,2026-04-15,8.0,328.948,187.7331,267.9542,302.5,305.0617,280.9392
2026-04-15 09:00:00,星期三,2026-04-15,9.0,88.186,10.6801,52.4717,102.44,65.1614,156.0315
2026-04-15 10:00:00,星期三,2026-04-15,10.0,-79.533,-66.3066,-49.4255,0.0,-34.8817,7.3041
2026-04-15 11:00:00,星期三,2026-04-15,11.0,-28.549,-66.8734,-66.7913,-54.0,-49.8433,-29.4583
2026-04-15 12:00:00,星期三,2026-04-15,12.0,-63.204,-74.2183,-73.7778,-56.7,-58.6869,-51.7734
2026-04-15 13:00:00,星期三,2026-04-15,13.0,-57.149,-70.4441,-82.6462,-74.5,-69.8906,-71.4812
2026-04-15 14:00:00,星期三,2026-04-15,14.0,-59.127,-69.9399,-67.7698,-50.0,-60.4615,-53.2116
2026-04-15 15:00:00,星期三,2026-04-15,15.0,-39.189,-39.6398,13.3865,0.0,-41.568,-3.2203
2026-04-15 16:00:00,星期三,2026-04-15,16.0,356.083,38.4181,175.5893,250.0,36.3356,115.5978
2026-04-15 17:00:00,星期三,2026-04-15,17.0,453.494,403.3293,381.2205,389.5,392.4545,362.7855
2026-04-15 18:00:00,星期三,2026-04-15,18.0,486.141,467.68,446.3395,435.0,462.169,435.9322
2026-04-15 19:00:00,星期三,2026-04-15,19.0,454.733,495.013,458.9382,439.5,487.6883,470.6601
2026-04-15 20:00:00,星期三,2026-04-15,20.0,473.423,493.6201,455.7514,439.5,486.6354,464.1692
2026-04-15 21:00:00,星期三,2026-04-15,21.0,465.746,481.3758,450.4457,439.5,476.3338,454.2795
2026-04-15 22:00:00,星期三,2026-04-15,22.0,471.04,467.7419,439.5746,429.5,455.2643,441.543
2026-04-15 23:00:00,星期三,2026-04-15,23.0,472.013,460.9533,448.0013,439.5,448.8965,441.5294
2026-04-16 00:00:00,星期三,2026-04-15,24.0,454.786,440.9286,434.8686,429.0,436.069,421.7172
2026-04-16 01:00:00,星期四,2026-04-16,1.0,402.242,403.9472,422.0696,419.65,399.5688,419.519
2026-04-16 02:00:00,星期四,2026-04-16,2.0,378.813,387.7992,401.8983,400.0,390.0551,408.8396
2026-04-16 03:00:00,星期四,2026-04-16,3.0,365.543,373.0379,397.8493,399.0,378.8303,401.7494
2026-04-16 04:00:00,星期四,2026-04-16,4.0,351.635,375.8191,394.0043,395.7,381.7658,400.6017
2026-04-16 05:00:00,星期四,2026-04-16,5.0,362.682,386.9949,400.5634,399.28,390.2125,404.5151
2026-04-16 06:00:00,星期四,2026-04-16,6.0,378.505,400.8902,402.8186,399.5,402.8607,414.719
2026-04-16 07:00:00,星期四,2026-04-16,7.0,365.707,364.2181,396.9636,399.0,372.8503,381.7411
2026-04-16 08:00:00,星期四,2026-04-16,8.0,344.231,277.8692,343.8657,362.125,328.4253,324.6591
2026-04-16 09:00:00,星期四,2026-04-16,9.0,363.616,232.0505,296.2828,365.688,291.8783,385.2697
2026-04-16 10:00:00,星期四,2026-04-16,10.0,363.068,191.2374,256.3449,346.8,235.1168,287.8729
2026-04-16 11:00:00,星期四,2026-04-16,11.0,378.851,207.7178,262.6333,320.0,249.0092,291.8472
2026-04-16 12:00:00,星期四,2026-04-16,12.0,395.525,239.4158,250.4938,308.0,247.8184,286.7811
2026-04-16 13:00:00,星期四,2026-04-16,13.0,451.471,173.4766,235.3208,320.5,208.5934,255.0494
2026-04-16 14:00:00,星期四,2026-04-16,14.0,1088.47,245.7292,300.0835,361.25,259.8099,307.3348
2026-04-16 15:00:00,星期四,2026-04-16,15.0,1300.0,270.457,331.7372,370.75,285.9461,334.3208
2026-04-16 16:00:00,星期四,2026-04-16,16.0,1300.0,340.8386,364.8901,400.0,339.5307,385.8479
2026-04-16 17:00:00,星期四,2026-04-16,17.0,840.615,457.2872,428.81,425.68,433.9928,401.8106
2026-04-16 18:00:00,星期四,2026-04-16,18.0,429.982,459.3641,439.4484,434.53,451.2988,440.4346
2026-04-16 19:00:00,星期四,2026-04-16,19.0,571.267,469.1865,457.3696,453.15,464.1888,462.5676
2026-04-16 20:00:00,星期四,2026-04-16,20.0,523.509,472.5192,457.5707,456.2,464.3498,454.4876
2026-04-16 21:00:00,星期四,2026-04-16,21.0,695.502,471.3902,447.1142,442.5,460.2046,453.1168
2026-04-16 22:00:00,星期四,2026-04-16,22.0,837.408,471.2681,446.7909,443.0,452.7043,451.8783
2026-04-16 23:00:00,星期四,2026-04-16,23.0,781.162,471.3755,451.8607,449.98,456.1221,451.5817
2026-04-17 00:00:00,星期四,2026-04-16,24.0,482.657,463.2032,440.035,436.75,446.0462,437.1642
2026-04-17 01:00:00,星期五,2026-04-17,1.0,533.526,457.0726,547.6431,550.0,436.1228,463.9065
2026-04-17 02:00:00,星期五,2026-04-17,2.0,510.556,445.7436,543.1045,549.55,428.9394,458.3504
2026-04-17 03:00:00,星期五,2026-04-17,3.0,499.562,437.575,500.8155,505.5,426.5155,454.6103
2026-04-17 04:00:00,星期五,2026-04-17,4.0,494.466,437.1344,499.0934,500.4,427.3089,458.5016
2026-04-17 05:00:00,星期五,2026-04-17,5.0,503.798,451.9657,519.7084,524.65,432.8641,458.58
2026-04-17 06:00:00,星期五,2026-04-17,6.0,519.645,454.482,529.9339,534.0,441.9993,465.1187
2026-04-17 07:00:00,星期五,2026-04-17,7.0,492.43,397.7416,476.6479,496.74,400.2138,415.6587
2026-04-17 08:00:00,星期五,2026-04-17,8.0,410.12,229.5331,315.6218,352.743,274.8376,294.0144
2026-04-17 09:00:00,星期五,2026-04-17,9.0,150.129,27.4355,119.7646,161.395,97.3133,141.6041
2026-04-17 10:00:00,星期五,2026-04-17,10.0,271.25,-71.9347,-52.5296,-36.5,-39.2053,-10.6377
2026-04-17 11:00:00,星期五,2026-04-17,11.0,-9.976,-81.8091,-68.6668,-57.5,-55.288,-59.0731
2026-04-17 12:00:00,星期五,2026-04-17,12.0,-75.089,-82.529,-78.5115,-75.0,-63.8853,-76.4655
2026-04-17 13:00:00,星期五,2026-04-17,13.0,-58.255,-79.299,-78.5567,-75.0,-62.4975,-78.1056
2026-04-17 14:00:00,星期五,2026-04-17,14.0,28.4,-81.6239,-80.1116,-75.0,-61.6248,-76.6847
2026-04-17 15:00:00,星期五,2026-04-17,15.0,-3.065,-66.8023,-50.8021,-58.575,-46.9408,-40.1326
2026-04-17 16:00:00,星期五,2026-04-17,16.0,364.354,-8.3158,97.6756,86.213,26.5647,85.3089
2026-04-17 17:00:00,星期五,2026-04-17,17.0,463.991,356.6602,393.3162,407.5,328.3324,346.9756
2026-04-17 18:00:00,星期五,2026-04-17,18.0,509.889,456.5175,498.7014,503.543,430.1868,415.635
2026-04-17 19:00:00,星期五,2026-04-17,19.0,522.64,481.1803,538.2896,550.0,461.9812,434.7117
2026-04-17 20:00:00,星期五,2026-04-17,20.0,523.558,475.4764,522.1376,537.0,460.1661,438.4121
2026-04-17 21:00:00,星期五,2026-04-17,21.0,515.502,461.0094,525.0359,543.188,450.4733,443.5309
2026-04-17 22:00:00,星期五,2026-04-17,22.0,518.674,444.9375,528.0197,548.5,435.7336,436.9858
2026-04-17 23:00:00,星期五,2026-04-17,23.0,519.023,433.3302,512.4362,532.0,424.8977,433.254
2026-04-18 00:00:00,星期五,2026-04-17,24.0,514.972,407.4521,492.647,522.14,407.3532,409.863
2026-04-18 01:00:00,星期六,2026-04-18,1.0,463.941,369.8596,438.2916,453.47,393.8066,435.2007
2026-04-18 02:00:00,星期六,2026-04-18,2.0,437.091,350.3069,409.8574,430.05,374.2329,408.7774
2026-04-18 03:00:00,星期六,2026-04-18,3.0,424.097,340.6769,403.446,419.5,364.2894,392.5838
2026-04-18 04:00:00,星期六,2026-04-18,4.0,412.736,342.2274,419.7487,419.5,364.6386,393.398
2026-04-18 05:00:00,星期六,2026-04-18,5.0,425.451,352.8767,445.3961,429.5,366.1049,391.6618
2026-04-18 06:00:00,星期六,2026-04-18,6.0,444.817,364.8504,445.2084,429.5,373.6896,397.0433
2026-04-18 07:00:00,星期六,2026-04-18,7.0,396.58,256.2854,356.023,399.5,307.1008,318.5263
2026-04-18 08:00:00,星期六,2026-04-18,8.0,-81.558,63.8067,76.4865,160.75,153.4776,166.7206
2026-04-18 09:00:00,星期六,2026-04-18,9.0,-81.486,-45.1316,-19.2901,-42.0,-45.0348,7.6939
2026-04-18 10:00:00,星期六,2026-04-18,10.0,-80.0,-86.6667,-58.1097,-20.0,-77.3232,-82.2083
2026-04-18 11:00:00,星期六,2026-04-18,11.0,-80.0,-86.6667,-77.6872,-70.0,-77.9519,-80.9324
2026-04-18 12:00:00,星期六,2026-04-18,12.0,-2.224,-86.6667,-82.7876,-72.55,-78.596,-83.2742
2026-04-18 13:00:00,星期六,2026-04-18,13.0,-41.838,-86.6667,-78.2512,-70.0,-78.596,-84.0544
2026-04-18 14:00:00,星期六,2026-04-18,14.0,-59.638,-86.6667,-77.026,-72.5,-78.5441,-81.6939
2026-04-18 15:00:00,星期六,2026-04-18,15.0,-57.886,-86.6667,-87.7649,-67.5,-77.6802,-78.0824
2026-04-18 16:00:00,星期六,2026-04-18,16.0,-74.881,-64.9681,-3.9164,0.0,-62.6188,-33.1717
2026-04-18 17:00:00,星期六,2026-04-18,17.0,363.013,236.679,313.4143,324.77,295.1782,232.1564
2026-04-18 18:00:00,星期六,2026-04-18,18.0,502.096,310.8039,411.2067,419.5,411.7278,387.5317
2026-04-18 19:00:00,星期六,2026-04-18,19.0,482.984,393.223,433.1344,439.5,422.9918,401.9506
2026-04-18 20:00:00,星期六,2026-04-18,20.0,578.261,386.6309,425.7297,439.5,414.3036,412.4111
2026-04-18 21:00:00,星期六,2026-04-18,21.0,1126.015,379.4887,411.8107,429.5,402.3888,407.439
2026-04-18 22:00:00,星期六,2026-04-18,22.0,827.786,372.1379,424.4119,450.0,392.0413,405.0732
2026-04-18 23:00:00,星期六,2026-04-18,23.0,482.014,368.2186,432.9374,459.5,384.5212,408.3155
2026-04-19 00:00:00,星期六,2026-04-18,24.0,521.074,329.006,406.1034,439.5,349.2066,375.7393
2026-04-19 01:00:00,星期日,2026-04-19,1.0,541.086,327.8557,490.322,512.84,321.2432,346.1053
2026-04-19 02:00:00,星期日,2026-04-19,2.0,503.454,305.2642,439.4275,465.6,312.3225,335.5281
2026-04-19 03:00:00,星期日,2026-04-19,3.0,471.846,297.4733,431.2421,459.5,305.1223,328.0549
2026-04-19 04:00:00,星期日,2026-04-19,4.0,427.244,294.0086,406.0108,435.0,305.1654,323.236
2026-04-19 05:00:00,星期日,2026-04-19,5.0,461.395,310.3205,432.3333,458.0,318.2108,335.1713
2026-04-19 06:00:00,星期日,2026-04-19,6.0,467.81,315.2579,463.9115,486.05,328.6422,342.4696
2026-04-19 07:00:00,星期日,2026-04-19,7.0,166.961,159.8698,346.3398,400.125,221.9795,238.296
2026-04-19 08:00:00,星期日,2026-04-19,8.0,-80.0,-0.1657,-9.2308,30.155,130.798,104.5277
2026-04-19 09:00:00,星期日,2026-04-19,9.0,-80.0,-71.7565,-62.1907,-53.5,-55.0069,-29.2875
2026-04-19 10:00:00,星期日,2026-04-19,10.0,-82.062,-86.6667,-75.2436,-43.0,-73.3148,-82.9668
2026-04-19 11:00:00,星期日,2026-04-19,11.0,-80.0,-86.4818,-81.2769,-70.0,-75.7884,-80.0695
2026-04-19 12:00:00,星期日,2026-04-19,12.0,-80.0,-85.9968,-76.3852,-55.0,-75.7884,-82.0373
2026-04-19 13:00:00,星期日,2026-04-19,13.0,-75.36,-85.5702,-80.7332,-67.65,-75.7884,-83.7037
2026-04-19 14:00:00,星期日,2026-04-19,14.0,-75.399,-86.2013,-58.6133,-50.0,-75.7884,-82.738
2026-04-19 15:00:00,星期日,2026-04-19,15.0,-76.434,-79.1918,-63.7465,-54.5,-75.7884,-77.2169
2026-04-19 16:00:00,星期日,2026-04-19,16.0,-47.899,-38.5681,125.306,200.0,-47.0528,0.5128
2026-04-19 17:00:00,星期日,2026-04-19,17.0,1124.519,243.272,391.6617,442.45,319.7454,190.5145
2026-04-19 18:00:00,星期日,2026-04-19,18.0,1079.468,358.6562,476.3659,500.0,411.1455,362.3768
2026-04-19 19:00:00,星期日,2026-04-19,19.0,500.553,383.1277,438.493,454.77,423.7017,382.4689
2026-04-19 20:00:00,星期日,2026-04-19,20.0,478.216,379.9885,467.7911,500.5,414.5069,386.3199
2026-04-19 21:00:00,星期日,2026-04-19,21.0,444.407,378.8096,478.0745,509.18,405.7217,381.5079
2026-04-19 22:00:00,星期日,2026-04-19,22.0,399.43,375.2641,441.0075,472.5,394.0241,377.9434
2026-04-19 23:00:00,星期日,2026-04-19,23.0,468.663,364.1265,414.4952,442.0,383.7801,361.0622
2026-04-20 00:00:00,星期日,2026-04-19,24.0,494.247,319.1049,409.4696,453.75,346.3288,323.1996
2026-04-20 01:00:00,星期一,2026-04-20,1.0,486.395,139.0673,395.5893,459.5,251.253,247.9459
2026-04-20 02:00:00,星期一,2026-04-20,2.0,458.698,53.0013,324.2384,421.65,187.8999,200.9542
2026-04-20 03:00:00,星期一,2026-04-20,3.0,368.534,36.0443,252.1525,359.33,159.5887,179.4595
2026-04-20 04:00:00,星期一,2026-04-20,4.0,330.471,28.1508,216.8504,315.78,142.9284,169.3648
2026-04-20 05:00:00,星期一,2026-04-20,5.0,315.209,37.5293,282.97,358.4,165.6616,188.0575
2026-04-20 06:00:00,星期一,2026-04-20,6.0,250.902,72.8295,408.0739,445.8,194.4401,219.4559
2026-04-20 07:00:00,星期一,2026-04-20,7.0,227.841,38.0613,226.6338,331.625,187.0476,192.024
2026-04-20 08:00:00,星期一,2026-04-20,8.0,108.928,-10.2609,47.4354,118.125,105.832,86.4461
2026-04-20 09:00:00,星期一,2026-04-20,9.0,-76.814,-75.1096,-43.7768,0.0,20.1965,153.4822
2026-04-20 10:00:00,星期一,2026-04-20,10.0,-76.244,-86.6667,-73.2455,-5.0,-24.645,31.0468
2026-04-20 11:00:00,星期一,2026-04-20,11.0,-75.156,-86.5037,-81.2076,-65.0,-47.1737,-2.5213
2026-04-20 12:00:00,星期一,2026-04-20,12.0,-74.542,-84.9718,-84.0276,-67.0,-72.9983,-40.6054
2026-04-20 13:00:00,星期一,2026-04-20,13.0,-71.169,-85.2209,-84.2067,-69.0,-69.9012,-76.417
2026-04-20 14:00:00,星期一,2026-04-20,14.0,-41.387,-85.911,-74.3677,-64.5,-68.7874,-56.268
2026-04-20 15:00:00,星期一,2026-04-20,15.0,-75.961,-86.6667,-71.3513,-64.5,-54.9123,-23.355
2026-04-20 16:00:00,星期一,2026-04-20,16.0,-76.39,-41.9614,95.6082,184.43,-10.4373,81.102
2026-04-20 17:00:00,星期一,2026-04-20,17.0,222.338,290.4707,438.8595,470.37,350.0385,324.6623
2026-04-20 18:00:00,星期一,2026-04-20,18.0,486.635,439.0431,535.4222,562.9,478.4616,432.8538
2026-04-20 19:00:00,星期一,2026-04-20,19.0,511.078,485.7636,544.6475,569.0,512.1313,453.9574
2026-04-20 20:00:00,星期一,2026-04-20,20.0,523.767,477.6653,538.637,569.0,500.6661,455.7172
2026-04-20 21:00:00,星期一,2026-04-20,21.0,519.951,466.4839,545.4047,583.0,485.9143,449.0422
2026-04-20 22:00:00,星期一,2026-04-20,22.0,529.3,452.8706,533.8764,567.375,460.1953,441.4274
2026-04-20 23:00:00,星期一,2026-04-20,23.0,532.727,441.2399,521.4375,552.58,437.5722,431.5096
2026-04-21 00:00:00,星期一,2026-04-20,24.0,513.72,397.7841,485.5189,512.84,432.5208,426.9679
2026-04-21 01:00:00,星期二,2026-04-21,1.0,364.191,363.3098,422.934,449.68,381.0865,431.9444
2026-04-21 02:00:00,星期二,2026-04-21,2.0,356.258,347.6572,399.4217,423.63,373.7634,422.3446
2026-04-21 03:00:00,星期二,2026-04-21,3.0,354.21,344.7095,369.9916,395.53,369.284,412.6993
2026-04-21 04:00:00,星期二,2026-04-21,4.0,351.835,347.3149,378.2373,393.0,369.2985,412.8725
2026-04-21 05:00:00,星期二,2026-04-21,5.0,355.015,375.3135,394.2831,399.75,380.2563,430.581
2026-04-21 06:00:00,星期二,2026-04-21,6.0,362.391,391.4136,409.6448,413.8,402.1582,449.7931
2026-04-21 07:00:00,星期二,2026-04-21,7.0,350.006,344.6213,402.0802,425.11,373.366,405.8993
2026-04-21 08:00:00,星期二,2026-04-21,8.0,345.312,235.4935,362.2692,414.45,338.9894,336.103
2026-04-21 09:00:00,星期二,2026-04-21,9.0,365.389,209.7242,269.5687,380.25,272.1349,389.0502
2026-04-21 10:00:00,星期二,2026-04-21,10.0,362.104,187.616,232.0273,379.53,230.4025,348.1204
2026-04-21 11:00:00,星期二,2026-04-21,11.0,368.271,215.533,267.577,394.36,248.5218,359.2837
2026-04-21 12:00:00,星期二,2026-04-21,12.0,367.565,213.3828,262.06,392.11,252.7451,366.2463
2026-04-21 13:00:00,星期二,2026-04-21,13.0,354.412,145.2032,220.6964,372.25,195.7729,313.1102
2026-04-21 14:00:00,星期二,2026-04-21,14.0,367.267,231.7542,288.408,405.0,243.2911,340.8588
2026-04-21 15:00:00,星期二,2026-04-21,15.0,374.947,288.5631,333.8368,434.15,260.7155,348.5893
2026-04-21 16:00:00,星期二,2026-04-21,16.0,372.895,330.6193,366.2829,450.0,309.6968,386.14
2026-04-21 17:00:00,星期二,2026-04-21,17.0,375.434,456.081,447.8125,450.0,461.3845,381.3655
2026-04-21 18:00:00,星期二,2026-04-21,18.0,367.315,472.7133,450.4965,450.0,459.3211,420.3023
2026-04-21 19:00:00,星期二,2026-04-21,19.0,369.812,486.3274,455.8518,449.925,462.5778,440.0351
2026-04-21 20:00:00,星期二,2026-04-21,20.0,363.457,475.2386,460.6141,459.45,466.0728,447.4537
2026-04-21 21:00:00,星期二,2026-04-21,21.0,371.621,476.1311,458.6047,456.93,463.8464,434.5895
2026-04-21 22:00:00,星期二,2026-04-21,22.0,374.563,468.9003,454.9383,454.013,460.7408,438.3598
2026-04-21 23:00:00,星期二,2026-04-21,23.0,372.98,463.3984,452.1321,452.5,457.6694,439.5582
2026-04-22 00:00:00,星期二,2026-04-21,24.0,361.312,447.1072,446.0551,446.74,450.0964,424.7194
2026-04-22 01:00:00,星期三,2026-04-22,1.0,361.306,412.7936,414.1035,404.84,435.5787,505.0276
2026-04-22 02:00:00,星期三,2026-04-22,2.0,356.171,407.3591,404.5812,393.2,433.8182,498.0606
2026-04-22 03:00:00,星期三,2026-04-22,3.0,357.911,405.8913,404.0871,392.5,432.2035,495.1574
2026-04-22 04:00:00,星期三,2026-04-22,4.0,362.727,411.8145,408.0104,394.53,439.06,503.3821
2026-04-22 05:00:00,星期三,2026-04-22,5.0,369.713,428.5467,423.7413,409.83,448.1572,513.7984
2026-04-22 06:00:00,星期三,2026-04-22,6.0,380.586,436.8053,435.169,423.05,460.3043,528.616
2026-04-22 07:00:00,星期三,2026-04-22,7.0,371.9,393.5762,408.51,409.7,432.3471,481.9786
2026-04-22 08:00:00,星期三,2026-04-22,8.0,338.953,284.5684,374.7283,398.1,381.072,383.6968
2026-04-22 09:00:00,星期三,2026-04-22,9.0,214.819,214.9958,255.3164,371.53,253.1168,313.5549
2026-04-22 10:00:00,星期三,2026-04-22,10.0,-77.121,40.1537,144.9825,299.5,90.6317,186.8365
2026-04-22 11:00:00,星期三,2026-04-22,11.0,-14.917,-34.7524,178.1434,484.28,25.6725,131.1331
2026-04-22 12:00:00,星期三,2026-04-22,12.0,-33.608,-56.8805,-4.1593,48.5,-11.8073,70.7035
2026-04-22 13:00:00,星期三,2026-04-22,13.0,-8.906,-67.886,-49.2702,20.0,-34.3079,12.1435
2026-04-22 14:00:00,星期三,2026-04-22,14.0,-36.195,-58.5499,118.6458,360.0,-20.1172,48.7497
2026-04-22 15:00:00,星期三,2026-04-22,15.0,50.534,-26.1615,219.461,510.0,1.3709,86.145
2026-04-22 16:00:00,星期三,2026-04-22,16.0,338.373,93.0598,213.3335,299.5,130.1935,193.5111
2026-04-22 17:00:00,星期三,2026-04-22,17.0,362.676,410.0935,410.9048,407.5,420.104,371.0951
2026-04-22 18:00:00,星期三,2026-04-22,18.0,382.814,463.2333,440.8619,425.0,473.7043,440.9055
2026-04-22 19:00:00,星期三,2026-04-22,19.0,387.758,486.7539,467.8788,450.0,501.6827,464.8028
2026-04-22 20:00:00,星期三,2026-04-22,20.0,392.715,497.6594,449.0088,432.5,506.7807,468.3729
2026-04-22 21:00:00,星期三,2026-04-22,21.0,398.158,495.8393,447.726,434.46,507.5337,482.7532
2026-04-22 22:00:00,星期三,2026-04-22,22.0,397.68,493.0281,454.1488,437.83,501.3074,465.4597
2026-04-22 23:00:00,星期三,2026-04-22,23.0,395.523,487.5721,457.9708,442.5,496.5036,469.6999
2026-04-23 00:00:00,星期三,2026-04-22,24.0,394.488,477.4299,443.2232,426.89,487.0437,457.529
2026-04-23 01:00:00,星期四,2026-04-23,1.0,397.178,462.5902,434.4644,409.0,464.178,552.7058
2026-04-23 02:00:00,星期四,2026-04-23,2.0,390.756,446.5721,424.8839,399.5,454.6202,535.3572
2026-04-23 03:00:00,星期四,2026-04-23,3.0,387.804,435.8738,414.3432,390.0,442.8896,515.4524
2026-04-23 04:00:00,星期四,2026-04-23,4.0,386.251,430.7795,411.3986,388.0,438.5545,508.9974
2026-04-23 05:00:00,星期四,2026-04-23,5.0,387.141,435.1847,410.3011,389.0,438.7117,504.9721
2026-04-23 06:00:00,星期四,2026-04-23,6.0,387.612,438.708,415.0867,402.5,444.209,509.1289
2026-04-23 07:00:00,星期四,2026-04-23,7.0,366.928,387.8106,394.8511,399.5,408.5919,447.5987
2026-04-23 08:00:00,星期四,2026-04-23,8.0,345.845,250.9693,338.5317,382.0,341.4653,327.9308
2026-04-23 09:00:00,星期四,2026-04-23,9.0,251.178,36.3905,138.368,218.0,109.3344,225.8828
2026-04-23 10:00:00,星期四,2026-04-23,10.0,-64.042,-55.7104,2.6455,113.725,-9.2841,78.5736
2026-04-23 11:00:00,星期四,2026-04-23,11.0,-69.909,-77.8533,-56.5157,0.0,-29.0377,31.185
2026-04-23 12:00:00,星期四,2026-04-23,12.0,-71.028,-84.5228,-81.0827,-49.5,-55.1598,-38.8179
2026-04-23 13:00:00,星期四,2026-04-23,13.0,-51.038,-86.6667,-75.4102,-10.0,-68.6849,-79.343
2026-04-23 14:00:00,星期四,2026-04-23,14.0,-64.023,-79.6429,-69.4607,-10.0,-56.4596,-45.0979
2026-04-23 15:00:00,星期四,2026-04-23,15.0,-79.551,-64.8354,-33.5564,-47.25,-38.5884,0.0837
2026-04-23 16:00:00,星期四,2026-04-23,16.0,5.972,-32.181,81.3669,91.5,0.4907,94.3716
2026-04-23 17:00:00,星期四,2026-04-23,17.0,355.587,321.7035,382.5202,389.5,310.216,300.9274
2026-04-23 18:00:00,星期四,2026-04-23,18.0,386.273,420.8282,419.6695,409.5,397.9138,408.7983
2026-04-23 19:00:00,星期四,2026-04-23,19.0,386.595,452.8718,426.3499,410.5,431.7471,423.7489
2026-04-23 20:00:00,星期四,2026-04-23,20.0,389.535,448.5632,422.5029,410.05,431.1453,427.0609
2026-04-23 21:00:00,星期四,2026-04-23,21.0,378.754,436.3008,414.2848,409.0,423.1419,426.2748
2026-04-23 22:00:00,星期四,2026-04-23,22.0,368.282,421.763,401.2978,401.0,407.2653,416.5613
2026-04-23 23:00:00,星期四,2026-04-23,23.0,363.463,411.7441,379.2631,386.0,395.5037,413.5955
2026-04-24 00:00:00,星期四,2026-04-23,24.0,360.904,362.9486,362.7097,381.0,377.6052,403.2147
2026-04-24 01:00:00,星期五,2026-04-24,1.0,319.765,341.4839,328.2828,344.0,358.4983,373.611
2026-04-24 02:00:00,星期五,2026-04-24,2.0,315.754,329.9201,320.3605,338.0,343.9566,354.7602
2026-04-24 03:00:00,星期五,2026-04-24,3.0,316.668,323.7699,317.3447,334.5,334.5942,342.8732
2026-04-24 04:00:00,星期五,2026-04-24,4.0,320.412,320.8771,319.5768,334.5,334.8139,343.6165
2026-04-24 05:00:00,星期五,2026-04-24,5.0,324.602,338.438,329.7279,340.0,336.9265,343.2773
2026-04-24 06:00:00,星期五,2026-04-24,6.0,343.674,355.4652,338.0624,349.0,346.2662,350.9872
2026-04-24 07:00:00,星期五,2026-04-24,7.0,245.053,219.7957,287.6344,330.0,291.1601,251.5351
2026-04-24 08:00:00,星期五,2026-04-24,8.0,-77.927,-3.868,-21.7092,0.0,191.32,103.939
2026-04-24 09:00:00,星期五,2026-04-24,9.0,-77.323,-70.7108,-41.1625,-30.0,-56.1313,-12.4591
2026-04-24 10:00:00,星期五,2026-04-24,10.0,-76.758,-85.9114,-84.1907,-60.0,-81.0524,-83.9578
2026-04-24 11:00:00,星期五,2026-04-24,11.0,-76.215,-84.4876,-87.3617,-70.548,-80.1472,-79.6281
2026-04-24 12:00:00,星期五,2026-04-24,12.0,-71.463,-84.344,-92.7706,-60.0,-80.0659,-81.0259
2026-04-24 13:00:00,星期五,2026-04-24,13.0,-73.412,-85.4798,-91.7056,-69.5,-80.2561,-86.1352
2026-04-24 14:00:00,星期五,2026-04-24,14.0,-78.847,-83.1856,-89.0246,-61.71,-79.573,-82.6515
2026-04-24 15:00:00,星期五,2026-04-24,15.0,-76.912,-83.2443,-88.2291,-52.5,-79.4967,-79.9357
2026-04-24 16:00:00,星期五,2026-04-24,16.0,-77.192,-86.6667,-71.9502,-30.0,-77.3591,-65.8154
2026-04-24 17:00:00,星期五,2026-04-24,17.0,-56.224,178.6886,284.9411,300.0,249.9197,178.8813
2026-04-24 18:00:00,星期五,2026-04-24,18.0,305.209,247.4147,361.1682,350.0,330.955,291.4744
2026-04-24 19:00:00,星期五,2026-04-24,19.0,470.89,349.9763,358.4288,339.5,382.9581,356.9968
2026-04-24 20:00:00,星期五,2026-04-24,20.0,333.72,356.7141,355.0171,346.5,388.9578,370.0944
2026-04-24 21:00:00,星期五,2026-04-24,21.0,329.553,349.6926,347.0135,342.0,384.1667,356.3121
2026-04-24 22:00:00,星期五,2026-04-24,22.0,321.976,340.9958,340.7973,339.5,375.0059,355.5735
2026-04-24 23:00:00,星期五,2026-04-24,23.0,324.73,336.8937,342.2542,343.0,369.941,350.7719
2026-04-25 00:00:00,星期五,2026-04-24,24.0,323.135,298.5762,332.2965,339.5,353.77,302.5986
2026-04-25 01:00:00,星期六,2026-04-25,1.0,363.629,278.9217,337.9688,350.0,275.9996,266.7863
2026-04-25 02:00:00,星期六,2026-04-25,2.0,360.444,270.6718,346.6634,355.0,280.8552,269.515
2026-04-25 03:00:00,星期六,2026-04-25,3.0,355.776,271.9007,316.1968,316.31,286.1697,274.4585
2026-04-25 04:00:00,星期六,2026-04-25,4.0,357.839,278.6009,314.8715,317.0,293.6708,285.6776
2026-04-25 05:00:00,星期六,2026-04-25,5.0,360.289,291.9227,349.7941,355.0,304.4923,305.2272
2026-04-25 06:00:00,星期六,2026-04-25,6.0,367.693,299.7974,341.7372,343.17,313.4503,312.4135
2026-04-25 07:00:00,星期六,2026-04-25,7.0,154.528,162.5791,218.1227,264.49,244.0013,202.1272
2026-04-25 08:00:00,星期六,2026-04-25,8.0,-80.0,0.7848,-56.2352,-40.5,153.9926,85.691
2026-04-25 09:00:00,星期六,2026-04-25,9.0,-80.0,-86.6667,-79.0071,-70.0,-64.1457,-26.3996
2026-04-25 10:00:00,星期六,2026-04-25,10.0,-80.0,-86.6667,-88.8272,-75.0,-85.7799,-82.4443
2026-04-25 11:00:00,星期六,2026-04-25,11.0,-80.0,-86.6667,-85.917,-75.0,-83.5202,-81.2468
2026-04-25 12:00:00,星期六,2026-04-25,12.0,-80.0,-86.1097,-89.5748,-75.0,-83.1693,-83.5898
2026-04-25 13:00:00,星期六,2026-04-25,13.0,-80.0,-86.2964,-89.8843,-75.0,-84.2681,-83.2024
2026-04-25 14:00:00,星期六,2026-04-25,14.0,-80.0,-85.4974,-86.4443,-75.0,-83.2025,-83.3067
2026-04-25 15:00:00,星期六,2026-04-25,15.0,-80.0,-86.436,-84.4528,-75.0,-85.1224,-75.5899
2026-04-25 16:00:00,星期六,2026-04-25,16.0,-80.0,-86.6667,-70.1008,-30.0,-84.167,-79.2919
2026-04-25 17:00:00,星期六,2026-04-25,17.0,231.927,137.3079,243.2378,267.918,244.7136,208.512
2026-04-25 18:00:00,星期六,2026-04-25,18.0,340.467,210.7467,362.9165,359.89,323.2564,290.4142
2026-04-25 19:00:00,星期六,2026-04-25,19.0,354.754,345.3241,377.1894,368.26,371.8698,346.0706
2026-04-25 20:00:00,星期六,2026-04-25,20.0,353.504,348.9534,371.3079,370.5,370.5601,350.7872
2026-04-25 21:00:00,星期六,2026-04-25,21.0,346.094,287.7118,361.1824,361.5,357.7111,357.3394
2026-04-25 22:00:00,星期六,2026-04-25,22.0,340.241,264.0947,354.3738,363.5,292.1441,273.589
2026-04-25 23:00:00,星期六,2026-04-25,23.0,349.182,258.6064,349.1326,359.0,285.0714,247.3404
2026-04-26 00:00:00,星期六,2026-04-25,24.0,355.515,223.4982,308.5028,321.5,276.4916,249.715
2026-04-26 01:00:00,星期日,2026-04-26,1.0,358.002,71.7872,308.8238,325.5,212.8209,190.6773
2026-04-26 02:00:00,星期日,2026-04-26,2.0,354.402,66.8838,313.4729,339.0,217.292,193.2171
2026-04-26 03:00:00,星期日,2026-04-26,3.0,350.599,52.0383,303.0992,326.5,218.7481,178.4424
2026-04-26 04:00:00,星期日,2026-04-26,4.0,343.833,52.553,302.2659,326.5,224.6397,181.0631
2026-04-26 05:00:00,星期日,2026-04-26,5.0,347.439,105.7829,213.7331,207.5,237.76,241.5628
2026-04-26 06:00:00,星期日,2026-04-26,6.0,348.668,147.3044,311.2722,318.233,266.3851,214.3877
2026-04-26 07:00:00,星期日,2026-04-26,7.0,21.153,69.4996,193.6698,257.5,236.8485,172.2174
2026-04-26 08:00:00,星期日,2026-04-26,8.0,-78.294,13.5121,77.5577,138.5,185.8086,110.2779
2026-04-26 09:00:00,星期日,2026-04-26,9.0,-80.0,-33.7007,43.7748,60.123,-6.8102,114.4854
2026-04-26 10:00:00,星期日,2026-04-26,10.0,-80.0,-71.6736,-45.6002,-70.0,-30.6264,56.0647
2026-04-26 11:00:00,星期日,2026-04-26,11.0,-80.0,-67.0923,-34.4831,-62.5,-20.3022,74.7431
2026-04-26 12:00:00,星期日,2026-04-26,12.0,365.285,-70.8988,-35.6039,1.0,-22.263,69.7451
2026-04-26 13:00:00,星期日,2026-04-26,13.0,350.001,-81.5664,-65.2159,20.0,-36.7024,28.2494
2026-04-26 14:00:00,星期日,2026-04-26,14.0,368.794,-61.3961,-7.3519,1.3,-28.189,65.7759
2026-04-26 15:00:00,星期日,2026-04-26,15.0,336.103,-25.5299,78.9265,252.0,-7.6292,100.4209
2026-04-26 16:00:00,星期日,2026-04-26,16.0,353.324,37.4996,176.5575,349.0,72.0125,193.3467
2026-04-26 17:00:00,星期日,2026-04-26,17.0,375.551,381.9631,391.3568,380.0,387.7508,325.1128
2026-04-26 18:00:00,星期日,2026-04-26,18.0,545.669,392.2575,411.1091,400.0,419.9584,419.5531
2026-04-26 19:00:00,星期日,2026-04-26,19.0,570.467,445.2489,425.1134,413.0,445.6984,442.8873
2026-04-26 20:00:00,星期日,2026-04-26,20.0,446.671,449.8217,370.419,347.5,452.6466,448.1264
2026-04-26 21:00:00,星期日,2026-04-26,21.0,419.136,448.1867,377.3502,359.375,454.5242,448.2568
2026-04-26 22:00:00,星期日,2026-04-26,22.0,516.893,444.5022,428.5613,421.0,451.1712,447.7988
2026-04-26 23:00:00,星期日,2026-04-26,23.0,674.32,450.2502,420.0584,411.19,454.0133,438.5747
2026-04-27 00:00:00,星期日,2026-04-26,24.0,540.228,444.1445,418.2043,407.5,450.3152,437.2654
2026-04-27 01:00:00,星期一,2026-04-27,1.0,620.121,448.3855,447.0519,435.5,448.4467,461.284
2026-04-27 02:00:00,星期一,2026-04-27,2.0,482.472,437.8198,435.0145,421.37,445.0876,459.5416
2026-04-27 03:00:00,星期一,2026-04-27,3.0,423.607,427.761,446.5782,432.0,435.3732,462.7534
2026-04-27 04:00:00,星期一,2026-04-27,4.0,401.756,422.4989,448.2121,434.5,430.4866,460.051
2026-04-27 05:00:00,星期一,2026-04-27,5.0,410.558,426.5795,456.1599,434.5,434.4872,460.3825
2026-04-27 06:00:00,星期一,2026-04-27,6.0,408.348,414.8775,449.4934,439.5,443.2173,452.0448
2026-04-27 07:00:00,星期一,2026-04-27,7.0,370.107,333.5044,298.8297,289.55,390.6508,380.451
2026-04-27 08:00:00,星期一,2026-04-27,8.0,351.997,194.8749,276.3553,317.36,319.5003,262.2677
2026-04-27 09:00:00,星期一,2026-04-27,9.0,328.106,55.8705,126.453,156.95,105.785,257.2288
2026-04-27 10:00:00,星期一,2026-04-27,10.0,-18.046,-54.7901,-18.7978,-60.0,-6.5469,101.6681
2026-04-27 11:00:00,星期一,2026-04-27,11.0,-49.643,-73.2896,-59.1564,-60.0,-36.2585,37.6197
2026-04-27 12:00:00,星期一,2026-04-27,12.0,-55.634,-84.1801,-81.4593,-66.5,-60.9853,-45.3033
2026-04-27 13:00:00,星期一,2026-04-27,13.0,-70.908,-84.112,-82.13,-60.0,-81.802,-77.9894
2026-04-27 14:00:00,星期一,2026-04-27,14.0,-80.0,-83.8373,-79.1056,-60.0,-81.0296,-77.6344
2026-04-27 15:00:00,星期一,2026-04-27,15.0,-82.954,-82.9556,-72.4637,0.0,-71.3678,-65.2973
2026-04-27 16:00:00,星期一,2026-04-27,16.0,-80.0,-58.4858,-15.3311,22.5,-38.2375,23.7525
2026-04-27 17:00:00,星期一,2026-04-27,17.0,-72.925,239.6006,238.8183,218.5,264.8087,282.217
2026-04-27 18:00:00,星期一,2026-04-27,18.0,380.301,336.5492,392.5469,389.5,323.369,344.6698
2026-04-27 19:00:00,星期一,2026-04-27,19.0,391.33,406.6442,402.1427,391.89,382.2605,400.7182
2026-04-27 20:00:00,星期一,2026-04-27,20.0,381.83,419.8574,359.4962,340.0,408.9739,415.455
2026-04-27 21:00:00,星期一,2026-04-27,21.0,394.089,418.4468,360.6424,343.75,410.5007,414.4812
2026-04-27 22:00:00,星期一,2026-04-27,22.0,387.809,412.0582,428.7913,427.5,403.5479,409.0599
2026-04-27 23:00:00,星期一,2026-04-27,23.0,825.395,403.9212,424.7376,429.203,395.4308,411.7197
2026-04-28 00:00:00,星期一,2026-04-27,24.0,749.571,379.4219,415.3246,421.0,390.7894,396.1536
2026-04-28 01:00:00,星期二,2026-04-28,1.0,565.971,355.3184,481.3516,496.0,378.6439,401.3678
2026-04-28 02:00:00,星期二,2026-04-28,2.0,537.223,359.2902,471.9115,481.375,381.0664,402.2579
2026-04-28 03:00:00,星期二,2026-04-28,3.0,518.024,363.7789,490.17,501.0,382.4992,405.61
2026-04-28 04:00:00,星期二,2026-04-28,4.0,516.152,372.4977,465.7021,466.0,385.003,409.1805
2026-04-28 05:00:00,星期二,2026-04-28,5.0,538.27,392.1602,506.1057,511.5,399.0548,416.8806
2026-04-28 06:00:00,星期二,2026-04-28,6.0,540.541,398.4988,506.035,515.0,402.5254,423.9768
2026-04-28 07:00:00,星期二,2026-04-28,7.0,481.461,329.9655,450.166,464.0,355.0797,355.682
2026-04-28 08:00:00,星期二,2026-04-28,8.0,196.031,193.2938,358.5287,402.25,285.4093,240.2495
2026-04-28 09:00:00,星期二,2026-04-28,9.0,-80.0,57.8479,175.4812,313.5,71.6127,159.5164
2026-04-28 10:00:00,星期二,2026-04-28,10.0,-80.0,-26.925,40.6935,23.125,-11.7228,60.4732
2026-04-28 11:00:00,星期二,2026-04-28,11.0,-80.0,-32.4592,21.0341,-24.5,-16.0581,60.5987
2026-04-28 12:00:00,星期二,2026-04-28,12.0,-80.0,-40.3677,13.0662,25.0,-23.8073,51.2674
2026-04-28 13:00:00,星期二,2026-04-28,13.0,-66.051,-57.4851,-25.1131,20.0,-38.3154,12.9099
2026-04-28 14:00:00,星期二,2026-04-28,14.0,325.349,-41.9804,46.5331,21.0,-15.0016,73.4629
2026-04-28 15:00:00,星期二,2026-04-28,15.0,365.932,21.9506,109.2092,58.32,27.5895,121.9379
2026-04-28 16:00:00,星期二,2026-04-28,16.0,456.645,152.1529,234.6097,375.0,155.1463,208.6036
2026-04-28 17:00:00,星期二,2026-04-28,17.0,512.577,372.3443,441.5792,437.412,414.9247,355.3104
2026-04-28 18:00:00,星期二,2026-04-28,18.0,525.069,451.3103,496.0844,494.323,451.6378,446.5667
2026-04-28 19:00:00,星期二,2026-04-28,19.0,540.798,486.4442,543.8953,550.5,473.0267,472.5204
2026-04-28 20:00:00,星期二,2026-04-28,20.0,540.341,494.4953,511.7197,515.5,481.2443,478.2898
2026-04-28 21:00:00,星期二,2026-04-28,21.0,542.845,492.727,547.3746,560.5,480.5746,470.8146
2026-04-28 22:00:00,星期二,2026-04-28,22.0,543.573,488.0166,508.8112,517.125,475.5652,468.2833
2026-04-28 23:00:00,星期二,2026-04-28,23.0,551.485,486.0541,546.2772,560.5,473.8811,459.8801
2026-04-29 00:00:00,星期二,2026-04-28,24.0,553.571,473.1806,537.0356,553.0,469.1293,448.758
2026-04-29 01:00:00,星期三,2026-04-29,1.0,593.537,461.6625,558.7597,561.0,511.325,560.0078
2026-04-29 02:00:00,星期三,2026-04-29,2.0,581.28,445.7017,544.7084,550.5,492.6328,534.8894
2026-04-29 03:00:00,星期三,2026-04-29,3.0,569.245,430.8263,539.0999,550.0,476.8055,512.3554
2026-04-29 04:00:00,星期三,2026-04-29,4.0,560.455,425.9596,541.0322,549.0,461.0163,496.7345
2026-04-29 05:00:00,星期三,2026-04-29,5.0,565.024,433.198,547.4514,569.5,465.4313,494.8943
2026-04-29 06:00:00,星期三,2026-04-29,6.0,570.162,424.8191,541.3437,567.0,456.87,488.3745
2026-04-29 07:00:00,星期三,2026-04-29,7.0,461.222,328.5337,449.3716,477.25,395.3274,389.4163
2026-04-29 08:00:00,星期三,2026-04-29,8.0,-74.837,124.2289,93.3507,123.13,258.5667,215.5762
2026-04-29 09:00:00,星期三,2026-04-29,9.0,-80.0,-45.2637,19.8438,46.5,25.9267,158.4063
2026-04-29 10:00:00,星期三,2026-04-29,10.0,-80.0,-86.6667,-76.1232,0.0,-47.4512,-23.6099
2026-04-29 11:00:00,星期三,2026-04-29,11.0,-80.0,-86.6667,-78.5986,-30.0,-67.809,-77.8946
2026-04-29 12:00:00,星期三,2026-04-29,12.0,-80.0,-86.6667,-83.0339,-30.0,-67.809,-76.6057
2026-04-29 13:00:00,星期三,2026-04-29,13.0,-72.727,-86.6667,-81.6728,-20.0,-67.809,-78.5075
2026-04-29 14:00:00,星期三,2026-04-29,14.0,-75.695,-86.6667,-65.653,0.34,-67.809,-77.715
2026-04-29 15:00:00,星期三,2026-04-29,15.0,-80.0,-84.7901,-62.6912,0.0,-65.9541,-77.8725
2026-04-29 16:00:00,星期三,2026-04-29,16.0,-80.0,-42.4779,57.2028,85.525,-17.283,55.2479
2026-04-29 17:00:00,星期三,2026-04-29,17.0,458.587,335.1453,402.5893,397.0,373.3748,309.3499
2026-04-29 18:00:00,星期三,2026-04-29,18.0,523.207,458.7052,528.4109,540.38,454.5495,425.8583
2026-04-29 19:00:00,星期三,2026-04-29,19.0,551.888,499.8188,545.6902,554.0,493.0637,459.713
2026-04-29 20:00:00,星期三,2026-04-29,20.0,558.995,500.091,556.0397,562.1,488.7286,463.1613
2026-04-29 21:00:00,星期三,2026-04-29,21.0,557.837,484.9836,553.7118,564.75,475.6003,455.0411
2026-04-29 22:00:00,星期三,2026-04-29,22.0,556.518,469.4649,545.355,557.875,459.2398,450.8308
2026-04-29 23:00:00,星期三,2026-04-29,23.0,557.446,450.7053,530.1011,544.5,442.7242,442.3889
2026-04-30 00:00:00,星期三,2026-04-29,24.0,512.334,416.5664,516.3507,540.275,423.3438,433.3803
2026-04-30 01:00:00,星期四,2026-04-30,1.0,346.163,392.0808,360.0472,355.0,369.6433,394.5026
2026-04-30 02:00:00,星期四,2026-04-30,2.0,343.498,366.888,346.2834,353.25,358.84,379.8194
2026-04-30 03:00:00,星期四,2026-04-30,3.0,343.755,354.2974,342.1089,350.0,360.3583,380.1175
2026-04-30 04:00:00,星期四,2026-04-30,4.0,345.249,355.498,343.7352,348.0,369.8174,384.4545
2026-04-30 05:00:00,星期四,2026-04-30,5.0,351.835,373.8403,346.1829,347.06,380.1389,394.9029
2026-04-30 06:00:00,星期四,2026-04-30,6.0,359.112,381.3418,356.6248,355.0,394.3215,403.081
2026-04-30 07:00:00,星期四,2026-04-30,7.0,238.463,263.0326,287.1516,328.53,328.7317,306.7498
2026-04-30 08:00:00,星期四,2026-04-30,8.0,-77.155,74.8728,-26.8875,5.5,182.322,140.7017
2026-04-30 09:00:00,星期四,2026-04-30,9.0,-80.0,-30.8738,9.2789,-50.0,-13.7138,59.8256
2026-04-30 10:00:00,星期四,2026-04-30,10.0,-63.087,-76.7663,-82.9985,-70.0,-61.4625,-63.1354
2026-04-30 11:00:00,星期四,2026-04-30,11.0,-64.012,-83.795,-83.7125,-74.5,-67.5841,-79.5727
2026-04-30 12:00:00,星期四,2026-04-30,12.0,-63.404,-81.6128,-83.2366,-70.0,-67.5841,-78.2788
2026-04-30 13:00:00,星期四,2026-04-30,13.0,-59.27,-82.7553,-84.5794,-68.0,-67.5841,-79.0276
2026-04-30 14:00:00,星期四,2026-04-30,14.0,-60.405,-83.5542,-81.073,-57.95,-67.4363,-78.768
2026-04-30 15:00:00,星期四,2026-04-30,15.0,-66.878,-77.1375,-58.6303,-33.5,-49.83,-37.3096
2026-04-30 16:00:00,星期四,2026-04-30,16.0,91.251,-28.4661,43.7279,60.0,-16.8949,54.1093
2026-04-30 17:00:00,星期四,2026-04-30,17.0,341.283,327.9742,278.9454,259.28,404.2915,295.8905
2026-04-30 18:00:00,星期四,2026-04-30,18.0,367.198,436.0576,387.7217,379.5,478.5182,443.9601
2026-04-30 19:00:00,星期四,2026-04-30,19.0,373.837,465.4639,396.6925,382.5,511.0384,478.4759
2026-04-30 20:00:00,星期四,2026-04-30,20.0,378.919,466.7878,394.1492,380.0,498.154,460.8755
2026-04-30 21:00:00,星期四,2026-04-30,21.0,365.548,448.3992,389.0343,380.0,480.1683,461.3385
2026-04-30 22:00:00,星期四,2026-04-30,22.0,359.555,432.0598,370.8879,364.225,454.9763,446.2676
2026-04-30 23:00:00,星期四,2026-04-30,23.0,375.432,422.8795,375.8244,372.0,445.4561,431.3739
2026-05-01 00:00:00,星期四,2026-04-30,24.0,368.704,393.3255,371.8676,362.0,447.79,428.9825
2026-05-01 01:00:00,星期五,2026-05-01,1.0,572.032,409.979,482.8458,491.86,305.171,315.6116
2026-05-01 02:00:00,星期五,2026-05-01,2.0,553.038,375.4968,451.5503,467.5,297.541,300.1954
2026-05-01 03:00:00,星期五,2026-05-01,3.0,545.852,370.9849,484.7338,500.0,304.15,309.5657
2026-05-01 04:00:00,星期五,2026-05-01,4.0,544.968,367.1417,437.8473,446.0,308.1088,314.7598
2026-05-01 05:00:00,星期五,2026-05-01,5.0,542.173,377.9228,458.17,460.0,324.6817,333.0816
2026-05-01 06:00:00,星期五,2026-05-01,6.0,532.595,398.6254,468.3984,475.875,332.92,344.1524
2026-05-01 07:00:00,星期五,2026-05-01,7.0,402.348,263.8529,227.2952,258.66,270.4298,238.1538
2026-05-01 08:00:00,星期五,2026-05-01,8.0,207.815,-46.6135,-38.4854,-21.0,119.9981,43.4118
2026-05-01 09:00:00,星期五,2026-05-01,9.0,-9.886,-81.7383,-77.782,-57.5,-53.8478,-37.6794
2026-05-01 10:00:00,星期五,2026-05-01,10.0,-80.0,-75.6989,-82.3791,-51.625,-67.4269,-78.9522
2026-05-01 11:00:00,星期五,2026-05-01,11.0,-80.0,-71.6843,-80.6116,-57.0,-67.4269,-78.0286
2026-05-01 12:00:00,星期五,2026-05-01,12.0,-80.0,-86.6667,-75.1431,-19.5,-67.4269,-77.5075
2026-05-01 13:00:00,星期五,2026-05-01,13.0,-80.0,-66.7097,-75.0195,-20.0,-67.4269,-79.1358
2026-05-01 14:00:00,星期五,2026-05-01,14.0,-80.0,-74.536,-65.4812,0.0,-60.5825,-55.3687
2026-05-01 15:00:00,星期五,2026-05-01,15.0,90.387,-41.4236,15.1498,0.0,-26.0515,34.9824
2026-05-01 16:00:00,星期五,2026-05-01,16.0,595.9,77.4349,144.9706,298.0,30.2542,132.6113
2026-05-01 17:00:00,星期五,2026-05-01,17.0,559.941,330.7467,442.0168,433.925,333.9227,271.0381
2026-05-01 18:00:00,星期五,2026-05-01,18.0,529.229,395.0988,494.0149,489.0,358.5938,384.9926
2026-05-01 19:00:00,星期五,2026-05-01,19.0,552.849,413.3701,519.4979,520.0,386.8607,405.2003
2026-05-01 20:00:00,星期五,2026-05-01,20.0,524.969,428.2167,514.9256,520.683,401.1888,413.9926
2026-05-01 21:00:00,星期五,2026-05-01,21.0,540.957,414.976,511.6606,525.25,398.4761,405.2352
2026-05-01 22:00:00,星期五,2026-05-01,22.0,546.857,415.0397,487.4558,500.5,397.7582,409.2823
2026-05-01 23:00:00,星期五,2026-05-01,23.0,556.259,379.4272,461.9758,480.5,382.047,394.834
2026-05-02 00:00:00,星期五,2026-05-01,24.0,562.279,346.024,482.7086,502.0,347.7643,383.5227
2026-05-02 01:00:00,星期六,2026-05-02,1.0,619.49,407.4105,425.6141,415.0,337.2367,345.8369
2026-05-02 02:00:00,星期六,2026-05-02,2.0,374.341,415.4513,424.3742,415.0,348.2745,359.3925
2026-05-02 03:00:00,星期六,2026-05-02,3.0,366.174,422.1355,417.3126,415.0,363.6227,376.3541
2026-05-02 04:00:00,星期六,2026-05-02,4.0,364.999,426.2727,394.2862,380.0,369.0899,378.1119
2026-05-02 05:00:00,星期六,2026-05-02,5.0,365.756,438.6541,392.3977,375.0,386.0232,393.592
2026-05-02 06:00:00,星期六,2026-05-02,6.0,361.234,458.8756,444.0594,438.151,406.2178,427.0863
2026-05-02 07:00:00,星期六,2026-05-02,7.0,360.169,433.5627,502.2862,500.0,398.2898,425.8347
2026-05-02 08:00:00,星期六,2026-05-02,8.0,363.959,417.7292,436.8815,419.08,409.2897,420.3815
2026-05-02 09:00:00,星期六,2026-05-02,9.0,371.174,407.5652,436.9281,453.28,437.3376,582.6931
2026-05-02 10:00:00,星期六,2026-05-02,10.0,376.757,417.6346,444.863,484.11,433.8169,576.3144
2026-05-02 11:00:00,星期六,2026-05-02,11.0,377.746,452.7084,490.9439,575.0,469.8903,602.5926
2026-05-02 12:00:00,星期六,2026-05-02,12.0,415.58,469.3899,504.9782,575.0,481.9863,612.9009
2026-05-02 13:00:00,星期六,2026-05-02,13.0,520.576,450.6166,484.332,550.0,451.9957,579.2518
2026-05-02 14:00:00,星期六,2026-05-02,14.0,436.32,455.4491,501.5661,513.55,457.5692,571.2737
2026-05-02 15:00:00,星期六,2026-05-02,15.0,378.543,456.4938,519.7207,589.9,451.0204,568.7861
2026-05-02 16:00:00,星期六,2026-05-02,16.0,367.345,452.2187,508.0883,575.0,448.6216,556.1431
2026-05-02 17:00:00,星期六,2026-05-02,17.0,364.001,500.785,555.1942,590.0,553.6907,376.3352
2026-05-02 18:00:00,星期六,2026-05-02,18.0,367.01,495.5303,550.8216,584.0,536.6872,459.5135
2026-05-02 19:00:00,星期六,2026-05-02,19.0,399.967,494.0872,549.8149,582.5,528.2073,477.4632
2026-05-02 20:00:00,星期六,2026-05-02,20.0,595.848,498.2876,559.9906,600.0,523.8462,471.0813
2026-05-02 21:00:00,星期六,2026-05-02,21.0,503.558,499.7029,376.2955,354.16,515.315,466.316
2026-05-02 22:00:00,星期六,2026-05-02,22.0,382.675,497.2173,373.1194,351.28,503.5273,470.7949
2026-05-02 23:00:00,星期六,2026-05-02,23.0,369.215,480.0295,416.8099,402.84,490.1521,462.4105
2026-05-03 00:00:00,星期六,2026-05-02,24.0,365.306,462.6717,415.6335,402.46,476.3693,451.6111
2026-05-03 01:00:00,星期日,2026-05-03,1.0,573.819,451.4731,535.4899,550.0,374.0932,381.5325
2026-05-03 02:00:00,星期日,2026-05-03,2.0,467.836,423.5977,522.9997,552.68,348.7353,362.4534
2026-05-03 03:00:00,星期日,2026-05-03,3.0,438.411,391.6362,440.0669,471.5,331.7859,341.2536
2026-05-03 04:00:00,星期日,2026-05-03,4.0,437.155,373.3312,437.5866,464.0,318.52,308.7078
2026-05-03 05:00:00,星期日,2026-05-03,5.0,460.639,373.9629,439.8388,458.0,321.2032,308.3239
2026-05-03 06:00:00,星期日,2026-05-03,6.0,543.486,376.4863,436.8291,462.5,320.8872,328.886
2026-05-03 07:00:00,星期日,2026-05-03,7.0,481.933,280.4483,374.3345,420.0,300.9159,290.954
2026-05-03 08:00:00,星期日,2026-05-03,8.0,399.276,203.8424,286.4938,330.0,230.287,224.742
2026-05-03 09:00:00,星期日,2026-05-03,9.0,270.626,59.32,140.1522,190.05,44.3755,130.4197
2026-05-03 10:00:00,星期日,2026-05-03,10.0,61.762,-50.68,24.3706,33.875,-29.5645,33.6066
2026-05-03 11:00:00,星期日,2026-05-03,11.0,-72.755,-66.5497,-13.3435,80.0,-45.2982,-7.8359
2026-05-03 12:00:00,星期日,2026-05-03,12.0,-80.0,-81.1743,-58.6756,99.5,-64.7083,-61.7071
2026-05-03 13:00:00,星期日,2026-05-03,13.0,-80.0,-86.5887,-59.8907,99.5,-69.0411,-75.7564
2026-05-03 14:00:00,星期日,2026-05-03,14.0,-80.0,-84.6344,-58.624,80.0,-69.0411,-76.2664
2026-05-03 15:00:00,星期日,2026-05-03,15.0,-80.0,-85.861,-52.059,100.0,-69.0411,-76.123
2026-05-03 16:00:00,星期日,2026-05-03,16.0,33.47,-56.6898,38.852,149.085,-35.5946,14.9055
2026-05-03 17:00:00,星期日,2026-05-03,17.0,607.716,265.4477,368.0302,338.0,294.3752,287.8139
2026-05-03 18:00:00,星期日,2026-05-03,18.0,603.494,407.4935,571.4249,588.5,394.0072,415.1623
2026-05-03 19:00:00,星期日,2026-05-03,19.0,593.997,466.3919,586.322,601.375,450.0832,453.6644
2026-05-03 20:00:00,星期日,2026-05-03,20.0,599.902,478.1015,457.5937,435.0,474.2297,463.4028
2026-05-03 21:00:00,星期日,2026-05-03,21.0,611.706,475.1938,551.7204,555.73,454.0917,460.5719
2026-05-03 22:00:00,星期日,2026-05-03,22.0,596.867,472.1376,639.8217,675.0,450.7024,455.4019
2026-05-03 23:00:00,星期日,2026-05-03,23.0,563.311,463.3701,574.67,602.5,444.0059,455.7198
2026-05-04 00:00:00,星期日,2026-05-03,24.0,560.805,443.6543,568.0373,602.5,430.0798,434.7387
2026-05-04 01:00:00,星期一,2026-05-04,1.0,543.1,396.0146,567.2376,602.125,440.1066,483.0861
2026-05-04 02:00:00,星期一,2026-05-04,2.0,519.412,376.3333,557.4661,600.0,425.3278,462.5656
2026-05-04 03:00:00,星期一,2026-05-04,3.0,493.323,350.6383,561.9541,596.5,410.4527,441.5548
2026-05-04 04:00:00,星期一,2026-05-04,4.0,485.23,340.4007,552.6106,584.0,394.4976,422.0433
2026-05-04 05:00:00,星期一,2026-05-04,5.0,513.137,345.8747,565.6912,600.0,395.284,418.6084
2026-05-04 06:00:00,星期一,2026-05-04,6.0,554.345,344.7133,573.6205,600.0,399.9893,424.0381
2026-05-04 07:00:00,星期一,2026-05-04,7.0,359.744,184.3777,173.5675,190.01,302.2239,302.0696
2026-05-04 08:00:00,星期一,2026-05-04,8.0,-80.0,-14.1197,44.3702,79.875,181.3425,117.7662
2026-05-04 09:00:00,星期一,2026-05-04,9.0,-80.0,-86.4539,-87.6177,-47.5,-30.4849,13.7366
2026-05-04 10:00:00,星期一,2026-05-04,10.0,-80.0,-86.4932,-93.5846,-67.5,-69.0891,-83.7265
2026-05-04 11:00:00,星期一,2026-05-04,11.0,-80.0,-85.3929,-93.9197,-70.0,-69.0891,-83.6203
2026-05-04 12:00:00,星期一,2026-05-04,12.0,-80.0,-83.6477,-94.6584,-67.5,-69.3417,-82.6848
2026-05-04 13:00:00,星期一,2026-05-04,13.0,-80.0,-83.601,-92.151,-66.0,-69.0891,-84.8047
2026-05-04 14:00:00,星期一,2026-05-04,14.0,-80.0,-83.8545,-92.5923,-64.5,-69.0891,-83.8628
2026-05-04 15:00:00,星期一,2026-05-04,15.0,-80.0,-83.3566,-86.1078,-67.3,-68.3291,-82.4074
2026-05-04 16:00:00,星期一,2026-05-04,16.0,-80.0,-75.2479,-65.9175,22.61,-37.358,3.6712
2026-05-04 17:00:00,星期一,2026-05-04,17.0,166.117,176.6058,329.8364,319.0,333.7238,307.14
2026-05-04 18:00:00,星期一,2026-05-04,18.0,417.355,320.7255,449.2039,450.375,410.7413,369.9968
2026-05-04 19:00:00,星期一,2026-05-04,19.0,562.949,352.0862,538.9445,550.0,433.0117,383.71
2026-05-04 20:00:00,星期一,2026-05-04,20.0,418.875,342.6961,526.6173,554.0,415.0971,405.7226
2026-05-04 21:00:00,星期一,2026-05-04,21.0,416.855,320.522,471.5734,500.0,367.788,361.6664
2026-05-04 22:00:00,星期一,2026-05-04,22.0,452.918,304.9251,453.3643,476.0,352.7573,331.0057
2026-05-04 23:00:00,星期一,2026-05-04,23.0,454.642,308.7963,444.2834,476.5,343.3254,331.5618
2026-05-05 00:00:00,星期一,2026-05-04,24.0,448.177,300.7901,400.6542,471.0,340.3738,309.0488
2026-05-05 01:00:00,星期二,2026-05-05,1.0,439.293,70.568,251.8817,365.0,180.3517,232.1292
2026-05-05 02:00:00,星期二,2026-05-05,2.0,343.509,54.0879,267.7595,380.0,181.8512,235.7629
2026-05-05 03:00:00,星期二,2026-05-05,3.0,323.585,50.6877,251.6916,350.0,177.0028,224.4959
2026-05-05 04:00:00,星期二,2026-05-05,4.0,312.874,47.3852,241.7615,327.0,174.0568,210.0206
2026-05-05 05:00:00,星期二,2026-05-05,5.0,277.849,56.3962,280.6111,357.0,181.5889,221.6527
2026-05-05 06:00:00,星期二,2026-05-05,6.0,460.49,52.7592,224.0863,281.5,183.6496,218.8132
2026-05-05 07:00:00,星期二,2026-05-05,7.0,124.635,-4.8234,64.2643,149.0,119.4245,117.1418
2026-05-05 08:00:00,星期二,2026-05-05,8.0,-80.0,-69.6464,-101.6607,-60.0,36.453,-35.9873
2026-05-05 09:00:00,星期二,2026-05-05,9.0,-80.0,-85.54,-94.4638,-73.0,-68.4809,-90.4857
2026-05-05 10:00:00,星期二,2026-05-05,10.0,-80.0,-68.3282,-100.4885,-73.5,-69.065,-82.3759
2026-05-05 11:00:00,星期二,2026-05-05,11.0,-76.689,-84.647,-98.6997,-75.0,-69.065,-83.2503
2026-05-05 12:00:00,星期二,2026-05-05,12.0,-80.0,-84.1406,-103.189,-60.0,-69.065,-81.5391
2026-05-05 13:00:00,星期二,2026-05-05,13.0,-80.0,-83.0465,-100.5868,-48.625,-69.065,-84.2956
2026-05-05 14:00:00,星期二,2026-05-05,14.0,-77.772,-83.6771,-103.4011,-70.0,-69.065,-84.8375
2026-05-05 15:00:00,星期二,2026-05-05,15.0,-80.0,-78.5746,-92.5631,-67.34,-69.065,-88.2656
2026-05-05 16:00:00,星期二,2026-05-05,16.0,-80.0,-80.8952,-76.7989,-5.0,-68.4809,-90.1598
2026-05-05 17:00:00,星期二,2026-05-05,17.0,175.728,223.4602,216.6461,221.04,312.7241,267.5507
2026-05-05 18:00:00,星期二,2026-05-05,18.0,537.347,299.2095,406.9064,434.0,400.2522,349.7146
2026-05-05 19:00:00,星期二,2026-05-05,19.0,452.21,325.2321,499.4817,500.5,422.8498,336.2931
2026-05-05 20:00:00,星期二,2026-05-05,20.0,537.839,332.0222,487.7084,493.0,421.2906,360.5773
2026-05-05 21:00:00,星期二,2026-05-05,21.0,476.875,325.634,423.3486,450.625,394.0099,328.0854
2026-05-05 22:00:00,星期二,2026-05-05,22.0,403.192,314.1188,384.3063,450.0,375.5486,353.0062
2026-05-05 23:00:00,星期二,2026-05-05,23.0,426.574,308.0543,359.2374,450.0,364.472,341.5333
2026-05-06 00:00:00,星期二,2026-05-05,24.0,351.492,305.4593,344.8363,450.0,359.4863,303.5793
2026-05-06 01:00:00,星期三,2026-05-06,1.0,356.412,56.6895,344.0092,450.0,217.0577,229.9935
2026-05-06 02:00:00,星期三,2026-05-06,2.0,318.184,44.3762,285.0847,383.0,210.9824,219.069
2026-05-06 03:00:00,星期三,2026-05-06,3.0,309.334,40.1199,284.0762,334.0,203.7902,209.2576
2026-05-06 04:00:00,星期三,2026-05-06,4.0,285.102,36.9349,271.1455,314.25,200.8522,197.1028
2026-05-06 05:00:00,星期三,2026-05-06,5.0,143.974,44.9163,313.5337,353.5,211.4025,212.0593
2026-05-06 06:00:00,星期三,2026-05-06,6.0,233.313,51.6019,348.2512,405.5,213.7017,205.6508
2026-05-06 07:00:00,星期三,2026-05-06,7.0,-80.0,-6.1751,71.0802,126.0,152.5966,122.1329
2026-05-06 08:00:00,星期三,2026-05-06,8.0,-80.0,-80.0,-86.4159,-60.0,67.7584,-7.6503
2026-05-06 09:00:00,星期三,2026-05-06,9.0,-80.0,-85.861,-93.2768,-40.0,-40.9094,-10.9632
2026-05-06 10:00:00,星期三,2026-05-06,10.0,-80.0,-85.1895,-96.8384,-40.0,-67.1526,-80.0025
2026-05-06 11:00:00,星期三,2026-05-06,11.0,-80.0,-84.8812,-96.1843,-52.0,-67.1526,-80.1012
2026-05-06 12:00:00,星期三,2026-05-06,12.0,-80.0,-83.3247,-96.3776,-51.5,-67.1526,-77.4407
2026-05-06 13:00:00,星期三,2026-05-06,13.0,-80.0,-82.6193,-96.6104,-40.0,-66.0872,-80.5235
2026-05-06 14:00:00,星期三,2026-05-06,14.0,-77.309,-83.2682,-90.1235,-9.83,-65.5465,-77.5882
2026-05-06 15:00:00,星期三,2026-05-06,15.0,47.983,-78.97,-79.9754,27.5,-33.5247,7.2039
2026-05-06 16:00:00,星期三,2026-05-06,16.0,587.553,-34.7169,18.8323,104.0,7.5774,116.3748
2026-05-06 17:00:00,星期三,2026-05-06,17.0,634.843,280.1008,454.8367,444.71,374.3283,331.0483
2026-05-06 18:00:00,星期三,2026-05-06,18.0,570.828,364.0676,509.0328,511.0,473.003,426.4037
2026-05-06 19:00:00,星期三,2026-05-06,19.0,493.136,402.5267,549.8077,570.625,490.6799,432.6118
2026-05-06 20:00:00,星期三,2026-05-06,20.0,464.064,414.0559,541.6085,560.0,489.7117,442.2386
2026-05-06 21:00:00,星期三,2026-05-06,21.0,447.151,410.2071,517.659,532.625,480.84,447.0152
2026-05-06 22:00:00,星期三,2026-05-06,22.0,377.904,425.7049,545.0772,565.0,482.3441,441.1031
2026-05-06 23:00:00,星期三,2026-05-06,23.0,517.855,422.491,540.631,574.5,485.9205,437.9556
2026-05-07 00:00:00,星期三,2026-05-06,24.0,599.121,422.8295,546.5707,592.028,474.2535,424.9977
2026-05-07 01:00:00,星期四,2026-05-07,1.0,648.966,420.7512,553.7848,599.5,415.6236,450.6062
2026-05-07 02:00:00,星期四,2026-05-07,2.0,557.973,399.2011,548.5642,585.0,403.9143,438.1334
2026-05-07 03:00:00,星期四,2026-05-07,3.0,417.16,367.4245,519.3379,550.0,381.238,410.5734
2026-05-07 04:00:00,星期四,2026-05-07,4.0,419.617,350.2101,509.7355,542.0,367.5635,386.4808
2026-05-07 05:00:00,星期四,2026-05-07,5.0,526.022,355.074,531.3218,577.0,374.8547,386.8395
2026-05-07 06:00:00,星期四,2026-05-07,6.0,555.933,346.5987,476.0335,507.5,364.4826,380.9756
2026-05-07 07:00:00,星期四,2026-05-07,7.0,286.389,155.3035,263.9568,297.0,278.3764,274.4909
2026-05-07 08:00:00,星期四,2026-05-07,8.0,-45.315,5.7161,54.1168,97.5,169.41,149.2493
2026-05-07 09:00:00,星期四,2026-05-07,9.0,-80.0,-47.3789,9.1208,-48.0,-1.6857,95.3106
2026-05-07 10:00:00,星期四,2026-05-07,10.0,-80.0,-83.053,-89.5386,-67.5,-48.3719,-30.2654
2026-05-07 11:00:00,星期四,2026-05-07,11.0,-80.0,-82.8651,-85.5186,-70.0,-53.6217,-43.3239
2026-05-07 12:00:00,星期四,2026-05-07,12.0,-80.0,-83.2875,-92.9257,-70.0,-65.1309,-75.6533
2026-05-07 13:00:00,星期四,2026-05-07,13.0,-80.0,-83.2875,-89.8299,-74.5,-65.1309,-75.5713
2026-05-07 14:00:00,星期四,2026-05-07,14.0,-80.0,-83.2875,-88.7106,-73.0,-65.1309,-77.8126
2026-05-07 15:00:00,星期四,2026-05-07,15.0,-80.0,-83.3045,-84.6512,-70.0,-52.6399,-43.7546
2026-05-07 16:00:00,星期四,2026-05-07,16.0,-80.0,-61.1791,-10.674,0.0,-15.4688,54.8193
2026-05-07 17:00:00,星期四,2026-05-07,17.0,-80.0,262.2856,300.1955,258.5,394.9128,339.318
2026-05-07 18:00:00,星期四,2026-05-07,18.0,294.188,408.3821,481.2193,474.5,484.457,452.7024
2026-05-07 19:00:00,星期四,2026-05-07,19.0,827.029,504.2484,576.1244,599.875,541.722,514.7582
2026-05-07 20:00:00,星期四,2026-05-07,20.0,661.929,525.1097,556.9653,599.5,554.2868,521.9088
2026-05-07 21:00:00,星期四,2026-05-07,21.0,663.242,524.62,568.9325,599.5,547.6081,534.834
2026-05-07 22:00:00,星期四,2026-05-07,22.0,650.108,530.5902,569.3579,599.5,546.9165,512.6076
2026-05-07 23:00:00,星期四,2026-05-07,23.0,641.802,518.8372,560.9971,594.5,535.6188,511.7473
2026-05-08 00:00:00,星期四,2026-05-07,24.0,637.666,505.9501,559.8294,590.5,521.2222,498.5331
2026-05-08 01:00:00,星期五,2026-05-08,1.0,615.828,475.4893,571.2238,600.0,447.8652,493.1491
2026-05-08 02:00:00,星期五,2026-05-08,2.0,579.263,446.4319,545.4103,562.5,440.8241,473.7808
2026-05-08 03:00:00,星期五,2026-05-08,3.0,519.998,421.6771,467.7676,481.0,420.9804,450.5896
2026-05-08 04:00:00,星期五,2026-05-08,4.0,497.212,404.9177,456.3182,473.25,405.8272,433.6688
2026-05-08 05:00:00,星期五,2026-05-08,5.0,488.915,407.9179,494.6164,509.67,412.7398,439.5817
2026-05-08 06:00:00,星期五,2026-05-08,6.0,457.183,388.0147,492.2374,504.75,410.3733,435.4623
2026-05-08 07:00:00,星期五,2026-05-08,7.0,26.52,226.806,287.4101,330.5,293.7548,301.9085
2026-05-08 08:00:00,星期五,2026-05-08,8.0,-80.0,-4.1838,-65.6368,-43.5,147.7424,114.2677
2026-05-08 09:00:00,星期五,2026-05-08,9.0,-80.0,-52.7514,-9.0962,-70.0,-30.1431,10.7379
2026-05-08 10:00:00,星期五,2026-05-08,10.0,-80.0,-85.0647,-87.9209,-73.0,-62.1125,-67.9434
2026-05-08 11:00:00,星期五,2026-05-08,11.0,-74.261,-83.78,-88.226,-73.47,-54.9037,-47.0897
2026-05-08 12:00:00,星期五,2026-05-08,12.0,-68.381,-83.3277,-87.5132,-70.0,-56.2788,-52.5431
2026-05-08 13:00:00,星期五,2026-05-08,13.0,-80.0,-83.3571,-86.8833,-71.5,-66.0835,-76.8529
2026-05-08 14:00:00,星期五,2026-05-08,14.0,-80.0,-82.9495,-86.1617,-73.0,-58.6431,-60.8858
2026-05-08 15:00:00,星期五,2026-05-08,15.0,-80.0,-74.6654,-64.3518,-56.875,-39.8763,-13.2216
2026-05-08 16:00:00,星期五,2026-05-08,16.0,-80.0,-29.7306,53.7738,85.0,-5.0533,76.5245
2026-05-08 17:00:00,星期五,2026-05-08,17.0,8.945,336.1507,396.6279,374.38,364.6402,321.4436
2026-05-08 18:00:00,星期五,2026-05-08,18.0,509.021,462.7744,526.3685,527.06,463.9162,445.1721
2026-05-08 19:00:00,星期五,2026-05-08,19.0,541.229,496.2094,536.4637,529.52,511.8214,474.2943
2026-05-08 20:00:00,星期五,2026-05-08,20.0,518.453,499.0708,531.8909,531.253,502.9258,485.8518
2026-05-08 21:00:00,星期五,2026-05-08,21.0,527.134,488.5296,525.4786,530.5,487.9049,465.8657
2026-05-08 22:00:00,星期五,2026-05-08,22.0,493.277,480.4435,513.7636,520.0,475.0797,453.3418
2026-05-08 23:00:00,星期五,2026-05-08,23.0,546.017,459.9184,467.9273,474.718,456.0238,447.3642
2026-05-09 00:00:00,星期五,2026-05-08,24.0,433.625,415.5684,451.6714,465.0,422.0935,419.5857
2026-05-09 01:00:00,星期六,2026-05-09,1.0,542.951,364.3179,473.0936,509.0,333.1283,313.5869
2026-05-09 02:00:00,星期六,2026-05-09,2.0,328.495,318.9616,411.4333,445.0,324.1068,305.3387
2026-05-09 03:00:00,星期六,2026-05-09,3.0,327.715,257.2802,353.4582,380.0,300.9535,285.0707
2026-05-09 04:00:00,星期六,2026-05-09,4.0,477.791,192.4088,366.2465,396.0,263.6723,267.3561
2026-05-09 05:00:00,星期六,2026-05-09,5.0,384.063,194.3675,353.0455,376.02,277.5994,284.3259
2026-05-09 06:00:00,星期六,2026-05-09,6.0,145.284,131.7986,336.7076,364.5,285.9138,273.6332
2026-05-09 07:00:00,星期六,2026-05-09,7.0,-80.0,9.4578,-9.9681,49.075,116.0174,148.5916
2026-05-09 08:00:00,星期六,2026-05-09,8.0,-80.0,-80.0,-102.2587,-73.5,-6.0975,-29.1502
2026-05-09 09:00:00,星期六,2026-05-09,9.0,-80.0,-83.837,-90.7655,-76.638,-67.1921,-89.6166
2026-05-09 10:00:00,星期六,2026-05-09,10.0,-80.0,-84.4245,-98.0494,-75.0,-67.1921,-81.7681
2026-05-09 11:00:00,星期六,2026-05-09,11.0,-64.3,-83.8646,-96.6776,-77.0,-67.1921,-80.2988
2026-05-09 12:00:00,星期六,2026-05-09,12.0,-70.735,-83.4501,-97.5642,-75.0,-67.1921,-84.2567
2026-05-09 13:00:00,星期六,2026-05-09,13.0,-70.964,-82.5687,-98.4063,-75.0,-67.1921,-87.6586
2026-05-09 14:00:00,星期六,2026-05-09,14.0,-80.0,-82.9633,-96.7881,-77.0,-67.1921,-83.3822
2026-05-09 15:00:00,星期六,2026-05-09,15.0,-56.44,-83.598,-96.9297,-76.5,-66.1415,-80.3893
2026-05-09 16:00:00,星期六,2026-05-09,16.0,-80.0,-82.5885,-89.4363,-70.0,-66.1415,-77.5687
2026-05-09 17:00:00,星期六,2026-05-09,17.0,-80.0,148.4027,58.2916,57.0,260.0301,186.1729
2026-05-09 18:00:00,星期六,2026-05-09,18.0,-53.454,241.502,223.3296,222.25,336.6533,318.7188
2026-05-09 19:00:00,星期六,2026-05-09,19.0,430.288,332.225,376.5971,395.138,368.6315,333.716
2026-05-09 20:00:00,星期六,2026-05-09,20.0,334.496,357.8083,370.3111,385.5,380.3992,351.0635
2026-05-09 21:00:00,星期六,2026-05-09,21.0,551.467,354.8819,329.9396,364.75,368.5253,337.6403
2026-05-09 22:00:00,星期六,2026-05-09,22.0,287.055,335.6542,310.1669,353.0,365.5969,345.3005
2026-05-09 23:00:00,星期六,2026-05-09,23.0,548.673,337.8053,333.7475,382.0,366.4047,352.7121
2026-05-10 00:00:00,星期六,2026-05-09,24.0,433.764,321.9043,319.9936,378.0,356.7283,322.8647
2026-05-10 01:00:00,星期日,2026-05-10,1.0,357.975,79.2708,313.5809,370.5,173.0489,257.2159
2026-05-10 02:00:00,星期日,2026-05-10,2.0,329.937,72.094,240.3099,300.0,166.0163,253.157
2026-05-10 03:00:00,星期日,2026-05-10,3.0,242.822,63.5446,199.4515,250.0,106.5497,228.815
2026-05-10 04:00:00,星期日,2026-05-10,4.0,165.59,61.6244,209.4655,252.5,96.0165,210.794
2026-05-10 05:00:00,星期日,2026-05-10,5.0,339.832,69.2038,193.4179,229.0,119.8087,237.9564
2026-05-10 06:00:00,星期日,2026-05-10,6.0,380.795,69.7097,164.847,233.25,125.1323,234.276
2026-05-10 07:00:00,星期日,2026-05-10,7.0,25.181,15.0269,-39.2267,0.0,59.9136,114.8055
2026-05-10 08:00:00,星期日,2026-05-10,8.0,-80.0,-39.2616,-84.6482,-67.46,-34.497,-67.9204
2026-05-10 09:00:00,星期日,2026-05-10,9.0,-80.0,-83.1739,-95.085,-75.0,-67.7899,-80.9203
2026-05-10 10:00:00,星期日,2026-05-10,10.0,-80.0,-83.6268,-96.286,-76.5,-67.7899,-79.8912
2026-05-10 11:00:00,星期日,2026-05-10,11.0,-80.0,-83.1928,-91.6153,-77.0,-67.7899,-78.2278
2026-05-10 12:00:00,星期日,2026-05-10,12.0,-80.0,-83.6865,-94.0737,-77.0,-67.7899,-79.1855
2026-05-10 13:00:00,星期日,2026-05-10,13.0,-80.0,-83.593,-90.1441,-77.0,-67.7899,-77.9074
2026-05-10 14:00:00,星期日,2026-05-10,14.0,-80.0,-83.5874,-87.3582,-75.0,-67.7899,-80.0813
2026-05-10 15:00:00,星期日,2026-05-10,15.0,-80.0,-83.1107,-89.752,-75.0,-50.1804,-35.6123
2026-05-10 16:00:00,星期日,2026-05-10,16.0,-80.0,-60.5834,-31.5031,-18.875,-17.5024,55.5153
2026-05-10 17:00:00,星期日,2026-05-10,17.0,383.251,243.2735,291.3574,270.75,334.3402,301.6288
2026-05-10 18:00:00,星期日,2026-05-10,18.0,749.137,416.2267,499.6909,506.418,438.8633,431.1916
2026-05-10 19:00:00,星期日,2026-05-10,19.0,676.385,477.6652,556.0507,581.875,472.8886,485.9357
2026-05-10 20:00:00,星期日,2026-05-10,20.0,668.457,481.0065,550.6281,576.125,480.8894,492.3944
2026-05-10 21:00:00,星期日,2026-05-10,21.0,634.909,472.0083,551.3441,580.08,472.4979,490.7113
2026-05-10 22:00:00,星期日,2026-05-10,22.0,730.135,475.0775,527.9504,547.16,459.4222,474.4654
2026-05-10 23:00:00,星期日,2026-05-10,23.0,798.227,472.8085,531.0094,551.0,455.2016,466.2709
2026-05-11 00:00:00,星期日,2026-05-10,24.0,672.363,432.1473,521.8979,550.0,433.5629,443.9337
2026-05-11 01:00:00,星期一,2026-05-11,1.0,566.155,401.8072,496.8462,510.5,457.3582,460.3404
2026-05-11 02:00:00,星期一,2026-05-11,2.0,574.084,397.3222,478.1072,476.75,466.8887,455.4626
2026-05-11 03:00:00,星期一,2026-05-11,3.0,569.511,397.2588,471.6545,471.0,474.0187,444.098
2026-05-11 04:00:00,星期一,2026-05-11,4.0,569.001,401.8694,460.8138,457.6,480.9864,452.813
2026-05-11 05:00:00,星期一,2026-05-11,5.0,564.742,429.7038,501.3809,493.0,506.4502,480.7818
2026-05-11 06:00:00,星期一,2026-05-11,6.0,530.718,449.7886,511.3652,500.0,538.0783,505.0636
2026-05-11 07:00:00,星期一,2026-05-11,7.0,465.468,386.3631,435.1302,436.52,449.4137,438.73
2026-05-11 08:00:00,星期一,2026-05-11,8.0,372.911,275.5541,337.761,357.17,370.1926,345.5386
2026-05-11 09:00:00,星期一,2026-05-11,9.0,478.803,237.7074,264.9971,378.5,203.6489,269.3714
2026-05-11 10:00:00,星期一,2026-05-11,10.0,61.38,47.2116,156.0957,199.0,88.1666,206.2048
2026-05-11 11:00:00,星期一,2026-05-11,11.0,143.931,6.3794,115.1915,59.5,62.8286,196.0432
2026-05-11 12:00:00,星期一,2026-05-11,12.0,237.132,-26.7425,61.3219,36.5,16.1072,150.1961
2026-05-11 13:00:00,星期一,2026-05-11,13.0,312.431,-44.5832,13.6818,-2.58,0.872,112.0741
2026-05-11 14:00:00,星期一,2026-05-11,14.0,448.937,-22.064,86.7123,5.0,20.8783,148.0431
2026-05-11 15:00:00,星期一,2026-05-11,15.0,366.597,46.3905,176.1512,124.843,81.5427,210.1264
2026-05-11 16:00:00,星期一,2026-05-11,16.0,343.416,188.0099,278.8244,342.288,215.1193,301.6984
2026-05-11 17:00:00,星期一,2026-05-11,17.0,426.877,423.0894,437.7759,435.0,505.117,501.4229
2026-05-11 18:00:00,星期一,2026-05-11,18.0,541.743,486.7885,527.4978,528.875,547.4866,588.1983
2026-05-11 19:00:00,星期一,2026-05-11,19.0,555.466,532.7015,534.3819,567.875,572.3804,631.719
2026-05-11 20:00:00,星期一,2026-05-11,20.0,554.979,530.4526,543.4776,546.095,575.5307,638.2423
2026-05-11 21:00:00,星期一,2026-05-11,21.0,561.616,518.776,541.7175,554.0,561.6488,618.2345
2026-05-11 22:00:00,星期一,2026-05-11,22.0,549.209,516.3634,529.7794,537.125,552.1156,611.8967
2026-05-11 23:00:00,星期一,2026-05-11,23.0,564.708,513.6937,551.7003,557.0,546.4198,605.5345
2026-05-12 00:00:00,星期一,2026-05-11,24.0,563.854,491.9516,543.1838,550.375,524.7964,575.7681
2026-05-12 01:00:00,星期二,2026-05-12,1.0,607.296,501.533,585.0224,600.125,565.5819,577.0057
2026-05-12 02:00:00,星期二,2026-05-12,2.0,597.864,479.8278,596.5437,600.0,550.4638,566.5939
2026-05-12 03:00:00,星期二,2026-05-12,3.0,597.204,469.1563,586.8337,590.0,538.8561,548.6822
2026-05-12 04:00:00,星期二,2026-05-12,4.0,596.74,466.4201,566.3307,568.5,530.948,544.4911
2026-05-12 05:00:00,星期二,2026-05-12,5.0,604.98,473.3117,597.0791,600.25,556.3368,564.0442
2026-05-12 06:00:00,星期二,2026-05-12,6.0,602.943,487.456,591.487,600.25,560.5058,563.082
2026-05-12 07:00:00,星期二,2026-05-12,7.0,496.383,358.9739,453.0971,472.0,453.3407,437.3553
2026-05-12 08:00:00,星期二,2026-05-12,8.0,103.898,162.1992,150.5286,172.538,233.8957,244.3799
2026-05-12 09:00:00,星期二,2026-05-12,9.0,194.208,-2.5676,88.7779,-10.978,37.1955,173.453
2026-05-12 10:00:00,星期二,2026-05-12,10.0,-80.0,-61.729,-17.4673,-40.0,-17.0874,48.6809
2026-05-12 11:00:00,星期二,2026-05-12,11.0,-80.0,-60.2864,-41.4059,-40.5,-32.1925,5.9526
2026-05-12 12:00:00,星期二,2026-05-12,12.0,-69.624,-73.5012,-77.6191,-60.0,-47.0889,-36.0776
2026-05-12 13:00:00,星期二,2026-05-12,13.0,-74.431,-78.719,-86.0717,-70.0,-59.3929,-68.1206
2026-05-12 14:00:00,星期二,2026-05-12,14.0,-80.0,-63.0631,-46.9394,-69.95,-39.9172,-17.4857
2026-05-12 15:00:00,星期二,2026-05-12,15.0,-80.0,-38.7141,16.927,-61.5,-16.9276,45.3161
2026-05-12 16:00:00,星期二,2026-05-12,16.0,46.612,-2.2066,125.9275,111.5,1.1975,155.7319
2026-05-12 17:00:00,星期二,2026-05-12,17.0,467.484,342.7842,352.5604,386.64,398.3488,325.9489
2026-05-12 18:00:00,星期二,2026-05-12,18.0,562.47,475.4812,509.8116,518.0,456.7028,445.4117
2026-05-12 19:00:00,星期二,2026-05-12,19.0,550.118,503.9746,578.2966,600.0,492.5692,491.1289
2026-05-12 20:00:00,星期二,2026-05-12,20.0,534.734,494.4696,535.0649,547.75,480.7787,490.0891
2026-05-12 21:00:00,星期二,2026-05-12,21.0,523.947,470.5004,518.3332,533.75,460.9236,465.1422
2026-05-12 22:00:00,星期二,2026-05-12,22.0,509.818,434.595,499.1054,516.5,439.4569,443.076
2026-05-12 23:00:00,星期二,2026-05-12,23.0,500.129,423.3278,505.3683,530.5,430.9277,438.2607
2026-05-13 00:00:00,星期二,2026-05-12,24.0,456.998,388.2846,484.2259,507.5,401.6919,412.4864
2026-05-13 01:00:00,星期三,2026-05-13,1.0,417.592,350.4729,495.1225,520.0,355.7482,359.4101
2026-05-13 02:00:00,星期三,2026-05-13,2.0,412.611,307.2562,459.9095,484.0,344.5384,348.5341
2026-05-13 03:00:00,星期三,2026-05-13,3.0,388.623,284.7937,451.5949,475.83,340.3715,338.0166
2026-05-13 04:00:00,星期三,2026-05-13,4.0,372.227,274.6653,448.8126,469.25,333.248,328.5131
2026-05-13 05:00:00,星期三,2026-05-13,5.0,394.596,279.6654,465.9735,485.175,370.0782,357.3306
2026-05-13 06:00:00,星期三,2026-05-13,6.0,391.743,305.191,460.2176,479.0,382.8961,366.1619
2026-05-13 07:00:00,星期三,2026-05-13,7.0,153.64,160.8301,316.0543,349.75,266.3139,257.7535
2026-05-13 08:00:00,星期三,2026-05-13,8.0,-80.0,24.6578,1.8758,33.81,83.6279,104.3424
2026-05-13 09:00:00,星期三,2026-05-13,9.0,-80.0,-15.2099,79.3031,-50.0,-11.7182,59.3592
2026-05-13 10:00:00,星期三,2026-05-13,10.0,-80.0,-57.252,-19.7514,-60.0,-46.9381,-23.7271
2026-05-13 11:00:00,星期三,2026-05-13,11.0,-80.0,-53.2623,-10.9962,-60.0,-40.9184,-8.158
2026-05-13 12:00:00,星期三,2026-05-13,12.0,-80.0,-56.6927,-25.8232,-60.0,-40.4082,-5.7285
2026-05-13 13:00:00,星期三,2026-05-13,13.0,-80.0,-71.2665,-65.462,-59.5,-51.8438,-36.7797
2026-05-13 14:00:00,星期三,2026-05-13,14.0,-80.0,-47.0091,-0.6605,-59.5,-37.4527,1.7555
2026-05-13 15:00:00,星期三,2026-05-13,15.0,-80.0,-26.232,45.0605,-50.0,-25.0997,32.3684
2026-05-13 16:00:00,星期三,2026-05-13,16.0,217.281,39.3131,149.275,105.5,29.7426,136.9687
2026-05-13 17:00:00,星期三,2026-05-13,17.0,594.166,356.0261,427.583,426.918,421.8683,386.9244
2026-05-13 18:00:00,星期三,2026-05-13,18.0,640.74,505.3453,521.9679,521.625,486.2663,494.9412
2026-05-13 19:00:00,星期三,2026-05-13,19.0,629.765,535.1202,580.9109,600.0,521.3264,544.2655
2026-05-13 20:00:00,星期三,2026-05-13,20.0,617.882,540.6173,560.9452,565.25,521.6504,550.8938
2026-05-13 21:00:00,星期三,2026-05-13,21.0,610.683,536.867,544.6769,567.25,513.8238,537.1965
2026-05-13 22:00:00,星期三,2026-05-13,22.0,623.247,543.5695,572.597,600.0,506.5149,535.0919
2026-05-13 23:00:00,星期三,2026-05-13,23.0,625.356,535.3001,571.0661,600.0,505.0275,527.7852
2026-05-14 00:00:00,星期三,2026-05-13,24.0,592.395,514.9952,573.0821,600.0,484.7608,509.1068
2026-05-14 01:00:00,星期四,2026-05-14,1.0,528.056,453.499,502.9408,519.5,451.205,456.1469
2026-05-14 02:00:00,星期四,2026-05-14,2.0,520.006,453.1584,503.6933,509.5,471.5245,470.2146
2026-05-14 03:00:00,星期四,2026-05-14,3.0,497.51,438.2218,496.3572,500.0,474.991,473.8624
2026-05-14 04:00:00,星期四,2026-05-14,4.0,496.705,441.8256,498.8325,500.375,478.8033,473.3941
2026-05-14 05:00:00,星期四,2026-05-14,5.0,513.77,469.6582,522.8826,529.16,507.2408,509.024
2026-05-14 06:00:00,星期四,2026-05-14,6.0,565.617,477.3613,521.2972,529.5,511.554,510.2233
2026-05-14 07:00:00,星期四,2026-05-14,7.0,519.039,300.8863,382.7623,415.0,380.4718,404.3553
2026-05-14 08:00:00,星期四,2026-05-14,8.0,216.369,85.6188,106.6767,132.92,235.7649,247.4933
2026-05-14 09:00:00,星期四,2026-05-14,9.0,-20.837,29.9999,135.0924,100.0,33.6226,112.508
2026-05-14 10:00:00,星期四,2026-05-14,10.0,-66.402,-38.8006,27.7254,-75.5,-37.756,32.8497
2026-05-14 11:00:00,星期四,2026-05-14,11.0,-52.385,-40.7099,22.0546,-75.0,-42.5978,21.0613
2026-05-14 12:00:00,星期四,2026-05-14,12.0,11.995,-49.5054,-0.2753,-75.0,-45.6871,14.8143
2026-05-14 13:00:00,星期四,2026-05-14,13.0,29.915,-64.8176,-33.7992,-75.0,-61.487,-19.819
2026-05-14 14:00:00,星期四,2026-05-14,14.0,65.953,-45.2669,8.0,-68.125,-50.6983,2.7458
2026-05-14 15:00:00,星期四,2026-05-14,15.0,14.132,-26.1139,64.9607,-75.0,-28.7064,51.4376
2026-05-14 16:00:00,星期四,2026-05-14,16.0,248.053,36.4895,189.6073,179.0,79.5704,143.1331
2026-05-14 17:00:00,星期四,2026-05-14,17.0,510.759,385.7251,429.5747,419.1,431.3927,429.1457
2026-05-14 18:00:00,星期四,2026-05-14,18.0,530.851,464.9868,491.3195,491.803,492.1375,523.3834
2026-05-14 19:00:00,星期四,2026-05-14,19.0,509.471,542.2206,536.8475,534.81,536.6624,577.2553
2026-05-14 20:00:00,星期四,2026-05-14,20.0,551.955,534.3908,514.1717,512.0,529.4638,576.8307
2026-05-14 21:00:00,星期四,2026-05-14,21.0,506.934,519.8022,524.166,530.625,516.7505,568.6484
2026-05-14 22:00:00,星期四,2026-05-14,22.0,589.667,512.0402,528.1018,540.5,507.5153,551.7183
2026-05-14 23:00:00,星期四,2026-05-14,23.0,511.22,511.3118,519.3817,532.05,499.8451,541.4964
2026-05-15 00:00:00,星期四,2026-05-14,24.0,482.168,460.8307,484.5796,499.5,476.0355,505.8775
2026-05-15 01:00:00,星期五,2026-05-15,1.0,495.652,403.2403,511.456,530.0,373.2671,406.058
2026-05-15 02:00:00,星期五,2026-05-15,2.0,446.483,386.0354,486.0254,495.0,378.42,404.5241
2026-05-15 03:00:00,星期五,2026-05-15,3.0,411.384,368.5756,463.5769,473.68,380.2771,397.0153
2026-05-15 04:00:00,星期五,2026-05-15,4.0,409.424,357.1517,465.3865,474.5,379.5425,396.6103
2026-05-15 05:00:00,星期五,2026-05-15,5.0,432.173,399.2677,491.5392,500.0,404.993,435.6061
2026-05-15 06:00:00,星期五,2026-05-15,6.0,451.669,391.9867,514.7546,521.58,407.5849,437.5607
2026-05-15 07:00:00,星期五,2026-05-15,7.0,471.098,187.2129,316.2174,339.0,304.9398,314.0034
2026-05-15 08:00:00,星期五,2026-05-15,8.0,453.471,-6.0071,-24.2492,-13.0,175.4565,128.4727
2026-05-15 09:00:00,星期五,2026-05-15,9.0,554.012,-35.2681,21.6786,-60.0,-37.8447,15.0225
2026-05-15 10:00:00,星期五,2026-05-15,10.0,114.886,-82.51,-75.9746,-70.71,-81.2648,-76.4793
2026-05-15 11:00:00,星期五,2026-05-15,11.0,-73.846,-84.0652,-76.4099,-70.0,-80.9244,-74.123
2026-05-15 12:00:00,星期五,2026-05-15,12.0,-73.082,-82.8273,-80.5588,-70.0,-79.7767,-74.8338
2026-05-15 13:00:00,星期五,2026-05-15,13.0,-59.314,-83.6987,-79.0378,-70.0,-81.2722,-75.2488
2026-05-15 14:00:00,星期五,2026-05-15,14.0,-62.831,-83.8826,-80.5784,-73.125,-81.4237,-74.8751
2026-05-15 15:00:00,星期五,2026-05-15,15.0,-76.897,-74.3637,-58.2161,-60.0,-80.0969,-76.4273
2026-05-15 16:00:00,星期五,2026-05-15,16.0,-31.0,-41.5723,32.5569,-32.24,-36.4214,4.7449
2026-05-15 17:00:00,星期五,2026-05-15,17.0,392.751,266.5838,308.8287,283.0,350.3161,299.888
2026-05-15 18:00:00,星期五,2026-05-15,18.0,601.99,450.7925,470.9003,455.0,427.5786,417.1727
2026-05-15 19:00:00,星期五,2026-05-15,19.0,611.161,490.1063,530.4889,525.655,476.3367,495.7303
2026-05-15 20:00:00,星期五,2026-05-15,20.0,593.246,482.3757,547.4467,549.145,495.3474,506.2904
2026-05-15 21:00:00,星期五,2026-05-15,21.0,585.47,497.1897,536.606,545.0,488.2993,501.3388
2026-05-15 22:00:00,星期五,2026-05-15,22.0,586.43,476.4243,538.136,548.5,475.9284,493.5347
2026-05-15 23:00:00,星期五,2026-05-15,23.0,615.519,483.1001,524.6989,532.875,466.2447,477.8863
2026-05-16 00:00:00,星期五,2026-05-15,24.0,581.543,441.1167,484.2347,498.0,428.6437,450.6223
2026-05-16 01:00:00,星期六,2026-05-16,1.0,517.685,195.5499,477.5637,500.0,300.6412,362.0156
2026-05-16 02:00:00,星期六,2026-05-16,2.0,517.563,183.1709,457.1916,474.5,313.4063,374.8238
2026-05-16 03:00:00,星期六,2026-05-16,3.0,486.579,182.1353,436.7648,455.0,315.9368,377.0658
2026-05-16 04:00:00,星期六,2026-05-16,4.0,469.486,185.8652,434.8176,451.5,308.1695,366.9752
2026-05-16 05:00:00,星期六,2026-05-16,5.0,479.732,197.6327,449.3763,464.0,344.0853,412.8649
2026-05-16 06:00:00,星期六,2026-05-16,6.0,473.893,176.424,447.715,468.5,350.8499,409.646
2026-05-16 07:00:00,星期六,2026-05-16,7.0,397.416,81.239,366.3848,405.5,240.0809,307.8103
2026-05-16 08:00:00,星期六,2026-05-16,8.0,459.874,-6.9945,107.7523,164.5,99.0315,143.093
2026-05-16 09:00:00,星期六,2026-05-16,9.0,152.809,-41.5028,32.3727,10.625,-50.6798,9.5215
2026-05-16 10:00:00,星期六,2026-05-16,10.0,-80.0,-67.6452,-53.7058,-30.0,-72.6439,-63.0352
2026-05-16 11:00:00,星期六,2026-05-16,11.0,-80.0,-69.5358,-67.5351,-55.0,-66.3666,-59.2782
2026-05-16 12:00:00,星期六,2026-05-16,12.0,-27.148,-67.1342,-81.9564,-44.0,-59.7006,-67.7962
2026-05-16 13:00:00,星期六,2026-05-16,13.0,51.112,-74.8429,-81.4794,-30.5,-64.5285,-73.9183
2026-05-16 14:00:00,星期六,2026-05-16,14.0,59.504,-65.8415,-67.5719,-30.0,-64.0369,-74.0876
2026-05-16 15:00:00,星期六,2026-05-16,15.0,95.317,-59.1831,-34.4487,-28.0,-60.3119,-43.2037
2026-05-16 16:00:00,星期六,2026-05-16,16.0,466.306,-34.6559,71.5772,77.5,-42.6246,43.3782
2026-05-16 17:00:00,星期六,2026-05-16,17.0,579.02,294.9682,385.6039,397.0,393.3917,334.068
2026-05-16 18:00:00,星期六,2026-05-16,18.0,627.18,428.123,492.6487,506.875,456.0479,439.7226
2026-05-16 19:00:00,星期六,2026-05-16,19.0,585.858,466.7577,528.7339,541.5,459.0485,490.0928
2026-05-16 20:00:00,星期六,2026-05-16,20.0,567.563,477.2254,531.3165,545.0,466.165,505.5135
2026-05-16 21:00:00,星期六,2026-05-16,21.0,557.238,481.4845,530.6044,553.625,462.0058,491.3892
2026-05-16 22:00:00,星期六,2026-05-16,22.0,576.366,467.122,522.4861,555.0,450.5003,476.8991
2026-05-16 23:00:00,星期六,2026-05-16,23.0,570.561,467.7092,504.2747,528.5,448.1844,466.6789
2026-05-17 00:00:00,星期六,2026-05-16,24.0,545.052,421.2655,497.7447,525.0,435.1304,452.1781
2026-05-17 01:00:00,星期日,2026-05-17,1.0,422.052,364.0708,443.7093,470.0,393.3081,395.7556
2026-05-17 02:00:00,星期日,2026-05-17,2.0,381.661,336.359,428.7109,460.0,383.6962,382.901
2026-05-17 03:00:00,星期日,2026-05-17,3.0,369.964,302.2055,409.8883,438.44,373.4049,364.5789
2026-05-17 04:00:00,星期日,2026-05-17,4.0,360.033,293.1683,426.5634,454.213,361.1285,340.0421
2026-05-17 05:00:00,星期日,2026-05-17,5.0,366.522,333.6854,427.5439,448.5,395.6064,376.7819
2026-05-17 06:00:00,星期日,2026-05-17,6.0,355.825,327.6374,430.3956,460.0,389.1978,372.1712
2026-05-17 07:00:00,星期日,2026-05-17,7.0,154.467,194.0641,352.5927,401.25,288.7635,296.6502
2026-05-17 08:00:00,星期日,2026-05-17,8.0,-20.992,133.5007,220.2639,282.88,158.6995,185.5832
2026-05-17 09:00:00,星期日,2026-05-17,9.0,-49.649,27.4255,160.0092,332.01,47.6251,116.2612
2026-05-17 10:00:00,星期日,2026-05-17,10.0,-80.0,-31.0109,85.1629,249.5,-8.6155,68.9237
2026-05-17 11:00:00,星期日,2026-05-17,11.0,-70.067,-10.4502,89.4185,162.0,-14.234,87.1102
2026-05-17 12:00:00,星期日,2026-05-17,12.0,-80.0,-10.4567,90.564,201.0,-12.5817,80.0491
2026-05-17 13:00:00,星期日,2026-05-17,13.0,31.003,-40.4687,52.7704,176.788,-31.2012,63.7573
2026-05-17 14:00:00,星期日,2026-05-17,14.0,80.737,-4.2487,139.0769,339.5,-16.7822,90.7693
2026-05-17 15:00:00,星期日,2026-05-17,15.0,46.919,47.036,193.5396,379.95,62.1927,123.6284
2026-05-17 16:00:00,星期日,2026-05-17,16.0,-8.318,125.8523,259.1999,465.76,145.8434,196.3176
2026-05-17 17:00:00,星期日,2026-05-17,17.0,302.562,374.2233,464.3432,470.0,415.9905,414.9333
2026-05-17 18:00:00,星期日,2026-05-17,18.0,348.918,450.5431,552.8492,576.0,452.9389,467.0714
2026-05-17 19:00:00,星期日,2026-05-17,19.0,383.685,447.2226,541.3243,548.5,456.6486,475.3002
2026-05-17 20:00:00,星期日,2026-05-17,20.0,378.639,460.4863,540.6864,549.0,459.4722,475.8644
2026-05-17 21:00:00,星期日,2026-05-17,21.0,391.21,449.6424,489.5473,495.0,454.3396,469.5964
2026-05-17 22:00:00,星期日,2026-05-17,22.0,372.716,450.0714,473.0763,480.0,450.4776,466.1798
2026-05-17 23:00:00,星期日,2026-05-17,23.0,340.888,446.9875,469.7804,480.0,445.9267,458.4386
2026-05-18 00:00:00,星期日,2026-05-17,24.0,304.276,389.9887,457.3015,480.0,404.0,413.0926
2026-05-18 01:00:00,星期一,2026-05-18,1.0,327.764,254.3632,379.9675,437.45,304.9862,376.5842
2026-05-18 02:00:00,星期一,2026-05-18,2.0,348.089,218.6895,337.3109,383.75,288.3226,360.1506
2026-05-18 03:00:00,星期一,2026-05-18,3.0,369.467,203.6003,318.3362,372.155,241.3989,340.9942
2026-05-18 04:00:00,星期一,2026-05-18,4.0,381.363,205.2392,326.253,374.228,244.1819,318.5255
2026-05-18 05:00:00,星期一,2026-05-18,5.0,382.733,245.5863,345.876,379.0,312.9275,347.6624
2026-05-18 06:00:00,星期一,2026-05-18,6.0,370.341,316.812,399.1635,432.0,361.8928,376.4764
2026-05-18 07:00:00,星期一,2026-05-18,7.0,350.631,311.0161,391.2977,425.0,354.2661,381.9205
2026-05-18 08:00:00,星期一,2026-05-18,8.0,370.004,338.4384,435.6847,475.0,375.1189,395.6489
2026-05-18 09:00:00,星期一,2026-05-18,9.0,410.934,423.2902,457.2574,515.5,452.0329,580.5135
2026-05-18 10:00:00,星期一,2026-05-18,10.0,401.477,418.5336,470.3683,534.5,458.9003,593.4748
2026-05-18 11:00:00,星期一,2026-05-18,11.0,422.95,458.4167,523.0218,552.5,483.897,621.634
2026-05-18 12:00:00,星期一,2026-05-18,12.0,428.092,480.0484,540.8168,547.0,500.2262,622.3032
2026-05-18 13:00:00,星期一,2026-05-18,13.0,419.091,460.3988,507.2431,565.0,476.5003,593.6565
2026-05-18 14:00:00,星期一,2026-05-18,14.0,407.246,468.3731,531.4561,588.5,475.5337,598.3555
2026-05-18 15:00:00,星期一,2026-05-18,15.0,415.746,451.8887,520.226,631.56,456.2329,567.1412
2026-05-18 16:00:00,星期一,2026-05-18,16.0,416.009,444.1299,513.5114,629.01,456.622,549.2336
2026-05-18 17:00:00,星期一,2026-05-18,17.0,426.645,508.7856,549.1385,583.07,523.7499,583.5637
2026-05-18 18:00:00,星期一,2026-05-18,18.0,424.244,510.6033,564.1824,594.5,533.1865,589.7776
2026-05-18 19:00:00,星期一,2026-05-18,19.0,428.245,508.9292,571.4398,605.5,533.9174,587.3991
2026-05-18 20:00:00,星期一,2026-05-18,20.0,429.257,520.1574,572.5859,606.5,537.0826,590.0143
2026-05-18 21:00:00,星期一,2026-05-18,21.0,424.509,516.4625,568.2957,604.0,525.8079,571.2932
2026-05-18 22:00:00,星期一,2026-05-18,22.0,415.063,518.0481,562.4468,596.5,522.8103,563.6105
2026-05-18 23:00:00,星期一,2026-05-18,23.0,412.72,515.9202,555.4202,589.0,520.2028,558.8003
2026-05-19 00:00:00,星期一,2026-05-18,24.0,398.402,488.2459,549.9135,583.0,504.0302,532.1183
2026-05-19 01:00:00,星期二,2026-05-19,1.0,361.685,416.0787,452.8011,456.5,453.6842,525.9863
2026-05-19 02:00:00,星期二,2026-05-19,2.0,335.388,402.8237,407.0874,403.5,439.0135,506.801
2026-05-19 03:00:00,星期二,2026-05-19,3.0,309.602,386.4032,377.5513,372.5,410.7985,477.9209
2026-05-19 04:00:00,星期二,2026-05-19,4.0,292.098,375.9781,348.0263,339.5,384.8742,451.8774
2026-05-19 05:00:00,星期二,2026-05-19,5.0,269.408,373.681,342.389,339.5,390.8455,454.5339
2026-05-19 06:00:00,星期二,2026-05-19,6.0,278.541,370.5287,345.5776,349.5,385.011,456.8607
2026-05-19 07:00:00,星期二,2026-05-19,7.0,280.897,347.2954,359.3373,364.5,383.1886,447.2016
2026-05-19 08:00:00,星期二,2026-05-19,8.0,275.386,319.5674,382.3879,394.0,384.706,448.6606
2026-05-19 09:00:00,星期二,2026-05-19,9.0,389.763,356.532,375.1686,396.0,401.9669,505.5408
2026-05-19 10:00:00,星期二,2026-05-19,10.0,374.601,365.0473,376.2028,397.875,420.5311,511.604
2026-05-19 11:00:00,星期二,2026-05-19,11.0,438.237,405.6771,426.2374,402.5,445.7206,543.8546
2026-05-19 12:00:00,星期二,2026-05-19,12.0,406.763,445.5534,411.754,402.5,452.288,537.0571
2026-05-19 13:00:00,星期二,2026-05-19,13.0,295.632,399.6249,366.9473,400.0,408.1322,484.7286
2026-05-19 14:00:00,星期二,2026-05-19,14.0,312.245,406.7849,391.8922,400.0,391.0545,491.7337
2026-05-19 15:00:00,星期二,2026-05-19,15.0,305.137,411.0206,394.5301,400.0,370.2238,471.0464
2026-05-19 16:00:00,星期二,2026-05-19,16.0,272.728,403.7401,393.3279,412.0,371.4396,462.1157
2026-05-19 17:00:00,星期二,2026-05-19,17.0,390.045,408.2375,434.5442,443.1,479.7319,520.6227
2026-05-19 18:00:00,星期二,2026-05-19,18.0,342.637,413.0105,430.4913,439.25,479.562,523.0055
2026-05-19 19:00:00,星期二,2026-05-19,19.0,389.822,433.592,440.9948,439.0,485.9315,524.9311
2026-05-19 20:00:00,星期二,2026-05-19,20.0,418.357,455.6962,443.5736,441.5,496.4658,528.6165
2026-05-19 21:00:00,星期二,2026-05-19,21.0,394.608,455.8081,440.1548,439.5,491.1413,521.1837
2026-05-19 22:00:00,星期二,2026-05-19,22.0,381.249,458.8222,441.9871,441.5,492.0317,519.2461
2026-05-19 23:00:00,星期二,2026-05-19,23.0,373.365,459.5219,457.5256,460.5,490.548,517.4852
2026-05-20 00:00:00,星期二,2026-05-19,24.0,327.524,429.3003,427.1446,436.0,464.2692,475.5537
2026-05-20 01:00:00,星期三,2026-05-20,1.0,312.967,350.0677,318.8114,330.0,516.2627,356.4084
2026-05-20 02:00:00,星期三,2026-05-20,2.0,302.863,336.5754,295.9369,302.875,485.6779,354.4621
2026-05-20 03:00:00,星期三,2026-05-20,3.0,263.465,308.9507,291.9402,300.0,439.092,326.3846
2026-05-20 04:00:00,星期三,2026-05-20,4.0,210.342,309.2803,288.565,298.5,426.4723,312.7105
2026-05-20 05:00:00,星期三,2026-05-20,5.0,222.744,301.8853,295.5262,300.0,440.9286,321.0697
2026-05-20 06:00:00,星期三,2026-05-20,6.0,275.429,321.098,300.6746,300.0,457.9378,335.411
2026-05-20 07:00:00,星期三,2026-05-20,7.0,317.004,269.4257,289.5428,300.0,449.1166,336.2785
2026-05-20 08:00:00,星期三,2026-05-20,8.0,384.536,279.8089,347.3035,355.0,450.988,355.8652
2026-05-20 09:00:00,星期三,2026-05-20,9.0,461.913,346.2766,338.3887,416.61,420.2558,348.2512
2026-05-20 10:00:00,星期三,2026-05-20,10.0,476.588,367.4589,330.1435,423.5,430.6242,357.9776
2026-05-20 11:00:00,星期三,2026-05-20,11.0,497.088,422.7852,376.0536,438.5,469.1142,397.819
2026-05-20 12:00:00,星期三,2026-05-20,12.0,499.936,409.5139,358.4196,409.125,472.9833,387.7599
2026-05-20 13:00:00,星期三,2026-05-20,13.0,454.932,326.0999,291.6343,377.0,414.3141,325.7715
2026-05-20 14:00:00,星期三,2026-05-20,14.0,440.991,309.6707,295.8823,383.06,398.0423,317.5727
2026-05-20 15:00:00,星期三,2026-05-20,15.0,415.458,274.9814,283.7566,379.5,366.0934,293.921
2026-05-20 16:00:00,星期三,2026-05-20,16.0,359.168,214.409,277.3315,350.0,364.6529,276.0588
2026-05-20 17:00:00,星期三,2026-05-20,17.0,375.89,326.1701,324.587,350.0,472.4906,380.7235
2026-05-20 18:00:00,星期三,2026-05-20,18.0,327.262,353.3935,381.5263,380.0,498.5624,427.5482
2026-05-20 19:00:00,星期三,2026-05-20,19.0,404.043,429.5353,450.2998,445.875,524.8226,454.4655
2026-05-20 20:00:00,星期三,2026-05-20,20.0,440.832,415.6028,461.3507,459.53,534.0623,467.0162
2026-05-20 21:00:00,星期三,2026-05-20,21.0,420.1,420.4298,476.457,481.69,533.8255,469.8723
2026-05-20 22:00:00,星期三,2026-05-20,22.0,381.371,429.3071,471.1683,473.645,536.6,468.9446
2026-05-20 23:00:00,星期三,2026-05-20,23.0,396.961,425.7087,476.738,480.99,535.8381,465.8861
2026-05-21 00:00:00,星期三,2026-05-20,24.0,370.492,397.8004,480.0038,492.0,524.0182,449.2653
2026-05-21 01:00:00,星期四,2026-05-21,1.0,442.71,358.1604,434.7863,445.5,358.2245,418.8652
2026-05-21 02:00:00,星期四,2026-05-21,2.0,413.07,343.8236,421.2265,429.0,322.5589,400.122
2026-05-21 03:00:00,星期四,2026-05-21,3.0,392.914,329.0075,395.6712,404.0,314.153,384.0515
2026-05-21 04:00:00,星期四,2026-05-21,4.0,374.351,325.3369,374.2188,384.5,310.5606,375.9645
2026-05-21 05:00:00,星期四,2026-05-21,5.0,391.938,342.5953,398.4222,404.51,324.0418,388.9196
2026-05-21 06:00:00,星期四,2026-05-21,6.0,391.936,340.1847,412.5234,424.763,337.6031,384.6801
2026-05-21 07:00:00,星期四,2026-05-21,7.0,350.182,245.2285,303.3069,332.72,234.4777,272.9339
2026-05-21 08:00:00,星期四,2026-05-21,8.0,-80.0,139.8476,66.9978,100.0,83.6707,87.421
2026-05-21 09:00:00,星期四,2026-05-21,9.0,-80.0,-74.2814,-50.3566,0.0,-44.387,-1.5107
2026-05-21 10:00:00,星期四,2026-05-21,10.0,-80.0,-80.2216,-76.1136,-10.0,-82.0403,-74.8046
2026-05-21 11:00:00,星期四,2026-05-21,11.0,-80.0,-79.251,-81.7946,-34.0,-79.1537,-73.9467
2026-05-21 12:00:00,星期四,2026-05-21,12.0,-80.0,-79.6079,-81.7189,-34.0,-80.3797,-73.2678
2026-05-21 13:00:00,星期四,2026-05-21,13.0,-80.0,-80.3893,-78.6343,-32.5,-82.4682,-76.0604
2026-05-21 14:00:00,星期四,2026-05-21,14.0,-80.0,-77.2841,-69.9643,-10.0,-81.8939,-76.2456
2026-05-21 15:00:00,星期四,2026-05-21,15.0,-80.0,-69.7355,-53.2637,-10.0,-60.782,-39.7274
2026-05-21 16:00:00,星期四,2026-05-21,16.0,-80.0,-22.7317,100.7058,193.5,-5.6344,68.7015
2026-05-21 17:00:00,星期四,2026-05-21,17.0,362.364,243.4676,428.2848,429.5,412.3829,376.8707
2026-05-21 18:00:00,星期四,2026-05-21,18.0,538.553,440.7995,539.2778,549.5,481.1473,500.6064
2026-05-21 19:00:00,星期四,2026-05-21,19.0,592.265,475.6333,556.35,558.54,517.0473,561.753
2026-05-21 20:00:00,星期四,2026-05-21,20.0,606.741,503.2952,536.8243,569.5,528.2522,577.0641
2026-05-21 21:00:00,星期四,2026-05-21,21.0,609.773,487.5965,557.4471,563.5,520.5466,567.3794
2026-05-21 22:00:00,星期四,2026-05-21,22.0,619.067,485.7421,560.6443,598.0,510.1486,551.9575
2026-05-21 23:00:00,星期四,2026-05-21,23.0,617.677,470.9135,541.9372,551.0,501.3152,534.2868
2026-05-22 00:00:00,星期四,2026-05-21,24.0,612.194,436.6086,511.5987,523.0,481.1963,503.2704
2026-05-22 01:00:00,星期五,2026-05-22,1.0,429.031,475.87,457.5443,450.0,481.5583,482.6611
2026-05-22 02:00:00,星期五,2026-05-22,2.0,408.248,441.2667,436.338,429.5,457.4387,463.558
2026-05-22 03:00:00,星期五,2026-05-22,3.0,389.336,411.946,434.3969,429.5,436.0858,439.8946
2026-05-22 04:00:00,星期五,2026-05-22,4.0,379.571,391.6832,403.9795,400.0,406.9657,419.7127
2026-05-22 05:00:00,星期五,2026-05-22,5.0,378.027,389.28,421.8109,419.5,415.9073,419.3322
2026-05-22 06:00:00,星期五,2026-05-22,6.0,362.588,366.5528,397.5578,399.5,412.346,406.248
2026-05-22 07:00:00,星期五,2026-05-22,7.0,107.199,270.6363,301.5489,312.875,324.6002,311.6926
2026-05-22 08:00:00,星期五,2026-05-22,8.0,-80.0,134.9335,220.6549,264.25,194.9596,187.6253
2026-05-22 09:00:00,星期五,2026-05-22,9.0,-80.0,68.7931,161.9665,212.5,91.3281,205.9569
2026-05-22 10:00:00,星期五,2026-05-22,10.0,-80.0,-1.2139,110.5894,212.62,48.0727,155.3343
2026-05-22 11:00:00,星期五,2026-05-22,11.0,-2.841,42.5529,145.2602,252.5,104.389,187.5993
2026-05-22 12:00:00,星期五,2026-05-22,12.0,367.031,66.055,158.1219,255.875,132.7544,211.4147
2026-05-22 13:00:00,星期五,2026-05-22,13.0,376.195,66.937,154.9873,241.29,138.466,207.2373
2026-05-22 14:00:00,星期五,2026-05-22,14.0,391.673,152.2628,253.3153,344.635,206.8901,279.9983
2026-05-22 15:00:00,星期五,2026-05-22,15.0,423.857,275.927,327.3956,433.6,275.6349,337.2466
2026-05-22 16:00:00,星期五,2026-05-22,16.0,428.393,338.1371,376.4225,430.0,343.9782,385.6963
2026-05-22 17:00:00,星期五,2026-05-22,17.0,430.004,456.1107,450.5655,447.125,467.7615,484.5766
2026-05-22 18:00:00,星期五,2026-05-22,18.0,418.479,466.7206,452.2308,442.5,489.4368,514.629
2026-05-22 19:00:00,星期五,2026-05-22,19.0,411.53,473.8818,460.1375,450.125,494.8335,522.2608
2026-05-22 20:00:00,星期五,2026-05-22,20.0,419.699,477.42,458.0663,450.0,498.0802,517.7614
2026-05-22 21:00:00,星期五,2026-05-22,21.0,436.123,476.2317,457.3292,450.0,491.3341,512.2534
2026-05-22 22:00:00,星期五,2026-05-22,22.0,430.983,476.6212,456.8389,450.0,491.9818,512.5769
2026-05-22 23:00:00,星期五,2026-05-22,23.0,431.741,470.8569,454.3486,449.25,487.8985,507.6088
2026-05-23 00:00:00,星期五,2026-05-22,24.0,416.63,453.5287,427.4955,425.0,476.1623,491.059
2026-05-23 01:00:00,星期六,2026-05-23,1.0,526.155,441.8957,532.1961,539.95,491.3842,521.6517
2026-05-23 02:00:00,星期六,2026-05-23,2.0,515.652,430.2587,522.7837,530.0,487.9352,519.7381
2026-05-23 03:00:00,星期六,2026-05-23,3.0,502.637,426.7084,512.8495,519.0,479.9192,505.1159
2026-05-23 04:00:00,星期六,2026-05-23,4.0,511.404,427.8583,511.9742,519.0,465.4341,499.322
2026-05-23 05:00:00,星期六,2026-05-23,5.0,516.514,444.075,523.42,529.5,497.636,517.1581
2026-05-23 06:00:00,星期六,2026-05-23,6.0,515.742,446.3139,521.6162,530.5,491.6378,520.6305
2026-05-23 07:00:00,星期六,2026-05-23,7.0,440.928,392.2901,476.4878,501.5,419.2918,446.9684
2026-05-23 08:00:00,星期六,2026-05-23,8.0,347.681,287.8823,347.7055,383.5,305.7098,338.1923
2026-05-23 09:00:00,星期六,2026-05-23,9.0,245.1,105.6942,176.0915,250.0,169.421,225.4957
2026-05-23 10:00:00,星期六,2026-05-23,10.0,-80.0,-13.7595,51.414,63.5,32.2279,125.4995
2026-05-23 11:00:00,星期六,2026-05-23,11.0,-80.0,-16.8083,38.6753,46.0,27.6935,112.7058
2026-05-23 12:00:00,星期六,2026-05-23,12.0,-80.0,-42.2211,13.4861,0.0,7.3501,104.2994
2026-05-23 13:00:00,星期六,2026-05-23,13.0,-80.0,-40.9485,-11.2646,0.0,-12.3549,72.4616
2026-05-23 14:00:00,星期六,2026-05-23,14.0,-80.0,-10.505,46.6691,0.0,6.147,104.4038
2026-05-23 15:00:00,星期六,2026-05-23,15.0,-80.0,46.2031,121.1869,100.0,71.9263,154.6437
2026-05-23 16:00:00,星期六,2026-05-23,16.0,150.66,175.358,242.9454,347.25,210.8935,251.52
2026-05-23 17:00:00,星期六,2026-05-23,17.0,475.775,448.1115,468.0916,492.0,408.1294,378.6773
2026-05-23 18:00:00,星期六,2026-05-23,18.0,513.967,505.4524,522.7098,527.0,462.3654,471.8944
2026-05-23 19:00:00,星期六,2026-05-23,19.0,520.067,524.574,546.7938,550.0,485.1018,510.4482
2026-05-23 20:00:00,星期六,2026-05-23,20.0,522.695,523.0991,538.1142,543.0,488.346,512.8918
2026-05-23 21:00:00,星期六,2026-05-23,21.0,526.9,508.0334,529.9285,534.85,479.4188,503.6684
2026-05-23 22:00:00,星期六,2026-05-23,22.0,532.379,490.5652,530.8698,542.0,467.5884,485.1321
2026-05-23 23:00:00,星期六,2026-05-23,23.0,550.193,472.9104,535.1223,550.5,454.1736,465.5553
2026-05-24 00:00:00,星期六,2026-05-23,24.0,533.437,437.4904,498.6959,513.0,426.6335,434.8866
2026-05-24 01:00:00,星期日,2026-05-24,1.0,565.22,420.9638,499.7976,521.0,467.2804,464.3817
2026-05-24 02:00:00,星期日,2026-05-24,2.0,536.208,395.4536,477.954,492.5,472.4644,458.0886
2026-05-24 03:00:00,星期日,2026-05-24,3.0,516.252,398.8648,480.4395,494.65,464.3723,445.1329
2026-05-24 04:00:00,星期日,2026-05-24,4.0,502.001,399.8167,495.5891,513.0,466.3357,443.0626
2026-05-24 05:00:00,星期日,2026-05-24,5.0,501.606,400.9837,504.2499,520.5,479.7832,457.8368
2026-05-24 06:00:00,星期日,2026-05-24,6.0,469.332,393.928,478.652,496.0,473.0583,448.3018
2026-05-24 07:00:00,星期日,2026-05-24,7.0,268.572,271.1904,388.0626,431.425,364.6154,360.657
2026-05-24 08:00:00,星期日,2026-05-24,8.0,245.36,159.0342,199.4709,241.82,241.2393,253.5631
2026-05-24 09:00:00,星期日,2026-05-24,9.0,276.824,73.3067,108.8099,112.64,91.4265,174.432
2026-05-24 10:00:00,星期日,2026-05-24,10.0,-28.246,-39.1664,1.6482,0.0,-11.4422,75.66
2026-05-24 11:00:00,星期日,2026-05-24,11.0,-80.0,-35.4206,6.5099,-16.738,-22.9814,54.8078
2026-05-24 12:00:00,星期日,2026-05-24,12.0,61.836,-37.2281,-11.0783,-40.0,-20.7889,43.3287
2026-05-24 13:00:00,星期日,2026-05-24,13.0,-26.141,-65.9055,-46.0791,-15.0,-48.0645,1.768
2026-05-24 14:00:00,星期日,2026-05-24,14.0,-45.997,-49.2408,-8.2725,15.263,-37.5147,20.053
2026-05-24 15:00:00,星期日,2026-05-24,15.0,-80.0,-36.5807,30.05,23.61,-10.623,55.5136
2026-05-24 16:00:00,星期日,2026-05-24,16.0,-80.0,74.883,137.1229,173.25,74.3782,141.8379
2026-05-24 17:00:00,星期日,2026-05-24,17.0,380.887,317.5173,416.4689,414.5,383.88,360.8737
2026-05-24 18:00:00,星期日,2026-05-24,18.0,416.445,416.8321,477.2801,481.0,433.0248,442.0527
2026-05-24 19:00:00,星期日,2026-05-24,19.0,430.045,448.1673,491.7563,497.875,459.2453,471.7422
2026-05-24 20:00:00,星期日,2026-05-24,20.0,424.835,460.3263,492.835,499.5,460.1031,473.4697
2026-05-24 21:00:00,星期日,2026-05-24,21.0,425.905,446.1971,490.4034,499.75,454.9739,471.2719
2026-05-24 22:00:00,星期日,2026-05-24,22.0,499.973,416.5943,489.4812,500.0,451.0165,463.0829
2026-05-24 23:00:00,星期日,2026-05-24,23.0,546.258,409.8811,486.9874,499.625,447.769,457.947
2026-05-25 00:00:00,星期日,2026-05-24,24.0,523.479,381.9303,474.9262,496.0,428.7037,432.3984
2026-05-25 01:00:00,星期一,2026-05-25,1.0,383.311,388.8172,423.5713,437.5,413.0328,417.6965
2026-05-25 02:00:00,星期一,2026-05-25,2.0,364.238,374.866,412.9824,424.5,389.744,410.6611
2026-05-25 03:00:00,星期一,2026-05-25,3.0,348.501,359.1234,390.8398,400.0,377.3556,399.9446
2026-05-25 04:00:00,星期一,2026-05-25,4.0,342.466,343.9452,358.6137,380.0,360.3767,382.4009
2026-05-25 05:00:00,星期一,2026-05-25,5.0,354.289,334.8239,363.3366,380.0,366.9533,390.2553
2026-05-25 06:00:00,星期一,2026-05-25,6.0,360.623,327.5492,339.8336,353.5,393.5256,388.6672
2026-05-25 07:00:00,星期一,2026-05-25,7.0,358.622,302.2245,339.1811,367.25,371.2603,366.1995
2026-05-25 08:00:00,星期一,2026-05-25,8.0,332.408,307.5126,367.3137,385.0,368.5409,360.108
2026-05-25 09:00:00,星期一,2026-05-25,9.0,357.498,307.1136,348.2428,432.0,364.7322,381.9856
2026-05-25 10:00:00,星期一,2026-05-25,10.0,366.583,298.3282,345.7768,444.5,381.6719,383.783
2026-05-25 11:00:00,星期一,2026-05-25,11.0,414.03,365.4341,395.849,448.5,421.8378,437.3258
2026-05-25 12:00:00,星期一,2026-05-25,12.0,421.759,395.9204,419.8677,471.0,453.724,467.6998
2026-05-25 13:00:00,星期一,2026-05-25,13.0,431.929,376.1695,390.9986,452.5,436.6155,437.0273
2026-05-25 14:00:00,星期一,2026-05-25,14.0,441.659,388.7686,416.3064,462.0,440.3549,462.296
2026-05-25 15:00:00,星期一,2026-05-25,15.0,447.326,390.484,410.9339,456.9,426.5521,440.3911
2026-05-25 16:00:00,星期一,2026-05-25,16.0,444.022,377.0471,393.357,451.5,417.369,409.4347
2026-05-25 17:00:00,星期一,2026-05-25,17.0,428.041,423.7466,425.9376,440.5,460.1523,500.4377
2026-05-25 18:00:00,星期一,2026-05-25,18.0,393.591,400.6265,412.3729,423.5,449.3053,478.5488
2026-05-25 19:00:00,星期一,2026-05-25,19.0,378.405,391.2898,417.9081,424.0,437.0247,449.5192
2026-05-25 20:00:00,星期一,2026-05-25,20.0,382.286,386.9705,416.8216,425.5,428.1686,430.2798
2026-05-25 21:00:00,星期一,2026-05-25,21.0,373.649,366.9709,409.313,424.0,413.6601,412.9224
2026-05-25 22:00:00,星期一,2026-05-25,22.0,357.064,353.6701,395.6091,409.5,404.4876,399.2229
2026-05-25 23:00:00,星期一,2026-05-25,23.0,345.36,343.2522,387.1934,399.5,402.1079,393.5842
2026-05-26 00:00:00,星期一,2026-05-25,24.0,319.546,318.1612,369.3929,390.0,382.5262,374.6398
2026-05-26 01:00:00,星期二,2026-05-26,1.0,324.968,329.6044,374.3941,380.0,387.9689,405.0865
2026-05-26 02:00:00,星期二,2026-05-26,2.0,303.981,302.1713,344.9559,360.5,377.9967,384.3903
2026-05-26 03:00:00,星期二,2026-05-26,3.0,152.954,283.3972,314.8408,331.0,356.2697,356.171
2026-05-26 04:00:00,星期二,2026-05-26,4.0,107.77,253.5797,310.3328,328.5,333.1528,333.4941
2026-05-26 05:00:00,星期二,2026-05-26,5.0,246.639,257.6501,314.0584,328.0,346.0889,332.9887
2026-05-26 06:00:00,星期二,2026-05-26,6.0,256.835,252.0231,319.2367,329.0,319.6828,333.9251
2026-05-26 07:00:00,星期二,2026-05-26,7.0,75.807,235.7419,301.6974,316.0,297.3569,324.139
2026-05-26 08:00:00,星期二,2026-05-26,8.0,112.078,234.3002,331.4456,345.0,349.8027,339.2315
2026-05-26 09:00:00,星期二,2026-05-26,9.0,361.615,277.2117,323.5231,395.0,349.7945,358.402
2026-05-26 10:00:00,星期二,2026-05-26,10.0,363.142,273.0852,303.4336,382.5,350.2149,350.3702
2026-05-26 11:00:00,星期二,2026-05-26,11.0,375.37,345.2268,354.3512,424.75,384.6887,394.106
2026-05-26 12:00:00,星期二,2026-05-26,12.0,384.594,366.582,336.643,425.0,389.8527,409.2363
2026-05-26 13:00:00,星期二,2026-05-26,13.0,366.192,318.9382,294.6431,412.0,346.3981,348.8241
2026-05-26 14:00:00,星期二,2026-05-26,14.0,378.807,320.0426,299.804,398.5,332.2499,337.1998
2026-05-26 15:00:00,星期二,2026-05-26,15.0,393.066,295.6169,321.1668,410.0,318.4568,322.4529
2026-05-26 16:00:00,星期二,2026-05-26,16.0,376.108,247.1537,319.6913,398.0,325.8071,332.5584
2026-05-26 17:00:00,星期二,2026-05-26,17.0,374.503,351.5451,399.0777,402.96,430.4827,433.246
2026-05-26 18:00:00,星期二,2026-05-26,18.0,362.777,365.4301,401.5499,404.25,439.5562,452.5086
2026-05-26 19:00:00,星期二,2026-05-26,19.0,366.891,375.8333,417.6683,417.5,441.0972,447.7725
2026-05-26 20:00:00,星期二,2026-05-26,20.0,386.257,408.3395,422.9442,420.0,449.7466,457.3465
2026-05-26 21:00:00,星期二,2026-05-26,21.0,392.798,420.5983,426.8861,424.0,459.8381,465.7437
2026-05-26 22:00:00,星期二,2026-05-26,22.0,393.246,426.4414,434.4287,431.0,463.4468,472.4281
2026-05-26 23:00:00,星期二,2026-05-26,23.0,402.773,428.7189,434.4386,430.5,465.072,474.7567
2026-05-27 00:00:00,星期二,2026-05-26,24.0,399.407,401.4561,438.5278,440.0,445.3211,459.0387
2026-05-27 01:00:00,星期三,2026-05-27,1.0,393.18,379.0902,400.7219,397.0,437.2349,464.3237
2026-05-27 02:00:00,星期三,2026-05-27,2.0,382.532,361.6775,387.8447,382.59,430.1433,453.6572
2026-05-27 03:00:00,星期三,2026-05-27,3.0,380.252,350.2641,385.5608,380.23,409.3383,438.5001
2026-05-27 04:00:00,星期三,2026-05-27,4.0,378.304,343.1197,383.0817,375.18,408.3939,434.4836
2026-05-27 05:00:00,星期三,2026-05-27,5.0,374.804,359.9227,384.27,372.52,427.8817,450.236
2026-05-27 06:00:00,星期三,2026-05-27,6.0,377.836,383.5567,387.7807,377.89,439.8766,463.7467
2026-05-27 07:00:00,星期三,2026-05-27,7.0,364.777,370.358,372.5398,365.1,418.9664,450.4678
2026-05-27 08:00:00,星期三,2026-05-27,8.0,354.406,364.9046,353.4985,350.625,403.1686,439.2205
2026-05-27 09:00:00,星期三,2026-05-27,9.0,377.547,364.6073,361.5638,364.5,375.9547,439.612
2026-05-27 10:00:00,星期三,2026-05-27,10.0,332.82,322.6611,320.0552,332.5,336.2361,396.4233
2026-05-27 11:00:00,星期三,2026-05-27,11.0,400.474,339.6133,334.8588,336.25,356.9223,408.482
2026-05-27 12:00:00,星期三,2026-05-27,12.0,277.823,320.592,310.8153,317.5,346.0764,393.8801
2026-05-27 13:00:00,星期三,2026-05-27,13.0,233.201,273.7596,277.339,310.085,302.5187,340.3975
2026-05-27 14:00:00,星期三,2026-05-27,14.0,407.411,274.5649,293.1563,317.0,287.7926,335.4366
2026-05-27 15:00:00,星期三,2026-05-27,15.0,371.777,279.9891,303.8476,322.5,286.9051,332.4753
2026-05-27 16:00:00,星期三,2026-05-27,16.0,375.126,312.9564,323.1677,325.0,316.0128,373.4903
2026-05-27 17:00:00,星期三,2026-05-27,17.0,399.759,442.64,403.2339,400.0,458.2201,464.0123
2026-05-27 18:00:00,星期三,2026-05-27,18.0,417.79,474.1599,447.7603,440.608,486.8522,522.8127
2026-05-27 19:00:00,星期三,2026-05-27,19.0,445.626,500.508,490.3657,489.5,504.9698,553.0259
2026-05-27 20:00:00,星期三,2026-05-27,20.0,447.577,536.3804,500.1156,503.45,515.7407,569.7622
2026-05-27 21:00:00,星期三,2026-05-27,21.0,450.994,521.245,502.6481,500.0,508.4382,560.1438
2026-05-27 22:00:00,星期三,2026-05-27,22.0,452.995,502.1008,490.2049,489.5,498.7081,544.8745
2026-05-27 23:00:00,星期三,2026-05-27,23.0,458.14,495.6023,483.4945,479.5,492.1738,533.3324
2026-05-28 00:00:00,星期三,2026-05-27,24.0,442.498,473.2455,470.7361,472.0,475.6158,507.225
2026-05-28 01:00:00,星期四,2026-05-28,1.0,711.107,416.8159,495.5368,500.0,431.5719,407.722
2026-05-28 02:00:00,星期四,2026-05-28,2.0,657.929,394.8293,491.0209,499.0,394.5608,386.0495
2026-05-28 03:00:00,星期四,2026-05-28,3.0,591.767,378.9458,475.348,481.5,382.593,366.1308
2026-05-28 04:00:00,星期四,2026-05-28,4.0,534.721,364.746,471.9004,480.5,374.8741,353.6222
2026-05-28 05:00:00,星期四,2026-05-28,5.0,496.421,367.6291,476.2666,482.5,378.0476,359.2006
2026-05-28 06:00:00,星期四,2026-05-28,6.0,342.134,344.8159,423.5887,429.25,348.673,330.2586
2026-05-28 07:00:00,星期四,2026-05-28,7.0,-80.0,168.1029,105.3376,101.875,193.676,199.1449
2026-05-28 08:00:00,星期四,2026-05-28,8.0,-80.0,19.5531,-61.9424,-61.0,20.1158,39.2599
2026-05-28 09:00:00,星期四,2026-05-28,9.0,-80.0,-68.6725,-56.8106,-60.0,-66.8149,-58.8706
2026-05-28 10:00:00,星期四,2026-05-28,10.0,-80.0,-85.2148,-86.8506,-75.0,-82.1957,-79.119
2026-05-28 11:00:00,星期四,2026-05-28,11.0,-80.0,-84.9856,-93.4213,-75.0,-86.6667,-80.0594
2026-05-28 12:00:00,星期四,2026-05-28,12.0,-80.0,-84.4265,-92.4962,-75.0,-85.4269,-79.6731
2026-05-28 13:00:00,星期四,2026-05-28,13.0,-80.0,-84.2407,-91.908,-75.0,-86.1181,-81.7084
2026-05-28 14:00:00,星期四,2026-05-28,14.0,-80.0,-84.4265,-86.0056,-75.0,-85.977,-81.6477
2026-05-28 15:00:00,星期四,2026-05-28,15.0,-80.0,-84.4265,-77.8089,-70.0,-76.474,-84.6338
2026-05-28 16:00:00,星期四,2026-05-28,16.0,-80.0,-38.8957,8.2776,-9.31,-52.0266,10.8506
2026-05-28 17:00:00,星期四,2026-05-28,17.0,-59.305,228.5784,197.6767,135.625,308.0855,243.3072
2026-05-28 18:00:00,星期四,2026-05-28,18.0,324.225,418.7875,462.5816,457.663,390.1004,360.3596
2026-05-28 19:00:00,星期四,2026-05-28,19.0,585.779,439.9156,551.0485,555.5,446.5528,442.4512
2026-05-28 20:00:00,星期四,2026-05-28,20.0,626.224,466.6043,594.7082,606.155,469.3344,481.121
2026-05-28 21:00:00,星期四,2026-05-28,21.0,653.714,475.4984,615.1342,630.55,473.3684,489.8611
2026-05-28 22:00:00,星期四,2026-05-28,22.0,726.106,474.6597,573.2547,581.0,473.4489,490.839
2026-05-28 23:00:00,星期四,2026-05-28,23.0,725.419,473.2524,612.3716,629.125,473.588,491.8076
2026-05-29 00:00:00,星期四,2026-05-28,24.0,719.91,459.4919,591.8988,610.0,459.8936,476.4637
2026-05-29 01:00:00,星期五,2026-05-29,1.0,676.858,460.7015,611.8439,635.0,460.7175,432.4393
2026-05-29 02:00:00,星期五,2026-05-29,2.0,644.4,437.3203,573.3449,597.0,445.7942,430.7827
2026-05-29 03:00:00,星期五,2026-05-29,3.0,590.07,421.5804,559.8018,583.0,444.3139,425.0059
2026-05-29 04:00:00,星期五,2026-05-29,4.0,583.821,411.6899,550.5579,576.5,436.2633,419.0744
2026-05-29 05:00:00,星期五,2026-05-29,5.0,603.005,423.5772,538.0185,566.75,451.8013,439.2504
2026-05-29 06:00:00,星期五,2026-05-29,6.0,536.716,396.1243,490.1345,507.5,433.4208,420.1963
2026-05-29 07:00:00,星期五,2026-05-29,7.0,326.478,201.5477,184.0698,200.75,265.065,280.8546
2026-05-29 08:00:00,星期五,2026-05-29,8.0,-9.834,-22.7408,-48.2173,-39.5,70.1271,99.0883
2026-05-29 09:00:00,星期五,2026-05-29,9.0,-80.0,-47.0077,-44.585,-74.625,-55.9044,-12.3695
2026-05-29 10:00:00,星期五,2026-05-29,10.0,-80.0,-80.0943,-81.1983,-75.0,-80.6706,-80.575
2026-05-29 11:00:00,星期五,2026-05-29,11.0,-80.0,-79.8961,-83.9464,-76.0,-79.543,-79.4278
2026-05-29 12:00:00,星期五,2026-05-29,12.0,-80.0,-79.1293,-83.7562,-75.5,-80.9124,-80.5732
2026-05-29 13:00:00,星期五,2026-05-29,13.0,-80.0,-79.495,-84.8776,-75.0,-84.1081,-79.8064
2026-05-29 14:00:00,星期五,2026-05-29,14.0,-80.0,-80.6893,-82.9808,-75.0,-83.3654,-80.1738
2026-05-29 15:00:00,星期五,2026-05-29,15.0,-80.0,-72.0365,-60.1941,-69.0,-69.6492,-53.9931
2026-05-29 16:00:00,星期五,2026-05-29,16.0,-80.0,-38.4459,17.8439,-40.0,-19.3135,57.6727
2026-05-29 17:00:00,星期五,2026-05-29,17.0,310.902,295.1428,274.0435,240.76,400.4195,394.1247
2026-05-29 18:00:00,星期五,2026-05-29,18.0,381.444,508.9978,486.735,497.235,482.3359,507.8341
2026-05-29 19:00:00,星期五,2026-05-29,19.0,438.771,532.266,564.0927,592.5,529.933,573.9844
2026-05-29 20:00:00,星期五,2026-05-29,20.0,510.443,546.1566,577.3592,609.0,539.0839,588.5965
2026-05-29 21:00:00,星期五,2026-05-29,21.0,519.438,542.6713,565.7769,601.0,519.6461,564.2875
2026-05-29 22:00:00,星期五,2026-05-29,22.0,523.037,523.343,552.75,580.58,504.1061,539.424
2026-05-29 23:00:00,星期五,2026-05-29,23.0,497.165,511.6085,548.4917,583.59,492.4309,518.8371
2026-05-30 00:00:00,星期五,2026-05-29,24.0,474.295,472.7956,518.9661,541.25,463.4699,481.0944
2026-05-30 01:00:00,星期六,2026-05-30,1.0,683.303,396.4952,579.5974,632.5,353.6371,318.5548
2026-05-30 02:00:00,星期六,2026-05-30,2.0,576.817,360.6708,551.1793,600.0,342.6372,321.5305
2026-05-30 03:00:00,星期六,2026-05-30,3.0,486.381,335.2475,516.4729,550.625,342.0487,317.6064
2026-05-30 04:00:00,星期六,2026-05-30,4.0,455.865,329.1127,513.0355,547.5,338.4809,319.9776
2026-05-30 05:00:00,星期六,2026-05-30,5.0,488.102,340.432,527.3068,560.0,356.7616,344.7764
2026-05-30 06:00:00,星期六,2026-05-30,6.0,262.848,317.3586,467.4996,499.0,345.4772,323.446
2026-05-30 07:00:00,星期六,2026-05-30,7.0,-80.0,90.8262,18.3819,0.0,118.4566,168.8058
2026-05-30 08:00:00,星期六,2026-05-30,8.0,-80.0,-62.6146,-74.8694,-72.355,-17.0638,-0.4117
2026-05-30 09:00:00,星期六,2026-05-30,9.0,-80.0,-82.8794,-90.7819,-77.0,-82.7433,-83.16
2026-05-30 10:00:00,星期六,2026-05-30,10.0,-80.0,-83.6242,-99.1243,-79.0,-79.6182,-81.3111
2026-05-30 11:00:00,星期六,2026-05-30,11.0,-80.0,-82.464,-99.9336,-79.0,-79.4095,-83.3862
2026-05-30 12:00:00,星期六,2026-05-30,12.0,-80.0,-81.1448,-99.381,-79.0,-79.9872,-82.1051
2026-05-30 13:00:00,星期六,2026-05-30,13.0,-80.0,-81.8255,-96.9506,-79.0,-81.6238,-82.4867
2026-05-30 14:00:00,星期六,2026-05-30,14.0,-80.0,-81.1244,-99.1602,-79.0,-81.6895,-82.7922
2026-05-30 15:00:00,星期六,2026-05-30,15.0,-80.0,-80.7013,-89.053,-77.0,-79.7024,-84.0728
2026-05-30 16:00:00,星期六,2026-05-30,16.0,-80.0,-60.7524,-50.874,-70.0,-58.9746,-39.9318
2026-05-30 17:00:00,星期六,2026-05-30,17.0,-80.0,265.9175,131.3465,60.0,222.1735,291.3403
2026-05-30 18:00:00,星期六,2026-05-30,18.0,392.322,409.5145,442.6101,447.763,378.2404,410.979
2026-05-30 19:00:00,星期六,2026-05-30,19.0,512.436,478.7233,526.1681,539.5,451.3943,466.2131
2026-05-30 20:00:00,星期六,2026-05-30,20.0,384.975,473.6668,548.4224,605.3,432.778,463.9514
2026-05-30 21:00:00,星期六,2026-05-30,21.0,350.294,470.0524,537.0633,595.475,408.8001,432.2193
2026-05-30 22:00:00,星期六,2026-05-30,22.0,330.456,418.6606,521.7001,580.0,380.9529,413.7034
2026-05-30 23:00:00,星期六,2026-05-30,23.0,365.531,404.859,514.6528,580.0,375.2505,405.4319
2026-05-31 00:00:00,星期六,2026-05-30,24.0,338.374,379.2149,481.5955,525.2,313.486,374.3566
2026-05-31 01:00:00,星期日,2026-05-31,1.0,309.93,231.4817,365.9025,400.0,229.0736,256.8368
2026-05-31 02:00:00,星期日,2026-05-31,2.0,50.771,138.0439,334.875,390.0,228.9449,255.0455
2026-05-31 03:00:00,星期日,2026-05-31,3.0,-4.226,135.7943,279.0787,335.5,218.523,240.9801
2026-05-31 04:00:00,星期日,2026-05-31,4.0,-46.856,104.3088,259.4994,299.0,218.3519,227.8522
2026-05-31 05:00:00,星期日,2026-05-31,5.0,-21.596,137.6447,241.116,295.0,243.5168,258.2088
2026-05-31 06:00:00,星期日,2026-05-31,6.0,-80.0,102.1287,236.5909,292.0,243.8248,233.93
2026-05-31 07:00:00,星期日,2026-05-31,7.0,-80.0,-18.6034,-75.2541,-66.0,26.8674,101.9573
2026-05-31 08:00:00,星期日,2026-05-31,8.0,-80.0,-75.7023,-92.156,-75.0,-65.0802,-47.0551
2026-05-31 09:00:00,星期日,2026-05-31,9.0,-80.0,-84.9,-89.0629,-75.0,-85.4537,-83.2489
2026-05-31 10:00:00,星期日,2026-05-31,10.0,-80.0,-84.8896,-101.4448,-76.0,-85.7876,-86.9587
2026-05-31 11:00:00,星期日,2026-05-31,11.0,-80.0,-84.0268,-97.5978,-78.0,-85.9494,-83.4808
2026-05-31 12:00:00,星期日,2026-05-31,12.0,-80.0,-83.8916,-93.9927,-78.0,-85.3355,-83.9827
2026-05-31 13:00:00,星期日,2026-05-31,13.0,-80.0,-83.8609,-96.8742,-75.0,-85.6758,-82.2155
2026-05-31 14:00:00,星期日,2026-05-31,14.0,-80.0,-83.8916,-93.5738,-75.0,-86.3203,-84.0838
2026-05-31 15:00:00,星期日,2026-05-31,15.0,-80.0,-82.8077,-94.025,-77.25,-84.4113,-89.4856
2026-05-31 16:00:00,星期日,2026-05-31,16.0,-80.0,-80.4192,-74.542,-70.0,-69.6517,-78.9661
2026-05-31 17:00:00,星期日,2026-05-31,17.0,-80.0,209.8215,62.246,17.18,182.5907,281.8202
2026-05-31 18:00:00,星期日,2026-05-31,18.0,23.993,320.5269,274.5031,237.5,312.9061,378.7899
2026-05-31 19:00:00,星期日,2026-05-31,19.0,429.74,400.4167,390.2436,400.0,404.0918,434.0363
2026-05-31 20:00:00,星期日,2026-05-31,20.0,357.769,435.5176,424.5437,422.0,424.6029,454.4973
2026-05-31 21:00:00,星期日,2026-05-31,21.0,358.227,396.3313,398.7924,413.565,384.4002,430.7907
2026-05-31 22:00:00,星期日,2026-05-31,22.0,442.937,394.6333,378.3927,400.0,344.5763,414.4334
2026-05-31 23:00:00,星期日,2026-05-31,23.0,364.417,370.543,379.5018,400.0,342.8325,401.1534
2026-06-01 00:00:00,星期日,2026-05-31,24.0,296.643,350.3563,375.5723,400.0,319.8492,374.6828
2026-06-01 01:00:00,星期一,2026-06-01,1.0,365.425,207.4603,333.3569,360.0,305.1268,364.2972
2026-06-01 02:00:00,星期一,2026-06-01,2.0,356.766,221.1088,320.4599,352.613,316.2267,367.0134
2026-06-01 03:00:00,星期一,2026-06-01,3.0,355.431,233.5352,325.6244,363.975,311.7957,357.1245
2026-06-01 04:00:00,星期一,2026-06-01,4.0,322.16,288.8179,344.1309,387.378,338.8212,369.7188
2026-06-01 05:00:00,星期一,2026-06-01,5.0,359.101,322.009,363.335,396.5,382.7928,408.6229
2026-06-01 06:00:00,星期一,2026-06-01,6.0,362.442,322.8754,332.362,376.25,390.0784,403.9557
2026-06-01 07:00:00,星期一,2026-06-01,7.0,34.998,157.0707,80.8741,100.0,213.8658,285.7923
2026-06-01 08:00:00,星期一,2026-06-01,8.0,-53.391,11.976,-60.0879,-70.0,68.987,158.4732
2026-06-01 09:00:00,星期一,2026-06-01,9.0,155.503,-47.9752,-39.0322,-70.0,-19.0176,90.4632
2026-06-01 10:00:00,星期一,2026-06-01,10.0,-74.006,-80.132,-81.7899,-75.0,-37.613,34.2958
2026-06-01 11:00:00,星期一,2026-06-01,11.0,-70.772,-81.4396,-85.9845,-75.0,-39.136,27.8483
2026-06-01 12:00:00,星期一,2026-06-01,12.0,-80.0,-81.1921,-85.624,-75.0,-44.0335,19.6491
2026-06-01 13:00:00,星期一,2026-06-01,13.0,-48.675,-81.1291,-85.5945,-75.0,-57.2747,-17.2381
2026-06-01 14:00:00,星期一,2026-06-01,14.0,-70.535,-80.8647,-90.7112,-75.0,-58.3137,-12.6809
2026-06-01 15:00:00,星期一,2026-06-01,15.0,-80.0,-65.3492,-65.8269,-75.0,-43.8678,22.5783
2026-06-01 16:00:00,星期一,2026-06-01,16.0,-80.0,-16.8986,11.7741,-49.34,19.5466,129.7073
2026-06-01 17:00:00,星期一,2026-06-01,17.0,195.515,280.296,316.6346,310.77,409.8425,372.2334
2026-06-01 18:00:00,星期一,2026-06-01,18.0,550.118,412.7,414.2251,398.5,470.3331,483.0897
2026-06-01 19:00:00,星期一,2026-06-01,19.0,562.554,483.9934,511.9942,514.873,500.3695,543.1595
2026-06-01 20:00:00,星期一,2026-06-01,20.0,547.537,489.2474,499.2262,505.875,505.0949,552.5779
2026-06-01 21:00:00,星期一,2026-06-01,21.0,608.046,464.7804,488.9139,501.375,483.0641,519.9668
2026-06-01 22:00:00,星期一,2026-06-01,22.0,613.371,438.6432,448.5241,446.875,472.2987,498.0773
2026-06-01 23:00:00,星期一,2026-06-01,23.0,514.696,414.797,428.5,431.5,464.2222,483.9169
2026-06-02 00:00:00,星期一,2026-06-01,24.0,424.837,356.7205,428.7637,411.5,438.4231,459.2021
2026-06-02 01:00:00,星期二,2026-06-02,1.0,404.257,316.6614,453.0535,475.25,297.4141,293.5591
2026-06-02 02:00:00,星期二,2026-06-02,2.0,354.302,271.8289,397.6194,400.0,312.6235,307.9955
2026-06-02 03:00:00,星期二,2026-06-02,3.0,341.615,261.0707,393.4421,400.0,319.7437,311.689
2026-06-02 04:00:00,星期二,2026-06-02,4.0,335.385,245.4227,404.1505,411.5,327.6027,326.994
2026-06-02 05:00:00,星期二,2026-06-02,5.0,369.238,289.4764,430.3437,433.67,356.4654,364.4709
2026-06-02 06:00:00,星期二,2026-06-02,6.0,272.422,270.9143,362.2012,367.5,336.5644,344.2451
2026-06-02 07:00:00,星期二,2026-06-02,7.0,-80.0,127.36,69.098,86.0,116.5294,185.6413
2026-06-02 08:00:00,星期二,2026-06-02,8.0,-80.0,26.1368,-31.0891,-29.0,1.8142,30.13
2026-06-02 09:00:00,星期二,2026-06-02,9.0,-80.0,-55.677,-43.7373,-70.0,-83.5718,-78.8553
2026-06-02 10:00:00,星期二,2026-06-02,10.0,-80.0,-84.9237,-87.3569,-74.988,-79.7119,-79.2591
2026-06-02 11:00:00,星期二,2026-06-02,11.0,-80.0,-84.285,-80.5779,-75.0,-79.7415,-80.2598
2026-06-02 12:00:00,星期二,2026-06-02,12.0,-66.698,-82.7107,-82.1817,-75.0,-78.257,-81.4691
2026-06-02 13:00:00,星期二,2026-06-02,13.0,-59.163,-83.3669,-82.148,-75.0,-78.6756,-80.7113
2026-06-02 14:00:00,星期二,2026-06-02,14.0,-56.988,-78.8183,-78.0832,-75.0,-79.1285,-80.0371
2026-06-02 15:00:00,星期二,2026-06-02,15.0,-75.992,-56.7298,-40.8988,-70.0,-64.338,-49.3808
2026-06-02 16:00:00,星期二,2026-06-02,16.0,64.24,-1.1707,59.2286,-30.0,13.3081,57.7453
2026-06-02 17:00:00,星期二,2026-06-02,17.0,463.308,259.4654,340.456,312.175,355.3536,285.6531
2026-06-02 18:00:00,星期二,2026-06-02,18.0,636.413,398.8329,470.8536,455.7,421.2138,401.365
2026-06-02 19:00:00,星期二,2026-06-02,19.0,594.886,447.6454,549.3603,546.81,459.4445,466.717
2026-06-02 20:00:00,星期二,2026-06-02,20.0,510.564,455.2457,550.1287,546.75,471.6831,486.3495
2026-06-02 21:00:00,星期二,2026-06-02,21.0,521.208,443.6129,544.6982,551.5,462.6411,479.2705
2026-06-02 22:00:00,星期二,2026-06-02,22.0,521.952,434.7017,534.3469,545.75,460.2947,472.8388
2026-06-02 23:00:00,星期二,2026-06-02,23.0,493.448,432.3158,513.1008,521.0,455.7233,464.6444
2026-06-03 00:00:00,星期二,2026-06-02,24.0,615.833,405.9114,487.4256,500.0,433.9097,442.3062
2026-06-03 01:00:00,星期三,2026-06-03,1.0,516.964,404.5131,488.6094,494.0,444.7176,442.1449
2026-06-03 02:00:00,星期三,2026-06-03,2.0,471.11,389.5541,446.6259,447.0,427.7981,434.0435
2026-06-03 03:00:00,星期三,2026-06-03,3.0,429.557,371.6642,435.9965,440.0,408.4788,419.5609
2026-06-03 04:00:00,星期三,2026-06-03,4.0,434.58,359.9043,435.659,445.5,396.3171,414.0778
2026-06-03 05:00:00,星期三,2026-06-03,5.0,481.472,372.051,417.3459,412.5,424.4834,434.3057
2026-06-03 06:00:00,星期三,2026-06-03,6.0,478.715,349.9083,402.7159,413.2,393.5547,415.9068
2026-06-03 07:00:00,星期三,2026-06-03,7.0,317.513,273.4164,256.2792,274.313,264.3831,314.5492
2026-06-03 08:00:00,星期三,2026-06-03,8.0,389.433,184.8606,221.1944,232.64,215.4923,242.9245
2026-06-03 09:00:00,星期三,2026-06-03,9.0,465.032,138.9264,233.8899,276.0,118.0574,139.9084
2026-06-03 10:00:00,星期三,2026-06-03,10.0,482.101,41.2735,83.5898,95.5,70.6217,119.6213
2026-06-03 11:00:00,星期三,2026-06-03,11.0,488.563,24.9283,22.6029,4.5,27.7708,117.6979
2026-06-03 12:00:00,星期三,2026-06-03,12.0,477.629,8.7384,10.1485,30.5,15.0569,88.1219
2026-06-03 13:00:00,星期三,2026-06-03,13.0,388.951,-41.6795,-19.5475,8.5,-31.7745,42.7815
2026-06-03 14:00:00,星期三,2026-06-03,14.0,202.338,-18.4748,30.8814,6.56,-19.0661,60.1529
2026-06-03 15:00:00,星期三,2026-06-03,15.0,119.573,55.3515,110.8995,83.25,44.4689,123.3353
2026-06-03 16:00:00,星期三,2026-06-03,16.0,42.106,195.6144,290.8878,300.0,188.9088,239.2845
2026-06-03 17:00:00,星期三,2026-06-03,17.0,497.462,357.5873,402.0718,402.5,435.9172,422.7869
2026-06-03 18:00:00,星期三,2026-06-03,18.0,572.353,421.6081,498.8511,502.0,474.0489,500.3916
2026-06-03 19:00:00,星期三,2026-06-03,19.0,536.775,463.3161,522.6648,524.0,497.31,539.1834
2026-06-03 20:00:00,星期三,2026-06-03,20.0,531.978,474.6667,515.4614,520.0,500.7831,547.9794
2026-06-03 21:00:00,星期三,2026-06-03,21.0,539.882,472.829,516.3122,527.0,499.9549,549.4556
2026-06-03 22:00:00,星期三,2026-06-03,22.0,519.857,469.4913,526.7451,545.995,499.7642,547.367
2026-06-03 23:00:00,星期三,2026-06-03,23.0,421.655,467.2541,522.5358,540.5,493.8979,535.5739
2026-06-04 00:00:00,星期三,2026-06-03,24.0,414.112,478.9587,516.0358,540.5,500.2281,538.9883
2026-06-04 01:00:00,星期四,2026-06-04,1.0,590.569,458.0777,517.8654,525.0,449.5697,480.5398
2026-06-04 02:00:00,星期四,2026-06-04,2.0,491.713,441.6381,501.13,502.5,453.7702,471.3459
2026-06-04 03:00:00,星期四,2026-06-04,3.0,629.895,429.5958,458.9151,457.5,444.4351,452.9576
2026-06-04 04:00:00,星期四,2026-06-04,4.0,490.96,419.8026,451.0121,450.0,435.0972,449.0243
2026-06-04 05:00:00,星期四,2026-06-04,5.0,618.688,425.1159,419.0089,412.299,430.3537,454.6417
2026-06-04 06:00:00,星期四,2026-06-04,6.0,575.907,365.5335,429.6945,430.75,407.0275,428.904
2026-06-04 07:00:00,星期四,2026-06-04,7.0,378.624,202.3046,307.0876,329.61,229.8384,312.2231
2026-06-04 08:00:00,星期四,2026-06-04,8.0,429.017,136.4887,226.4731,255.5,139.2485,218.5024
2026-06-04 09:00:00,星期四,2026-06-04,9.0,626.057,11.1224,106.3218,136.0,37.0661,134.0126
2026-06-04 10:00:00,星期四,2026-06-04,10.0,441.169,-31.419,-28.4736,0.0,-27.3205,49.5132
2026-06-04 11:00:00,星期四,2026-06-04,11.0,329.402,-51.7923,-62.5062,-67.948,-43.9501,-0.2847
2026-06-04 12:00:00,星期四,2026-06-04,12.0,-80.0,-68.9921,-76.6249,-44.5,-59.6162,-33.0808
2026-06-04 13:00:00,星期四,2026-06-04,13.0,-80.0,-75.0587,-84.3336,-45.875,-75.9595,-75.0212
2026-06-04 14:00:00,星期四,2026-06-04,14.0,-80.0,-73.4124,-77.0797,-60.625,-74.0327,-74.9099
2026-06-04 15:00:00,星期四,2026-06-04,15.0,-80.0,-51.9484,-67.9462,-69.5,-58.0502,-29.9164
2026-06-04 16:00:00,星期四,2026-06-04,16.0,-80.0,-22.0033,3.7933,-29.95,-19.9088,92.7938
2026-06-04 17:00:00,星期四,2026-06-04,17.0,147.833,338.0598,243.0686,260.5,384.5665,328.6641
2026-06-04 18:00:00,星期四,2026-06-04,18.0,613.905,443.2099,496.9862,520.25,452.6783,455.4871
2026-06-04 19:00:00,星期四,2026-06-04,19.0,806.969,501.8234,537.4206,546.0,494.3719,529.0122
2026-06-04 20:00:00,星期四,2026-06-04,20.0,707.876,532.2819,552.5868,564.5,511.5673,560.9399
2026-06-04 21:00:00,星期四,2026-06-04,21.0,658.026,532.635,527.1318,566.875,513.6902,568.9045
2026-06-04 22:00:00,星期四,2026-06-04,22.0,461.831,540.8574,538.0089,577.5,515.2614,568.3913
2026-06-04 23:00:00,星期四,2026-06-04,23.0,407.503,524.0207,532.8438,580.75,507.5148,554.6356
2026-06-05 00:00:00,星期四,2026-06-04,24.0,620.44,517.2721,535.867,582.5,499.585,541.0998
2026-06-05 01:00:00,星期五,2026-06-05,1.0,728.717,531.934,595.8257,622.5,539.644,575.9539
2026-06-05 02:00:00,星期五,2026-06-05,2.0,642.313,509.6699,558.2742,595.688,522.8707,554.1522
2026-06-05 03:00:00,星期五,2026-06-05,3.0,611.88,495.1777,560.4457,580.5,498.2904,527.9388
2026-06-05 04:00:00,星期五,2026-06-05,4.0,534.406,485.7042,544.1021,569.5,478.6482,519.7263
2026-06-05 05:00:00,星期五,2026-06-05,5.0,575.279,500.3446,556.2314,573.5,484.8798,533.6939
2026-06-05 06:00:00,星期五,2026-06-05,6.0,510.598,468.7471,535.2519,546.375,463.7631,496.601
2026-06-05 07:00:00,星期五,2026-06-05,7.0,220.469,245.8798,303.0484,335.75,309.6724,346.0089
2026-06-05 08:00:00,星期五,2026-06-05,8.0,593.325,40.9498,42.8288,85.0,128.7071,195.4481
2026-06-05 09:00:00,星期五,2026-06-05,9.0,528.983,-44.4759,-32.8644,-23.25,-52.4225,-19.8779
2026-06-05 10:00:00,星期五,2026-06-05,10.0,387.179,-62.5563,-65.9888,-58.25,-71.5256,-68.2358
2026-06-05 11:00:00,星期五,2026-06-05,11.0,339.317,-67.771,-66.9885,-61.5,-75.6935,-72.2235
2026-06-05 12:00:00,星期五,2026-06-05,12.0,176.983,-81.9688,-85.0922,-67.71,-74.2595,-76.0058
2026-06-05 13:00:00,星期五,2026-06-05,13.0,-80.0,-82.0532,-78.4365,-61.0,-79.2477,-79.0401
2026-06-05 14:00:00,星期五,2026-06-05,14.0,-80.0,-79.6301,-79.7035,-67.225,-80.0942,-78.2213
2026-06-05 15:00:00,星期五,2026-06-05,15.0,-58.766,-46.1538,-46.0048,-61.0,-58.9553,-29.1875
2026-06-05 16:00:00,星期五,2026-06-05,16.0,504.02,36.9308,20.7272,-29.625,49.8535,97.097
2026-06-05 17:00:00,星期五,2026-06-05,17.0,526.577,366.1976,344.6816,356.04,349.4382,391.8715
2026-06-05 18:00:00,星期五,2026-06-05,18.0,641.0,501.7871,510.6015,538.35,475.1548,513.5449
2026-06-05 19:00:00,星期五,2026-06-05,19.0,559.647,572.697,552.307,565.0,535.7207,568.4936
2026-06-05 20:00:00,星期五,2026-06-05,20.0,550.782,592.0494,544.009,570.0,551.0691,586.7807
2026-06-05 21:00:00,星期五,2026-06-05,21.0,544.16,583.5495,550.7283,565.0,550.6864,585.9638
2026-06-05 22:00:00,星期五,2026-06-05,22.0,535.078,562.1801,539.7242,577.5,547.4174,572.511
2026-06-05 23:00:00,星期五,2026-06-05,23.0,546.457,538.5647,529.7346,550.0,528.5933,552.9075
2026-06-06 00:00:00,星期五,2026-06-05,24.0,660.329,552.4795,536.2786,550.0,525.9867,549.8036
2026-06-06 01:00:00,星期六,2026-06-06,1.0,453.545,451.2766,397.6286,410.0,396.2784,406.2201
2026-06-06 02:00:00,星期六,2026-06-06,2.0,415.271,431.4332,398.2401,399.5,415.0264,405.6716
2026-06-06 03:00:00,星期六,2026-06-06,3.0,404.75,393.9801,399.3902,399.0,417.9652,406.4823
2026-06-06 04:00:00,星期六,2026-06-06,4.0,410.307,381.9866,387.2165,389.5,395.1585,404.2495
2026-06-06 05:00:00,星期六,2026-06-06,5.0,406.147,413.6865,401.0774,399.5,448.6692,428.8495
2026-06-06 06:00:00,星期六,2026-06-06,6.0,401.272,403.1225,393.4335,399.5,426.6919,424.933
2026-06-06 07:00:00,星期六,2026-06-06,7.0,403.41,294.0085,349.0727,372.5,340.3288,386.5194
2026-06-06 08:00:00,星期六,2026-06-06,8.0,523.909,325.8504,391.0335,400.0,330.0056,396.0216
2026-06-06 09:00:00,星期六,2026-06-06,9.0,610.56,336.756,388.2862,420.0,302.3828,269.7829
2026-06-06 10:00:00,星期六,2026-06-06,10.0,662.967,327.2533,394.6548,430.22,328.246,306.6059
2026-06-06 11:00:00,星期六,2026-06-06,11.0,551.464,331.4564,401.8248,420.0,370.8522,362.3155
2026-06-06 12:00:00,星期六,2026-06-06,12.0,431.376,343.2436,389.3673,415.0,375.387,371.8018
2026-06-06 13:00:00,星期六,2026-06-06,13.0,27.266,280.4793,341.3354,395.0,298.5531,316.2963
2026-06-06 14:00:00,星期六,2026-06-06,14.0,345.015,304.174,362.532,400.0,299.9119,312.4666
2026-06-06 15:00:00,星期六,2026-06-06,15.0,345.259,312.4282,378.9979,407.5,323.1836,333.1611
2026-06-06 16:00:00,星期六,2026-06-06,16.0,369.377,353.1846,395.6697,420.1,342.9083,357.0609
2026-06-06 17:00:00,星期六,2026-06-06,17.0,339.255,425.1998,391.719,407.5,436.9398,448.1335
2026-06-06 18:00:00,星期六,2026-06-06,18.0,339.494,463.1795,396.9449,401.125,464.4597,467.418
2026-06-06 19:00:00,星期六,2026-06-06,19.0,317.718,463.2074,410.8859,418.875,459.5128,458.995
2026-06-06 20:00:00,星期六,2026-06-06,20.0,394.174,473.9336,425.7148,440.0,469.9253,467.3045
2026-06-06 21:00:00,星期六,2026-06-06,21.0,407.275,484.3317,434.1559,450.0,484.3746,482.6171
2026-06-06 22:00:00,星期六,2026-06-06,22.0,403.961,473.552,429.0705,444.875,480.3899,490.5931
2026-06-06 23:00:00,星期六,2026-06-06,23.0,388.058,468.5924,418.6725,437.75,481.6072,490.0847
2026-06-07 00:00:00,星期六,2026-06-06,24.0,391.829,480.729,426.6912,438.5,486.6642,491.2315
2026-06-07 01:00:00,星期日,2026-06-07,1.0,504.699,438.3048,540.3038,558.5,443.0092,448.6518
2026-06-07 02:00:00,星期日,2026-06-07,2.0,450.695,400.9972,507.3534,522.5,434.6957,433.0627
2026-06-07 03:00:00,星期日,2026-06-07,3.0,409.898,377.8756,502.4537,522.0,423.2832,414.8639
2026-06-07 04:00:00,星期日,2026-06-07,4.0,391.717,368.4324,476.0871,491.5,397.9347,405.0344
2026-06-07 05:00:00,星期日,2026-06-07,5.0,422.348,374.8831,487.0866,502.5,428.085,420.1612
2026-06-07 06:00:00,星期日,2026-06-07,6.0,409.033,340.1615,457.7346,477.5,406.4643,397.5503
2026-06-07 07:00:00,星期日,2026-06-07,7.0,-14.36,216.1288,318.4864,374.5,294.4444,297.6735
2026-06-07 08:00:00,星期日,2026-06-07,8.0,146.327,134.935,283.7442,344.0,228.2023,217.1424
2026-06-07 09:00:00,星期日,2026-06-07,9.0,-25.442,62.4295,127.4135,150.0,123.3397,141.8949
2026-06-07 10:00:00,星期日,2026-06-07,10.0,-80.0,-6.9348,40.9939,72.42,5.9684,79.107
2026-06-07 11:00:00,星期日,2026-06-07,11.0,-80.0,-19.0242,-24.1894,-30.0,-21.7061,43.86
2026-06-07 12:00:00,星期日,2026-06-07,12.0,-80.0,-44.8578,-52.5074,-30.0,-43.7208,3.7929
2026-06-07 13:00:00,星期日,2026-06-07,13.0,-80.0,-61.309,-76.6501,-30.0,-55.5863,-24.4041
2026-06-07 14:00:00,星期日,2026-06-07,14.0,-75.965,-47.6158,-52.5563,-30.0,-53.4125,-27.8427
2026-06-07 15:00:00,星期日,2026-06-07,15.0,-71.22,-21.1341,51.5995,86.5,-34.3738,16.219
2026-06-07 16:00:00,星期日,2026-06-07,16.0,-77.837,39.1017,163.8523,153.875,42.7491,100.6252
2026-06-07 17:00:00,星期日,2026-06-07,17.0,-14.331,291.2128,367.4504,400.0,242.6201,283.211
2026-06-07 18:00:00,星期日,2026-06-07,18.0,532.432,430.9956,505.9239,567.625,398.8373,406.3849
2026-06-07 19:00:00,星期日,2026-06-07,19.0,610.594,492.9424,571.6805,605.411,477.4266,477.574
2026-06-07 20:00:00,星期日,2026-06-07,20.0,610.459,517.6926,574.9562,622.963,495.5066,518.772
2026-06-07 21:00:00,星期日,2026-06-07,21.0,605.416,526.5453,573.7617,626.5,505.7381,535.7278
2026-06-07 22:00:00,星期日,2026-06-07,22.0,598.833,531.9295,536.3783,565.878,506.4746,534.8237
2026-06-07 23:00:00,星期日,2026-06-07,23.0,607.958,510.0816,568.7755,602.5,498.3762,527.4454
2026-06-08 00:00:00,星期日,2026-06-07,24.0,629.224,505.7474,585.2225,620.0,495.9494,524.1038
2026-06-08 01:00:00,星期一,2026-06-08,1.0,653.026,473.1185,580.4072,620.68,533.5958,621.5141
2026-06-08 02:00:00,星期一,2026-06-08,2.0,617.422,447.4832,542.8368,564.625,509.6826,590.6218
2026-06-08 03:00:00,星期一,2026-06-08,3.0,604.53,428.9335,534.4685,561.0,484.7959,555.9976
2026-06-08 04:00:00,星期一,2026-06-08,4.0,598.25,414.9139,507.0894,522.0,470.8553,540.5331
2026-06-08 05:00:00,星期一,2026-06-08,5.0,602.269,428.214,524.225,545.938,489.2802,548.8164
2026-06-08 06:00:00,星期一,2026-06-08,6.0,534.411,401.2545,509.4336,528.5,447.9341,516.1861
2026-06-08 07:00:00,星期一,2026-06-08,7.0,365.882,166.9395,287.084,330.625,257.7467,365.5782
2026-06-08 08:00:00,星期一,2026-06-08,8.0,286.532,40.0032,65.6632,89.0,111.576,225.3769
2026-06-08 09:00:00,星期一,2026-06-08,9.0,3.82,-30.7505,-10.3274,0.0,-15.3663,56.0374
2026-06-08 10:00:00,星期一,2026-06-08,10.0,-80.0,-72.4236,-53.39,-20.0,-60.5485,-32.0054
2026-06-08 11:00:00,星期一,2026-06-08,11.0,-80.0,-80.6011,-77.3258,-55.5,-75.706,-67.0921
2026-06-08 12:00:00,星期一,2026-06-08,12.0,-80.0,-86.0165,-81.5419,-67.97,-80.7335,-79.9378
2026-06-08 13:00:00,星期一,2026-06-08,13.0,-80.0,-85.0214,-82.6624,-67.5,-81.6103,-76.9299
2026-06-08 14:00:00,星期一,2026-06-08,14.0,-61.962,-85.7611,-75.4665,-58.0,-82.2606,-76.1793
2026-06-08 15:00:00,星期一,2026-06-08,15.0,-80.0,-63.3415,-49.154,-59.5,-69.6733,-44.0553
2026-06-08 16:00:00,星期一,2026-06-08,16.0,-80.0,-18.4122,43.0431,-23.0,3.8226,69.1959
2026-06-08 17:00:00,星期一,2026-06-08,17.0,42.516,250.9361,251.9351,207.48,290.3265,357.8058
2026-06-08 18:00:00,星期一,2026-06-08,18.0,416.322,453.7765,447.9817,453.5,420.5872,458.4246
2026-06-08 19:00:00,星期一,2026-06-08,19.0,380.919,444.1363,507.3884,516.5,494.8982,499.4708
2026-06-08 20:00:00,星期一,2026-06-08,20.0,356.748,435.8345,515.5492,539.625,494.9472,498.6293
2026-06-08 21:00:00,星期一,2026-06-08,21.0,361.484,436.7436,481.2261,494.375,457.2376,475.1647
2026-06-08 22:00:00,星期一,2026-06-08,22.0,360.372,438.1297,413.4481,414.952,411.9446,446.2893
2026-06-08 23:00:00,星期一,2026-06-08,23.0,441.182,388.7323,392.4231,400.0,394.7218,415.2359
2026-06-09 00:00:00,星期一,2026-06-08,24.0,554.691,354.3015,398.7207,400.0,387.6771,408.7245
2026-06-09 01:00:00,星期二,2026-06-09,1.0,591.5,275.9026,415.6601,460.5,300.7315,283.9107
2026-06-09 02:00:00,星期二,2026-06-09,2.0,553.321,249.456,380.8489,415.87,311.6505,289.351
2026-06-09 03:00:00,星期二,2026-06-09,3.0,476.478,236.5828,362.3539,390.0,313.9142,298.6451
2026-06-09 04:00:00,星期二,2026-06-09,4.0,485.233,260.8924,368.216,382.5,331.2511,323.0013
2026-06-09 05:00:00,星期二,2026-06-09,5.0,503.697,305.4315,430.0094,451.0,366.4793,374.7701
2026-06-09 06:00:00,星期二,2026-06-09,6.0,545.959,284.5892,435.5013,465.5,375.0151,376.439
2026-06-09 07:00:00,星期二,2026-06-09,7.0,257.315,136.1965,144.6984,155.013,211.873,271.496
2026-06-09 08:00:00,星期二,2026-06-09,8.0,487.812,19.7408,61.0674,81.575,61.6496,158.1939
2026-06-09 09:00:00,星期二,2026-06-09,9.0,693.203,-59.3312,-56.8523,-50.0,-67.7506,-49.8516
2026-06-09 10:00:00,星期二,2026-06-09,10.0,607.347,-86.6667,-76.5338,-58.375,-81.778,-75.5526
2026-06-09 11:00:00,星期二,2026-06-09,11.0,854.199,-85.0411,-81.1781,-75.0,-85.7469,-73.7719
2026-06-09 12:00:00,星期二,2026-06-09,12.0,471.302,-84.1937,-81.2433,-74.135,-86.5453,-75.4276
2026-06-09 13:00:00,星期二,2026-06-09,13.0,199.803,-86.6667,-86.3144,-72.97,-86.6667,-74.1973
2026-06-09 14:00:00,星期二,2026-06-09,14.0,436.582,-83.9608,-75.5353,-60.0,-86.041,-74.2158
2026-06-09 15:00:00,星期二,2026-06-09,15.0,296.094,-81.2643,-50.9732,10.0,-83.1132,-80.4087
2026-06-09 16:00:00,星期二,2026-06-09,16.0,380.763,-23.0253,33.2469,10.0,-30.9293,21.7071
2026-06-09 17:00:00,星期二,2026-06-09,17.0,414.096,324.1279,326.0674,297.33,254.8043,301.1642
2026-06-09 18:00:00,星期二,2026-06-09,18.0,643.319,468.302,492.2633,533.15,426.356,429.4011
2026-06-09 19:00:00,星期二,2026-06-09,19.0,717.189,530.0431,559.7293,599.0,530.15,513.1258
2026-06-09 20:00:00,星期二,2026-06-09,20.0,702.837,552.905,567.2203,605.125,556.1366,553.0447
2026-06-09 21:00:00,星期二,2026-06-09,21.0,685.563,549.9021,539.2832,598.0,546.4704,560.0979
2026-06-09 22:00:00,星期二,2026-06-09,22.0,685.237,537.3004,547.5227,582.25,527.6773,550.7583
2026-06-09 23:00:00,星期二,2026-06-09,23.0,654.943,519.1207,555.4741,600.0,502.1954,532.1006
2026-06-10 00:00:00,星期二,2026-06-09,24.0,677.948,524.7356,554.2203,598.0,516.3192,536.1694
2026-06-10 01:00:00,星期三,2026-06-10,1.0,731.144,491.9559,612.6067,617.5,504.2059,525.6279
2026-06-10 02:00:00,星期三,2026-06-10,2.0,712.19,477.1706,597.4849,600.5,499.1127,525.6353
2026-06-10 03:00:00,星期三,2026-06-10,3.0,712.828,458.2529,591.7242,600.0,478.6897,510.8046
2026-06-10 04:00:00,星期三,2026-06-10,4.0,715.502,455.8348,591.0894,600.0,467.616,501.6149
2026-06-10 05:00:00,星期三,2026-06-10,5.0,723.078,460.5025,584.8692,600.0,494.7518,522.5353
2026-06-10 06:00:00,星期三,2026-06-10,6.0,648.129,428.5507,534.0927,545.0,477.6149,485.755
2026-06-10 07:00:00,星期三,2026-06-10,7.0,406.956,253.1028,299.8226,317.5,262.4411,327.1344
2026-06-10 08:00:00,星期三,2026-06-10,8.0,366.687,101.9316,192.1223,267.65,100.4762,182.8671
2026-06-10 09:00:00,星期三,2026-06-10,9.0,334.434,-5.963,69.9379,173.5,-42.2927,8.6791
2026-06-10 10:00:00,星期三,2026-06-10,10.0,-80.0,-56.8104,-70.3206,29.5,-70.5908,-52.3256
2026-06-10 11:00:00,星期三,2026-06-10,11.0,-80.0,-86.6667,-51.2034,60.0,-79.8424,-73.9553
2026-06-10 12:00:00,星期三,2026-06-10,12.0,-80.0,-86.6667,-64.7811,50.0,-82.1381,-78.234
2026-06-10 13:00:00,星期三,2026-06-10,13.0,-69.438,-86.6667,-78.6362,20.0,-82.4738,-77.4203
2026-06-10 14:00:00,星期三,2026-06-10,14.0,-80.0,-69.0201,-70.3654,20.0,-82.4049,-78.4259
2026-06-10 15:00:00,星期三,2026-06-10,15.0,-80.0,-51.5609,-11.9079,77.063,-65.7129,-44.1524
2026-06-10 16:00:00,星期三,2026-06-10,16.0,216.336,10.7179,53.7133,94.5,3.9952,68.3569
2026-06-10 17:00:00,星期三,2026-06-10,17.0,397.907,314.2176,340.549,348.5,293.2303,367.6927
2026-06-10 18:00:00,星期三,2026-06-10,18.0,693.831,453.9177,528.9386,588.75,455.9758,488.1276
2026-06-10 19:00:00,星期三,2026-06-10,19.0,769.264,493.3601,581.3471,631.527,548.7803,549.7147
2026-06-10 20:00:00,星期三,2026-06-10,20.0,731.567,513.0194,569.3602,628.125,572.4937,585.1925
2026-06-10 21:00:00,星期三,2026-06-10,21.0,721.966,517.0353,558.4054,616.5,569.5432,587.6801
2026-06-10 22:00:00,星期三,2026-06-10,22.0,710.905,517.585,554.8268,611.5,566.9135,583.5817
2026-06-10 23:00:00,星期三,2026-06-10,23.0,699.009,493.3777,553.6215,612.5,557.1617,572.2152
2026-06-11 00:00:00,星期三,2026-06-10,24.0,704.704,496.0473,569.0975,621.02,565.2647,574.915
2026-06-11 01:00:00,星期四,2026-06-11,1.0,747.01,523.0489,650.9623,668.75,539.1837,581.1124
2026-06-11 02:00:00,星期四,2026-06-11,2.0,701.172,496.2871,637.6913,656.0,521.2354,557.0574
2026-06-11 03:00:00,星期四,2026-06-11,3.0,651.211,487.4506,616.406,636.5,497.12,524.002
2026-06-11 04:00:00,星期四,2026-06-11,4.0,594.341,468.5467,611.1324,630.5,483.3946,512.5385
2026-06-11 05:00:00,星期四,2026-06-11,5.0,632.807,485.1729,622.2703,643.0,494.9998,521.6646
2026-06-11 06:00:00,星期四,2026-06-11,6.0,606.609,450.5347,590.8571,621.75,455.6465,488.509
2026-06-11 07:00:00,星期四,2026-06-11,7.0,316.35,279.831,374.9275,408.25,259.9771,329.9469
2026-06-11 08:00:00,星期四,2026-06-11,8.0,234.528,117.42,217.3333,273.95,77.9128,191.3344
2026-06-11 09:00:00,星期四,2026-06-11,9.0,19.99,-10.3238,32.157,84.35,-33.9537,24.8319
2026-06-11 10:00:00,星期四,2026-06-11,10.0,-80.0,-58.0151,-53.7987,10.0,-64.9124,-29.6939
2026-06-11 11:00:00,星期四,2026-06-11,11.0,-80.0,-66.4639,-69.3036,-9.0,-67.711,-33.7358
2026-06-11 12:00:00,星期四,2026-06-11,12.0,-80.0,-75.7587,-82.8874,-30.0,-68.6908,-43.545
2026-06-11 13:00:00,星期四,2026-06-11,13.0,-80.0,-84.2314,-87.0757,-30.0,-81.3425,-71.7886
2026-06-11 14:00:00,星期四,2026-06-11,14.0,-80.0,-82.5079,-74.1872,-30.0,-81.1774,-67.3957
2026-06-11 15:00:00,星期四,2026-06-11,15.0,-80.0,-48.9844,-32.0557,-10.0,-59.7249,-28.2847
2026-06-11 16:00:00,星期四,2026-06-11,16.0,-80.0,24.9821,106.9276,97.25,-5.8962,64.5187
2026-06-11 17:00:00,星期四,2026-06-11,17.0,265.128,306.6899,346.1445,322.075,347.1643,351.3438
2026-06-11 18:00:00,星期四,2026-06-11,18.0,596.861,485.8088,563.3257,627.952,473.451,488.1473
2026-06-11 19:00:00,星期四,2026-06-11,19.0,721.029,523.3771,597.4714,663.15,551.3292,563.5478
2026-06-11 20:00:00,星期四,2026-06-11,20.0,706.791,535.6446,600.1952,673.44,573.1102,594.4305
2026-06-11 21:00:00,星期四,2026-06-11,21.0,710.16,540.125,591.4042,669.25,573.275,592.9294
2026-06-11 22:00:00,星期四,2026-06-11,22.0,699.701,525.1648,601.9536,680.37,570.6412,586.1426
2026-06-11 23:00:00,星期四,2026-06-11,23.0,677.582,516.2988,591.0961,654.225,553.9306,560.5133
2026-06-12 00:00:00,星期四,2026-06-11,24.0,667.608,534.8866,586.8098,650.8,552.2131,547.336
2026-06-12 01:00:00,星期五,2026-06-12,1.0,364.904,511.0787,460.089,430.5,534.5484,593.8697
2026-06-12 02:00:00,星期五,2026-06-12,2.0,354.124,473.854,426.7765,400.0,510.0415,563.6718
2026-06-12 03:00:00,星期五,2026-06-12,3.0,352.51,448.6094,417.9095,395.175,487.8528,526.0512
2026-06-12 04:00:00,星期五,2026-06-12,4.0,348.889,438.9039,403.9527,382.25,467.6732,511.4677
2026-06-12 05:00:00,星期五,2026-06-12,5.0,354.262,448.3026,409.402,386.0,482.7121,520.2187
2026-06-12 06:00:00,星期五,2026-06-12,6.0,347.303,420.6822,398.5755,380.0,446.2077,486.0779
2026-06-12 07:00:00,星期五,2026-06-12,7.0,45.642,216.8061,313.8374,348.15,303.4474,340.9463
2026-06-12 08:00:00,星期五,2026-06-12,8.0,-61.869,173.4879,256.9282,299.75,150.1692,233.4244
2026-06-12 09:00:00,星期五,2026-06-12,9.0,116.335,69.0655,186.7476,234.11,73.3801,160.1315
2026-06-12 10:00:00,星期五,2026-06-12,10.0,125.484,-8.6131,70.8899,101.678,27.6542,125.7648
2026-06-12 11:00:00,星期五,2026-06-12,11.0,87.227,18.0061,69.1101,104.5,-0.9255,125.0899
2026-06-12 12:00:00,星期五,2026-06-12,12.0,61.114,-9.1438,13.5711,62.0,2.9707,106.699
2026-06-12 13:00:00,星期五,2026-06-12,13.0,-17.492,-50.2329,-33.1713,29.5,-19.9254,64.9444
2026-06-12 14:00:00,星期五,2026-06-12,14.0,337.286,-28.4314,-4.278,29.5,-15.9799,71.1147
2026-06-12 15:00:00,星期五,2026-06-12,15.0,313.25,31.1566,119.6789,122.0,18.8945,104.0892
2026-06-12 16:00:00,星期五,2026-06-12,16.0,337.636,142.885,270.2659,293.58,150.3935,212.0933
2026-06-12 17:00:00,星期五,2026-06-12,17.0,342.176,372.6693,300.4679,279.463,433.8725,448.0147
2026-06-12 18:00:00,星期五,2026-06-12,18.0,350.251,503.1413,403.0424,388.628,504.576,519.466
2026-06-12 19:00:00,星期五,2026-06-12,19.0,350.112,511.029,416.4975,400.0,519.9258,548.0211
2026-06-12 20:00:00,星期五,2026-06-12,20.0,338.321,513.3829,414.9827,400.0,531.9279,558.6375
2026-06-12 21:00:00,星期五,2026-06-12,21.0,337.355,511.3042,402.1024,398.0,531.5042,544.0045
2026-06-12 22:00:00,星期五,2026-06-12,22.0,337.14,501.8021,393.9435,389.5,514.9132,525.2027
2026-06-12 23:00:00,星期五,2026-06-12,23.0,362.127,501.8954,384.1935,388.0,477.9106,495.2046
2026-06-13 00:00:00,星期五,2026-06-12,24.0,380.508,497.6392,383.3582,386.0,475.8199,484.5091
2026-06-13 01:00:00,星期六,2026-06-13,1.0,388.425,381.5652,383.2902,390.0,398.0648,467.8955
2026-06-13 02:00:00,星期六,2026-06-13,2.0,370.524,360.6814,363.6019,370.0,381.1246,441.1407
2026-06-13 03:00:00,星期六,2026-06-13,3.0,368.188,341.2117,334.1263,335.0,353.3568,411.3104
2026-06-13 04:00:00,星期六,2026-06-13,4.0,360.819,342.1112,327.7611,324.5,349.2731,405.3589
2026-06-13 05:00:00,星期六,2026-06-13,5.0,356.526,361.7874,377.8436,381.0,361.3096,418.0732
2026-06-13 06:00:00,星期六,2026-06-13,6.0,362.916,357.2749,357.8989,366.2,347.5755,408.6784
2026-06-13 07:00:00,星期六,2026-06-13,7.0,340.861,203.4251,216.2746,252.5,220.2371,290.9352
2026-06-13 08:00:00,星期六,2026-06-13,8.0,351.274,146.2937,119.6469,151.0,95.6715,200.2075
2026-06-13 09:00:00,星期六,2026-06-13,9.0,369.244,-7.608,81.6891,170.81,34.272,137.7419
2026-06-13 10:00:00,星期六,2026-06-13,10.0,359.711,-51.1708,-7.9812,70.0,-20.1562,74.1909
2026-06-13 11:00:00,星期六,2026-06-13,11.0,219.8,-65.4962,-21.1187,37.0,-29.0842,43.1348
2026-06-13 12:00:00,星期六,2026-06-13,12.0,-80.0,-79.49,-58.0702,26.5,-42.043,9.8483
2026-06-13 13:00:00,星期六,2026-06-13,13.0,-80.0,-83.1055,-61.2527,25.0,-60.5862,-32.0843
2026-06-13 14:00:00,星期六,2026-06-13,14.0,155.709,-77.9855,5.0068,99.5,-49.5119,1.6079
2026-06-13 15:00:00,星期六,2026-06-13,15.0,132.922,-31.6172,40.5961,99.5,-10.8694,61.5412
2026-06-13 16:00:00,星期六,2026-06-13,16.0,391.032,63.1309,226.6247,300.0,97.7328,166.2819
2026-06-13 17:00:00,星期六,2026-06-13,17.0,348.906,285.7001,302.556,319.233,284.5227,296.895
2026-06-13 18:00:00,星期六,2026-06-13,18.0,359.794,407.1625,402.7782,399.5,384.3707,387.0098
2026-06-13 19:00:00,星期六,2026-06-13,19.0,346.821,433.4891,414.6512,400.0,420.9708,425.6172
2026-06-13 20:00:00,星期六,2026-06-13,20.0,354.418,469.2374,402.6263,387.0,430.6588,443.92
2026-06-13 21:00:00,星期六,2026-06-13,21.0,353.276,467.5238,402.5887,394.0,432.4085,442.4732
2026-06-13 22:00:00,星期六,2026-06-13,22.0,371.079,459.3632,398.8219,390.5,416.4232,437.9118
2026-06-13 23:00:00,星期六,2026-06-13,23.0,374.751,425.4998,389.1754,395.0,398.5125,422.763
2026-06-14 00:00:00,星期六,2026-06-13,24.0,414.513,451.2971,381.0697,392.0,413.0273,423.094
2026-06-14 01:00:00,星期日,2026-06-14,1.0,448.756,400.5153,399.897,400.0,393.2476,430.2737
2026-06-14 02:00:00,星期日,2026-06-14,2.0,398.522,379.8008,386.0012,386.0,361.677,418.0814
2026-06-14 03:00:00,星期日,2026-06-14,3.0,385.068,364.7271,387.1729,385.5,345.2702,395.8017
2026-06-14 04:00:00,星期日,2026-06-14,4.0,374.883,365.1096,384.4414,383.0,363.9155,402.954
2026-06-14 05:00:00,星期日,2026-06-14,5.0,378.919,382.6592,389.5141,389.5,380.4299,425.605
2026-06-14 06:00:00,星期日,2026-06-14,6.0,377.845,378.2717,381.4798,383.5,380.1255,420.7071
2026-06-14 07:00:00,星期日,2026-06-14,7.0,350.426,190.2753,301.7808,333.715,217.8107,300.3061
2026-06-14 08:00:00,星期日,2026-06-14,8.0,346.917,133.8676,292.3491,342.75,138.4239,214.1285
2026-06-14 09:00:00,星期日,2026-06-14,9.0,326.857,21.8565,186.1398,291.0,46.161,189.0349
2026-06-14 10:00:00,星期日,2026-06-14,10.0,331.67,-50.9414,74.2195,165.5,-15.9734,95.5043
2026-06-14 11:00:00,星期日,2026-06-14,11.0,199.752,-71.8404,52.7705,173.5,-39.0285,27.9343
2026-06-14 12:00:00,星期日,2026-06-14,12.0,224.486,-82.3441,-49.4968,55.0,-50.7867,4.9058
2026-06-14 13:00:00,星期日,2026-06-14,13.0,-80.0,-83.9241,-45.7902,56.875,-66.6355,-32.8186
2026-06-14 14:00:00,星期日,2026-06-14,14.0,-80.0,-83.7359,-30.4751,56.0,-60.5826,-17.3887
2026-06-14 15:00:00,星期日,2026-06-14,15.0,-64.607,-55.9349,45.9118,110.5,-34.5996,32.0038
2026-06-14 16:00:00,星期日,2026-06-14,16.0,180.289,27.1917,246.2654,315.5,54.6867,159.7512
2026-06-14 17:00:00,星期日,2026-06-14,17.0,275.755,213.5596,362.2536,378.625,237.8638,276.3717
2026-06-14 18:00:00,星期日,2026-06-14,18.0,351.504,391.8206,407.6848,400.0,350.9407,369.0865
2026-06-14 19:00:00,星期日,2026-06-14,19.0,358.265,427.5279,425.3991,415.0,396.7867,421.1229
2026-06-14 20:00:00,星期日,2026-06-14,20.0,352.996,456.0515,410.7949,397.75,416.3584,444.8989
2026-06-14 21:00:00,星期日,2026-06-14,21.0,350.0,447.4083,404.0665,390.0,419.353,439.4259
2026-06-14 22:00:00,星期日,2026-06-14,22.0,350.22,431.4939,404.8914,392.0,390.2074,428.2827
2026-06-14 23:00:00,星期日,2026-06-14,23.0,357.788,403.3042,397.5636,394.0,382.5459,409.6814
2026-06-15 00:00:00,星期日,2026-06-14,24.0,361.99,383.2012,393.5357,400.0,368.7577,390.244
2026-06-15 01:00:00,星期一,2026-06-15,1.0,361.568,366.0783,414.1093,433.0,384.0483,446.8458
2026-06-15 02:00:00,星期一,2026-06-15,2.0,349.409,351.4113,385.284,400.0,364.2809,424.4411
2026-06-15 03:00:00,星期一,2026-06-15,3.0,351.023,332.9714,373.8765,389.0,335.6081,397.2325
2026-06-15 04:00:00,星期一,2026-06-15,4.0,352.874,336.8609,375.1991,386.0,334.0666,401.0007
2026-06-15 05:00:00,星期一,2026-06-15,5.0,357.522,362.7954,401.3795,408.0,370.2291,415.3365
2026-06-15 06:00:00,星期一,2026-06-15,6.0,351.12,340.5354,397.7288,412.0,356.5633,398.4698
2026-06-15 07:00:00,星期一,2026-06-15,7.0,234.573,176.3639,281.7899,339.0,202.9976,279.7353
2026-06-15 08:00:00,星期一,2026-06-15,8.0,317.141,90.6707,254.7629,300.0,113.3453,207.7518
2026-06-15 09:00:00,星期一,2026-06-15,9.0,332.297,24.9683,228.3769,300.0,78.1798,241.1863
2026-06-15 10:00:00,星期一,2026-06-15,10.0,299.286,-28.9663,172.1697,267.0,14.2369,170.9677
2026-06-15 11:00:00,星期一,2026-06-15,11.0,2.327,-50.9275,57.3756,141.03,-3.9833,114.1802
2026-06-15 12:00:00,星期一,2026-06-15,12.0,-80.0,-68.31,-15.3758,58.72,-20.9005,66.6367
2026-06-15 13:00:00,星期一,2026-06-15,13.0,-80.0,-83.3127,-56.5168,29.0,-47.3017,6.3514
2026-06-15 14:00:00,星期一,2026-06-15,14.0,-80.0,-75.2944,-1.908,72.5,-44.2751,12.8114
2026-06-15 15:00:00,星期一,2026-06-15,15.0,-80.0,-51.3362,10.5365,41.0,-33.8486,56.3729
2026-06-15 16:00:00,星期一,2026-06-15,16.0,103.351,-5.2126,251.7173,281.5,45.3858,162.4539
2026-06-15 17:00:00,星期一,2026-06-15,17.0,120.823,238.2693,329.303,326.5,189.5614,255.3595
2026-06-15 18:00:00,星期一,2026-06-15,18.0,339.291,349.7519,405.7656,405.5,330.2813,352.6208
2026-06-15 19:00:00,星期一,2026-06-15,19.0,346.299,399.195,445.7112,449.5,379.6961,387.1129
2026-06-15 20:00:00,星期一,2026-06-15,20.0,348.798,412.4278,438.1513,439.5,400.9113,404.9258
2026-06-15 21:00:00,星期一,2026-06-15,21.0,349.427,416.4118,393.7332,385.545,394.5553,410.0537
2026-06-15 22:00:00,星期一,2026-06-15,22.0,349.372,389.257,393.3648,389.125,362.932,398.291
2026-06-15 23:00:00,星期一,2026-06-15,23.0,361.258,362.5055,416.1641,435.0,341.9248,371.1083
2026-06-16 00:00:00,星期一,2026-06-15,24.0,361.518,428.3028,409.7305,424.0,376.6476,373.2836
2026-06-16 01:00:00,星期二,2026-06-16,1.0,539.059,401.8647,442.1606,458.0,404.8358,480.8557
2026-06-16 02:00:00,星期二,2026-06-16,2.0,518.029,384.4098,425.6888,438.25,402.3261,461.9682
2026-06-16 03:00:00,星期二,2026-06-16,3.0,514.629,359.6333,427.0236,432.25,370.8396,440.6702
2026-06-16 04:00:00,星期二,2026-06-16,4.0,516.556,376.2866,433.5887,439.0,380.0084,441.8665
2026-06-16 05:00:00,星期二,2026-06-16,5.0,527.45,402.5509,451.706,456.0,413.3263,457.2793
2026-06-16 06:00:00,星期二,2026-06-16,6.0,492.891,377.628,446.5078,457.0,403.5295,436.8157
2026-06-16 07:00:00,星期二,2026-06-16,7.0,184.643,173.4408,285.9674,329.5,248.7898,307.5279
2026-06-16 08:00:00,星期二,2026-06-16,8.0,387.135,139.0984,225.4372,284.32,140.2513,226.7066
2026-06-16 09:00:00,星期二,2026-06-16,9.0,250.223,39.9741,182.6659,265.5,84.2738,248.3597
2026-06-16 10:00:00,星期二,2026-06-16,10.0,373.347,-25.4935,73.4031,144.0,26.1781,159.7215
2026-06-16 11:00:00,星期二,2026-06-16,11.0,540.651,-44.0994,-27.0006,20.0,-4.1169,99.6338
2026-06-16 12:00:00,星期二,2026-06-16,12.0,315.524,-66.0744,-59.217,0.0,-22.4789,58.0486
2026-06-16 13:00:00,星期二,2026-06-16,13.0,56.218,-82.062,-85.4206,-30.0,-57.1479,-28.3752
2026-06-16 14:00:00,星期二,2026-06-16,14.0,36.401,-80.1017,-83.1315,-31.0,-52.7138,-16.0754
2026-06-16 15:00:00,星期二,2026-06-16,15.0,-75.294,-56.4258,-27.6922,0.0,-37.9155,20.366
2026-06-16 16:00:00,星期二,2026-06-16,16.0,-80.0,-2.2702,144.8445,145.5,21.8394,135.8513
2026-06-16 17:00:00,星期二,2026-06-16,17.0,168.901,163.0574,339.3003,314.0,213.5998,295.6062
2026-06-16 18:00:00,星期二,2026-06-16,18.0,499.266,346.8055,432.11,423.838,332.9004,380.5678
2026-06-16 19:00:00,星期二,2026-06-16,19.0,524.195,379.9006,474.7724,470.075,393.0961,407.4704
2026-06-16 20:00:00,星期二,2026-06-16,20.0,472.235,386.7087,462.7857,460.5,405.5815,419.0039
2026-06-16 21:00:00,星期二,2026-06-16,21.0,411.149,367.6737,438.0957,440.0,398.213,412.7326
2026-06-16 22:00:00,星期二,2026-06-16,22.0,386.038,361.879,436.8021,433.838,383.4652,400.2051
2026-06-16 23:00:00,星期二,2026-06-16,23.0,437.608,351.984,432.1988,440.0,363.8377,384.2234
2026-06-17 00:00:00,星期二,2026-06-16,24.0,459.6,350.6226,432.3439,450.5,383.8913,389.562
2026-06-17 01:00:00,星期三,2026-06-17,1.0,519.701,398.3543,463.8979,487.5,405.4216,427.8058
2026-06-17 02:00:00,星期三,2026-06-17,2.0,494.701,370.4886,449.3527,469.35,386.1215,407.3114
2026-06-17 03:00:00,星期三,2026-06-17,3.0,500.579,362.6504,446.7139,460.0,367.4552,391.5614
2026-06-17 04:00:00,星期三,2026-06-17,4.0,518.595,385.1192,452.6755,462.5,386.3914,409.8545
2026-06-17 05:00:00,星期三,2026-06-17,5.0,524.467,416.2802,486.111,494.2,411.6691,436.1081
2026-06-17 06:00:00,星期三,2026-06-17,6.0,433.381,402.5457,483.8807,496.9,411.2212,429.4562
2026-06-17 07:00:00,星期三,2026-06-17,7.0,-3.522,241.023,302.7131,333.5,250.6586,316.8271
2026-06-17 08:00:00,星期三,2026-06-17,8.0,257.701,152.8286,329.2093,384.75,174.3035,229.9571
2026-06-17 09:00:00,星期三,2026-06-17,9.0,262.809,66.8913,269.3274,350.0,94.9625,200.502
2026-06-17 10:00:00,星期三,2026-06-17,10.0,256.525,8.7688,196.4142,300.0,28.6216,131.5371
2026-06-17 11:00:00,星期三,2026-06-17,11.0,343.621,-11.599,156.3446,247.5,12.9531,101.7951
2026-06-17 12:00:00,星期三,2026-06-17,12.0,454.27,-29.7148,92.1176,171.788,-2.4427,87.668
2026-06-17 13:00:00,星期三,2026-06-17,13.0,437.585,-56.6218,28.0018,105.0,-23.1833,55.2978
2026-06-17 14:00:00,星期三,2026-06-17,14.0,435.874,-24.5028,42.8326,65.453,-10.2994,76.7403
2026-06-17 15:00:00,星期三,2026-06-17,15.0,400.39,17.7163,114.9552,135.0,51.7459,141.5388
2026-06-17 16:00:00,星期三,2026-06-17,16.0,495.954,143.5961,307.967,357.1,202.1407,265.1046
2026-06-17 17:00:00,星期三,2026-06-17,17.0,495.524,341.4488,429.8406,448.355,372.8223,414.8173
2026-06-17 18:00:00,星期三,2026-06-17,18.0,525.519,422.256,504.8542,550.0,459.2037,481.0921
2026-06-17 19:00:00,星期三,2026-06-17,19.0,532.348,467.1726,526.5092,600.0,493.0737,501.7885
2026-06-17 20:00:00,星期三,2026-06-17,20.0,538.492,478.0037,498.4799,519.163,501.3028,511.7832
2026-06-17 21:00:00,星期三,2026-06-17,21.0,549.829,474.9155,510.2924,523.388,500.7133,507.8392
2026-06-17 22:00:00,星期三,2026-06-17,22.0,542.447,465.0138,536.1685,570.0,485.5663,496.5295
2026-06-17 23:00:00,星期三,2026-06-17,23.0,536.59,444.7818,539.6469,574.75,459.003,470.5696
2026-06-18 00:00:00,星期三,2026-06-17,24.0,544.118,452.2851,548.8706,594.5,466.9629,464.8806
2026-06-18 01:00:00,星期四,2026-06-18,1.0,416.307,493.3293,503.1659,500.0,536.7034,598.884
2026-06-18 02:00:00,星期四,2026-06-18,2.0,400.529,470.0689,458.0923,448.96,521.2712,568.7482
2026-06-18 03:00:00,星期四,2026-06-18,3.0,393.695,453.1601,452.773,444.4,495.6453,535.2401
2026-06-18 04:00:00,星期四,2026-06-18,4.0,391.295,452.1998,454.556,444.45,491.9592,530.1516
2026-06-18 05:00:00,星期四,2026-06-18,5.0,393.194,461.422,459.892,450.0,500.7517,538.6604
2026-06-18 06:00:00,星期四,2026-06-18,6.0,383.466,443.3015,453.1945,450.0,487.7169,515.8741
2026-06-18 07:00:00,星期四,2026-06-18,7.0,339.8,307.1947,434.8,447.0,341.1347,411.2632
2026-06-18 08:00:00,星期四,2026-06-18,8.0,363.062,268.5901,418.5591,452.0,351.3155,372.5781
2026-06-18 09:00:00,星期四,2026-06-18,9.0,392.748,259.6999,415.9147,472.5,316.1798,427.5375
2026-06-18 10:00:00,星期四,2026-06-18,10.0,396.857,238.1988,387.3684,450.875,283.3406,397.0933
2026-06-18 11:00:00,星期四,2026-06-18,11.0,393.043,234.1584,392.4807,455.0,267.7112,370.1353
2026-06-18 12:00:00,星期四,2026-06-18,12.0,382.209,165.0288,354.9739,415.0,225.4899,337.5701
2026-06-18 13:00:00,星期四,2026-06-18,13.0,357.41,57.182,304.5378,385.0,145.184,273.7344
2026-06-18 14:00:00,星期四,2026-06-18,14.0,378.769,156.4117,352.5394,397.0,187.6856,300.3635
2026-06-18 15:00:00,星期四,2026-06-18,15.0,384.457,239.75,345.5766,383.5,270.5308,366.842
2026-06-18 16:00:00,星期四,2026-06-18,16.0,399.8,309.2521,421.1132,452.375,369.9971,451.6342
2026-06-18 17:00:00,星期四,2026-06-18,17.0,401.937,403.0114,433.2409,465.813,482.2975,492.2662
2026-06-18 18:00:00,星期四,2026-06-18,18.0,402.08,469.8911,474.9411,500.0,539.9689,510.6195
2026-06-18 19:00:00,星期四,2026-06-18,19.0,409.448,501.1328,496.0155,520.0,554.7138,502.0338
2026-06-18 20:00:00,星期四,2026-06-18,20.0,410.111,492.3212,476.1512,498.0,541.1928,515.2787
2026-06-18 21:00:00,星期四,2026-06-18,21.0,405.319,503.7435,499.4195,507.0,549.9575,514.6183
2026-06-18 22:00:00,星期四,2026-06-18,22.0,405.494,490.2061,497.2846,505.25,544.5154,509.3883
2026-06-18 23:00:00,星期四,2026-06-18,23.0,401.473,464.4159,491.3676,498.375,528.8595,484.8116
2026-06-19 00:00:00,星期四,2026-06-18,24.0,406.112,457.36,488.88,495.0,528.4997,484.631
2026-06-19 01:00:00,星期五,2026-06-19,1.0,386.102,429.077,436.9344,426.5,489.1484,542.2119
2026-06-19 02:00:00,星期五,2026-06-19,2.0,381.265,406.2507,421.0909,410.0,460.7161,513.1511
2026-06-19 03:00:00,星期五,2026-06-19,3.0,374.625,393.7598,423.1418,412.15,446.0172,489.3972
2026-06-19 04:00:00,星期五,2026-06-19,4.0,372.93,401.904,418.1014,406.5,445.9448,492.5497
2026-06-19 05:00:00,星期五,2026-06-19,5.0,371.309,412.4534,429.5832,420.5,448.5435,497.3812
2026-06-19 06:00:00,星期五,2026-06-19,6.0,364.397,409.0745,428.3783,420.41,453.6177,500.4946
2026-06-19 07:00:00,星期五,2026-06-19,7.0,358.483,328.1361,385.2351,380.0,385.1299,457.0512
2026-06-19 08:00:00,星期五,2026-06-19,8.0,372.886,356.4872,401.5993,394.38,433.0592,484.0095
2026-06-19 09:00:00,星期五,2026-06-19,9.0,382.978,382.6396,441.8625,450.0,414.8818,471.9774
2026-06-19 10:00:00,星期五,2026-06-19,10.0,396.767,389.3938,445.3545,457.375,422.8549,496.5261
2026-06-19 11:00:00,星期五,2026-06-19,11.0,385.056,411.9683,443.015,455.5,432.7449,517.6948
2026-06-19 12:00:00,星期五,2026-06-19,12.0,379.138,393.2092,431.2575,451.0,419.2514,502.7023
2026-06-19 13:00:00,星期五,2026-06-19,13.0,366.008,324.4486,400.1913,418.0,355.518,441.8893
2026-06-19 14:00:00,星期五,2026-06-19,14.0,376.857,347.3741,422.5171,430.0,346.4034,427.272
2026-06-19 15:00:00,星期五,2026-06-19,15.0,370.322,354.4195,439.1934,450.75,346.8444,421.245
2026-06-19 16:00:00,星期五,2026-06-19,16.0,356.862,360.6835,462.6916,491.25,383.3688,429.315
2026-06-19 17:00:00,星期五,2026-06-19,17.0,348.118,401.4341,411.3733,404.0,440.0289,400.9203
2026-06-19 18:00:00,星期五,2026-06-19,18.0,357.396,416.9498,425.9509,423.05,466.834,437.8418
2026-06-19 19:00:00,星期五,2026-06-19,19.0,371.56,445.6551,436.7743,432.0,490.1877,444.4692
2026-06-19 20:00:00,星期五,2026-06-19,20.0,380.882,463.7089,455.2348,448.0,501.938,450.4478
2026-06-19 21:00:00,星期五,2026-06-19,21.0,387.025,469.4816,452.4711,444.5,512.7796,466.361
2026-06-19 22:00:00,星期五,2026-06-19,22.0,391.007,474.8729,439.797,430.5,514.5603,470.993
2026-06-19 23:00:00,星期五,2026-06-19,23.0,383.505,475.2685,446.3726,439.5,510.6933,449.2066
2026-06-20 00:00:00,星期五,2026-06-19,24.0,385.792,461.6334,446.4568,445.5,512.1513,447.8365
2026-06-20 01:00:00,星期六,2026-06-20,1.0,477.843,455.2225,502.7016,502.988,460.3622,478.6352
2026-06-20 02:00:00,星期六,2026-06-20,2.0,456.687,434.6723,496.9231,500.0,443.1905,465.6052
2026-06-20 03:00:00,星期六,2026-06-20,3.0,410.495,413.8682,462.5871,463.85,429.483,443.9125
2026-06-20 04:00:00,星期六,2026-06-20,4.0,383.252,415.938,444.5286,443.125,426.1217,441.7399
2026-06-20 05:00:00,星期六,2026-06-20,5.0,406.229,418.1453,453.1685,453.125,434.8069,454.4564
2026-06-20 06:00:00,星期六,2026-06-20,6.0,393.203,388.7795,447.5174,455.0,406.5644,423.7031
2026-06-20 07:00:00,星期六,2026-06-20,7.0,116.861,235.8243,304.5221,318.5,252.952,300.3334
2026-06-20 08:00:00,星期六,2026-06-20,8.0,7.669,111.1283,254.1223,300.0,153.3516,188.2055
2026-06-20 09:00:00,星期六,2026-06-20,9.0,-77.013,-17.4836,143.3134,200.0,34.94,147.5093
2026-06-20 10:00:00,星期六,2026-06-20,10.0,-80.0,-40.8063,114.9607,201.0,-7.1747,77.0208
2026-06-20 11:00:00,星期六,2026-06-20,11.0,-80.0,-52.1367,43.4821,141.0,-18.1603,42.5629
2026-06-20 12:00:00,星期六,2026-06-20,12.0,29.781,-56.2227,-20.1726,63.5,-23.909,38.5777
2026-06-20 13:00:00,星期六,2026-06-20,13.0,-80.0,-70.2937,49.8713,169.0,-37.1072,18.2016
2026-06-20 14:00:00,星期六,2026-06-20,14.0,-80.0,-44.002,96.0113,172.5,-24.7667,41.6811
2026-06-20 15:00:00,星期六,2026-06-20,15.0,102.706,-19.4685,165.3188,170.0,20.1953,106.0173
2026-06-20 16:00:00,星期六,2026-06-20,16.0,296.831,163.4503,272.6281,289.25,172.5498,239.1445
2026-06-20 17:00:00,星期六,2026-06-20,17.0,376.825,276.4197,391.8961,385.575,319.0721,330.6595
2026-06-20 18:00:00,星期六,2026-06-20,18.0,445.686,354.198,481.0716,495.55,412.9593,424.0764
2026-06-20 19:00:00,星期六,2026-06-20,19.0,506.596,425.1632,488.4026,500.0,452.9573,444.8268
2026-06-20 20:00:00,星期六,2026-06-20,20.0,502.486,439.3546,504.3022,510.0,468.3583,446.4266
2026-06-20 21:00:00,星期六,2026-06-20,21.0,509.51,441.5406,483.4973,484.875,475.8628,467.5682
2026-06-20 22:00:00,星期六,2026-06-20,22.0,508.005,443.3742,477.8988,479.115,476.5856,477.0217
2026-06-20 23:00:00,星期六,2026-06-20,23.0,518.743,438.9481,488.4067,492.0,473.437,463.772
2026-06-21 00:00:00,星期六,2026-06-20,24.0,523.21,422.5514,494.0939,502.5,474.9655,464.4751
2026-06-21 01:00:00,星期日,2026-06-21,1.0,416.346,447.8282,434.8163,438.35,525.5669,523.2279
2026-06-21 02:00:00,星期日,2026-06-21,2.0,404.516,424.9856,430.7856,434.3,507.7119,500.7849
2026-06-21 03:00:00,星期日,2026-06-21,3.0,394.893,402.4152,419.4864,423.7,469.5656,465.6687
2026-06-21 04:00:00,星期日,2026-06-21,4.0,386.39,391.5429,393.5673,396.0,449.1293,442.674
2026-06-21 05:00:00,星期日,2026-06-21,5.0,382.759,392.5485,429.7225,439.72,446.6692,443.8126
2026-06-21 06:00:00,星期日,2026-06-21,6.0,371.208,364.3016,359.8381,362.5,413.3689,424.6327
2026-06-21 07:00:00,星期日,2026-06-21,7.0,349.24,269.8156,315.304,328.15,317.4947,354.6471
2026-06-21 08:00:00,星期日,2026-06-21,8.0,343.533,261.8211,334.1695,351.75,319.0906,344.0369
2026-06-21 09:00:00,星期日,2026-06-21,9.0,354.789,255.3418,380.1296,428.0,304.7083,401.6936
2026-06-21 10:00:00,星期日,2026-06-21,10.0,364.265,273.0942,372.6606,425.66,324.5131,425.5318
2026-06-21 11:00:00,星期日,2026-06-21,11.0,374.474,299.6096,390.2493,429.96,337.1893,439.1013
2026-06-21 12:00:00,星期日,2026-06-21,12.0,386.071,294.5693,383.7634,424.5,344.9167,443.1889
2026-06-21 13:00:00,星期日,2026-06-21,13.0,372.617,255.5918,382.6432,452.45,311.0943,413.4787
2026-06-21 14:00:00,星期日,2026-06-21,14.0,387.757,305.5213,393.9412,427.5,322.5912,419.012
2026-06-21 15:00:00,星期日,2026-06-21,15.0,390.907,362.3814,401.5692,420.5,350.1509,431.6748
2026-06-21 16:00:00,星期日,2026-06-21,16.0,406.008,376.5459,384.0656,384.0,388.2177,450.5708
2026-06-21 17:00:00,星期日,2026-06-21,17.0,398.715,415.5705,397.0737,397.0,414.9069,403.2006
2026-06-21 18:00:00,星期日,2026-06-21,18.0,395.857,435.4672,398.4546,400.5,458.2885,433.5605
2026-06-21 19:00:00,星期日,2026-06-21,19.0,401.602,438.8105,398.0667,395.5,456.3608,422.1826
2026-06-21 20:00:00,星期日,2026-06-21,20.0,409.299,456.8857,409.6298,409.5,466.6655,407.3462
2026-06-21 21:00:00,星期日,2026-06-21,21.0,413.919,466.544,416.4326,416.0,470.4384,407.5805
2026-06-21 22:00:00,星期日,2026-06-21,22.0,409.303,476.2062,412.9882,411.38,465.8907,423.0801
2026-06-21 23:00:00,星期日,2026-06-21,23.0,399.023,473.4406,415.7697,415.5,477.9326,408.3213
2026-06-22 00:00:00,星期日,2026-06-21,24.0,399.616,459.8335,435.0657,441.76,478.6702,394.2424
2026-06-22 01:00:00,星期一,2026-06-22,1.0,510.574,408.7032,503.2288,513.25,468.6106,452.0359
2026-06-22 02:00:00,星期一,2026-06-22,2.0,493.092,386.4879,468.8822,477.75,447.7541,441.7683
2026-06-22 03:00:00,星期一,2026-06-22,3.0,467.615,371.7438,464.0243,471.26,421.2021,428.2497
2026-06-22 04:00:00,星期一,2026-06-22,4.0,476.753,370.1705,527.9993,550.25,419.2627,423.9497
2026-06-22 05:00:00,星期一,2026-06-22,5.0,498.691,373.3104,482.9263,493.25,430.0034,428.7344
2026-06-22 06:00:00,星期一,2026-06-22,6.0,443.153,349.4497,566.6415,608.0,412.5565,420.1383
2026-06-22 07:00:00,星期一,2026-06-22,7.0,319.536,235.2784,301.6045,323.18,319.5124,362.3976
2026-06-22 08:00:00,星期一,2026-06-22,8.0,359.397,174.3883,290.4787,318.15,225.2057,283.1335
2026-06-22 09:00:00,星期一,2026-06-22,9.0,350.632,137.8062,244.0733,294.5,134.7603,180.7634
2026-06-22 10:00:00,星期一,2026-06-22,10.0,411.647,49.7724,184.1242,257.0,73.2855,118.9076
2026-06-22 11:00:00,星期一,2026-06-22,11.0,274.418,22.1724,123.0302,188.0,53.6938,86.6664
2026-06-22 12:00:00,星期一,2026-06-22,12.0,34.708,-30.746,69.7148,109.0,-7.2724,51.4812
2026-06-22 13:00:00,星期一,2026-06-22,13.0,-64.333,-68.7658,-29.9959,0.0,-38.1146,9.2457
2026-06-22 14:00:00,星期一,2026-06-22,14.0,-60.105,-54.7324,-4.6538,3.0,-30.1505,21.9223
2026-06-22 15:00:00,星期一,2026-06-22,15.0,-80.0,-44.051,67.7887,50.0,13.8536,72.2274
2026-06-22 16:00:00,星期一,2026-06-22,16.0,-80.0,68.0512,212.7829,217.625,98.4682,162.1687
2026-06-22 17:00:00,星期一,2026-06-22,17.0,121.847,205.837,349.3797,347.5,251.2291,316.9693
2026-06-22 18:00:00,星期一,2026-06-22,18.0,407.9,329.1757,436.5722,448.39,366.3697,393.3437
2026-06-22 19:00:00,星期一,2026-06-22,19.0,425.827,379.2067,480.5484,491.538,401.7071,407.1196
2026-06-22 20:00:00,星期一,2026-06-22,20.0,404.189,392.2256,472.5174,475.92,417.7885,418.4156
2026-06-22 21:00:00,星期一,2026-06-22,21.0,386.503,394.4283,438.3794,440.5,414.2908,412.2907
2026-06-22 22:00:00,星期一,2026-06-22,22.0,396.476,384.8566,463.6511,469.875,412.837,399.9611
2026-06-22 23:00:00,星期一,2026-06-22,23.0,415.65,378.1044,478.4677,489.63,405.1975,391.1091
2026-06-23 00:00:00,星期一,2026-06-22,24.0,460.06,382.8008,532.5161,555.525,438.2425,393.2868
2026-06-23 01:00:00,星期二,2026-06-23,1.0,516.298,433.8052,485.7041,493.153,475.5421,460.3231
2026-06-23 02:00:00,星期二,2026-06-23,2.0,484.224,414.5933,476.4856,483.5,464.6971,455.1694
2026-06-23 03:00:00,星期二,2026-06-23,3.0,461.672,391.5068,452.7311,462.5,438.4948,433.8182
2026-06-23 04:00:00,星期二,2026-06-23,4.0,431.834,384.0769,437.3072,445.0,435.6115,423.1262
2026-06-23 05:00:00,星期二,2026-06-23,5.0,420.861,382.4672,447.7926,456.0,436.8776,423.6453
2026-06-23 06:00:00,星期二,2026-06-23,6.0,372.65,350.5952,419.7598,432.5,423.0733,402.4157
2026-06-23 07:00:00,星期二,2026-06-23,7.0,29.937,156.9702,280.7884,309.0,270.8001,311.9134
2026-06-23 08:00:00,星期二,2026-06-23,8.0,-80.0,78.7333,259.6867,300.0,166.6375,228.488
2026-06-23 09:00:00,星期二,2026-06-23,9.0,-80.0,2.9175,188.9875,255.0,49.602,158.6427
2026-06-23 10:00:00,星期二,2026-06-23,10.0,-74.099,-51.8535,162.7481,247.0,6.6774,99.0384
2026-06-23 11:00:00,星期二,2026-06-23,11.0,-23.296,-60.5122,45.7595,107.5,-12.8379,59.0979
2026-06-23 12:00:00,星期二,2026-06-23,12.0,78.628,-58.4716,0.4348,87.61,-35.8467,20.4059
2026-06-23 13:00:00,星期二,2026-06-23,13.0,190.103,-74.9904,-71.7693,2.5,-53.0334,-20.7911
2026-06-23 14:00:00,星期二,2026-06-23,14.0,361.486,-63.5328,23.7028,93.75,-42.7923,6.2058
2026-06-23 15:00:00,星期二,2026-06-23,15.0,341.749,-33.652,103.837,112.45,-23.9817,54.2617
2026-06-23 16:00:00,星期二,2026-06-23,16.0,368.4,45.8648,194.839,177.85,53.7818,147.3022
2026-06-23 17:00:00,星期二,2026-06-23,17.0,350.562,208.5444,350.7482,336.5,330.057,358.4388
2026-06-23 18:00:00,星期二,2026-06-23,18.0,408.223,357.1216,433.4388,441.0,443.9357,408.7591
2026-06-23 19:00:00,星期二,2026-06-23,19.0,411.802,383.795,473.183,490.5,461.2659,435.1366
2026-06-23 20:00:00,星期二,2026-06-23,20.0,410.525,394.3229,446.2428,454.0,461.6104,424.8881
2026-06-23 21:00:00,星期二,2026-06-23,21.0,427.293,388.9356,426.9536,433.25,451.9513,425.0294
2026-06-23 22:00:00,星期二,2026-06-23,22.0,424.418,379.38,431.2139,441.288,449.3267,411.9345
2026-06-23 23:00:00,星期二,2026-06-23,23.0,428.578,372.9756,442.0911,455.0,447.0539,394.6206
2026-06-24 00:00:00,星期二,2026-06-23,24.0,411.13,389.7695,454.0265,470.0,470.1726,405.0126
2026-06-24 01:00:00,星期三,2026-06-24,1.0,485.014,442.769,466.4638,470.0,490.6416,481.1748
2026-06-24 02:00:00,星期三,2026-06-24,2.0,444.458,414.2174,448.3625,450.0,464.4792,470.9047
2026-06-24 03:00:00,星期三,2026-06-24,3.0,425.39,400.4747,432.3568,435.0,440.592,446.5367
2026-06-24 04:00:00,星期三,2026-06-24,4.0,399.386,403.3986,426.6379,428.5,433.5251,440.0279
2026-06-24 05:00:00,星期三,2026-06-24,5.0,404.721,412.7563,444.1799,450.0,440.8529,441.3894
2026-06-24 06:00:00,星期三,2026-06-24,6.0,356.84,368.1129,398.6868,400.0,427.2813,436.0764
2026-06-24 07:00:00,星期三,2026-06-24,7.0,10.206,179.364,271.0722,273.25,289.2753,358.8521
2026-06-24 08:00:00,星期三,2026-06-24,8.0,371.431,132.2516,249.8786,285.0,224.9303,266.0623
2026-06-24 09:00:00,星期三,2026-06-24,9.0,355.425,54.3527,77.1002,100.0,102.211,208.0612
2026-06-24 10:00:00,星期三,2026-06-24,10.0,277.493,-5.1042,41.1019,100.0,34.9345,147.4004
2026-06-24 11:00:00,星期三,2026-06-24,11.0,137.715,-37.8789,37.1038,100.0,8.6109,105.2191
2026-06-24 12:00:00,星期三,2026-06-24,12.0,-31.51,-55.0562,15.5245,96.26,-11.2859,68.2243
2026-06-24 13:00:00,星期三,2026-06-24,13.0,-35.007,-81.6859,-47.1365,44.0,-38.7564,10.7802
2026-06-24 14:00:00,星期三,2026-06-24,14.0,-51.674,-60.5456,38.8793,100.0,-24.6207,36.6649
2026-06-24 15:00:00,星期三,2026-06-24,15.0,-59.645,-22.1143,63.5738,91.805,6.6773,102.9596
2026-06-24 16:00:00,星期三,2026-06-24,16.0,-72.714,85.0861,170.9963,200.0,128.6949,215.486
2026-06-24 17:00:00,星期三,2026-06-24,17.0,164.921,299.9193,349.2555,350.0,319.7983,372.2454
2026-06-24 18:00:00,星期三,2026-06-24,18.0,444.819,361.7661,420.7446,412.41,430.2959,435.6558
2026-06-24 19:00:00,星期三,2026-06-24,19.0,465.57,446.9374,476.7558,475.0,447.401,449.7294
2026-06-24 20:00:00,星期三,2026-06-24,20.0,439.621,462.9997,481.9273,481.85,456.9203,452.8078
2026-06-24 21:00:00,星期三,2026-06-24,21.0,398.774,467.0411,486.6235,495.0,457.8114,447.4667
2026-06-24 22:00:00,星期三,2026-06-24,22.0,384.504,458.1122,476.7408,484.0,450.9523,439.1429
2026-06-24 23:00:00,星期三,2026-06-24,23.0,407.779,451.2722,453.537,445.0,449.0129,436.4448
2026-06-25 00:00:00,星期三,2026-06-24,24.0,413.48,463.4851,488.0025,490.44,472.1404,441.9129
2026-06-25 01:00:00,星期四,2026-06-25,1.0,453.152,440.0846,509.36,516.0,482.307,473.1879
2026-06-25 02:00:00,星期四,2026-06-25,2.0,405.279,422.6208,485.8216,491.0,461.0467,461.5505
2026-06-25 03:00:00,星期四,2026-06-25,3.0,396.375,409.3524,472.4506,476.63,447.9579,443.9778
2026-06-25 04:00:00,星期四,2026-06-25,4.0,403.183,407.8508,461.4836,467.365,447.697,440.1213
2026-06-25 05:00:00,星期四,2026-06-25,5.0,430.676,412.5869,457.7654,463.5,446.7738,443.4031
2026-06-25 06:00:00,星期四,2026-06-25,6.0,441.665,376.3005,432.7566,439.47,413.613,424.333
2026-06-25 07:00:00,星期四,2026-06-25,7.0,239.846,248.7365,272.3273,280.0,257.2385,339.3811
2026-06-25 08:00:00,星期四,2026-06-25,8.0,349.909,142.2951,246.796,300.0,188.4295,270.8462
2026-06-25 09:00:00,星期四,2026-06-25,9.0,338.798,86.4475,134.6334,208.0,94.4193,187.9704
2026-06-25 10:00:00,星期四,2026-06-25,10.0,2.508,-14.4552,104.5933,197.375,36.8782,132.95
2026-06-25 11:00:00,星期四,2026-06-25,11.0,149.254,-25.6811,37.1709,108.125,14.354,97.2954
2026-06-25 12:00:00,星期四,2026-06-25,12.0,310.531,-49.0265,-36.8055,49.625,-17.01,62.004
2026-06-25 13:00:00,星期四,2026-06-25,13.0,11.251,-82.8453,-58.6218,53.15,-49.6252,-9.4767
2026-06-25 14:00:00,星期四,2026-06-25,14.0,-56.72,-71.5095,-58.2016,20.0,-45.726,-10.1061
2026-06-25 15:00:00,星期四,2026-06-25,15.0,-80.0,-51.045,-17.355,24.75,-29.8229,33.766
2026-06-25 16:00:00,星期四,2026-06-25,16.0,-80.0,3.0279,113.4926,116.375,34.482,133.8399
2026-06-25 17:00:00,星期四,2026-06-25,17.0,-69.678,177.336,291.2143,275.0,272.8478,330.8046
2026-06-25 18:00:00,星期四,2026-06-25,18.0,216.252,300.0592,402.1019,400.0,375.0452,382.0809
2026-06-25 19:00:00,星期四,2026-06-25,19.0,426.49,369.1117,455.9602,454.875,421.9625,396.4241
2026-06-25 20:00:00,星期四,2026-06-25,20.0,369.465,418.8975,458.9647,458.5,439.017,406.9003
2026-06-25 21:00:00,星期四,2026-06-25,21.0,354.842,421.6517,435.9486,431.5,448.3151,424.6717
2026-06-25 22:00:00,星期四,2026-06-25,22.0,354.592,416.3987,444.0079,441.75,446.1096,420.0768
2026-06-25 23:00:00,星期四,2026-06-25,23.0,381.658,416.4594,472.0669,471.94,440.9686,426.5762
2026-06-26 00:00:00,星期四,2026-06-25,24.0,417.484,427.5636,466.3159,466.0,462.5537,417.8554
2026-06-26 01:00:00,星期五,2026-06-26,1.0,525.332,461.0876,495.799,500.5,498.8044,510.9235
2026-06-26 02:00:00,星期五,2026-06-26,2.0,484.721,437.3403,477.9912,480.375,487.0031,511.883
2026-06-26 03:00:00,星期五,2026-06-26,3.0,449.648,416.6159,466.9752,471.5,468.3968,479.3474
2026-06-26 04:00:00,星期五,2026-06-26,4.0,437.172,410.7955,456.2488,460.08,467.9309,473.2266
2026-06-26 05:00:00,星期五,2026-06-26,5.0,431.969,408.4784,447.495,449.488,458.1759,471.4185
2026-06-26 06:00:00,星期五,2026-06-26,6.0,380.368,374.1064,422.8015,426.5,434.7223,451.1251
2026-06-26 07:00:00,星期五,2026-06-26,7.0,-65.103,211.1571,243.9198,257.58,234.3218,333.2388
2026-06-26 08:00:00,星期五,2026-06-26,8.0,189.165,120.369,244.7931,296.928,183.1476,230.6123
2026-06-26 09:00:00,星期五,2026-06-26,9.0,104.47,14.2918,109.444,194.5,84.2789,182.4003
2026-06-26 10:00:00,星期五,2026-06-26,10.0,422.51,-19.5814,52.5185,130.165,36.6098,128.5641
2026-06-26 11:00:00,星期五,2026-06-26,11.0,467.25,-27.9339,36.8353,99.5,24.2755,112.8605
2026-06-26 12:00:00,星期五,2026-06-26,12.0,446.976,-34.786,11.934,83.91,9.0147,97.6939
2026-06-26 13:00:00,星期五,2026-06-26,13.0,361.139,-54.7688,-46.1034,28.45,-15.7618,55.8654
2026-06-26 14:00:00,星期五,2026-06-26,14.0,353.052,-40.4716,43.5449,107.42,-3.3221,87.5225
2026-06-26 15:00:00,星期五,2026-06-26,15.0,322.553,-4.6262,116.1024,143.69,48.9884,149.6563
2026-06-26 16:00:00,星期五,2026-06-26,16.0,342.958,112.1237,262.3227,300.0,160.4961,251.2629
2026-06-26 17:00:00,星期五,2026-06-26,17.0,373.244,334.8266,383.4368,393.0,323.2465,354.282
2026-06-26 18:00:00,星期五,2026-06-26,18.0,440.154,388.1557,448.0209,466.0,415.4478,418.8145
2026-06-26 19:00:00,星期五,2026-06-26,19.0,474.763,432.5481,474.6317,487.5,447.3888,436.2345
2026-06-26 20:00:00,星期五,2026-06-26,20.0,473.22,450.7571,460.6697,473.5,469.0656,456.2099
2026-06-26 21:00:00,星期五,2026-06-26,21.0,480.763,449.3436,463.498,481.5,476.3939,447.8566
2026-06-26 22:00:00,星期五,2026-06-26,22.0,484.224,438.5805,457.9563,473.493,470.4496,442.8887
2026-06-26 23:00:00,星期五,2026-06-26,23.0,496.24,432.3115,472.5405,479.0,466.8075,433.6494
2026-06-27 00:00:00,星期五,2026-06-26,24.0,524.943,431.8742,464.0167,474.02,477.8539,443.6379
2026-06-27 01:00:00,星期六,2026-06-27,1.0,539.687,449.4889,489.8895,492.0,496.6781,513.1581
2026-06-27 02:00:00,星期六,2026-06-27,2.0,527.258,423.1964,461.0954,462.0,472.6045,494.864
2026-06-27 03:00:00,星期六,2026-06-27,3.0,498.461,398.1055,439.7604,440.5,451.3873,452.832
2026-06-27 04:00:00,星期六,2026-06-27,4.0,476.403,397.6074,427.1183,427.13,440.9386,455.1359
2026-06-27 05:00:00,星期六,2026-06-27,5.0,478.854,402.0806,431.6935,430.0,436.608,448.6369
2026-06-27 06:00:00,星期六,2026-06-27,6.0,401.086,366.0115,385.5911,384.5,407.3936,421.4979
2026-06-27 07:00:00,星期六,2026-06-27,7.0,-61.082,153.1598,158.0843,165.0,222.9586,299.9709
2026-06-27 08:00:00,星期六,2026-06-27,8.0,-80.0,60.6687,105.5733,176.75,156.3998,198.5789
2026-06-27 09:00:00,星期六,2026-06-27,9.0,-80.0,-3.2459,22.3276,65.61,61.3637,169.5818
2026-06-27 10:00:00,星期六,2026-06-27,10.0,-80.0,-44.179,-32.7747,15.0,12.6821,95.4115
2026-06-27 11:00:00,星期六,2026-06-27,11.0,-75.021,-47.1417,-25.1927,50.0,-6.4023,64.4346
2026-06-27 12:00:00,星期六,2026-06-27,12.0,1.377,-71.5969,-54.6898,0.0,-14.6659,48.192
2026-06-27 13:00:00,星期六,2026-06-27,13.0,-10.059,-75.4347,-75.7625,-20.0,-41.6502,-19.8833
2026-06-27 14:00:00,星期六,2026-06-27,14.0,-24.809,-74.5563,-67.3305,0.0,-34.9602,-1.9354
2026-06-27 15:00:00,星期六,2026-06-27,15.0,-63.191,-54.1173,-36.3166,0.0,-14.9224,48.1637
2026-06-27 16:00:00,星期六,2026-06-27,16.0,54.82,-11.156,45.664,32.148,60.5768,158.3969
2026-06-27 17:00:00,星期六,2026-06-27,17.0,284.377,175.3517,262.953,300.5,260.0916,287.8399
2026-06-27 18:00:00,星期六,2026-06-27,18.0,421.547,316.8302,390.5851,400.0,386.578,366.5496
2026-06-27 19:00:00,星期六,2026-06-27,19.0,401.336,368.9239,417.265,420.0,419.4175,401.7739
2026-06-27 20:00:00,星期六,2026-06-27,20.0,350.74,389.9667,409.5632,410.0,426.0738,418.6846
2026-06-27 21:00:00,星期六,2026-06-27,21.0,352.457,383.4873,408.6333,410.0,427.8392,410.3982
2026-06-27 22:00:00,星期六,2026-06-27,22.0,361.782,363.8392,395.8192,400.0,414.0248,390.2414
2026-06-27 23:00:00,星期六,2026-06-27,23.0,386.985,302.6142,376.2597,385.0,401.7908,372.9754
2026-06-28 00:00:00,星期六,2026-06-27,24.0,402.6,312.9835,371.6973,385.0,397.3993,371.3204
2026-06-28 01:00:00,星期日,2026-06-28,1.0,398.752,388.1852,394.081,430.0,361.4339,351.8223
2026-06-28 02:00:00,星期日,2026-06-28,2.0,352.702,349.6493,205.2382,210.0,315.859,327.856
2026-06-28 03:00:00,星期日,2026-06-28,3.0,355.435,297.5483,340.2283,382.0,295.1475,297.1917
2026-06-28 04:00:00,星期日,2026-06-28,4.0,353.072,290.1855,342.866,383.31,293.5883,293.1829
2026-06-28 05:00:00,星期日,2026-06-28,5.0,355.115,289.1809,320.0947,346.0,301.5821,299.5565
2026-06-28 06:00:00,星期日,2026-06-28,6.0,129.746,254.0987,278.0541,311.5,264.4053,290.9916
2026-06-28 07:00:00,星期日,2026-06-28,7.0,-80.0,45.4454,7.6935,31.12,121.9099,199.968
2026-06-28 08:00:00,星期日,2026-06-28,8.0,-75.38,61.8351,-28.2197,6.0,42.8225,129.7498
2026-06-28 09:00:00,星期日,2026-06-28,9.0,-80.0,-27.0328,60.0094,154.94,-23.0672,-4.7695
2026-06-28 10:00:00,星期日,2026-06-28,10.0,-13.3,-59.7066,-29.1522,51.0,-45.5692,-42.5227
2026-06-28 11:00:00,星期日,2026-06-28,11.0,39.121,-57.7799,-48.3715,0.0,-44.3836,-37.2642
2026-06-28 12:00:00,星期日,2026-06-28,12.0,236.846,-61.3192,-47.3521,0.0,-43.1709,-33.2702
2026-06-28 13:00:00,星期日,2026-06-28,13.0,-43.51,-77.9642,-35.3928,50.0,-56.0982,-62.5256
2026-06-28 14:00:00,星期日,2026-06-28,14.0,-49.087,-47.5708,52.6777,150.0,-39.7338,-25.5462
2026-06-28 15:00:00,星期日,2026-06-28,15.0,-74.902,-29.4611,122.9459,177.86,-6.5093,30.6495
2026-06-28 16:00:00,星期日,2026-06-28,16.0,153.077,93.0678,188.5165,200.0,77.5691,132.881
2026-06-28 17:00:00,星期日,2026-06-28,17.0,336.007,263.2333,288.2355,300.0,263.2091,311.2518
2026-06-28 18:00:00,星期日,2026-06-28,18.0,394.676,378.8843,346.5878,350.0,368.2761,365.4946
2026-06-28 19:00:00,星期日,2026-06-28,19.0,344.909,415.4328,395.3659,385.0,394.3076,385.0359
2026-06-28 20:00:00,星期日,2026-06-28,20.0,293.316,421.5224,401.0026,391.0,403.4808,391.5902
2026-06-28 21:00:00,星期日,2026-06-28,21.0,253.576,416.5324,398.8881,400.5,407.4245,390.0136
2026-06-28 22:00:00,星期日,2026-06-28,22.0,260.921,404.2793,254.5786,224.75,399.0925,377.7123
2026-06-28 23:00:00,星期日,2026-06-28,23.0,224.706,400.0783,391.8701,400.44,388.9604,367.8366
2026-06-29 00:00:00,星期日,2026-06-28,24.0,206.057,398.7852,391.0848,410.5,401.3552,372.4162
2026-06-29 01:00:00,星期一,2026-06-29,1.0,368.634,367.1611,400.4895,431.5,316.2803,309.2698
2026-06-29 02:00:00,星期一,2026-06-29,2.0,342.212,337.681,396.4743,426.6,318.106,308.7956
2026-06-29 03:00:00,星期一,2026-06-29,3.0,347.249,315.78,451.059,495.0,317.0559,305.1805
2026-06-29 04:00:00,星期一,2026-06-29,4.0,357.169,323.429,358.5974,383.37,330.5151,314.8925
2026-06-29 05:00:00,星期一,2026-06-29,5.0,370.529,345.6709,425.2293,448.44,342.8369,334.6667
2026-06-29 06:00:00,星期一,2026-06-29,6.0,369.589,329.0763,361.8981,370.5,345.7568,345.203
2026-06-29 07:00:00,星期一,2026-06-29,7.0,197.404,190.4477,241.697,268.63,271.9095,297.2367
2026-06-29 08:00:00,星期一,2026-06-29,8.0,347.287,211.1328,313.7473,331.6,271.2129,291.1758
2026-06-29 09:00:00,星期一,2026-06-29,9.0,372.555,189.3273,316.6182,384.5,237.4038,298.2571
2026-06-29 10:00:00,星期一,2026-06-29,10.0,381.811,174.0531,293.0848,376.98,210.5711,274.0898
2026-06-29 11:00:00,星期一,2026-06-29,11.0,394.465,136.5783,272.3247,354.32,178.6698,240.4525
2026-06-29 12:00:00,星期一,2026-06-29,12.0,370.885,89.3638,197.2203,290.0,128.6745,196.2625
2026-06-29 13:00:00,星期一,2026-06-29,13.0,316.353,-23.1769,138.5911,232.0,48.168,141.9046
2026-06-29 14:00:00,星期一,2026-06-29,14.0,309.556,32.8284,188.4378,259.5,73.2006,163.2213
2026-06-29 15:00:00,星期一,2026-06-29,15.0,355.307,107.651,270.7355,325.88,140.4865,217.2317
2026-06-29 16:00:00,星期一,2026-06-29,16.0,375.596,235.4792,307.7612,350.0,225.5387,286.7387
2026-06-29 17:00:00,星期一,2026-06-29,17.0,356.282,324.534,366.3037,383.9,308.0996,353.7127
2026-06-29 18:00:00,星期一,2026-06-29,18.0,436.111,366.8711,388.5882,400.0,398.4453,401.4887
2026-06-29 19:00:00,星期一,2026-06-29,19.0,451.533,378.9134,422.7732,436.41,407.4113,406.9819
2026-06-29 20:00:00,星期一,2026-06-29,20.0,456.396,398.2998,417.7323,430.5,414.6662,416.0492
2026-06-29 21:00:00,星期一,2026-06-29,21.0,467.55,397.1936,417.3278,432.4,414.7216,410.2356
2026-06-29 22:00:00,星期一,2026-06-29,22.0,480.978,392.0923,408.1329,422.5,405.3887,408.2628
2026-06-29 23:00:00,星期一,2026-06-29,23.0,483.624,359.8503,408.2689,418.0,396.445,389.3635
2026-06-30 00:00:00,星期一,2026-06-29,24.0,477.488,389.0727,445.8842,474.0,423.5807,387.2272
2026-06-30 01:00:00,星期二,2026-06-30,1.0,383.466,389.6678,394.1759,411.25,402.5998,416.244
2026-06-30 02:00:00,星期二,2026-06-30,2.0,346.61,364.0246,388.5328,405.0,393.4925,405.3263
2026-06-30 03:00:00,星期二,2026-06-30,3.0,335.975,344.7148,226.4292,196.5,391.2672,393.3356
2026-06-30 04:00:00,星期二,2026-06-30,4.0,314.84,354.1886,221.6405,190.0,381.9052,396.4727
2026-06-30 05:00:00,星期二,2026-06-30,5.0,320.218,363.5104,358.3153,359.0,406.989,406.9483
2026-06-30 06:00:00,星期二,2026-06-30,6.0,314.701,337.1112,359.7618,364.5,379.4659,406.3422
2026-06-30 07:00:00,星期二,2026-06-30,7.0,215.982,185.0598,292.2321,307.625,292.0423,344.9006
2026-06-30 08:00:00,星期二,2026-06-30,8.0,419.724,198.6591,329.8566,352.0,308.7706,347.8677
2026-06-30 09:00:00,星期二,2026-06-30,9.0,501.863,230.1205,359.3476,395.0,283.5854,376.2273
2026-06-30 10:00:00,星期二,2026-06-30,10.0,738.923,216.1571,337.6884,390.0,265.1208,353.9189
2026-06-30 11:00:00,星期二,2026-06-30,11.0,631.886,214.9898,330.7603,380.0,254.5967,331.5387
2026-06-30 12:00:00,星期二,2026-06-30,12.0,720.521,159.3484,305.1412,369.0,220.3614,298.0667
2026-06-30 13:00:00,星期二,2026-06-30,13.0,513.749,54.3274,266.0086,356.5,146.5199,241.8191
2026-06-30 14:00:00,星期二,2026-06-30,14.0,425.309,102.2923,306.9841,369.0,173.2579,269.914
2026-06-30 15:00:00,星期二,2026-06-30,15.0,372.151,151.0393,342.3643,380.0,222.0991,305.7745
2026-06-30 16:00:00,星期二,2026-06-30,16.0,428.847,249.0048,352.8026,369.0,270.8488,354.7276
2026-06-30 17:00:00,星期二,2026-06-30,17.0,398.992,307.3359,354.8761,368.0,387.4716,404.3061
2026-06-30 18:00:00,星期二,2026-06-30,18.0,370.671,344.0662,395.2159,419.0,425.5309,437.5219
2026-06-30 19:00:00,星期二,2026-06-30,19.0,374.171,353.0881,413.0845,439.5,422.035,428.69
2026-06-30 20:00:00,星期二,2026-06-30,20.0,363.707,369.3324,390.1284,410.75,429.9688,422.7647
2026-06-30 21:00:00,星期二,2026-06-30,21.0,398.7,370.4156,383.7478,397.5,440.7248,421.1185
2026-06-30 22:00:00,星期二,2026-06-30,22.0,454.2,363.5486,413.8886,441.0,431.1634,415.7194
2026-06-30 23:00:00,星期二,2026-06-30,23.0,389.629,360.8456,423.1642,439.0,421.9212,414.4938
2026-07-01 00:00:00,星期二,2026-06-30,24.0,450.344,375.182,439.0078,441.65,457.5878,426.9328
2026-07-01 01:00:00,星期三,2026-07-01,1.0,383.769,447.3684,457.6991,449.756,444.0771,470.703
2026-07-01 02:00:00,星期三,2026-07-01,2.0,411.909,445.883,449.8342,439.508,445.9642,475.663
2026-07-01 03:00:00,星期三,2026-07-01,3.0,371.526,423.513,448.2162,435.0,418.4943,452.2687
2026-07-01 04:00:00,星期三,2026-07-01,4.0,355.544,419.4946,439.0505,426.0,419.3466,449.2085
2026-07-01 05:00:00,星期三,2026-07-01,5.0,364.07,424.2216,442.3918,434.1,436.4707,459.0568
2026-07-01 06:00:00,星期三,2026-07-01,6.0,373.644,415.4329,427.9421,420.17,435.5825,462.0011
2026-07-01 07:00:00,星期三,2026-07-01,7.0,361.043,316.3283,393.299,400.0,383.6261,415.8346
2026-07-01 08:00:00,星期三,2026-07-01,8.0,359.76,313.7382,400.7076,426.0,345.5331,378.7377
2026-07-01 09:00:00,星期三,2026-07-01,9.0,347.72,325.6656,397.6113,428.21,306.4352,392.0033
2026-07-01 10:00:00,星期三,2026-07-01,10.0,312.058,313.4049,394.896,431.0,285.1566,371.3343
2026-07-01 11:00:00,星期三,2026-07-01,11.0,93.386,285.6481,387.4231,430.0,263.7181,341.7846
2026-07-01 12:00:00,星期三,2026-07-01,12.0,-57.256,221.5519,331.1555,407.0,225.5968,310.1652
2026-07-01 13:00:00,星期三,2026-07-01,13.0,-67.697,150.6632,305.684,399.5,181.4903,282.5974
2026-07-01 14:00:00,星期三,2026-07-01,14.0,-26.739,197.9347,335.3832,397.0,217.4283,312.2984
2026-07-01 15:00:00,星期三,2026-07-01,15.0,-56.685,269.0742,385.32,427.47,256.4924,345.7639
2026-07-01 16:00:00,星期三,2026-07-01,16.0,133.429,332.3574,393.6437,398.9,321.4314,412.6153
2026-07-01 17:00:00,星期三,2026-07-01,17.0,343.088,317.0033,413.3622,413.325,387.1361,410.4488
2026-07-01 18:00:00,星期三,2026-07-01,18.0,367.89,416.7802,486.0562,500.0,442.1855,450.8861
2026-07-01 19:00:00,星期三,2026-07-01,19.0,460.676,442.3344,490.4452,500.0,462.056,468.2136
2026-07-01 20:00:00,星期三,2026-07-01,20.0,509.826,462.848,489.3311,497.5,473.0919,485.4404
2026-07-01 21:00:00,星期三,2026-07-01,21.0,504.069,454.5003,485.0692,498.5,476.2972,489.2904
2026-07-01 22:00:00,星期三,2026-07-01,22.0,496.024,475.5247,494.879,495.0,492.966,499.0556
2026-07-01 23:00:00,星期三,2026-07-01,23.0,486.153,462.9443,491.049,495.0,483.8524,492.2332
2026-07-02 00:00:00,星期三,2026-07-01,24.0,483.114,454.0852,496.0897,495.0,488.4955,489.2458
2026-07-02 01:00:00,星期四,2026-07-02,1.0,557.996,475.2596,474.5357,462.5,464.0444,508.844
2026-07-02 02:00:00,星期四,2026-07-02,2.0,575.246,457.0667,479.8619,466.2,458.4293,508.2278
2026-07-02 03:00:00,星期四,2026-07-02,3.0,550.234,434.3264,464.7946,463.5,439.49,474.2542
2026-07-02 04:00:00,星期四,2026-07-02,4.0,525.469,424.0459,457.6806,452.5,428.1585,464.7261
2026-07-02 05:00:00,星期四,2026-07-02,5.0,523.636,438.8303,458.3715,450.0,437.7337,467.311
2026-07-02 06:00:00,星期四,2026-07-02,6.0,513.678,426.0111,454.2644,448.0,423.8544,462.4161
2026-07-02 07:00:00,星期四,2026-07-02,7.0,383.685,289.5531,359.9819,361.0,369.8803,385.1485
2026-07-02 08:00:00,星期四,2026-07-02,8.0,170.238,213.4043,333.4934,360.73,326.2342,286.8902
2026-07-02 09:00:00,星期四,2026-07-02,9.0,-65.161,121.757,208.8994,215.0,184.4669,249.1518
2026-07-02 10:00:00,星期四,2026-07-02,10.0,-62.684,58.3207,63.9271,67.5,122.8154,190.9091
2026-07-02 11:00:00,星期四,2026-07-02,11.0,-26.787,32.805,106.024,160.8,68.5582,163.1131
2026-07-02 12:00:00,星期四,2026-07-02,12.0,211.984,-3.1402,75.0614,149.0,52.652,149.3877
2026-07-02 13:00:00,星期四,2026-07-02,13.0,352.608,-6.8023,-80.0,138.1,29.8642,129.8588
2026-07-02 14:00:00,星期四,2026-07-02,14.0,223.473,13.2916,97.6276,160.0,45.5556,150.0389
2026-07-02 15:00:00,星期四,2026-07-02,15.0,343.541,95.2283,132.9676,157.11,137.6206,210.2788
2026-07-02 16:00:00,星期四,2026-07-02,16.0,433.863,192.7894,258.7474,259.33,230.9739,316.0276
2026-07-02 17:00:00,星期四,2026-07-02,17.0,517.043,345.0016,418.1417,414.12,384.2921,377.3211
2026-07-02 18:00:00,星期四,2026-07-02,18.0,513.668,413.284,470.033,470.4,427.8378,429.8555
2026-07-02 19:00:00,星期四,2026-07-02,19.0,457.913,441.8571,480.2682,485.0,461.0673,447.3653
2026-07-02 20:00:00,星期四,2026-07-02,20.0,463.595,448.517,468.878,481.563,463.6357,441.5641
2026-07-02 21:00:00,星期四,2026-07-02,21.0,484.84,425.8237,421.3771,430.0,443.5873,419.7013
2026-07-02 22:00:00,星期四,2026-07-02,22.0,535.585,415.1083,420.037,430.0,408.4054,412.971
2026-07-02 23:00:00,星期四,2026-07-02,23.0,519.023,411.1842,454.3069,452.5,427.1074,417.0258
2026-07-03 00:00:00,星期四,2026-07-02,24.0,524.231,399.4659,442.4525,443.4,430.6678,414.139
2026-07-03 01:00:00,星期五,2026-07-03,1.0,485.319,407.5483,400.7888,430.0,420.4475,452.2649
2026-07-03 02:00:00,星期五,2026-07-03,2.0,679.674,413.1227,398.6351,460.0,424.0935,450.0779
2026-07-03 03:00:00,星期五,2026-07-03,3.0,488.404,387.644,377.9032,421.0,399.3974,409.0745
2026-07-03 04:00:00,星期五,2026-07-03,4.0,409.276,379.096,368.8483,391.14,384.5345,397.12
2026-07-03 05:00:00,星期五,2026-07-03,5.0,456.369,380.3739,374.3949,410.0,389.7608,402.3706
2026-07-03 06:00:00,星期五,2026-07-03,6.0,435.533,363.8585,373.9018,391.0,381.8371,393.9353
2026-07-03 07:00:00,星期五,2026-07-03,7.0,345.528,226.7421,322.6309,310.5,286.3681,311.4399
2026-07-03 08:00:00,星期五,2026-07-03,8.0,336.835,160.7852,288.4612,169.5,229.2041,218.4005
2026-07-03 09:00:00,星期五,2026-07-03,9.0,374.184,92.3114,211.7765,150.0,142.1107,206.0089
2026-07-03 10:00:00,星期五,2026-07-03,10.0,396.038,35.5607,85.8804,150.0,104.4562,171.592
2026-07-03 11:00:00,星期五,2026-07-03,11.0,442.411,31.1901,55.5631,153.375,88.5345,163.9189
2026-07-03 12:00:00,星期五,2026-07-03,12.0,433.919,18.7617,32.9108,161.82,70.5074,155.537
2026-07-03 13:00:00,星期五,2026-07-03,13.0,441.774,-31.2739,7.8257,143.5,51.8541,147.6306
2026-07-03 14:00:00,星期五,2026-07-03,14.0,401.238,8.3091,82.7065,150.0,80.3983,173.613
2026-07-03 15:00:00,星期五,2026-07-03,15.0,309.317,83.488,155.7052,205.0,137.4861,213.8393
2026-07-03 16:00:00,星期五,2026-07-03,16.0,116.103,182.6631,292.3475,321.06,226.6061,310.3072
2026-07-03 17:00:00,星期五,2026-07-03,17.0,349.285,325.2658,409.0232,400.0,382.8976,375.3919
2026-07-03 18:00:00,星期五,2026-07-03,18.0,328.883,389.7226,445.3914,431.5,420.0773,422.9584
2026-07-03 19:00:00,星期五,2026-07-03,19.0,347.383,394.0649,455.6237,450.0,430.7852,433.9727
2026-07-03 20:00:00,星期五,2026-07-03,20.0,333.404,397.1255,440.1528,450.0,429.1103,432.8775
2026-07-03 21:00:00,星期五,2026-07-03,21.0,348.938,382.6572,428.442,428.375,409.5038,406.5653
2026-07-03 22:00:00,星期五,2026-07-03,22.0,351.385,398.2929,432.0422,450.0,405.0897,402.6992
2026-07-03 23:00:00,星期五,2026-07-03,23.0,379.878,403.567,412.8574,450.0,400.0872,398.731
2026-07-04 00:00:00,星期五,2026-07-03,24.0,394.691,395.2101,395.7414,440.0,416.8274,404.974
2026-07-04 01:00:00,星期六,2026-07-04,1.0,378.172,383.8186,378.7335,488.5,324.4186,347.8958
2026-07-04 02:00:00,星期六,2026-07-04,2.0,419.449,402.466,384.2502,501.3,360.1364,359.5157
2026-07-04 03:00:00,星期六,2026-07-04,3.0,351.753,368.7726,356.2368,465.12,317.667,321.3781
2026-07-04 04:00:00,星期六,2026-07-04,4.0,332.679,361.3108,347.1211,431.72,309.4505,322.0143
2026-07-04 05:00:00,星期六,2026-07-04,5.0,330.157,365.8273,356.2408,426.25,335.8651,326.2953
2026-07-04 06:00:00,星期六,2026-07-04,6.0,324.573,347.248,357.7448,409.67,331.287,324.4459
2026-07-04 07:00:00,星期六,2026-07-04,7.0,-67.068,197.0009,311.161,253.93,221.7302,218.7994
2026-07-04 08:00:00,星期六,2026-07-04,8.0,-80.0,90.0892,268.7359,168.25,147.413,126.2834
2026-07-04 09:00:00,星期六,2026-07-04,9.0,-78.248,25.2047,122.6991,106.0,85.0151,138.7532
2026-07-04 10:00:00,星期六,2026-07-04,10.0,-68.857,-48.1051,18.1815,50.0,17.3408,59.0351
2026-07-04 11:00:00,星期六,2026-07-04,11.0,-27.022,-58.9821,5.7722,0.0,2.5025,40.7041
2026-07-04 12:00:00,星期六,2026-07-04,12.0,-24.566,-57.9668,-10.8669,0.0,7.3199,54.9846
2026-07-04 13:00:00,星期六,2026-07-04,13.0,-23.797,-62.8193,-80.0,50.0,5.6698,48.8456
2026-07-04 14:00:00,星期六,2026-07-04,14.0,-22.243,-46.9392,-80.0,124.5,15.746,75.757
2026-07-04 15:00:00,星期六,2026-07-04,15.0,-64.064,-7.3141,105.4027,176.34,54.8309,117.1877
2026-07-04 16:00:00,星期六,2026-07-04,16.0,-79.513,111.7051,235.7945,300.0,183.9123,256.5927
2026-07-04 17:00:00,星期六,2026-07-04,17.0,-12.832,265.856,382.8,302.0,370.6663,380.2922
2026-07-04 18:00:00,星期六,2026-07-04,18.0,367.237,410.5417,455.6196,434.625,434.6608,462.4337
2026-07-04 19:00:00,星期六,2026-07-04,19.0,379.65,496.1009,471.144,510.0,473.417,502.8288
2026-07-04 20:00:00,星期六,2026-07-04,20.0,374.691,500.2022,455.9474,500.2,486.3602,510.1589
2026-07-04 21:00:00,星期六,2026-07-04,21.0,375.995,468.0693,438.764,481.8,470.5029,487.4008
2026-07-04 22:00:00,星期六,2026-07-04,22.0,372.66,455.6128,434.3221,518.92,458.2768,475.2594
2026-07-04 23:00:00,星期六,2026-07-04,23.0,379.633,433.1297,422.309,517.97,453.4529,472.8064
2026-07-05 00:00:00,星期六,2026-07-04,24.0,385.73,431.2612,409.7772,532.5,474.7599,474.9684
2026-07-05 01:00:00,星期日,2026-07-05,1.0,385.193,370.3909,373.4982,445.6,350.3823,394.2769
2026-07-05 02:00:00,星期日,2026-07-05,2.0,415.955,409.1509,389.7481,408.4,389.4951,413.1279
2026-07-05 03:00:00,星期日,2026-07-05,3.0,361.889,361.9673,366.8178,426.9,372.6118,389.7773
2026-07-05 04:00:00,星期日,2026-07-05,4.0,363.484,352.1319,359.2331,408.59,369.1129,388.1978
2026-07-05 05:00:00,星期日,2026-07-05,5.0,387.586,383.0575,367.2831,426.2,375.1774,392.2166
2026-07-05 06:00:00,星期日,2026-07-05,6.0,463.474,349.8044,370.3442,417.28,375.1836,387.5644
2026-07-05 07:00:00,星期日,2026-07-05,7.0,357.684,213.0369,318.3887,269.15,266.4322,287.1294
2026-07-05 08:00:00,星期日,2026-07-05,8.0,327.724,91.6835,278.7459,189.25,190.4279,199.8829
2026-07-05 09:00:00,星期日,2026-07-05,9.0,340.687,37.9406,157.9299,158.75,110.5124,186.3547
2026-07-05 10:00:00,星期日,2026-07-05,10.0,305.214,-9.5559,61.3122,207.365,50.479,125.5742
2026-07-05 11:00:00,星期日,2026-07-05,11.0,300.965,-6.7796,28.6617,157.5,34.7823,100.0519
2026-07-05 12:00:00,星期日,2026-07-05,12.0,259.435,26.3856,18.7691,200.0,60.9101,127.3755
2026-07-05 13:00:00,星期日,2026-07-05,13.0,4.064,76.9736,8.1722,170.5,110.2514,190.5201
2026-07-05 14:00:00,星期日,2026-07-05,14.0,37.328,111.9227,92.1905,300.0,158.5055,233.28
2026-07-05 15:00:00,星期日,2026-07-05,15.0,132.829,198.2649,201.5124,368.4,225.4327,283.9272
2026-07-05 16:00:00,星期日,2026-07-05,16.0,352.927,310.9411,331.5957,399.0,314.0305,391.0636
2026-07-05 17:00:00,星期日,2026-07-05,17.0,415.29,406.6144,415.4988,454.0,443.4555,455.443
2026-07-05 18:00:00,星期日,2026-07-05,18.0,465.811,437.7155,444.7995,495.0,458.301,476.8816
2026-07-05 19:00:00,星期日,2026-07-05,19.0,523.24,456.7558,454.6346,411.0,471.834,478.9368
2026-07-05 20:00:00,星期日,2026-07-05,20.0,470.93,448.6838,441.3211,469.3,468.2395,465.2667
2026-07-05 21:00:00,星期日,2026-07-05,21.0,511.818,434.1479,432.1456,473.85,449.7827,445.1179
2026-07-05 22:00:00,星期日,2026-07-05,22.0,413.773,445.4857,420.4073,466.0,444.4506,449.8153
2026-07-05 23:00:00,星期日,2026-07-05,23.0,389.255,463.2226,416.8362,419.4,479.4969,464.2035
2026-07-06 00:00:00,星期日,2026-07-05,24.0,451.748,459.5205,408.1571,525.5,484.8305,468.7481
2026-07-06 01:00:00,星期一,2026-07-06,1.0,540.113,410.4325,396.1436,442.5,418.2143,442.0764
2026-07-06 02:00:00,星期一,2026-07-06,2.0,576.781,422.4347,399.751,500.5,435.6635,455.6806
2026-07-06 03:00:00,星期一,2026-07-06,3.0,424.669,404.8874,379.8826,446.0,434.3868,438.242
2026-07-06 04:00:00,星期一,2026-07-06,4.0,439.731,401.0393,372.8946,430.0,408.5133,433.52
2026-07-06 05:00:00,星期一,2026-07-06,5.0,440.004,408.0577,380.2789,433.5,435.5662,444.3734
2026-07-06 06:00:00,星期一,2026-07-06,6.0,427.836,398.2074,390.4956,443.5,416.6581,443.0937
2026-07-06 07:00:00,星期一,2026-07-06,7.0,334.832,306.2627,359.0334,371.5,343.7593,374.7478
2026-07-06 08:00:00,星期一,2026-07-06,8.0,207.5,282.8609,326.5147,347.01,300.0078,319.1288
2026-07-06 09:00:00,星期一,2026-07-06,9.0,167.368,197.1423,254.5527,370.12,236.896,268.5359
2026-07-06 10:00:00,星期一,2026-07-06,10.0,-66.41,138.0959,148.4383,311.925,199.3058,241.3427
2026-07-06 11:00:00,星期一,2026-07-06,11.0,-39.0,119.9524,122.7112,331.06,162.1309,199.774
2026-07-06 12:00:00,星期一,2026-07-06,12.0,-34.448,102.0288,98.599,356.578,153.9325,187.1604
2026-07-06 13:00:00,星期一,2026-07-06,13.0,7.614,72.0267,48.9953,330.75,148.3686,192.8549
2026-07-06 14:00:00,星期一,2026-07-06,14.0,-12.78,123.1304,149.7831,322.0,185.6486,242.9306
2026-07-06 15:00:00,星期一,2026-07-06,15.0,238.515,167.4488,244.5502,382.5,240.5904,288.2084
2026-07-06 16:00:00,星期一,2026-07-06,16.0,415.694,314.7699,339.8127,353.27,319.4556,375.64
2026-07-06 17:00:00,星期一,2026-07-06,17.0,685.883,382.9149,400.4637,420.3,449.4564,456.627
2026-07-06 18:00:00,星期一,2026-07-06,18.0,690.547,428.4695,443.7565,460.0,469.5887,486.6868
2026-07-06 19:00:00,星期一,2026-07-06,19.0,735.403,436.9194,452.6234,450.0,482.1144,492.6369
2026-07-06 20:00:00,星期一,2026-07-06,20.0,640.522,438.9621,434.0426,469.95,479.2632,490.1997
2026-07-06 21:00:00,星期一,2026-07-06,21.0,466.784,428.298,423.792,471.32,469.2529,473.577
2026-07-06 22:00:00,星期一,2026-07-06,22.0,415.084,427.473,421.9833,466.1,466.8556,476.9003
2026-07-06 23:00:00,星期一,2026-07-06,23.0,415.344,428.7976,411.6257,466.6,465.261,480.2952
2026-07-07 00:00:00,星期一,2026-07-06,24.0,391.599,429.1434,407.3752,450.5,475.944,481.3068
2026-07-07 01:00:00,星期二,2026-07-07,1.0,358.715,425.2677,404.9475,375.0,437.7954,453.6588
2026-07-07 02:00:00,星期二,2026-07-07,2.0,379.332,428.5894,403.9775,380.0,442.9363,458.2729
2026-07-07 03:00:00,星期二,2026-07-07,3.0,369.229,399.3015,380.7137,375.0,421.0389,429.3409
2026-07-07 04:00:00,星期二,2026-07-07,4.0,366.055,384.4467,373.6065,375.0,418.1064,423.7507
2026-07-07 05:00:00,星期二,2026-07-07,5.0,364.082,397.1559,379.3537,375.0,418.3453,423.7773
2026-07-07 06:00:00,星期二,2026-07-07,6.0,359.662,389.4067,385.2983,375.0,422.6891,428.7115
2026-07-07 07:00:00,星期二,2026-07-07,7.0,346.581,308.6108,355.9966,332.5,374.3182,384.2884
2026-07-07 08:00:00,星期二,2026-07-07,8.0,345.691,332.8243,345.4047,360.0,345.9228,372.2138
2026-07-07 09:00:00,星期二,2026-07-07,9.0,345.171,266.9427,294.7273,365.0,284.705,332.2122
2026-07-07 10:00:00,星期二,2026-07-07,10.0,317.637,217.7394,199.7139,379.25,274.3343,335.0693
2026-07-07 11:00:00,星期二,2026-07-07,11.0,286.841,218.1423,167.8644,386.0,263.492,330.4343
2026-07-07 12:00:00,星期二,2026-07-07,12.0,158.243,246.852,149.5458,366.0,262.9646,315.4428
2026-07-07 13:00:00,星期二,2026-07-07,13.0,-54.454,207.5998,106.3987,389.0,262.6077,322.7016
2026-07-07 14:00:00,星期二,2026-07-07,14.0,-58.842,211.8336,174.3355,390.0,262.7769,331.8747
2026-07-07 15:00:00,星期二,2026-07-07,15.0,-70.651,230.5137,243.0078,367.5,264.1362,330.8127
2026-07-07 16:00:00,星期二,2026-07-07,16.0,126.217,274.2139,333.2824,360.0,291.8232,364.8251
2026-07-07 17:00:00,星期二,2026-07-07,17.0,333.325,377.2865,401.2616,371.745,377.8759,369.4126
2026-07-07 18:00:00,星期二,2026-07-07,18.0,366.736,398.2521,443.3776,389.5,402.2916,398.7435
2026-07-07 19:00:00,星期二,2026-07-07,19.0,383.939,424.5236,451.6336,399.45,417.3663,413.3716
2026-07-07 20:00:00,星期二,2026-07-07,20.0,382.491,431.2679,435.1644,405.0,432.3375,426.7875
2026-07-07 21:00:00,星期二,2026-07-07,21.0,379.436,425.278,425.1355,403.5,430.6733,422.4132
2026-07-07 22:00:00,星期二,2026-07-07,22.0,384.515,425.4345,415.1717,399.0,429.7104,426.3153
2026-07-07 23:00:00,星期二,2026-07-07,23.0,382.373,427.6385,416.667,412.0,437.4715,436.9641
2026-07-08 00:00:00,星期二,2026-07-07,24.0,380.867,436.7094,413.0175,412.0,442.5201,445.6599
2026-07-08 01:00:00,星期三,2026-07-08,1.0,470.568,456.1541,420.7222,547.5,451.6457,497.3455
2026-07-08 02:00:00,星期三,2026-07-08,2.0,563.625,462.8994,415.5753,581.0,454.9703,499.3712
2026-07-08 03:00:00,星期三,2026-07-08,3.0,424.539,435.3509,393.0102,525.61,436.1386,474.0792
2026-07-08 04:00:00,星期三,2026-07-08,4.0,428.997,428.0478,386.1558,468.5,428.987,462.6908
2026-07-08 05:00:00,星期三,2026-07-08,5.0,457.724,430.2427,392.2199,470.625,432.612,466.4588
2026-07-08 06:00:00,星期三,2026-07-08,6.0,445.729,417.1074,396.3766,477.58,426.1763,458.4731
2026-07-08 07:00:00,星期三,2026-07-08,7.0,344.996,322.9418,355.3705,343.5,319.9328,363.3513
2026-07-08 08:00:00,星期三,2026-07-08,8.0,320.705,184.5011,299.1647,261.1,242.9652,245.2124
2026-07-08 09:00:00,星期三,2026-07-08,9.0,260.011,99.4373,193.6451,100.0,136.6818,196.9368
2026-07-08 10:00:00,星期三,2026-07-08,10.0,53.487,26.5132,67.2978,128.375,67.6799,137.5585
2026-07-08 11:00:00,星期三,2026-07-08,11.0,-56.753,0.0426,50.633,100.0,46.8819,118.7684
2026-07-08 12:00:00,星期三,2026-07-08,12.0,-52.344,-20.4728,24.7383,97.5,32.2619,102.3949
2026-07-08 13:00:00,星期三,2026-07-08,13.0,-34.648,-24.572,15.1735,121.0,37.9356,114.2963
2026-07-08 14:00:00,星期三,2026-07-08,14.0,-68.928,2.5953,62.3723,150.0,65.9527,151.3473
2026-07-08 15:00:00,星期三,2026-07-08,15.0,-61.742,85.8009,164.8163,168.0,129.7858,198.9373
2026-07-08 16:00:00,星期三,2026-07-08,16.0,212.322,222.3037,301.8363,300.5,242.5156,317.2784
2026-07-08 17:00:00,星期三,2026-07-08,17.0,429.611,334.101,405.1958,400.0,352.9394,345.9417
2026-07-08 18:00:00,星期三,2026-07-08,18.0,627.128,394.4418,442.355,411.788,399.3699,403.1487
2026-07-08 19:00:00,星期三,2026-07-08,19.0,722.997,423.1575,453.6675,461.438,416.1985,422.6041
2026-07-08 20:00:00,星期三,2026-07-08,20.0,691.912,437.0486,433.6732,450.0,428.4828,429.4991
2026-07-08 21:00:00,星期三,2026-07-08,21.0,709.515,413.216,421.2575,450.0,415.2637,418.069
2026-07-08 22:00:00,星期三,2026-07-08,22.0,671.735,413.2485,409.3066,450.0,408.7034,416.8208
2026-07-08 23:00:00,星期三,2026-07-08,23.0,580.882,411.2862,413.6841,448.5,413.141,418.9249
2026-07-09 00:00:00,星期三,2026-07-08,24.0,500.08,414.5725,405.4986,450.0,424.8964,423.2863
2026-07-09 01:00:00,星期四,2026-07-09,1.0,549.495,401.817,388.7076,453.5,406.4639,390.6979
2026-07-09 02:00:00,星期四,2026-07-09,2.0,633.98,423.6582,391.0095,476.0,415.2158,410.1618
2026-07-09 03:00:00,星期四,2026-07-09,3.0,459.315,395.5622,369.316,431.0,400.3899,372.5935
2026-07-09 04:00:00,星期四,2026-07-09,4.0,428.014,369.1988,359.5098,421.38,391.4557,364.3967
2026-07-09 05:00:00,星期四,2026-07-09,5.0,436.753,393.9997,368.3255,430.75,399.0247,376.3216
2026-07-09 06:00:00,星期四,2026-07-09,6.0,461.0,383.5324,371.5328,411.0,402.6807,383.8567
2026-07-09 07:00:00,星期四,2026-07-09,7.0,364.976,276.1485,325.1926,354.0,301.1685,292.1059
2026-07-09 08:00:00,星期四,2026-07-09,8.0,391.786,157.0547,294.5549,225.0,196.4167,200.707
2026-07-09 09:00:00,星期四,2026-07-09,9.0,472.721,51.9462,163.5549,197.5,116.8187,163.0196
2026-07-09 10:00:00,星期四,2026-07-09,10.0,814.362,-22.4267,-80.0,185.5,56.2845,110.1894
2026-07-09 11:00:00,星期四,2026-07-09,11.0,503.544,-36.096,30.9105,125.15,40.9931,91.6149
2026-07-09 12:00:00,星期四,2026-07-09,12.0,221.372,-26.3245,23.6497,122.5,49.9245,105.1689
2026-07-09 13:00:00,星期四,2026-07-09,13.0,364.996,-19.3582,-80.0,150.0,53.6826,129.9687
2026-07-09 14:00:00,星期四,2026-07-09,14.0,329.804,45.8632,72.5517,131.0,100.1514,173.8681
2026-07-09 15:00:00,星期四,2026-07-09,15.0,304.728,90.5745,193.2813,245.0,154.6093,215.8499
2026-07-09 16:00:00,星期四,2026-07-09,16.0,400.369,211.6374,303.1257,361.72,242.8457,316.0916
2026-07-09 17:00:00,星期四,2026-07-09,17.0,448.862,341.9962,409.1415,442.84,382.3635,367.4583
2026-07-09 18:00:00,星期四,2026-07-09,18.0,619.022,368.4843,448.9944,476.0,412.449,409.2145
2026-07-09 19:00:00,星期四,2026-07-09,19.0,1237.413,374.5041,451.3654,477.05,422.7937,411.3699
2026-07-09 20:00:00,星期四,2026-07-09,20.0,1383.179,392.4386,436.3497,440.0,423.2303,416.8023
2026-07-09 21:00:00,星期四,2026-07-09,21.0,1206.682,361.2539,422.9668,420.0,416.3502,402.3312
2026-07-09 22:00:00,星期四,2026-07-09,22.0,746.539,360.0532,413.1282,440.75,416.6074,401.3095
2026-07-09 23:00:00,星期四,2026-07-09,23.0,669.441,385.9229,411.1157,436.4,418.8859,406.0474
2026-07-10 00:00:00,星期四,2026-07-09,24.0,558.765,388.4877,404.3818,465.98,420.9376,405.8765
2026-07-10 01:00:00,星期五,2026-07-10,1.0,473.195,405.1337,386.7664,490.0,400.2299,399.3888
2026-07-10 02:00:00,星期五,2026-07-10,2.0,498.422,435.4997,388.3074,535.23,417.1195,407.0572
2026-07-10 03:00:00,星期五,2026-07-10,3.0,390.156,392.9038,367.3671,436.75,384.8673,377.8301
2026-07-10 04:00:00,星期五,2026-07-10,4.0,398.484,342.3845,353.1499,420.865,370.3973,367.0559
2026-07-10 05:00:00,星期五,2026-07-10,5.0,424.899,370.7597,363.0248,436.57,386.9364,372.4966
2026-07-10 06:00:00,星期五,2026-07-10,6.0,436.604,369.7623,371.8648,430.88,377.4116,376.0776
2026-07-10 07:00:00,星期五,2026-07-10,7.0,382.075,269.6064,328.8305,355.0,312.8565,295.2119
2026-07-10 08:00:00,星期五,2026-07-10,8.0,367.338,174.5779,298.6658,288.25,199.7165,248.639
2026-07-10 09:00:00,星期五,2026-07-10,9.0,395.228,112.361,192.7284,233.25,161.0687,243.333
2026-07-10 10:00:00,星期五,2026-07-10,10.0,391.882,45.7501,64.4866,233.0,116.8514,196.8154
2026-07-10 11:00:00,星期五,2026-07-10,11.0,216.491,16.5651,56.8218,200.0,77.2168,161.2376
2026-07-10 12:00:00,星期五,2026-07-10,12.0,205.749,36.8717,47.0527,194.0,93.3827,167.7556
2026-07-10 13:00:00,星期五,2026-07-10,13.0,294.494,55.236,40.3231,180.5,138.0914,211.1607
2026-07-10 14:00:00,星期五,2026-07-10,14.0,222.04,90.0411,77.8898,221.29,157.2897,242.2578
2026-07-10 15:00:00,星期五,2026-07-10,15.0,321.023,136.4779,156.7505,325.32,205.1998,278.5936
2026-07-10 16:00:00,星期五,2026-07-10,16.0,388.126,289.3562,289.6849,360.0,288.0094,378.9275
2026-07-10 17:00:00,星期五,2026-07-10,17.0,431.594,353.1759,400.9813,419.18,421.1333,422.0806
2026-07-10 18:00:00,星期五,2026-07-10,18.0,529.614,401.2279,437.8011,450.0,462.9215,474.3214
2026-07-10 19:00:00,星期五,2026-07-10,19.0,614.51,426.4958,445.8646,450.0,458.6513,475.4992
2026-07-10 20:00:00,星期五,2026-07-10,20.0,599.204,435.7738,424.8413,472.0,455.137,469.4824
2026-07-10 21:00:00,星期五,2026-07-10,21.0,561.621,405.3039,414.5662,460.0,443.4091,449.1244
2026-07-10 22:00:00,星期五,2026-07-10,22.0,507.728,394.5212,421.8524,461.0,441.1173,447.6891
2026-07-10 23:00:00,星期五,2026-07-10,23.0,445.317,398.4961,410.8776,460.0,442.2818,437.5683
2026-07-11 00:00:00,星期五,2026-07-10,24.0,426.825,394.2984,394.2662,460.0,440.3375,441.179
2026-07-11 01:00:00,星期六,2026-07-11,1.0,440.786,393.6971,373.521,471.45,421.9823,413.1895
2026-07-11 02:00:00,星期六,2026-07-11,2.0,476.921,407.3622,389.8688,478.47,428.4492,419.3832
2026-07-11 03:00:00,星期六,2026-07-11,3.0,428.222,360.4183,361.9305,430.0,397.1426,383.0708
2026-07-11 04:00:00,星期六,2026-07-11,4.0,403.368,346.0811,350.3023,420.15,374.2452,370.9215
2026-07-11 05:00:00,星期六,2026-07-11,5.0,381.216,347.943,360.9201,428.5,389.4671,371.2474
2026-07-11 06:00:00,星期六,2026-07-11,6.0,361.695,340.6337,371.8903,428.5,386.9291,366.1794
2026-07-11 07:00:00,星期六,2026-07-11,7.0,67.472,179.3726,312.8662,216.92,286.3955,273.8135
2026-07-11 08:00:00,星期六,2026-07-11,8.0,-18.448,108.7956,256.9237,233.0,186.3755,186.9662
2026-07-11 09:00:00,星期六,2026-07-11,9.0,-80.0,-5.4839,114.2697,119.0,73.8183,106.7595
2026-07-11 10:00:00,星期六,2026-07-11,10.0,-80.0,-56.998,-80.0,141.5,12.668,52.2638
2026-07-11 11:00:00,星期六,2026-07-11,11.0,-31.325,-67.715,-13.7574,54.125,3.9473,32.156
2026-07-11 12:00:00,星期六,2026-07-11,12.0,-13.624,-64.8434,-18.1231,79.4,0.8816,23.737
2026-07-11 13:00:00,星期六,2026-07-11,13.0,-13.194,-63.2678,-80.0,63.0,4.3062,36.5098
2026-07-11 14:00:00,星期六,2026-07-11,14.0,-20.122,-49.669,21.5889,64.713,14.505,59.3104
2026-07-11 15:00:00,星期六,2026-07-11,15.0,-51.08,-26.1113,97.0542,105.5,53.5697,99.7446
2026-07-11 16:00:00,星期六,2026-07-11,16.0,-44.201,83.0283,223.2835,218.5,158.3194,214.2777
2026-07-11 17:00:00,星期六,2026-07-11,17.0,37.483,274.6843,371.7992,290.7,337.2809,325.625
2026-07-11 18:00:00,星期六,2026-07-11,18.0,372.918,362.8671,455.9507,500.0,416.8294,404.9541
2026-07-11 19:00:00,星期六,2026-07-11,19.0,406.043,401.5912,444.5172,521.0,438.271,441.0426
2026-07-11 20:00:00,星期六,2026-07-11,20.0,401.332,405.4552,433.8871,523.5,445.7584,445.0872
2026-07-11 21:00:00,星期六,2026-07-11,21.0,389.623,371.1928,425.9019,530.5,439.5135,437.8934
2026-07-11 22:00:00,星期六,2026-07-11,22.0,397.454,357.708,420.8665,489.0,441.4677,434.2162
2026-07-11 23:00:00,星期六,2026-07-11,23.0,406.244,422.3198,410.1915,442.5,435.8399,427.0572
2026-07-12 00:00:00,星期六,2026-07-11,24.0,396.892,422.648,403.2623,529.0,436.5669,428.6891
2026-07-12 01:00:00,星期日,2026-07-12,1.0,391.736,404.9271,387.0944,455.5,442.1139,458.9136
2026-07-12 02:00:00,星期日,2026-07-12,2.0,432.504,439.0578,395.1194,471.5,455.5448,470.9127
2026-07-12 03:00:00,星期日,2026-07-12,3.0,410.703,402.5577,377.764,443.0,429.1735,437.9914
2026-07-12 04:00:00,星期日,2026-07-12,4.0,384.559,402.7407,370.8882,438.4,413.0807,430.6599
2026-07-12 05:00:00,星期日,2026-07-12,5.0,367.53,406.3935,376.6896,432.5,429.4931,440.3965
2026-07-12 06:00:00,星期日,2026-07-12,6.0,352.6,403.9645,379.3605,439.0,424.6918,431.299
2026-07-12 07:00:00,星期日,2026-07-12,7.0,167.704,304.1085,331.8216,320.97,299.4153,326.2252
2026-07-12 08:00:00,星期日,2026-07-12,8.0,-50.398,206.5978,302.7041,307.0,240.3847,255.7458
2026-07-12 09:00:00,星期日,2026-07-12,9.0,-74.123,162.3604,222.3147,284.0,208.3528,288.1801
2026-07-12 10:00:00,星期日,2026-07-12,10.0,-3.169,145.0557,121.5547,284.875,218.6706,297.1791
2026-07-12 11:00:00,星期日,2026-07-12,11.0,309.673,146.0911,110.73,295.02,225.2547,309.7061
2026-07-12 12:00:00,星期日,2026-07-12,12.0,215.11,193.6747,102.4911,310.5,256.1805,342.0638
2026-07-12 13:00:00,星期日,2026-07-12,13.0,193.974,197.6699,83.7504,300.125,266.6468,360.2413
2026-07-12 14:00:00,星期日,2026-07-12,14.0,338.965,221.0682,137.9334,312.5,272.5203,369.0459
2026-07-12 15:00:00,星期日,2026-07-12,15.0,348.802,250.0928,218.4862,307.5,280.5967,379.0107
2026-07-12 16:00:00,星期日,2026-07-12,16.0,354.778,313.6391,319.9785,369.988,327.8271,427.3069
2026-07-12 17:00:00,星期日,2026-07-12,17.0,371.063,363.0277,387.2371,453.45,427.4679,437.7034
2026-07-12 18:00:00,星期日,2026-07-12,18.0,375.851,404.1881,429.4149,501.918,458.2154,471.5354
2026-07-12 19:00:00,星期日,2026-07-12,19.0,385.717,409.4614,444.516,520.0,466.5324,475.5813
2026-07-12 20:00:00,星期日,2026-07-12,20.0,412.697,438.4419,431.9537,525.5,489.3592,497.7114
2026-07-12 21:00:00,星期日,2026-07-12,21.0,418.464,442.5754,432.413,526.715,495.7672,504.2386
2026-07-12 22:00:00,星期日,2026-07-12,22.0,417.288,433.5769,423.4106,506.5,467.0475,487.3798
2026-07-12 23:00:00,星期日,2026-07-12,23.0,401.207,421.6331,408.4256,480.0,453.1922,460.7966
2026-07-13 00:00:00,星期日,2026-07-12,24.0,398.352,411.7961,401.396,451.5,463.5896,462.0302
2026-07-13 01:00:00,星期一,2026-07-13,1.0,388.759,391.2306,374.1702,428.5,413.0907,407.2654
2026-07-13 02:00:00,星期一,2026-07-13,2.0,420.237,413.4485,385.9427,440.0,422.3081,418.2692
2026-07-13 03:00:00,星期一,2026-07-13,3.0,390.573,357.1039,355.5481,413.4,391.5482,379.7711
2026-07-13 04:00:00,星期一,2026-07-13,4.0,385.56,346.1556,341.9867,400.0,381.4324,362.9674
2026-07-13 05:00:00,星期一,2026-07-13,5.0,380.232,343.3451,350.6365,389.5,375.7705,352.9639
2026-07-13 06:00:00,星期一,2026-07-13,6.0,380.691,326.2073,346.8767,394.5,368.2302,342.7825
2026-07-13 07:00:00,星期一,2026-07-13,7.0,368.279,246.3964,316.1798,298.0,292.2735,292.0336
2026-07-13 08:00:00,星期一,2026-07-13,8.0,372.081,232.4074,320.305,302.5,286.7219,304.7839
2026-07-13 09:00:00,星期一,2026-07-13,9.0,393.369,254.6033,286.8366,339.5,273.5376,322.5598
2026-07-13 10:00:00,星期一,2026-07-13,10.0,408.838,271.6953,220.5421,322.5,299.2886,367.7366
2026-07-13 11:00:00,星期一,2026-07-13,11.0,429.7,297.4085,198.071,335.61,315.238,386.3386
2026-07-13 12:00:00,星期一,2026-07-13,12.0,431.386,335.2733,186.6794,383.5,337.5578,405.9371
2026-07-13 13:00:00,星期一,2026-07-13,13.0,416.665,344.7752,146.4924,350.0,345.2758,420.0691
2026-07-13 14:00:00,星期一,2026-07-13,14.0,415.702,340.0298,216.1314,300.0,338.3198,425.0825
2026-07-13 15:00:00,星期一,2026-07-13,15.0,419.057,338.2269,270.7349,345.0,331.9732,413.1494
2026-07-13 16:00:00,星期一,2026-07-13,16.0,396.159,374.2935,359.0361,380.0,354.3309,437.4154
2026-07-13 17:00:00,星期一,2026-07-13,17.0,398.855,368.3745,399.1311,380.0,406.8481,394.8023
2026-07-13 18:00:00,星期一,2026-07-13,18.0,394.749,383.7349,429.0764,460.0,418.3856,411.3737
2026-07-13 19:00:00,星期一,2026-07-13,19.0,399.342,387.4894,439.14,474.5,414.5576,406.4007
2026-07-13 20:00:00,星期一,2026-07-13,20.0,408.326,388.4107,429.0036,470.5,417.6068,413.8301
2026-07-13 21:00:00,星期一,2026-07-13,21.0,407.547,375.1383,417.6838,469.95,412.1321,406.5972
2026-07-13 22:00:00,星期一,2026-07-13,22.0,413.78,373.9003,409.4391,465.25,412.2657,405.5454
2026-07-13 23:00:00,星期一,2026-07-13,23.0,412.348,391.8542,407.7223,464.0,424.4103,408.914
2026-07-14 00:00:00,星期一,2026-07-13,24.0,412.834,396.6015,401.8646,450.0,428.8524,410.874
2026-07-14 01:00:00,星期二,2026-07-14,1.0,383.009,410.3126,400.0038,450.0,441.3586,468.0161
2026-07-14 02:00:00,星期二,2026-07-14,2.0,398.212,430.9505,396.4093,450.0,450.5923,476.1909
2026-07-14 03:00:00,星期二,2026-07-14,3.0,377.668,399.2827,373.7322,420.515,415.3926,441.3061
2026-07-14 04:00:00,星期二,2026-07-14,4.0,363.678,381.1407,363.2773,410.0,403.483,427.7202
2026-07-14 05:00:00,星期二,2026-07-14,5.0,359.626,376.3163,368.0988,405.57,395.5137,420.6233
2026-07-14 06:00:00,星期二,2026-07-14,6.0,358.204,370.4781,373.6498,414.5,398.1999,425.7701
2026-07-14 07:00:00,星期二,2026-07-14,7.0,335.582,307.0063,350.8812,362.335,340.8189,376.8635
2026-07-14 08:00:00,星期二,2026-07-14,8.0,344.613,313.3076,341.0623,367.0,326.2777,358.5935
2026-07-14 09:00:00,星期二,2026-07-14,9.0,359.616,318.962,292.0104,346.75,295.6903,329.2211
2026-07-14 10:00:00,星期二,2026-07-14,10.0,350.05,312.5275,220.513,366.15,283.5554,321.375
2026-07-14 11:00:00,星期二,2026-07-14,11.0,344.966,295.9765,207.7498,331.0,277.5876,315.0612
2026-07-14 12:00:00,星期二,2026-07-14,12.0,312.467,296.2656,184.308,323.0,281.9627,320.1726
2026-07-14 13:00:00,星期二,2026-07-14,13.0,331.553,259.4369,126.2142,310.0,271.879,310.9341
2026-07-14 14:00:00,星期二,2026-07-14,14.0,320.583,277.1751,204.8263,320.0,266.4572,315.9044
2026-07-14 15:00:00,星期二,2026-07-14,15.0,295.78,291.9507,253.427,323.0,279.8643,332.9135
2026-07-14 16:00:00,星期二,2026-07-14,16.0,352.544,376.2865,359.293,378.0,331.6395,399.194
2026-07-14 17:00:00,星期二,2026-07-14,17.0,395.473,385.2624,409.0122,420.0,440.4137,453.4345
2026-07-14 18:00:00,星期二,2026-07-14,18.0,421.018,459.6602,445.9573,500.0,491.7307,526.7742
2026-07-14 19:00:00,星期二,2026-07-14,19.0,457.755,483.9048,452.9061,508.0,509.5911,564.1733
2026-07-14 20:00:00,星期二,2026-07-14,20.0,472.402,500.2524,453.3426,505.375,516.4065,573.3463
2026-07-14 21:00:00,星期二,2026-07-14,21.0,469.143,499.3568,445.0858,502.445,515.9249,573.6602
2026-07-14 22:00:00,星期二,2026-07-14,22.0,461.595,499.2899,434.0917,500.0,516.0334,563.7138
2026-07-14 23:00:00,星期二,2026-07-14,23.0,458.501,494.4434,425.2403,500.0,512.74,558.038
2026-07-15 00:00:00,星期二,2026-07-14,24.0,451.548,488.7395,418.9557,500.0,510.2401,552.2965
2026-07-15 01:00:00,星期三,2026-07-15,1.0,410.157,488.8271,422.1064,438.1,486.1959,519.2675
2026-07-15 02:00:00,星期三,2026-07-15,2.0,434.009,506.1211,422.5046,461.25,490.5378,525.7291
2026-07-15 03:00:00,星期三,2026-07-15,3.0,407.568,469.0184,402.8568,422.0,455.5893,485.7619
2026-07-15 04:00:00,星期三,2026-07-15,4.0,394.627,459.8108,391.8722,407.5,447.2779,479.5099
2026-07-15 05:00:00,星期三,2026-07-15,5.0,383.307,457.7382,396.1941,407.0,442.0869,467.5863
2026-07-15 06:00:00,星期三,2026-07-15,6.0,385.071,450.3987,402.0784,407.5,445.7343,474.4826
2026-07-15 07:00:00,星期三,2026-07-15,7.0,362.066,397.1613,377.4266,394.878,410.8123,436.1279
2026-07-15 08:00:00,星期三,2026-07-15,8.0,375.528,406.3119,375.4275,395.1,422.8941,442.2599
2026-07-15 09:00:00,星期三,2026-07-15,9.0,402.266,420.7275,340.3038,434.5,396.3317,493.3391
2026-07-15 10:00:00,星期三,2026-07-15,10.0,409.191,450.738,286.7759,441.7,416.6764,530.3992
2026-07-15 11:00:00,星期三,2026-07-15,11.0,406.019,477.71,276.1866,485.56,422.7189,547.2758
2026-07-15 12:00:00,星期三,2026-07-15,12.0,387.495,467.0142,260.5848,466.375,434.0187,547.9717
2026-07-15 13:00:00,星期三,2026-07-15,13.0,347.139,448.4984,209.9244,470.0,430.9738,542.0724
2026-07-15 14:00:00,星期三,2026-07-15,14.0,328.711,452.1592,267.2006,426.5,425.9302,547.3773
2026-07-15 15:00:00,星期三,2026-07-15,15.0,340.031,441.7513,325.6052,454.0,418.7968,535.4559
2026-07-15 16:00:00,星期三,2026-07-15,16.0,369.891,467.5309,390.3413,422.17,436.071,546.8299
2026-07-15 17:00:00,星期三,2026-07-15,17.0,375.862,452.6587,413.6992,461.188,450.0223,456.7438
2026-07-15 18:00:00,星期三,2026-07-15,18.0,381.627,483.1047,459.498,480.0,461.1263,474.5012
2026-07-15 19:00:00,星期三,2026-07-15,19.0,407.55,490.6579,468.8072,489.5,465.3028,482.2785
2026-07-15 20:00:00,星期三,2026-07-15,20.0,411.498,492.3226,454.769,487.375,470.215,480.6574
2026-07-15 21:00:00,星期三,2026-07-15,21.0,408.274,483.8003,447.6454,450.0,466.8793,475.4934
2026-07-15 22:00:00,星期三,2026-07-15,22.0,403.667,476.7832,437.5069,450.0,467.7152,473.9367
2026-07-15 23:00:00,星期三,2026-07-15,23.0,402.486,486.7513,426.0048,480.0,475.127,483.7862
2026-07-16 00:00:00,星期三,2026-07-15,24.0,405.521,472.5174,420.5602,457.0,480.2664,488.6227
2026-07-16 01:00:00,星期四,2026-07-16,1.0,389.051,502.5466,425.6428,450.0,465.4267,491.6295
2026-07-16 02:00:00,星期四,2026-07-16,2.0,403.456,510.9975,425.1189,458.96,479.8602,502.7271
2026-07-16 03:00:00,星期四,2026-07-16,3.0,394.781,481.5997,405.1824,440.0,456.0968,482.9221
2026-07-16 04:00:00,星期四,2026-07-16,4.0,388.124,473.4811,394.7455,428.89,451.8961,478.3317
2026-07-16 05:00:00,星期四,2026-07-16,5.0,388.683,474.6915,400.8184,426.5,450.8864,476.7196
2026-07-16 06:00:00,星期四,2026-07-16,6.0,387.114,464.252,405.9599,419.5,447.6907,478.0487
2026-07-16 07:00:00,星期四,2026-07-16,7.0,359.56,391.5459,374.9262,387.75,393.0899,401.2622
2026-07-16 08:00:00,星期四,2026-07-16,8.0,341.606,347.8011,353.4268,380.0,365.7209,354.4608
2026-07-16 09:00:00,星期四,2026-07-16,9.0,348.1,312.3819,320.0581,378.69,260.8727,248.0734
2026-07-16 10:00:00,星期四,2026-07-16,10.0,345.173,267.8084,234.4413,365.0,230.8682,222.2715
2026-07-16 11:00:00,星期四,2026-07-16,11.0,341.699,251.3927,212.9408,379.0,239.398,230.5455
2026-07-16 12:00:00,星期四,2026-07-16,12.0,339.406,280.0702,208.417,380.0,265.2121,260.3112
2026-07-16 13:00:00,星期四,2026-07-16,13.0,88.055,301.6673,156.4486,357.605,282.9199,289.5614
2026-07-16 14:00:00,星期四,2026-07-16,14.0,76.672,326.1092,235.7254,357.25,299.2325,320.2482
2026-07-16 15:00:00,星期四,2026-07-16,15.0,241.484,359.3318,303.4141,380.5,332.3398,371.9123
2026-07-16 16:00:00,星期四,2026-07-16,16.0,335.551,426.6066,387.4908,408.65,386.2752,446.6444
2026-07-16 17:00:00,星期四,2026-07-16,17.0,372.258,447.9581,420.2142,432.45,465.8654,467.5935
2026-07-16 18:00:00,星期四,2026-07-16,18.0,406.261,516.5719,463.5631,475.5,501.2556,515.1542
2026-07-16 19:00:00,星期四,2026-07-16,19.0,437.302,540.1367,470.8703,510.0,509.9691,533.4145
2026-07-16 20:00:00,星期四,2026-07-16,20.0,445.165,558.3419,449.4051,506.95,513.1393,537.6205
2026-07-16 21:00:00,星期四,2026-07-16,21.0,438.991,551.3906,443.5076,490.0,507.4163,536.8811
2026-07-16 22:00:00,星期四,2026-07-16,22.0,441.79,547.6315,438.8142,485.0,509.0597,537.7729
2026-07-16 23:00:00,星期四,2026-07-16,23.0,436.187,545.2224,427.697,480.0,519.4922,538.3543
2026-07-17 00:00:00,星期四,2026-07-16,24.0,430.571,551.5119,421.4727,474.9,514.4459,548.1544
2026-07-17 01:00:00,星期五,2026-07-17,1.0,411.792,492.8748,424.3286,430.0,509.5528,540.3037
2026-07-17 02:00:00,星期五,2026-07-17,2.0,442.925,492.2844,419.9299,439.9,515.5396,548.0548
2026-07-17 03:00:00,星期五,2026-07-17,3.0,405.932,463.0924,399.7896,420.0,486.295,516.3616
2026-07-17 04:00:00,星期五,2026-07-17,4.0,393.711,459.895,387.6209,413.76,477.7446,502.1024
2026-07-17 05:00:00,星期五,2026-07-17,5.0,388.332,460.888,390.4826,417.0,465.8531,488.8429
2026-07-17 06:00:00,星期五,2026-07-17,6.0,385.273,450.2232,395.5972,405.01,461.7002,482.7934
2026-07-17 07:00:00,星期五,2026-07-17,7.0,370.543,410.2737,373.2831,380.515,430.3136,451.5832
2026-07-17 08:00:00,星期五,2026-07-17,8.0,376.193,422.7044,372.6021,373.0,441.2189,466.8442
2026-07-17 09:00:00,星期五,2026-07-17,9.0,390.139,409.724,331.5608,400.0,390.6602,393.9047
2026-07-17 10:00:00,星期五,2026-07-17,10.0,396.381,416.7414,263.3307,400.0,408.5065,425.664
2026-07-17 11:00:00,星期五,2026-07-17,11.0,422.4,407.518,241.1051,400.5,417.9898,441.2922
2026-07-17 12:00:00,星期五,2026-07-17,12.0,394.595,403.2513,232.8969,387.665,415.6657,424.7881
2026-07-17 13:00:00,星期五,2026-07-17,13.0,382.733,371.8625,174.4422,357.5,386.8595,400.9851
2026-07-17 14:00:00,星期五,2026-07-17,14.0,379.695,377.1773,228.2482,350.0,373.5849,389.3477
2026-07-17 15:00:00,星期五,2026-07-17,15.0,384.526,371.7138,280.5359,341.39,355.7676,364.5235
2026-07-17 16:00:00,星期五,2026-07-17,16.0,379.601,370.1548,358.9562,336.0,363.2899,373.743
2026-07-17 17:00:00,星期五,2026-07-17,17.0,370.808,391.9228,404.0726,391.938,367.2972,339.6293
2026-07-17 18:00:00,星期五,2026-07-17,18.0,366.203,407.7445,449.7477,415.0,390.0019,367.8072
2026-07-17 19:00:00,星期五,2026-07-17,19.0,361.383,419.4032,453.8986,426.87,402.6654,379.175
2026-07-17 20:00:00,星期五,2026-07-17,20.0,358.92,446.6045,437.112,440.0,404.2236,385.7401
2026-07-17 21:00:00,星期五,2026-07-17,21.0,368.608,441.5098,428.9655,397.5,402.7089,382.8603
2026-07-17 22:00:00,星期五,2026-07-17,22.0,361.627,432.0998,429.4811,415.465,408.411,384.1466
2026-07-17 23:00:00,星期五,2026-07-17,23.0,365.037,440.5339,422.9637,438.0,428.8726,405.7624
2026-07-18 00:00:00,星期五,2026-07-17,24.0,380.15,445.2278,416.0193,429.5,436.1361,415.2683
2026-07-18 01:00:00,星期六,2026-07-18,1.0,387.335,432.9547,418.4519,450.0,396.3036,392.4395
2026-07-18 02:00:00,星期六,2026-07-18,2.0,419.803,444.0665,414.461,525.0,407.8303,409.7759
2026-07-18 03:00:00,星期六,2026-07-18,3.0,388.446,417.3234,395.0415,463.49,383.1336,375.0661
2026-07-18 04:00:00,星期六,2026-07-18,4.0,393.422,407.6328,384.8775,436.25,382.383,376.4201
2026-07-18 05:00:00,星期六,2026-07-18,5.0,393.042,403.2827,391.2109,439.84,383.7388,375.7645
2026-07-18 06:00:00,星期六,2026-07-18,6.0,390.599,387.1202,391.8209,423.39,374.7392,373.8148
2026-07-18 07:00:00,星期六,2026-07-18,7.0,347.514,247.9054,345.1769,308.5,295.0583,272.7677
2026-07-18 08:00:00,星期六,2026-07-18,8.0,-77.939,160.1663,302.062,122.5,200.7849,162.8545
2026-07-18 09:00:00,星期六,2026-07-18,9.0,-80.0,8.4995,171.1168,50.0,61.4013,30.9049
2026-07-18 10:00:00,星期六,2026-07-18,10.0,-80.0,-64.9874,-80.0,26.0,-9.221,-38.6691
2026-07-18 11:00:00,星期六,2026-07-18,11.0,-39.441,-72.3185,-80.0,12.75,-29.1378,-56.1498
2026-07-18 12:00:00,星期六,2026-07-18,12.0,-7.276,-73.392,-80.0,30.0,-41.9935,-50.8124
2026-07-18 13:00:00,星期六,2026-07-18,13.0,1.426,-65.4434,-80.0,30.0,-23.1257,-13.7291
2026-07-18 14:00:00,星期六,2026-07-18,14.0,-24.004,-33.8718,107.8834,30.0,34.3276,18.2614
2026-07-18 15:00:00,星期六,2026-07-18,15.0,-33.791,17.6812,166.8023,41.0,82.2116,68.3103
2026-07-18 16:00:00,星期六,2026-07-18,16.0,177.127,149.3194,290.2313,262.0,197.1388,175.6735
2026-07-18 17:00:00,星期六,2026-07-18,17.0,391.898,338.7118,398.6885,378.453,349.6351,336.9818
2026-07-18 18:00:00,星期六,2026-07-18,18.0,397.904,393.5041,456.5532,506.25,442.5232,440.7209
2026-07-18 19:00:00,星期六,2026-07-18,19.0,453.67,425.4335,465.9224,566.195,488.1354,487.9675
2026-07-18 20:00:00,星期六,2026-07-18,20.0,433.362,444.043,454.2026,593.093,501.1418,501.8822
2026-07-18 21:00:00,星期六,2026-07-18,21.0,425.785,442.1358,443.7889,585.11,479.7998,496.6736
2026-07-18 22:00:00,星期六,2026-07-18,22.0,435.398,441.6087,433.8138,556.52,499.4104,493.9957
2026-07-18 23:00:00,星期六,2026-07-18,23.0,445.927,443.5137,422.2299,557.74,496.7904,494.9911
2026-07-19 00:00:00,星期六,2026-07-18,24.0,467.777,440.1326,412.6646,566.64,502.9768,495.9608
2026-07-19 01:00:00,星期日,2026-07-19,1.0,523.416,443.7625,407.3093,582.98,465.1961,466.3842
2026-07-19 02:00:00,星期日,2026-07-19,2.0,675.199,450.6859,406.3612,561.05,485.3717,479.2617
2026-07-19 03:00:00,星期日,2026-07-19,3.0,494.199,432.205,389.6236,530.79,459.7614,457.682
2026-07-19 04:00:00,星期日,2026-07-19,4.0,472.404,429.5258,380.8471,482.34,454.3726,450.4075
2026-07-19 05:00:00,星期日,2026-07-19,5.0,464.442,426.4871,385.3082,483.29,455.0098,453.9442
2026-07-19 06:00:00,星期日,2026-07-19,6.0,481.675,416.2498,391.6233,450.25,428.9952,443.55
2026-07-19 07:00:00,星期日,2026-07-19,7.0,385.706,327.0137,359.8213,376.305,351.9397,363.9144
2026-07-19 08:00:00,星期日,2026-07-19,8.0,357.248,186.5482,324.1192,311.0,234.275,265.8991
2026-07-19 09:00:00,星期日,2026-07-19,9.0,341.061,69.1838,186.9662,250.0,99.6551,163.5093
2026-07-19 10:00:00,星期日,2026-07-19,10.0,327.999,3.4397,85.234,130.88,44.581,81.9948
2026-07-19 11:00:00,星期日,2026-07-19,11.0,284.563,-10.1293,65.653,122.78,20.4374,48.1961
2026-07-19 12:00:00,星期日,2026-07-19,12.0,192.201,-18.1733,61.345,181.5,7.796,37.9373
2026-07-19 13:00:00,星期日,2026-07-19,13.0,8.906,-52.2148,-80.0,100.0,-6.7893,34.4844
2026-07-19 14:00:00,星期日,2026-07-19,14.0,132.589,3.1388,94.651,87.5,27.8898,56.6536
2026-07-19 15:00:00,星期日,2026-07-19,15.0,228.993,55.4219,173.7539,154.5,61.8666,96.6508
2026-07-19 16:00:00,星期日,2026-07-19,16.0,342.497,160.346,299.2737,280.0,180.2549,201.8904
2026-07-19 17:00:00,星期日,2026-07-19,17.0,361.201,329.8682,405.123,389.5,377.5005,378.7892
2026-07-19 18:00:00,星期日,2026-07-19,18.0,394.62,384.501,450.2375,485.125,460.7531,462.2887
2026-07-19 19:00:00,星期日,2026-07-19,19.0,398.305,413.3359,458.6916,540.0,483.8725,500.9108
2026-07-19 20:00:00,星期日,2026-07-19,20.0,390.561,417.8029,440.0706,529.77,491.3887,509.6675
2026-07-19 21:00:00,星期日,2026-07-19,21.0,386.506,404.6011,430.4497,507.3,477.753,493.9963
2026-07-19 22:00:00,星期日,2026-07-19,22.0,389.641,395.6016,423.0003,476.6,468.2278,474.5311
2026-07-19 23:00:00,星期日,2026-07-19,23.0,401.673,396.2831,420.1628,467.79,471.2411,469.6529
2026-07-20 00:00:00,星期日,2026-07-19,24.0,427.119,402.4283,409.6373,497.0,472.0352,471.1396
2026-07-20 01:00:00,星期一,2026-07-20,1.0,467.6,411.0504,400.6302,460.5,443.9522,459.3886
2026-07-20 02:00:00,星期一,2026-07-20,2.0,559.178,430.3895,403.3778,504.875,458.9653,477.0379
2026-07-20 03:00:00,星期一,2026-07-20,3.0,437.005,411.129,383.2221,450.0,427.6632,444.1139
2026-07-20 04:00:00,星期一,2026-07-20,4.0,419.128,403.9032,374.3517,442.0,423.1692,444.8106
2026-07-20 05:00:00,星期一,2026-07-20,5.0,430.766,409.0899,379.8476,441.0,417.4724,447.4195
2026-07-20 06:00:00,星期一,2026-07-20,6.0,423.226,394.2368,384.7427,441.0,409.6814,437.3382
2026-07-20 07:00:00,星期一,2026-07-20,7.0,355.154,296.6395,340.826,340.0,307.2978,326.2458
2026-07-20 08:00:00,星期一,2026-07-20,8.0,123.532,166.7605,285.1763,100.0,182.4519,190.8697
2026-07-20 09:00:00,星期一,2026-07-20,9.0,273.232,17.3611,152.572,59.0,73.0764,110.6382
2026-07-20 10:00:00,星期一,2026-07-20,10.0,246.618,-41.1919,66.1309,47.125,5.8568,36.9044
2026-07-20 11:00:00,星期一,2026-07-20,11.0,208.514,-86.6667,23.6534,10.5,-22.0209,-7.8433
2026-07-20 12:00:00,星期一,2026-07-20,12.0,76.937,-86.1334,8.6322,7.0,-21.1537,-10.3386
2026-07-20 13:00:00,星期一,2026-07-20,13.0,20.009,-85.6501,-80.0,13.0,-23.3894,-1.019
2026-07-20 14:00:00,星期一,2026-07-20,14.0,7.192,-67.5629,-80.0,49.18,-9.0359,24.5604
2026-07-20 15:00:00,星期一,2026-07-20,15.0,292.366,-38.7337,147.5778,113.5,39.6144,64.6969
2026-07-20 16:00:00,星期一,2026-07-20,16.0,393.802,95.7239,279.7002,211.75,160.2667,174.6775
2026-07-20 17:00:00,星期一,2026-07-20,17.0,423.57,296.3732,406.4448,380.405,341.1371,341.2709
2026-07-20 18:00:00,星期一,2026-07-20,18.0,640.46,373.8194,439.24,450.0,443.0873,424.43
2026-07-20 19:00:00,星期一,2026-07-20,19.0,754.235,405.0309,448.408,479.36,472.9521,457.8047
2026-07-20 20:00:00,星期一,2026-07-20,20.0,657.081,416.0523,436.9111,483.65,479.6656,467.6862
2026-07-20 21:00:00,星期一,2026-07-20,21.0,559.362,405.9353,427.0958,475.0,468.5464,453.9282
2026-07-20 22:00:00,星期一,2026-07-20,22.0,610.975,402.4882,422.6525,467.55,451.8128,448.1002
2026-07-20 23:00:00,星期一,2026-07-20,23.0,646.053,408.0867,419.3619,474.0,461.3494,449.9255
2026-07-21 00:00:00,星期一,2026-07-20,24.0,595.798,412.1455,413.6786,495.5,464.7317,458.1121
2026-07-21 01:00:00,星期二,2026-07-21,1.0,443.53,450.6686,415.4105,487.1,431.7208,446.4105
2026-07-21 02:00:00,星期二,2026-07-21,2.0,498.705,459.1104,414.4556,531.75,457.6486,471.156
2026-07-21 03:00:00,星期二,2026-07-21,3.0,461.658,439.346,395.2107,467.45,432.2804,449.937
2026-07-21 04:00:00,星期二,2026-07-21,4.0,467.934,434.2577,386.5518,458.6,430.0084,444.3879
2026-07-21 05:00:00,星期二,2026-07-21,5.0,462.522,436.9378,391.4927,460.5,435.1459,453.3179
2026-07-21 06:00:00,星期二,2026-07-21,6.0,465.966,430.3155,397.0384,460.5,433.3972,451.6179
2026-07-21 07:00:00,星期二,2026-07-21,7.0,384.19,337.003,361.8894,425.0,334.5592,359.1395
2026-07-21 08:00:00,星期二,2026-07-21,8.0,272.934,196.279,301.5758,244.9,181.1532,198.6544
2026-07-21 09:00:00,星期二,2026-07-21,9.0,23.373,49.3619,175.884,156.0,91.1665,147.2571
2026-07-21 10:00:00,星期二,2026-07-21,10.0,-38.906,-13.9996,69.6641,138.5,29.8818,75.8791
2026-07-21 11:00:00,星期二,2026-07-21,11.0,133.299,-19.1487,68.3435,88.75,10.8796,48.3437
2026-07-21 12:00:00,星期二,2026-07-21,12.0,185.081,-59.59,57.2981,80.0,-0.4599,46.9353
2026-07-21 13:00:00,星期二,2026-07-21,13.0,393.333,-57.3721,-80.0,81.0,2.2831,55.6543
2026-07-21 14:00:00,星期二,2026-07-21,14.0,82.539,5.5329,101.8694,106.0,38.4797,87.6898
2026-07-21 15:00:00,星期二,2026-07-21,15.0,242.707,72.258,171.7782,160.0,77.8328,139.0381
2026-07-21 16:00:00,星期二,2026-07-21,16.0,383.24,152.9574,289.3948,306.0,175.7633,235.1747
2026-07-21 17:00:00,星期二,2026-07-21,17.0,418.753,337.7855,403.3283,402.898,374.691,387.7585
2026-07-21 18:00:00,星期二,2026-07-21,18.0,508.867,400.2349,433.9637,537.225,473.0088,474.0387
2026-07-21 19:00:00,星期二,2026-07-21,19.0,585.57,425.3432,446.838,493.26,505.65,520.6254
2026-07-21 20:00:00,星期二,2026-07-21,20.0,517.65,438.7674,433.7246,495.55,516.2813,533.4728
2026-07-21 21:00:00,星期二,2026-07-21,21.0,513.882,428.205,422.0819,470.0,508.9256,514.6903
2026-07-21 22:00:00,星期二,2026-07-21,22.0,505.782,421.8077,423.7579,470.0,489.7805,503.0727
2026-07-21 23:00:00,星期二,2026-07-21,23.0,494.706,426.7501,416.4358,470.0,499.3832,501.8057
2026-07-22 00:00:00,星期二,2026-07-21,24.0,484.516,427.1931,411.6398,470.5,504.4719,508.0076
2026-07-22 01:00:00,星期三,2026-07-22,1.0,490.747,451.1632,407.3906,466.88,477.9155,498.0436
2026-07-22 02:00:00,星期三,2026-07-22,2.0,509.38,459.1177,407.0836,508.1,484.6299,510.9371
2026-07-22 03:00:00,星期三,2026-07-22,3.0,467.547,444.3284,391.0725,446.55,456.5715,472.433
2026-07-22 04:00:00,星期三,2026-07-22,4.0,461.74,439.1412,383.5031,446.55,449.8642,461.7372
2026-07-22 05:00:00,星期三,2026-07-22,5.0,466.866,440.2389,389.8007,457.5,452.2765,465.6409
2026-07-22 06:00:00,星期三,2026-07-22,6.0,462.114,431.9531,393.6982,459.0,448.9275,463.9848
2026-07-22 07:00:00,星期三,2026-07-22,7.0,360.406,339.5864,353.3164,362.5,379.9784,374.1565
2026-07-22 08:00:00,星期三,2026-07-22,8.0,325.797,230.4402,306.2576,253.25,242.6663,256.7835
2026-07-22 09:00:00,星期三,2026-07-22,9.0,347.37,138.2836,225.7227,200.0,155.7932,255.8838
2026-07-22 10:00:00,星期三,2026-07-22,10.0,344.087,80.8177,115.1737,206.0,108.5776,186.2759
2026-07-22 11:00:00,星期三,2026-07-22,11.0,344.422,70.0609,92.325,205.5,96.3576,161.48
2026-07-22 12:00:00,星期三,2026-07-22,12.0,208.265,69.7318,88.83,206.5,105.3245,170.2958
2026-07-22 13:00:00,星期三,2026-07-22,13.0,73.52,90.5181,56.5836,204.5,118.7181,181.158
2026-07-22 14:00:00,星期三,2026-07-22,14.0,57.523,118.4862,132.0893,199.0,126.0653,202.4743
2026-07-22 15:00:00,星期三,2026-07-22,15.0,266.877,227.587,228.2238,300.0,195.6803,268.7379
2026-07-22 16:00:00,星期三,2026-07-22,16.0,372.557,304.3661,344.1376,391.25,304.0778,370.5899
2026-07-22 17:00:00,星期三,2026-07-22,17.0,402.879,410.7271,407.7496,439.0,386.5653,388.6979
2026-07-22 18:00:00,星期三,2026-07-22,18.0,427.034,452.351,440.0225,495.81,475.5905,467.1304
2026-07-22 19:00:00,星期三,2026-07-22,19.0,433.715,473.0072,454.7434,504.95,499.935,500.3613
2026-07-22 20:00:00,星期三,2026-07-22,20.0,422.487,477.2507,438.8305,500.0,510.0109,513.7381
2026-07-22 21:00:00,星期三,2026-07-22,21.0,398.908,468.2371,430.3308,500.0,497.9706,496.1354
2026-07-22 22:00:00,星期三,2026-07-22,22.0,426.512,462.6737,421.2315,491.5,487.3343,487.1998
2026-07-22 23:00:00,星期三,2026-07-22,23.0,462.418,460.0197,421.8874,485.25,487.4946,484.9242
2026-07-23 00:00:00,星期三,2026-07-22,24.0,465.483,458.8018,416.7384,480.0,493.6329,486.6048
2026-07-23 01:00:00,星期四,2026-07-23,1.0,419.74,481.292,420.5989,484.3,483.3387,514.5664
2026-07-23 02:00:00,星期四,2026-07-23,2.0,438.356,484.2072,419.139,500.0,491.9799,527.9702
2026-07-23 03:00:00,星期四,2026-07-23,3.0,412.39,466.8475,398.7575,474.3,470.2455,492.6474
2026-07-23 04:00:00,星期四,2026-07-23,4.0,417.51,461.7502,390.3332,474.3,468.5394,486.7551
2026-07-23 05:00:00,星期四,2026-07-23,5.0,422.773,460.0235,395.6795,474.3,470.8895,485.9965
2026-07-23 06:00:00,星期四,2026-07-23,6.0,419.6,451.4332,400.6328,457.5,468.1368,482.1149
2026-07-23 07:00:00,星期四,2026-07-23,7.0,368.594,380.8095,366.1403,395.75,384.2981,392.8729
2026-07-23 08:00:00,星期四,2026-07-23,8.0,331.841,296.6278,330.5703,351.0,273.2084,281.7121
2026-07-23 09:00:00,星期四,2026-07-23,9.0,96.595,203.5299,262.799,329.5,247.1878,319.9202
2026-07-23 10:00:00,星期四,2026-07-23,10.0,-54.405,149.6343,159.9879,312.0,190.396,266.0792
2026-07-23 11:00:00,星期四,2026-07-23,11.0,-47.222,168.5954,147.2617,300.0,174.2381,244.4275
2026-07-23 12:00:00,星期四,2026-07-23,12.0,-25.979,182.4623,138.0121,300.0,196.685,260.4698
2026-07-23 13:00:00,星期四,2026-07-23,13.0,65.132,189.2562,117.7554,300.0,210.1091,277.9778
2026-07-23 14:00:00,星期四,2026-07-23,14.0,25.142,215.4061,190.8827,300.0,233.2405,307.2884
2026-07-23 15:00:00,星期四,2026-07-23,15.0,314.202,293.5658,276.8937,348.25,297.8764,372.3404
2026-07-23 16:00:00,星期四,2026-07-23,16.0,383.492,383.6981,382.1226,417.4,384.6782,474.7333
2026-07-23 17:00:00,星期四,2026-07-23,17.0,410.238,432.5895,416.8209,471.5,424.2463,439.4702
2026-07-23 18:00:00,星期四,2026-07-23,18.0,431.919,476.2692,458.2805,511.5,485.165,502.8458
2026-07-23 19:00:00,星期四,2026-07-23,19.0,441.783,492.6645,468.3232,520.5,512.1337,524.5068
2026-07-23 20:00:00,星期四,2026-07-23,20.0,446.65,497.4489,447.7681,510.0,514.2228,533.3581
2026-07-23 21:00:00,星期四,2026-07-23,21.0,434.063,488.4601,440.5499,504.75,509.7215,522.7401
2026-07-23 22:00:00,星期四,2026-07-23,22.0,439.371,486.0381,432.7825,497.8,502.476,518.571
2026-07-23 23:00:00,星期四,2026-07-23,23.0,445.747,486.1888,422.2831,494.0,503.958,527.3273
2026-07-24 00:00:00,星期四,2026-07-23,24.0,441.834,479.4369,416.2928,493.5,502.7921,522.8259
2026-07-24 01:00:00,星期五,2026-07-24,1.0,449.068,472.8354,416.3327,442.65,487.2773,513.7697
2026-07-24 02:00:00,星期五,2026-07-24,2.0,468.003,481.1403,419.675,450.0,494.5596,522.9185
2026-07-24 03:00:00,星期五,2026-07-24,3.0,443.588,458.0201,397.0453,420.0,470.2503,484.4231
2026-07-24 04:00:00,星期五,2026-07-24,4.0,430.965,454.3528,388.7447,420.0,466.0956,478.1492
2026-07-24 05:00:00,星期五,2026-07-24,5.0,427.192,448.9004,392.3953,420.0,460.4233,471.843
2026-07-24 06:00:00,星期五,2026-07-24,6.0,424.205,446.2342,398.2964,404.13,457.5883,466.2263
2026-07-24 07:00:00,星期五,2026-07-24,7.0,399.255,388.768,369.6593,367.735,393.8749,394.7334
2026-07-24 08:00:00,星期五,2026-07-24,8.0,398.129,312.0143,343.159,352.78,330.841,322.8517
2026-07-24 09:00:00,星期五,2026-07-24,9.0,410.708,274.4035,299.6713,360.52,263.4282,296.3131
2026-07-24 10:00:00,星期五,2026-07-24,10.0,404.78,222.722,198.1365,346.238,234.0252,264.6462
2026-07-24 11:00:00,星期五,2026-07-24,11.0,363.544,209.0346,167.5151,328.5,217.3872,253.9901
2026-07-24 12:00:00,星期五,2026-07-24,12.0,381.975,217.7032,153.1399,297.0,224.6879,260.2761
2026-07-24 13:00:00,星期五,2026-07-24,13.0,377.297,216.6983,117.4941,277.5,224.6114,266.7373
2026-07-24 14:00:00,星期五,2026-07-24,14.0,374.494,233.3004,188.0854,285.82,233.7912,280.9423
2026-07-24 15:00:00,星期五,2026-07-24,15.0,390.598,284.6245,278.1611,350.0,272.2072,326.7399
2026-07-24 16:00:00,星期五,2026-07-24,16.0,412.442,373.878,382.8329,395.5,357.5801,421.1402
2026-07-24 17:00:00,星期五,2026-07-24,17.0,434.896,422.2291,410.078,450.0,393.92,403.1483
2026-07-24 18:00:00,星期五,2026-07-24,18.0,456.655,455.1736,447.7766,451.03,452.8122,462.5177
2026-07-24 19:00:00,星期五,2026-07-24,19.0,473.102,473.6073,452.7201,479.165,479.6875,489.9417
2026-07-24 20:00:00,星期五,2026-07-24,20.0,467.651,476.2124,433.5101,485.52,481.0335,499.7472
2026-07-24 21:00:00,星期五,2026-07-24,21.0,481.363,469.7405,423.2178,478.813,479.994,497.1292
2026-07-24 22:00:00,星期五,2026-07-24,22.0,475.218,470.8454,415.4372,484.7,476.1605,498.5209
2026-07-24 23:00:00,星期五,2026-07-24,23.0,478.481,474.1924,420.3526,477.203,480.7602,504.3895
2026-07-25 00:00:00,星期五,2026-07-24,24.0,482.194,464.5028,415.7119,488.92,474.7021,496.1301
2026-07-25 01:00:00,星期六,2026-07-25,1.0,436.334,464.4145,417.1086,451.5,482.0774,511.5721
2026-07-25 02:00:00,星期六,2026-07-25,2.0,447.837,471.4271,417.0551,485.5,495.5552,516.7881
2026-07-25 03:00:00,星期六,2026-07-25,3.0,422.012,449.5549,397.4934,442.19,458.0985,481.9849
2026-07-25 04:00:00,星期六,2026-07-25,4.0,416.322,444.6399,389.5592,436.0,454.2868,475.2367
2026-07-25 05:00:00,星期六,2026-07-25,5.0,413.103,440.333,393.796,429.23,448.4069,466.2278
2026-07-25 06:00:00,星期六,2026-07-25,6.0,414.053,438.3805,398.5748,431.5,446.5692,466.3494
2026-07-25 07:00:00,星期六,2026-07-25,7.0,373.612,376.5213,369.7818,370.125,390.6689,393.6893
2026-07-25 08:00:00,星期六,2026-07-25,8.0,357.94,260.988,338.4323,360.0,317.9541,325.8949
2026-07-25 09:00:00,星期六,2026-07-25,9.0,348.209,218.7646,259.3928,360.0,256.3711,270.4328
2026-07-25 10:00:00,星期六,2026-07-25,10.0,325.561,156.1373,159.198,338.0,229.7665,243.759
2026-07-25 11:00:00,星期六,2026-07-25,11.0,349.115,148.381,139.9316,318.5,216.7459,240.0241
2026-07-25 12:00:00,星期六,2026-07-25,12.0,219.49,151.3984,149.5914,299.09,222.958,242.7895
2026-07-25 13:00:00,星期六,2026-07-25,13.0,49.221,149.5702,117.3317,257.44,232.1608,256.2576
2026-07-25 14:00:00,星期六,2026-07-25,14.0,363.489,181.5944,183.279,308.0,256.8081,288.5273
2026-07-25 15:00:00,星期六,2026-07-25,15.0,391.07,259.7964,262.2682,326.25,296.0761,332.9762
2026-07-25 16:00:00,星期六,2026-07-25,16.0,400.068,343.7761,365.6024,387.59,372.4101,418.8529
2026-07-25 17:00:00,星期六,2026-07-25,17.0,419.324,402.9084,401.5202,435.0,418.5373,414.5213
2026-07-25 18:00:00,星期六,2026-07-25,18.0,426.529,428.5208,451.1045,459.5,452.4842,457.1932
2026-07-25 19:00:00,星期六,2026-07-25,19.0,458.001,442.0396,464.4453,489.1,473.1362,468.7355
2026-07-25 20:00:00,星期六,2026-07-25,20.0,479.076,449.8446,450.239,491.75,478.2979,475.2542
2026-07-25 21:00:00,星期六,2026-07-25,21.0,490.325,437.2895,441.1015,428.09,470.2917,464.6284
2026-07-25 22:00:00,星期六,2026-07-25,22.0,483.066,438.3666,430.5183,467.0,466.2793,463.8431
2026-07-25 23:00:00,星期六,2026-07-25,23.0,467.582,444.8802,419.6282,463.5,477.2648,476.2916
2026-07-26 00:00:00,星期六,2026-07-25,24.0,461.38,439.4504,414.8081,469.5,471.7302,473.8323
2026-07-26 01:00:00,星期日,2026-07-26,1.0,437.265,477.8029,413.7179,453.25,492.9495,510.3188
2026-07-26 02:00:00,星期日,2026-07-26,2.0,462.379,493.6919,412.488,479.025,512.5502,524.6084
2026-07-26 03:00:00,星期日,2026-07-26,3.0,431.673,467.4301,387.2267,468.0,470.971,484.9902
2026-07-26 04:00:00,星期日,2026-07-26,4.0,416.289,464.3791,379.1815,430.0,465.6838,476.1872
2026-07-26 05:00:00,星期日,2026-07-26,5.0,408.897,457.753,383.5213,423.21,457.2359,466.3395
2026-07-26 06:00:00,星期日,2026-07-26,6.0,405.662,456.2749,389.1912,422.625,460.1284,468.6287
2026-07-26 07:00:00,星期日,2026-07-26,7.0,357.214,394.5211,363.7169,421.75,387.7852,398.0361
2026-07-26 08:00:00,星期日,2026-07-26,8.0,324.09,331.2047,336.874,349.5,345.9935,326.2095
2026-07-26 09:00:00,星期日,2026-07-26,9.0,113.157,285.7227,293.5202,377.5,281.7564,306.1217
2026-07-26 10:00:00,星期日,2026-07-26,10.0,-59.658,209.8546,194.2723,360.93,256.1527,283.6881
2026-07-26 11:00:00,星期日,2026-07-26,11.0,90.173,216.5331,166.1625,367.62,260.7553,287.028
2026-07-26 12:00:00,星期日,2026-07-26,12.0,250.673,228.6869,172.1946,289.5,263.2729,284.7736
2026-07-26 13:00:00,星期日,2026-07-26,13.0,214.475,213.6561,134.378,276.83,253.1442,279.8016
2026-07-26 14:00:00,星期日,2026-07-26,14.0,118.953,233.4326,205.1235,348.13,273.4329,302.9824
2026-07-26 15:00:00,星期日,2026-07-26,15.0,285.291,322.6101,291.0992,384.52,314.4514,363.192
2026-07-26 16:00:00,星期日,2026-07-26,16.0,407.334,395.9555,387.6232,400.0,386.925,444.375
2026-07-26 17:00:00,星期日,2026-07-26,17.0,407.741,432.1941,408.0769,458.98,428.2205,420.6649
2026-07-26 18:00:00,星期日,2026-07-26,18.0,435.009,461.513,453.9169,480.0,464.2643,467.0687
2026-07-26 19:00:00,星期日,2026-07-26,19.0,449.838,470.9797,463.2928,496.0,482.5455,481.5058
2026-07-26 20:00:00,星期日,2026-07-26,20.0,459.978,473.5434,449.6674,491.9,484.7838,483.9094
2026-07-26 21:00:00,星期日,2026-07-26,21.0,460.963,465.4216,441.709,500.0,473.3469,468.5729
2026-07-26 22:00:00,星期日,2026-07-26,22.0,454.068,461.4323,429.0666,485.15,466.1673,462.8934
2026-07-26 23:00:00,星期日,2026-07-26,23.0,452.807,466.1625,417.8832,480.0,472.1086,472.3023
2026-07-27 00:00:00,星期日,2026-07-26,24.0,430.815,463.224,414.0728,452.5,474.3267,475.2149
2026-07-27 01:00:00,星期一,2026-07-27,1.0,433.682,477.0428,448.99,445.99,473.7514,493.3065
2026-07-27 02:00:00,星期一,2026-07-27,2.0,467.104,487.6102,461.4798,460.0,485.01,500.5822
2026-07-27 03:00:00,星期一,2026-07-27,3.0,416.232,459.5204,422.7077,427.0,456.5196,466.7944
2026-07-27 04:00:00,星期一,2026-07-27,4.0,384.958,453.8638,418.093,415.5,446.6172,458.3076
2026-07-27 05:00:00,星期一,2026-07-27,5.0,379.337,448.4995,418.8963,416.0,439.5372,445.0427
2026-07-27 06:00:00,星期一,2026-07-27,6.0,384.171,445.6904,424.2919,423.875,439.7893,446.3523
2026-07-27 07:00:00,星期一,2026-07-27,7.0,350.88,378.8755,375.7178,390.0,378.9374,384.2158
2026-07-27 08:00:00,星期一,2026-07-27,8.0,331.169,283.6475,352.7309,372.0,303.2946,315.8447
2026-07-27 09:00:00,星期一,2026-07-27,9.0,342.003,314.0339,366.1065,379.5,309.037,338.6324
2026-07-27 10:00:00,星期一,2026-07-27,10.0,383.147,255.8853,304.2183,331.08,281.5855,323.7115
2026-07-27 11:00:00,星期一,2026-07-27,11.0,414.868,236.1687,315.3796,343.56,273.2022,311.2809
2026-07-27 12:00:00,星期一,2026-07-27,12.0,386.371,254.7247,325.5166,368.0,274.192,308.0663
2026-07-27 13:00:00,星期一,2026-07-27,13.0,371.979,253.5753,322.6596,370.5,272.2207,304.0271
2026-07-27 14:00:00,星期一,2026-07-27,14.0,392.017,281.8534,341.4957,358.12,286.8414,328.9248
2026-07-27 15:00:00,星期一,2026-07-27,15.0,412.308,342.7386,382.5685,366.805,342.312,387.4986
2026-07-27 16:00:00,星期一,2026-07-27,16.0,426.311,416.8086,433.5889,415.253,410.2404,467.4978
2026-07-27 17:00:00,星期一,2026-07-27,17.0,418.766,425.1756,441.9518,470.0,423.6232,412.9509
2026-07-27 18:00:00,星期一,2026-07-27,18.0,433.426,477.8648,472.6085,491.125,462.6307,461.2008
2026-07-27 19:00:00,星期一,2026-07-27,19.0,431.811,490.7687,486.6651,510.875,483.1338,489.9434
2026-07-27 20:00:00,星期一,2026-07-27,20.0,423.808,497.7601,486.6169,513.5,492.5895,494.8172
2026-07-27 21:00:00,星期一,2026-07-27,21.0,419.533,487.0461,478.1598,507.5,485.9826,486.5409
2026-07-27 22:00:00,星期一,2026-07-27,22.0,426.273,475.6261,455.0001,480.0,477.0447,474.2495
2026-07-27 23:00:00,星期一,2026-07-27,23.0,422.736,471.4888,466.2153,479.5,479.261,474.9532
2026-07-28 00:00:00,星期一,2026-07-27,24.0,416.337,469.4048,464.5516,478.0,477.9763,470.277
2026-07-28 01:00:00,星期二,2026-07-28,1.0,418.74,462.5728,417.5804,449.84,489.7665,510.8755
2026-07-28 02:00:00,星期二,2026-07-28,2.0,438.622,465.2481,414.7372,473.0,499.0218,515.0765
2026-07-28 03:00:00,星期二,2026-07-28,3.0,415.305,447.7498,390.0281,419.45,467.5572,479.2903
2026-07-28 04:00:00,星期二,2026-07-28,4.0,399.358,442.3938,380.6806,420.0,455.3897,471.6358
2026-07-28 05:00:00,星期二,2026-07-28,5.0,395.283,438.3572,384.4001,410.0,448.6575,460.6878
2026-07-28 06:00:00,星期二,2026-07-28,6.0,399.914,434.7039,391.4555,404.5,448.4165,461.9452
2026-07-28 07:00:00,星期二,2026-07-28,7.0,356.9,373.9778,364.6909,378.35,391.4805,399.4742
2026-07-28 08:00:00,星期二,2026-07-28,8.0,336.936,289.2786,333.2595,374.5,329.358,322.844
2026-07-28 09:00:00,星期二,2026-07-28,9.0,348.594,312.1158,287.8371,350.5,294.9526,321.7103
2026-07-28 10:00:00,星期二,2026-07-28,10.0,383.962,248.3884,191.3446,308.5,261.9842,303.1547
2026-07-28 11:00:00,星期二,2026-07-28,11.0,366.222,235.6511,162.4206,300.5,262.9302,306.3063
2026-07-28 12:00:00,星期二,2026-07-28,12.0,384.643,242.2502,167.0686,312.0,267.6303,305.4938
2026-07-28 13:00:00,星期二,2026-07-28,13.0,395.976,232.318,126.4445,300.25,265.7508,303.393
2026-07-28 14:00:00,星期二,2026-07-28,14.0,377.283,256.4375,189.04,302.48,272.0857,317.3335
2026-07-28 15:00:00,星期二,2026-07-28,15.0,384.491,307.8012,270.8454,352.5,311.8017,358.14
2026-07-28 16:00:00,星期二,2026-07-28,16.0,407.68,380.359,371.5607,401.5,392.0176,448.283
2026-07-28 17:00:00,星期二,2026-07-28,17.0,424.76,378.9294,401.7515,450.0,421.5439,422.9674
2026-07-28 18:00:00,星期二,2026-07-28,18.0,423.816,421.4505,441.9954,465.0,472.7546,482.6904
2026-07-28 19:00:00,星期二,2026-07-28,19.0,447.701,459.7192,451.5693,500.0,511.219,515.4186
2026-07-28 20:00:00,星期二,2026-07-28,20.0,439.496,461.9469,436.0357,490.0,524.0889,523.1936
2026-07-28 21:00:00,星期二,2026-07-28,21.0,443.727,452.1928,425.8049,490.0,513.973,514.394
2026-07-28 22:00:00,星期二,2026-07-28,22.0,434.218,441.3528,414.131,470.0,496.1618,497.842
2026-07-28 23:00:00,星期二,2026-07-28,23.0,430.145,431.32,412.791,470.78,480.921,479.0172
2026-07-29 00:00:00,星期二,2026-07-28,24.0,427.871,427.2803,410.655,444.37,470.3041,473.0335
2026-07-29 01:00:00,星期三,2026-07-29,1.0,412.521,450.7365,399.6294,429.5,457.9152,465.6447
2026-07-29 02:00:00,星期三,2026-07-29,2.0,438.121,454.3066,403.6215,443.0,465.727,465.5825
2026-07-29 03:00:00,星期三,2026-07-29,3.0,414.943,437.0748,384.8323,417.5,429.6257,437.6537
2026-07-29 04:00:00,星期三,2026-07-29,4.0,403.872,430.7982,380.8549,410.0,427.7198,432.7337
2026-07-29 05:00:00,星期三,2026-07-29,5.0,407.732,431.8963,384.2965,410.0,422.1921,424.9376
2026-07-29 06:00:00,星期三,2026-07-29,6.0,407.264,432.7832,387.7738,410.0,425.7083,436.9611
2026-07-29 07:00:00,星期三,2026-07-29,7.0,365.511,363.8922,357.7385,380.0,370.4958,370.0475
2026-07-29 08:00:00,星期三,2026-07-29,8.0,332.638,283.4651,331.2872,350.0,319.0474,303.8446
2026-07-29 09:00:00,星期三,2026-07-29,9.0,319.618,324.5425,300.4376,350.0,297.8567,319.7264
2026-07-29 10:00:00,星期三,2026-07-29,10.0,81.678,253.1841,205.3679,332.5,279.8856,308.3496
2026-07-29 11:00:00,星期三,2026-07-29,11.0,229.062,260.0358,183.6123,320.0,280.5218,308.3411
2026-07-29 12:00:00,星期三,2026-07-29,12.0,385.738,256.8791,189.7707,310.0,293.5306,321.2915
2026-07-29 13:00:00,星期三,2026-07-29,13.0,417.156,261.3754,154.7075,314.84,312.4995,345.8577
2026-07-29 14:00:00,星期三,2026-07-29,14.0,395.699,300.539,215.7761,330.0,322.504,365.2309
2026-07-29 15:00:00,星期三,2026-07-29,15.0,434.722,364.9203,286.8318,365.0,363.7361,408.3652
2026-07-29 16:00:00,星期三,2026-07-29,16.0,466.684,444.7229,390.6762,402.0,442.4415,493.6243
2026-07-29 17:00:00,星期三,2026-07-29,17.0,470.12,388.1849,401.1044,425.51,417.9649,412.9129
2026-07-29 18:00:00,星期三,2026-07-29,18.0,491.91,427.9875,447.4494,452.5,458.9019,469.3035
2026-07-29 19:00:00,星期三,2026-07-29,19.0,510.124,445.6671,452.2093,483.025,492.2734,506.0616
2026-07-29 20:00:00,星期三,2026-07-29,20.0,502.451,449.4245,441.3881,485.0,514.8117,518.6325
2026-07-29 21:00:00,星期三,2026-07-29,21.0,481.607,440.0438,430.0418,480.0,506.1861,513.6038
2026-07-29 22:00:00,星期三,2026-07-29,22.0,464.074,434.1641,419.0641,470.0,493.1922,487.8291
2026-07-29 23:00:00,星期三,2026-07-29,23.0,458.036,424.6492,411.7558,457.5,475.2955,466.9877
2026-07-30 00:00:00,星期三,2026-07-29,24.0,453.123,417.1619,402.6913,444.55,467.9208,467.9734
2026-07-30 01:00:00,星期四,2026-07-30,1.0,416.397,430.821,397.7464,439.0,418.4323,427.9825
2026-07-30 02:00:00,星期四,2026-07-30,2.0,435.14,435.9476,400.3006,460.0,422.7473,428.4537
2026-07-30 03:00:00,星期四,2026-07-30,3.0,404.714,411.7329,380.507,420.0,396.3596,398.186
2026-07-30 04:00:00,星期四,2026-07-30,4.0,392.792,406.3995,372.5124,400.0,391.4086,388.4143
2026-07-30 05:00:00,星期四,2026-07-30,5.0,391.736,401.0637,375.237,400.0,383.6735,377.0038
2026-07-30 06:00:00,星期四,2026-07-30,6.0,393.429,401.7992,380.2514,400.0,386.9719,384.1946
2026-07-30 07:00:00,星期四,2026-07-30,7.0,358.277,328.1183,347.7287,350.0,330.9613,325.6594
2026-07-30 08:00:00,星期四,2026-07-30,8.0,327.484,233.6649,310.2037,285.0,277.0717,258.6288
2026-07-30 09:00:00,星期四,2026-07-30,9.0,257.593,235.5626,276.5192,275.0,240.4555,216.9514
2026-07-30 10:00:00,星期四,2026-07-30,10.0,218.76,159.293,172.1887,260.0,205.692,185.2435
2026-07-30 11:00:00,星期四,2026-07-30,11.0,387.449,175.9473,138.778,269.0,205.175,192.3865
2026-07-30 12:00:00,星期四,2026-07-30,12.0,396.664,185.6141,143.8761,221.0,220.4958,204.053
2026-07-30 13:00:00,星期四,2026-07-30,13.0,421.203,189.1531,118.1596,175.9,229.7863,223.9459
2026-07-30 14:00:00,星期四,2026-07-30,14.0,427.232,204.5743,177.8405,295.6,242.926,240.7632
2026-07-30 15:00:00,星期四,2026-07-30,15.0,466.275,290.1586,273.5875,314.2,302.2827,307.6099
2026-07-30 16:00:00,星期四,2026-07-30,16.0,457.403,376.0072,374.987,356.0,373.2531,393.4847
2026-07-30 17:00:00,星期四,2026-07-30,17.0,492.7,378.41,412.3461,400.5,378.9609,375.0465
2026-07-30 18:00:00,星期四,2026-07-30,18.0,513.263,422.7623,451.5853,432.5,431.9457,434.1305
2026-07-30 19:00:00,星期四,2026-07-30,19.0,535.839,444.1521,460.1578,478.5,472.8515,464.8544
2026-07-30 20:00:00,星期四,2026-07-30,20.0,527.429,446.1723,445.3184,464.0,484.727,474.1581
2026-07-30 21:00:00,星期四,2026-07-30,21.0,512.935,435.2334,437.4039,469.0,478.9649,464.1799
2026-07-30 22:00:00,星期四,2026-07-30,22.0,506.5,422.398,425.3784,447.5,437.2688,438.8337
2026-07-30 23:00:00,星期四,2026-07-30,23.0,467.702,416.5581,415.0757,437.85,429.1463,421.0717
2026-07-31 00:00:00,星期四,2026-07-30,24.0,455.564,402.3133,410.3086,434.75,424.0336,409.6521
2026-07-31 01:00:00,星期五,2026-07-31,1.0,409.594,419.3825,395.0132,418.4,439.0401,441.5565
2026-07-31 02:00:00,星期五,2026-07-31,2.0,426.486,418.3243,395.0383,439.0,445.8854,447.4184
2026-07-31 03:00:00,星期五,2026-07-31,3.0,391.483,398.4234,373.4301,410.0,407.7375,415.9926
2026-07-31 04:00:00,星期五,2026-07-31,4.0,380.182,383.3789,367.2563,400.0,400.3036,401.0434
2026-07-31 05:00:00,星期五,2026-07-31,5.0,377.532,382.8844,368.9702,400.0,390.7061,392.6948
2026-07-31 06:00:00,星期五,2026-07-31,6.0,377.73,381.1649,373.2258,400.0,392.4402,395.7447
2026-07-31 07:00:00,星期五,2026-07-31,7.0,333.776,295.3909,336.4664,357.5,307.148,325.1591
2026-07-31 08:00:00,星期五,2026-07-31,8.0,152.538,181.0244,296.9192,299.5,219.8827,247.3053
2026-07-31 09:00:00,星期五,2026-07-31,9.0,-45.539,173.8311,220.0951,248.788,137.7304,174.5393
2026-07-31 10:00:00,星期五,2026-07-31,10.0,17.172,116.5931,105.2018,147.0,110.1524,139.0401
2026-07-31 11:00:00,星期五,2026-07-31,11.0,92.107,84.5431,94.3763,185.0,107.6744,131.0563
2026-07-31 12:00:00,星期五,2026-07-31,12.0,210.966,100.2904,92.719,177.0,114.433,131.6084
2026-07-31 13:00:00,星期五,2026-07-31,13.0,268.304,93.6541,72.9428,145.75,109.1962,138.4275
2026-07-31 14:00:00,星期五,2026-07-31,14.0,233.267,100.5676,126.139,148.5,122.9812,158.5819
2026-07-31 15:00:00,星期五,2026-07-31,15.0,205.558,171.2339,210.7337,272.5,174.4085,216.763
2026-07-31 16:00:00,星期五,2026-07-31,16.0,353.789,300.157,331.9572,341.0,293.2398,319.602
2026-07-31 17:00:00,星期五,2026-07-31,17.0,412.258,300.195,407.6822,409.425,366.6446,360.7818
2026-07-31 18:00:00,星期五,2026-07-31,18.0,453.001,389.785,454.5437,460.0,430.1129,441.901
2026-07-31 19:00:00,星期五,2026-07-31,19.0,553.657,421.3911,464.9142,489.5,490.8906,495.8924
2026-07-31 20:00:00,星期五,2026-07-31,20.0,502.769,433.0365,451.2263,489.5,500.8749,517.0051
2026-07-31 21:00:00,星期五,2026-07-31,21.0,477.384,422.2952,437.8174,482.5,504.9589,504.6803
2026-07-31 22:00:00,星期五,2026-07-31,22.0,488.604,413.3423,423.7985,449.734,473.6497,482.6686
2026-07-31 23:00:00,星期五,2026-07-31,23.0,514.274,407.4156,408.6592,440.0,457.9234,460.1955
2026-08-01 00:00:00,星期五,2026-07-31,24.0,480.68,406.2179,418.0963,446.0,467.6986,467.9872
2026-08-01 01:00:00,星期六,2026-08-01,1.0,439.284,414.9022,407.1967,413.5,443.4922,472.4509
2026-08-01 02:00:00,星期六,2026-08-01,2.0,446.99,420.1233,400.2477,420.0,447.882,468.7445
2026-08-01 03:00:00,星期六,2026-08-01,3.0,397.314,396.8263,384.0368,413.5,411.3276,429.6472
2026-08-01 04:00:00,星期六,2026-08-01,4.0,380.822,389.0598,373.3572,422.5,406.3293,418.0851
2026-08-01 05:00:00,星期六,2026-08-01,5.0,366.175,382.4447,376.2761,417.5,394.4756,401.6344
2026-08-01 06:00:00,星期六,2026-08-01,6.0,365.526,380.903,380.598,379.36,396.0513,408.0902
2026-08-01 07:00:00,星期六,2026-08-01,7.0,331.102,299.1443,342.2691,334.0,329.8843,332.5375
2026-08-01 08:00:00,星期六,2026-08-01,8.0,249.998,212.8112,305.7951,213.375,251.4519,256.2068
2026-08-01 09:00:00,星期六,2026-08-01,9.0,-34.47,162.5629,204.981,200.0,204.9338,279.2077
2026-08-01 10:00:00,星期六,2026-08-01,10.0,-5.269,132.057,115.157,170.875,193.5249,263.6436
2026-08-01 11:00:00,星期六,2026-08-01,11.0,68.087,177.3225,107.1614,190.0,221.0503,283.785
2026-08-01 12:00:00,星期六,2026-08-01,12.0,58.479,222.4601,128.6618,177.65,254.5604,312.8364
2026-08-01 13:00:00,星期六,2026-08-01,13.0,88.514,266.3747,94.198,196.0,278.3498,338.8963
2026-08-01 14:00:00,星期六,2026-08-01,14.0,182.651,287.9622,151.7455,247.5,293.7599,357.3806
2026-08-01 15:00:00,星期六,2026-08-01,15.0,332.476,322.4721,229.7615,313.065,346.7909,396.9075
2026-08-01 16:00:00,星期六,2026-08-01,16.0,381.789,404.6113,344.4001,374.0,429.2359,485.617
2026-08-01 17:00:00,星期六,2026-08-01,17.0,407.281,416.1925,422.9127,461.9,428.5982,434.9428
2026-08-01 18:00:00,星期六,2026-08-01,18.0,444.376,493.5635,472.6332,479.0,505.7328,521.378
2026-08-01 19:00:00,星期六,2026-08-01,19.0,474.549,515.3275,478.0117,510.0,567.9302,572.1819
2026-08-01 20:00:00,星期六,2026-08-01,20.0,463.866,514.4699,457.4877,510.0,575.8032,591.0802
2026-08-01 21:00:00,星期六,2026-08-01,21.0,465.911,502.1467,451.7795,510.0,558.7697,577.1825
2026-08-01 22:00:00,星期六,2026-08-01,22.0,484.327,480.8191,443.6927,482.5,522.989,534.2726
2026-08-01 23:00:00,星期六,2026-08-01,23.0,490.553,472.4343,434.2235,470.0,489.918,500.0499
2026-08-02 00:00:00,星期六,2026-08-01,24.0,466.29,478.1006,429.1123,478.11,485.0501,493.5338
2026-08-02 01:00:00,星期日,2026-08-02,1.0,443.357,440.7617,412.3233,445.66,453.1686,476.5482
2026-08-02 02:00:00,星期日,2026-08-02,2.0,467.78,440.2073,411.9865,462.0,463.5316,488.2333
2026-08-02 03:00:00,星期日,2026-08-02,3.0,433.741,430.3015,391.12,434.69,442.7028,459.8282
2026-08-02 04:00:00,星期日,2026-08-02,4.0,417.944,429.5802,382.6513,415.0,438.8815,450.124
2026-08-02 05:00:00,星期日,2026-08-02,5.0,414.406,425.7633,386.7411,410.0,430.2504,442.3553
2026-08-02 06:00:00,星期日,2026-08-02,6.0,411.147,422.0394,390.259,411.25,421.8629,445.9859
2026-08-02 07:00:00,星期日,2026-08-02,7.0,355.53,335.7045,356.9073,343.41,345.2899,369.9032
2026-08-02 08:00:00,星期日,2026-08-02,8.0,202.503,201.2393,315.0204,283.72,215.6035,265.7657
2026-08-02 09:00:00,星期日,2026-08-02,9.0,-34.999,191.9734,235.6882,100.0,161.0402,154.9448
2026-08-02 10:00:00,星期日,2026-08-02,10.0,-6.032,137.1435,122.5777,99.5,133.9064,124.8515
2026-08-02 11:00:00,星期日,2026-08-02,11.0,275.976,171.0126,117.3625,100.0,159.1872,148.2088
2026-08-02 12:00:00,星期日,2026-08-02,12.0,350.542,215.2891,133.6793,150.0,201.1411,195.8848
2026-08-02 13:00:00,星期日,2026-08-02,13.0,374.167,227.9417,96.9781,150.0,215.6943,213.5081
2026-08-02 14:00:00,星期日,2026-08-02,14.0,366.362,220.3796,157.9587,192.5,225.9003,238.3875
2026-08-02 15:00:00,星期日,2026-08-02,15.0,372.065,299.3273,229.1503,276.25,288.4574,291.0845
2026-08-02 16:00:00,星期日,2026-08-02,16.0,414.601,380.7541,361.4098,382.34,391.8983,395.2693
2026-08-02 17:00:00,星期日,2026-08-02,17.0,457.874,421.3729,421.3645,429.0,419.2183,423.9844
2026-08-02 18:00:00,星期日,2026-08-02,18.0,537.101,495.613,470.7261,475.4,516.2823,521.5209
2026-08-02 19:00:00,星期日,2026-08-02,19.0,570.604,531.9014,481.5405,528.5,577.0417,580.482
2026-08-02 20:00:00,星期日,2026-08-02,20.0,544.807,534.6649,453.8658,515.0,597.1109,594.6061
2026-08-02 21:00:00,星期日,2026-08-02,21.0,575.618,521.8519,442.4234,495.16,580.2658,578.2973
2026-08-02 22:00:00,星期日,2026-08-02,22.0,588.432,506.361,431.5211,505.0,562.7284,555.5493
2026-08-02 23:00:00,星期日,2026-08-02,23.0,565.525,496.2173,433.007,484.0,520.5393,516.9963
2026-08-03 00:00:00,星期日,2026-08-02,24.0,538.494,488.0187,426.866,470.39,511.9632,512.1633
2026-08-03 01:00:00,星期一,2026-08-03,1.0,533.494,455.9177,427.6552,455.0,494.8836,517.1979
2026-08-03 02:00:00,星期一,2026-08-03,2.0,561.522,447.3041,429.4264,474.625,503.1147,526.8842
2026-08-03 03:00:00,星期一,2026-08-03,3.0,526.988,446.4893,410.9609,444.5,476.4165,492.4621
2026-08-03 04:00:00,星期一,2026-08-03,4.0,506.276,443.5666,400.9987,425.44,463.5968,481.3542
2026-08-03 05:00:00,星期一,2026-08-03,5.0,498.09,436.8534,402.4118,420.0,456.9902,471.2296
2026-08-03 06:00:00,星期一,2026-08-03,6.0,487.602,431.4101,407.4746,410.8,457.6702,471.3676
2026-08-03 07:00:00,星期一,2026-08-03,7.0,429.887,366.1686,376.136,380.0,394.2269,399.294
2026-08-03 08:00:00,星期一,2026-08-03,8.0,409.142,269.2358,337.2842,311.0,322.4318,315.6309
2026-08-03 09:00:00,星期一,2026-08-03,9.0,424.789,316.6358,322.3985,278.808,314.6494,304.7061
2026-08-03 10:00:00,星期一,2026-08-03,10.0,419.622,294.2161,225.3218,296.3,279.4041,281.1101
2026-08-03 11:00:00,星期一,2026-08-03,11.0,412.706,312.7414,192.8211,295.0,294.7335,289.8507
2026-08-03 12:00:00,星期一,2026-08-03,12.0,467.647,343.9254,194.225,300.0,328.537,321.7231
2026-08-03 13:00:00,星期一,2026-08-03,13.0,513.584,351.3412,149.5807,314.49,342.3567,340.1256
2026-08-03 14:00:00,星期一,2026-08-03,14.0,522.636,354.651,207.3914,317.25,362.2337,369.868
2026-08-03 15:00:00,星期一,2026-08-03,15.0,512.735,403.0301,292.6261,314.75,402.9568,426.9741
2026-08-03 16:00:00,星期一,2026-08-03,16.0,560.582,468.6573,405.6403,421.0,458.1285,509.6945
2026-08-03 17:00:00,星期一,2026-08-03,17.0,574.093,432.088,414.1885,461.7,459.1461,446.7381
2026-08-03 18:00:00,星期一,2026-08-03,18.0,591.401,481.8062,453.1554,500.0,542.2304,544.4967
2026-08-03 19:00:00,星期一,2026-08-03,19.0,631.942,508.5348,467.6213,510.15,606.9427,602.3844
2026-08-03 20:00:00,星期一,2026-08-03,20.0,589.605,514.7401,456.0575,522.5,614.8349,610.3929
2026-08-03 21:00:00,星期一,2026-08-03,21.0,617.953,506.4721,442.0593,519.0,610.6026,611.8045
2026-08-03 22:00:00,星期一,2026-08-03,22.0,687.319,502.7449,431.4476,547.37,608.3121,591.5925
2026-08-03 23:00:00,星期一,2026-08-03,23.0,613.501,501.6532,420.2632,570.0,599.9186,570.1271
2026-08-04 00:00:00,星期一,2026-08-03,24.0,584.423,499.9169,407.0003,497.75,589.5082,567.4855
2026-08-04 01:00:00,星期二,2026-08-04,1.0,557.908,474.3044,430.2499,527.55,516.8259,560.5617
2026-08-04 02:00:00,星期二,2026-08-04,2.0,587.869,467.9312,423.7561,555.0,531.3063,565.1905
2026-08-04 03:00:00,星期二,2026-08-04,3.0,552.854,476.093,409.2373,536.45,496.7046,531.4085
2026-08-04 04:00:00,星期二,2026-08-04,4.0,535.173,482.0132,406.5911,488.5,485.1174,513.5457
2026-08-04 05:00:00,星期二,2026-08-04,5.0,531.149,488.1201,411.2075,478.5,475.8738,505.707
2026-08-04 06:00:00,星期二,2026-08-04,6.0,532.997,481.2383,417.7031,472.76,481.0897,513.0725
2026-08-04 07:00:00,星期二,2026-08-04,7.0,500.711,436.5944,381.9148,422.839,421.6081,440.2847
2026-08-04 08:00:00,星期二,2026-08-04,8.0,444.766,353.6716,343.2821,412.0,350.0013,371.5984
2026-08-04 09:00:00,星期二,2026-08-04,9.0,411.815,438.6699,323.9653,405.8,347.4099,316.1755
2026-08-04 10:00:00,星期二,2026-08-04,10.0,435.537,388.2731,227.3672,393.18,322.7528,294.171
2026-08-04 11:00:00,星期二,2026-08-04,11.0,416.404,401.8199,211.8963,388.85,331.0523,308.6601
2026-08-04 12:00:00,星期二,2026-08-04,12.0,438.783,418.2537,212.5034,400.0,360.1188,337.0617
2026-08-04 13:00:00,星期二,2026-08-04,13.0,438.162,421.3997,166.2222,400.15,366.9204,346.1061
2026-08-04 14:00:00,星期二,2026-08-04,14.0,434.031,427.4009,232.8177,391.24,374.5797,372.3383
2026-08-04 15:00:00,星期二,2026-08-04,15.0,461.569,480.6527,315.4953,434.25,408.0643,431.744
2026-08-04 16:00:00,星期二,2026-08-04,16.0,505.581,529.417,421.1469,508.0,483.8531,528.7856
2026-08-04 17:00:00,星期二,2026-08-04,17.0,534.823,486.6753,408.3548,524.15,470.0413,451.2384
2026-08-04 18:00:00,星期二,2026-08-04,18.0,568.499,542.5302,443.2141,577.15,571.3142,556.7157
2026-08-04 19:00:00,星期二,2026-08-04,19.0,627.911,559.8381,450.7642,584.0,589.288,594.3106
2026-08-04 20:00:00,星期二,2026-08-04,20.0,637.747,560.6026,439.8076,600.0,598.3022,613.5114
2026-08-04 21:00:00,星期二,2026-08-04,21.0,607.88,553.8763,428.1711,597.713,602.1662,612.7575
2026-08-04 22:00:00,星期二,2026-08-04,22.0,562.823,547.1005,417.2143,570.75,605.3307,602.5138
2026-08-04 23:00:00,星期二,2026-08-04,23.0,559.604,547.2678,421.2251,551.0,597.7638,596.2418
2026-08-05 00:00:00,星期二,2026-08-04,24.0,558.454,541.091,413.3948,553.888,593.4475,594.4115
2026-08-05 01:00:00,星期三,2026-08-05,1.0,540.383,514.5625,428.3442,560.0,562.8754,590.0197
2026-08-05 02:00:00,星期三,2026-08-05,2.0,558.749,510.4988,416.7549,586.5,566.6716,592.5424
2026-08-05 03:00:00,星期三,2026-08-05,3.0,535.587,515.9087,409.5571,539.5,542.0502,556.0303
2026-08-05 04:00:00,星期三,2026-08-05,4.0,510.326,520.5385,399.2242,529.7,531.2987,536.8602
2026-08-05 05:00:00,星期三,2026-08-05,5.0,518.07,517.7291,402.5521,530.0,520.7974,522.9418
2026-08-05 06:00:00,星期三,2026-08-05,6.0,521.641,509.8377,410.1252,519.3,523.6862,534.3959
2026-08-05 07:00:00,星期三,2026-08-05,7.0,449.423,465.6993,379.0228,485.835,442.526,454.1671
2026-08-05 08:00:00,星期三,2026-08-05,8.0,409.466,378.5484,343.3193,450.0,390.2326,380.7391
2026-08-05 09:00:00,星期三,2026-08-05,9.0,387.248,451.7251,333.5136,439.0,366.8267,358.9001
2026-08-05 10:00:00,星期三,2026-08-05,10.0,370.541,417.8756,248.9291,407.0,345.1313,340.8746
2026-08-05 11:00:00,星期三,2026-08-05,11.0,384.839,418.5948,224.0129,450.0,359.2443,362.5113
2026-08-05 12:00:00,星期三,2026-08-05,12.0,407.31,452.2032,234.2736,475.25,399.7772,405.6881
2026-08-05 13:00:00,星期三,2026-08-05,13.0,393.374,454.0082,199.0104,469.5,402.8224,418.5106
2026-08-05 14:00:00,星期三,2026-08-05,14.0,397.23,468.79,259.5286,458.25,413.7722,434.4722
2026-08-05 15:00:00,星期三,2026-08-05,15.0,399.43,497.6898,336.9805,507.0,432.0015,474.2445
2026-08-05 16:00:00,星期三,2026-08-05,16.0,454.81,548.4268,428.567,523.0,498.0187,564.4378
2026-08-05 17:00:00,星期三,2026-08-05,17.0,521.712,496.5068,395.9893,578.0,486.4236,489.2423
2026-08-05 18:00:00,星期三,2026-08-05,18.0,565.576,557.3638,438.5034,597.0,591.8787,591.3407
2026-08-05 19:00:00,星期三,2026-08-05,19.0,581.817,590.2493,457.3206,602.5,613.4795,644.6596
2026-08-05 20:00:00,星期三,2026-08-05,20.0,580.028,582.6617,444.8466,603.52,620.1103,654.9973
2026-08-05 21:00:00,星期三,2026-08-05,21.0,567.448,571.352,431.5985,602.0,616.8838,648.1034
2026-08-05 22:00:00,星期三,2026-08-05,22.0,564.555,564.4167,420.6551,597.0,611.6664,620.7816
2026-08-05 23:00:00,星期三,2026-08-05,23.0,580.036,554.0798,411.4662,601.36,601.3716,596.6261
2026-08-06 00:00:00,星期三,2026-08-05,24.0,598.092,550.6032,405.7622,594.5,597.5105,597.9767
2026-08-06 01:00:00,星期四,2026-08-06,1.0,552.61,494.7341,431.1638,579.0,576.8229,620.7487
2026-08-06 02:00:00,星期四,2026-08-06,2.0,575.59,484.8368,425.0703,570.0,573.1957,612.4154
2026-08-06 03:00:00,星期四,2026-08-06,3.0,544.7,486.4691,409.2007,549.0,548.6857,578.0106
2026-08-06 04:00:00,星期四,2026-08-06,4.0,517.54,490.4928,397.5283,518.5,538.8485,559.0312
2026-08-06 05:00:00,星期四,2026-08-06,5.0,506.49,479.4805,401.8298,510.0,527.4627,541.0868
2026-08-06 06:00:00,星期四,2026-08-06,6.0,500.5,474.5386,413.939,559.87,529.2226,544.3619
2026-08-06 07:00:00,星期四,2026-08-06,7.0,448.91,429.9468,388.0388,469.675,482.5264,467.6795
2026-08-06 08:00:00,星期四,2026-08-06,8.0,411.77,344.3227,359.7918,410.0,426.2749,376.899
2026-08-06 09:00:00,星期四,2026-08-06,9.0,404.77,420.4841,354.0324,399.5,388.832,386.4385
2026-08-06 10:00:00,星期四,2026-08-06,10.0,423.25,384.1261,258.1263,399.5,363.9003,369.829
2026-08-06 11:00:00,星期四,2026-08-06,11.0,426.25,397.3107,228.8932,399.5,381.4891,402.2915
2026-08-06 12:00:00,星期四,2026-08-06,12.0,445.89,419.2184,233.0291,399.5,420.497,444.7092
2026-08-06 13:00:00,星期四,2026-08-06,13.0,448.11,427.904,193.2589,399.5,431.7702,458.1713
2026-08-06 14:00:00,星期四,2026-08-06,14.0,430.63,426.2001,242.1033,399.625,423.8717,457.7629
2026-08-06 15:00:00,星期四,2026-08-06,15.0,,464.9415,318.9793,440.165,443.0946,495.7528
2026-08-06 16:00:00,星期四,2026-08-06,16.0,,530.2297,430.9503,504.0,507.0715,595.6521
2026-08-06 17:00:00,星期四,2026-08-06,17.0,,470.2938,419.956,520.4,490.6579,495.5589
2026-08-06 18:00:00,星期四,2026-08-06,18.0,,572.2481,472.3993,578.5,602.6613,594.3205
2026-08-06 19:00:00,星期四,2026-08-06,19.0,,599.2746,484.4854,602.5,628.802,649.6607
2026-08-06 20:00:00,星期四,2026-08-06,20.0,,606.0163,456.5955,602.5,641.2763,669.5711
2026-08-06 21:00:00,星期四,2026-08-06,21.0,,601.9152,447.5223,615.0,642.0022,664.2819
2026-08-06 22:00:00,星期四,2026-08-06,22.0,,578.3577,437.3628,617.5,632.5718,640.449
2026-08-06 23:00:00,星期四,2026-08-06,23.0,,558.7052,421.1961,584.0,626.154,615.3969
2026-08-07 00:00:00,星期四,2026-08-06,24.0,,550.2734,417.7951,585.0,621.359,611.9593
