market_date,endpoint_id,metric_name,metric_value,value_unit,dimension_json,raw_response_id
2023-04-25,10150,实时/日前申报均价,384.803300,NULL,{},6996
2023-04-25,10152,日前平均出清均价,476.770000,NULL,{},6994
2023-04-25,10155,实时平均出清均价,413.440000,NULL,{},6995
2023-04-26,10150,实时/日前申报均价,413.436700,NULL,{},7005
2023-04-26,10152,日前平均出清均价,410.120000,NULL,{},7003
2023-04-26,10155,实时平均出清均价,420.200000,NULL,{},7004
2023-04-27,10150,实时/日前申报均价,397.440000,NULL,{},7014
2023-04-27,10152,日前平均出清均价,456.250000,NULL,{},7012
2023-04-27,10155,实时平均出清均价,460.510000,NULL,{},7013
2023-04-28,10150,实时/日前申报均价,390.700000,NULL,{},7023
2023-04-28,10152,日前平均出清均价,1718.250000,NULL,{},7021
2023-04-28,10155,实时平均出清均价,441.200000,NULL,{},7022
2023-07-26,10150,实时/日前申报均价,418.680000,NULL,{},7824
2023-07-26,10152,日前平均出清均价,1429.260000,NULL,{},7822
2023-07-26,10155,实时平均出清均价,1102.010000,NULL,{},7823
2023-10-24,10150,实时/日前申报均价,164.576700,NULL,{},8634
2023-10-24,10152,日前平均出清均价,287.700000,NULL,{},8632
2023-10-24,10155,实时平均出清均价,299.210000,NULL,{},8633
2023-10-25,10150,实时/日前申报均价,159.990000,NULL,{},8643
2023-10-25,10152,日前平均出清均价,387.020000,NULL,{},8641
2023-10-25,10155,实时平均出清均价,446.730000,NULL,{},8642
2023-10-26,10150,实时/日前申报均价,154.063300,NULL,{},8652
2023-10-26,10152,日前平均出清均价,402.780000,NULL,{},8650
2023-10-26,10155,实时平均出清均价,374.890000,NULL,{},8651
2023-12-13,10150,实时/日前申报均价,190.320000,NULL,{},9084
2023-12-13,10152,日前平均出清均价,249.820000,NULL,{},9082
2023-12-13,10155,实时平均出清均价,273.310000,NULL,{},9083
2023-12-14,10150,实时/日前申报均价,169.540000,NULL,{},9093
2023-12-14,10152,日前平均出清均价,86.670000,NULL,{},9091
2023-12-14,10155,实时平均出清均价,150.550000,NULL,{},9092
2023-12-15,10150,实时/日前申报均价,178.030000,NULL,{},9102
2023-12-15,10152,日前平均出清均价,133.830000,NULL,{},9100
2023-12-15,10155,实时平均出清均价,113.850000,NULL,{},9101
2023-12-16,10152,日前平均出清均价,310.180000,NULL,{},9109
2024-03-09,10155,实时平均出清均价,339.940000,NULL,{},9866
2024-03-10,10150,实时/日前申报均价,186.440000,NULL,{},9876
2024-03-10,10152,日前平均出清均价,268.740000,NULL,{},9874
2024-03-10,10155,实时平均出清均价,226.930000,NULL,{},9875
2024-03-11,10150,实时/日前申报均价,198.530000,NULL,{},9885
2024-03-11,10152,日前平均出清均价,415.040000,NULL,{},9883
2024-03-11,10155,实时平均出清均价,301.760000,NULL,{},9884
2024-03-12,10150,实时/日前申报均价,194.200000,NULL,{},9894
2024-03-12,10152,日前平均出清均价,350.080000,NULL,{},9892
2024-03-12,10155,实时平均出清均价,357.190000,NULL,{},9893
2024-03-13,10150,实时/日前申报均价,196.540000,NULL,{},9903
2024-03-13,10152,日前平均出清均价,396.160000,NULL,{},9901
2024-03-13,10155,实时平均出清均价,401.160000,NULL,{},9902
2024-03-14,10150,实时/日前申报均价,185.660000,NULL,{},9912
2024-03-14,10152,日前平均出清均价,266.170000,NULL,{},9910
2024-03-14,10155,实时平均出清均价,224.010000,NULL,{},9911
2024-03-15,10150,实时/日前申报均价,183.810000,NULL,{},9921
2024-03-15,10152,日前平均出清均价,236.630000,NULL,{},9919
2024-03-15,10155,实时平均出清均价,238.170000,NULL,{},9920
2024-03-16,10150,实时/日前申报均价,183.830000,NULL,{},9930
2024-03-16,10152,日前平均出清均价,470.700000,NULL,{},9928
2024-03-16,10155,实时平均出清均价,366.350000,NULL,{},9929
2024-03-17,10150,实时/日前申报均价,181.090000,NULL,{},9939
2024-03-17,10152,日前平均出清均价,353.680000,NULL,{},9937
2024-03-17,10155,实时平均出清均价,354.630000,NULL,{},9938
2024-03-18,10150,实时/日前申报均价,170.830000,NULL,{},9948
2024-03-18,10152,日前平均出清均价,139.560000,NULL,{},9946
2024-03-23,10150,实时/日前申报均价,171.550000,NULL,{},9993
2024-03-24,10150,实时/日前申报均价,175.060000,NULL,{},10002
2024-03-25,10150,实时/日前申报均价,175.070000,NULL,{},10011
2024-03-26,10150,实时/日前申报均价,171.710000,NULL,{},10020
2024-03-27,10150,实时/日前申报均价,171.700000,NULL,{},10029
2024-03-28,10150,实时/日前申报均价,171.720000,NULL,{},10038
2024-03-29,10150,实时/日前申报均价,170.020000,NULL,{},10047
2024-03-30,10150,实时/日前申报均价,173.790000,NULL,{},10056
2024-03-31,10150,实时/日前申报均价,173.780000,NULL,{},10065
2024-04-01,10150,实时/日前申报均价,174.990000,NULL,{},10074
2024-04-02,10150,实时/日前申报均价,174.290000,NULL,{},10083
2024-04-03,10150,实时/日前申报均价,174.970000,NULL,{},10092
2024-04-04,10150,实时/日前申报均价,175.020000,NULL,{},10101
2024-04-05,10150,实时/日前申报均价,174.270000,NULL,{},10110
2024-04-06,10150,实时/日前申报均价,174.260000,NULL,{},10119
2024-04-07,10150,实时/日前申报均价,174.970000,NULL,{},10128
2024-04-08,10150,实时/日前申报均价,174.260000,NULL,{},10137
2024-04-09,10150,实时/日前申报均价,174.990000,NULL,{},10146
2024-04-10,10150,实时/日前申报均价,174.990000,NULL,{},10155
2024-04-11,10150,实时/日前申报均价,175.020000,NULL,{},10164
2024-04-12,10150,实时/日前申报均价,175.020000,NULL,{},10173
2024-04-13,10150,实时/日前申报均价,175.020000,NULL,{},10182
2024-04-14,10150,实时/日前申报均价,174.920000,NULL,{},10191
2024-04-15,10150,实时/日前申报均价,174.920000,NULL,{},10200
2024-04-16,10150,实时/日前申报均价,194.200000,NULL,{},10209
2024-04-17,10150,实时/日前申报均价,196.540000,NULL,{},10218
2024-04-18,10150,实时/日前申报均价,185.660000,NULL,{},10227
2024-04-19,10150,实时/日前申报均价,183.810000,NULL,{},10236
2024-04-20,10150,实时/日前申报均价,174.960000,NULL,{},10245
2024-04-21,10150,实时/日前申报均价,175.000000,NULL,{},10254
2024-04-23,10150,实时/日前申报均价,174.240000,NULL,{},10272
2024-04-24,10150,实时/日前申报均价,174.240000,NULL,{},10281
2024-04-25,10150,实时/日前申报均价,174.240000,NULL,{},10290
2024-04-26,10150,实时/日前申报均价,174.250000,NULL,{},10299
2024-04-27,10150,实时/日前申报均价,174.240000,NULL,{},10308
2024-04-28,10150,实时/日前申报均价,172.880000,NULL,{},10317
2024-04-29,10150,实时/日前申报均价,173.590000,NULL,{},10326
2024-04-30,10150,实时/日前申报均价,172.960000,NULL,{},10335
2024-05-01,10150,实时/日前申报均价,172.930000,NULL,{},10344
2024-05-02,10150,实时/日前申报均价,172.990000,NULL,{},10353
2024-05-03,10150,实时/日前申报均价,172.950000,NULL,{},10362
2024-05-04,10150,实时/日前申报均价,173.040000,NULL,{},10371
2024-05-05,10150,实时/日前申报均价,173.030000,NULL,{},10380
2024-05-06,10150,实时/日前申报均价,173.040000,NULL,{},10389
2024-05-07,10150,实时/日前申报均价,172.990000,NULL,{},10398
2024-05-08,10150,实时/日前申报均价,172.960000,NULL,{},10407
2024-05-09,10150,实时/日前申报均价,172.970000,NULL,{},10416
2024-05-10,10150,实时/日前申报均价,172.950000,NULL,{},10425
2024-05-11,10150,实时/日前申报均价,173.100000,NULL,{},10434
2024-05-12,10150,实时/日前申报均价,173.000000,NULL,{},10443
2024-05-13,10150,实时/日前申报均价,173.050000,NULL,{},10452
2024-05-15,10150,实时/日前申报均价,172.950000,NULL,{},10470
2024-05-16,10150,实时/日前申报均价,172.970000,NULL,{},10479
2024-05-17,10150,实时/日前申报均价,172.970000,NULL,{},10488
2024-05-18,10150,实时/日前申报均价,172.920000,NULL,{},10497
2024-05-19,10150,实时/日前申报均价,173.000000,NULL,{},10506
2024-05-20,10150,实时/日前申报均价,173.000000,NULL,{},10515
2024-05-21,10150,实时/日前申报均价,146.260000,NULL,{},10524
2024-05-22,10150,实时/日前申报均价,172.970000,NULL,{},10533
2024-05-23,10150,实时/日前申报均价,172.970000,NULL,{},10542
2024-05-24,10150,实时/日前申报均价,172.970000,NULL,{},10551
2024-05-25,10150,实时/日前申报均价,172.970000,NULL,{},10560
2024-05-26,10150,实时/日前申报均价,173.020000,NULL,{},10569
2024-05-27,10150,实时/日前申报均价,173.020000,NULL,{},10578
2024-05-28,10150,实时/日前申报均价,172.950000,NULL,{},10587
2024-05-29,10150,实时/日前申报均价,172.970000,NULL,{},10596
2024-05-30,10150,实时/日前申报均价,172.870000,NULL,{},10605
2024-05-31,10150,实时/日前申报均价,172.840000,NULL,{},10614
2024-06-01,10150,实时/日前申报均价,172.870000,NULL,{},10623
2024-06-02,10150,实时/日前申报均价,172.870000,NULL,{},10632
2024-06-03,10150,实时/日前申报均价,172.870000,NULL,{},10641
2024-06-04,10150,实时/日前申报均价,172.820000,NULL,{},10650
2024-06-07,10150,实时/日前申报均价,172.870000,NULL,{},10677
2024-06-08,10150,实时/日前申报均价,172.760000,NULL,{},10686
2024-06-09,10150,实时/日前申报均价,172.810000,NULL,{},10695
2024-06-10,10150,实时/日前申报均价,172.810000,NULL,{},10704
2024-06-11,10150,实时/日前申报均价,172.810000,NULL,{},10713
2024-06-12,10150,实时/日前申报均价,172.290000,NULL,{},10722
2024-06-13,10150,实时/日前申报均价,172.630000,NULL,{},10731
2024-06-14,10150,实时/日前申报均价,172.830000,NULL,{},10740
2024-06-15,10150,实时/日前申报均价,172.880000,NULL,{},10749
2024-06-20,10150,实时/日前申报均价,172.710000,NULL,{},10794
2024-06-21,10150,实时/日前申报均价,172.810000,NULL,{},10803
2024-06-22,10150,实时/日前申报均价,172.750000,NULL,{},10812
2024-06-23,10150,实时/日前申报均价,172.780000,NULL,{},10821
2024-06-24,10150,实时/日前申报均价,172.780000,NULL,{},10830
2024-06-25,10150,实时/日前申报均价,172.780000,NULL,{},10839
2024-06-26,10150,实时/日前申报均价,172.780000,NULL,{},10848
2024-06-27,10150,实时/日前申报均价,172.780000,NULL,{},10857
2024-06-28,10150,实时/日前申报均价,172.780000,NULL,{},10866
2024-06-29,10150,实时/日前申报均价,172.780000,NULL,{},10875
2024-06-30,10150,实时/日前申报均价,172.810000,NULL,{},10884
2024-06-30,10155,实时平均出清均价,287.750000,NULL,{},10883
2024-07-01,10150,实时/日前申报均价,172.693300,NULL,{},10893
2024-07-01,10152,日前平均出清均价,336.910000,NULL,{},10891
2024-07-01,10155,实时平均出清均价,177.330000,NULL,{},10892
2024-07-02,10150,实时/日前申报均价,172.806700,NULL,{},10902
2024-07-02,10152,日前平均出清均价,284.260000,NULL,{},10900
2024-07-02,10155,实时平均出清均价,355.190000,NULL,{},10901
2024-07-03,10150,实时/日前申报均价,172.776700,NULL,{},10911
2024-07-03,10152,日前平均出清均价,212.110000,NULL,{},10909
2024-07-03,10155,实时平均出清均价,326.990000,NULL,{},10910
2024-07-04,10150,实时/日前申报均价,172.806700,NULL,{},10920
2024-07-04,10152,日前平均出清均价,308.220000,NULL,{},10918
2024-07-04,10155,实时平均出清均价,330.510000,NULL,{},10919
2024-07-05,10150,实时/日前申报均价,172.943300,NULL,{},10929
2024-07-05,10152,日前平均出清均价,258.520000,NULL,{},10927
2024-07-05,10155,实时平均出清均价,242.240000,NULL,{},10928
2024-07-06,10150,实时/日前申报均价,172.926700,NULL,{},10938
2024-07-06,10152,日前平均出清均价,214.480000,NULL,{},10936
2024-07-06,10155,实时平均出清均价,230.470000,NULL,{},10937
2024-07-07,10150,实时/日前申报均价,172.806700,NULL,{},10947
2024-07-07,10152,日前平均出清均价,361.540000,NULL,{},10945
2024-07-07,10155,实时平均出清均价,122.370000,NULL,{},10946
2024-07-08,10150,实时/日前申报均价,172.693300,NULL,{},10956
2024-07-08,10152,日前平均出清均价,346.500000,NULL,{},10954
2024-07-08,10155,实时平均出清均价,315.960000,NULL,{},10955
2024-07-09,10150,实时/日前申报均价,172.530000,NULL,{},10965
2024-07-09,10152,日前平均出清均价,297.290000,NULL,{},10963
2024-07-09,10155,实时平均出清均价,401.740000,NULL,{},10964
2024-07-10,10150,实时/日前申报均价,172.653300,NULL,{},10974
2024-07-10,10152,日前平均出清均价,0.030000,NULL,{},10972
2024-07-10,10155,实时平均出清均价,422.120000,NULL,{},10973
2024-07-11,10150,实时/日前申报均价,172.653300,NULL,{},10983
2024-07-11,10152,日前平均出清均价,276.740000,NULL,{},10981
2024-07-11,10155,实时平均出清均价,308.930000,NULL,{},10982
2024-07-12,10150,实时/日前申报均价,172.653300,NULL,{},10992
2024-07-12,10152,日前平均出清均价,339.180000,NULL,{},10990
2024-07-12,10155,实时平均出清均价,381.010000,NULL,{},10991
2024-07-13,10150,实时/日前申报均价,173.243300,NULL,{},11001
2024-07-13,10152,日前平均出清均价,429.590000,NULL,{},10999
2024-07-13,10155,实时平均出清均价,406.240000,NULL,{},11000
2024-07-14,10150,实时/日前申报均价,173.243300,NULL,{},11010
2024-07-14,10152,日前平均出清均价,184.570000,NULL,{},11008
2024-07-14,10155,实时平均出清均价,90.840000,NULL,{},11009
2024-07-15,10150,实时/日前申报均价,173.243300,NULL,{},11019
2024-07-15,10152,日前平均出清均价,258.670000,NULL,{},11017
2024-07-15,10155,实时平均出清均价,213.260000,NULL,{},11018
2024-07-16,10150,实时/日前申报均价,173.243300,NULL,{},11028
2024-07-16,10152,日前平均出清均价,318.060000,NULL,{},11026
2024-07-16,10155,实时平均出清均价,304.620000,NULL,{},11027
2024-07-17,10150,实时/日前申报均价,172.273300,NULL,{},11037
2024-07-17,10152,日前平均出清均价,289.050000,NULL,{},11035
2024-07-17,10155,实时平均出清均价,304.650000,NULL,{},11036
2024-07-18,10150,实时/日前申报均价,172.460000,NULL,{},11046
2024-07-18,10152,日前平均出清均价,164.200000,NULL,{},11044
2024-07-18,10155,实时平均出清均价,183.460000,NULL,{},11045
2024-07-19,10150,实时/日前申报均价,171.220000,NULL,{},11055
2024-07-19,10152,日前平均出清均价,190.060000,NULL,{},11053
2024-07-19,10155,实时平均出清均价,284.710000,NULL,{},11054
2024-07-20,10150,实时/日前申报均价,159.276700,NULL,{},11064
2024-07-20,10152,日前平均出清均价,174.190000,NULL,{},11062
2024-07-20,10155,实时平均出清均价,107.310000,NULL,{},11063
2024-07-21,10150,实时/日前申报均价,161.030000,NULL,{},11073
2024-07-21,10152,日前平均出清均价,181.790000,NULL,{},11071
2024-07-21,10155,实时平均出清均价,317.840000,NULL,{},11072
2024-07-22,10150,实时/日前申报均价,163.416700,NULL,{},11082
2024-07-22,10152,日前平均出清均价,251.860000,NULL,{},11080
2024-07-22,10155,实时平均出清均价,294.060000,NULL,{},11081
2024-07-23,10150,实时/日前申报均价,162.033300,NULL,{},11091
2024-07-23,10152,日前平均出清均价,300.990000,NULL,{},11089
2024-07-23,10155,实时平均出清均价,255.980000,NULL,{},11090
2024-07-24,10150,实时/日前申报均价,166.776700,NULL,{},11100
2024-07-24,10152,日前平均出清均价,152.850000,NULL,{},11098
2024-07-24,10155,实时平均出清均价,228.920000,NULL,{},11099
2024-07-25,10150,实时/日前申报均价,170.356700,NULL,{},11109
2024-07-25,10152,日前平均出清均价,219.830000,NULL,{},11107
2024-07-25,10155,实时平均出清均价,271.050000,NULL,{},11108
2024-07-26,10150,实时/日前申报均价,165.570000,NULL,{},11118
2024-07-26,10152,日前平均出清均价,189.320000,NULL,{},11116
2024-07-26,10155,实时平均出清均价,220.010000,NULL,{},11117
2024-07-27,10150,实时/日前申报均价,169.060000,NULL,{},11127
2024-07-27,10155,实时平均出清均价,311.730000,NULL,{},11126
2024-07-28,10150,实时/日前申报均价,147.656700,NULL,{},11136
2024-07-28,10152,日前平均出清均价,222.800000,NULL,{},11134
2024-07-28,10155,实时平均出清均价,288.680000,NULL,{},11135
2024-07-29,10150,实时/日前申报均价,145.183300,NULL,{},11145
2024-07-29,10152,日前平均出清均价,362.720000,NULL,{},11143
2024-07-29,10155,实时平均出清均价,424.000000,NULL,{},11144
2024-07-30,10150,实时/日前申报均价,143.516700,NULL,{},11154
2024-07-30,10152,日前平均出清均价,160.730000,NULL,{},11152
2024-07-30,10155,实时平均出清均价,191.860000,NULL,{},11153
2024-07-31,10150,实时/日前申报均价,130.630000,NULL,{},11163
2024-07-31,10152,日前平均出清均价,135.700000,NULL,{},11161
2024-07-31,10155,实时平均出清均价,203.910000,NULL,{},11162
2024-08-01,10150,实时/日前申报均价,128.586700,NULL,{},11172
2024-08-01,10152,日前平均出清均价,79.710000,NULL,{},11170
2024-08-01,10155,实时平均出清均价,141.980000,NULL,{},11171
2024-08-02,10150,实时/日前申报均价,159.660000,NULL,{},11181
2024-08-02,10152,日前平均出清均价,276.680000,NULL,{},11179
2024-08-02,10155,实时平均出清均价,374.960000,NULL,{},11180
2024-08-03,10150,实时/日前申报均价,159.660000,NULL,{},11190
2024-08-03,10152,日前平均出清均价,244.680000,NULL,{},11188
2024-08-03,10155,实时平均出清均价,343.100000,NULL,{},11189
2024-08-04,10150,实时/日前申报均价,159.660000,NULL,{},11199
2024-08-04,10152,日前平均出清均价,207.960000,NULL,{},11197
2024-08-04,10155,实时平均出清均价,244.490000,NULL,{},11198
2024-08-05,10150,实时/日前申报均价,159.660000,NULL,{},11208
2024-08-05,10152,日前平均出清均价,216.990000,NULL,{},11206
2024-08-05,10155,实时平均出清均价,156.740000,NULL,{},11207
2024-08-06,10150,实时/日前申报均价,159.660000,NULL,{},11217
2024-08-06,10152,日前平均出清均价,158.490000,NULL,{},11215
2024-08-06,10155,实时平均出清均价,316.180000,NULL,{},11216
2024-08-07,10150,实时/日前申报均价,159.660000,NULL,{},11226
2024-08-07,10152,日前平均出清均价,206.770000,NULL,{},11224
2024-08-07,10155,实时平均出清均价,313.620000,NULL,{},11225
2024-08-08,10150,实时/日前申报均价,159.660000,NULL,{},11235
2024-08-08,10152,日前平均出清均价,231.090000,NULL,{},11233
2024-08-08,10155,实时平均出清均价,201.190000,NULL,{},11234
2024-08-09,10150,实时/日前申报均价,159.660000,NULL,{},11244
2024-08-09,10152,日前平均出清均价,44.530000,NULL,{},11242
2024-08-09,10155,实时平均出清均价,100.840000,NULL,{},11243
2024-08-10,10150,实时/日前申报均价,159.660000,NULL,{},11253
2024-08-10,10152,日前平均出清均价,96.200000,NULL,{},11251
2024-08-10,10155,实时平均出清均价,97.470000,NULL,{},11252
2024-08-11,10150,实时/日前申报均价,159.660000,NULL,{},11262
2024-08-11,10152,日前平均出清均价,234.250000,NULL,{},11260
2024-08-11,10155,实时平均出清均价,322.150000,NULL,{},11261
2024-08-12,10150,实时/日前申报均价,159.660000,NULL,{},11271
2024-08-12,10152,日前平均出清均价,184.750000,NULL,{},11269
2024-08-12,10155,实时平均出清均价,234.340000,NULL,{},11270
2024-08-13,10150,实时/日前申报均价,159.660000,NULL,{},11280
2024-08-13,10152,日前平均出清均价,214.530000,NULL,{},11278
2024-08-13,10155,实时平均出清均价,254.330000,NULL,{},11279
2024-08-14,10150,实时/日前申报均价,159.660000,NULL,{},11289
2024-08-14,10152,日前平均出清均价,351.410000,NULL,{},11287
2024-08-14,10155,实时平均出清均价,378.870000,NULL,{},11288
2024-08-15,10150,实时/日前申报均价,159.526700,NULL,{},11298
2024-08-15,10152,日前平均出清均价,237.020000,NULL,{},11296
2024-08-15,10155,实时平均出清均价,278.390000,NULL,{},11297
2024-08-16,10152,日前平均出清均价,226.510000,NULL,{},11305
2024-08-16,10155,实时平均出清均价,261.590000,NULL,{},11306
2024-08-17,10150,实时/日前申报均价,159.526700,NULL,{},11316
2024-08-17,10152,日前平均出清均价,255.990000,NULL,{},11314
2024-08-17,10155,实时平均出清均价,274.740000,NULL,{},11315
2024-08-18,10150,实时/日前申报均价,159.526700,NULL,{},11325
2024-08-18,10152,日前平均出清均价,215.390000,NULL,{},11323
2024-08-18,10155,实时平均出清均价,250.420000,NULL,{},11324
2024-08-19,10150,实时/日前申报均价,159.526700,NULL,{},11334
2024-08-19,10152,日前平均出清均价,225.990000,NULL,{},11332
2024-08-19,10155,实时平均出清均价,306.790000,NULL,{},11333
2024-08-20,10150,实时/日前申报均价,159.526700,NULL,{},11343
2024-08-20,10152,日前平均出清均价,242.070000,NULL,{},11341
2024-08-20,10155,实时平均出清均价,284.330000,NULL,{},11342
2024-08-21,10150,实时/日前申报均价,159.526700,NULL,{},11352
2024-08-21,10152,日前平均出清均价,209.310000,NULL,{},11350
2024-08-21,10155,实时平均出清均价,256.460000,NULL,{},11351
2024-08-22,10150,实时/日前申报均价,159.526700,NULL,{},11361
2024-08-22,10152,日前平均出清均价,329.990000,NULL,{},11359
2024-08-22,10155,实时平均出清均价,347.560000,NULL,{},11360
2024-08-23,10150,实时/日前申报均价,159.526700,NULL,{},11370
2024-08-23,10152,日前平均出清均价,235.950000,NULL,{},11368
2024-08-23,10155,实时平均出清均价,339.880000,NULL,{},11369
2024-08-24,10150,实时/日前申报均价,159.526700,NULL,{},11379
2024-08-24,10152,日前平均出清均价,235.950000,NULL,{},11377
2024-08-24,10155,实时平均出清均价,201.410000,NULL,{},11378
2024-08-25,10150,实时/日前申报均价,159.526700,NULL,{},11388
2024-08-25,10152,日前平均出清均价,235.950000,NULL,{},11386
2024-08-25,10155,实时平均出清均价,168.220000,NULL,{},11387
2024-08-26,10150,实时/日前申报均价,159.526700,NULL,{},11397
2024-08-26,10152,日前平均出清均价,235.950000,NULL,{},11395
2024-08-26,10155,实时平均出清均价,230.160000,NULL,{},11396
2024-08-27,10150,实时/日前申报均价,159.526700,NULL,{},11406
2024-08-27,10152,日前平均出清均价,165.760000,NULL,{},11404
2024-08-27,10155,实时平均出清均价,260.280000,NULL,{},11405
2024-08-28,10150,实时/日前申报均价,159.526700,NULL,{},11415
2024-08-28,10152,日前平均出清均价,121.370000,NULL,{},11413
2024-08-28,10155,实时平均出清均价,189.540000,NULL,{},11414
2024-08-29,10150,实时/日前申报均价,159.526700,NULL,{},11424
2024-08-29,10152,日前平均出清均价,233.190000,NULL,{},11422
2024-08-29,10155,实时平均出清均价,334.400000,NULL,{},11423
2024-08-30,10150,实时/日前申报均价,159.526700,NULL,{},11433
2024-08-30,10152,日前平均出清均价,63.650000,NULL,{},11431
2024-08-30,10155,实时平均出清均价,49.740000,NULL,{},11432
2024-08-31,10150,实时/日前申报均价,159.526700,NULL,{},11442
2024-08-31,10152,日前平均出清均价,164.280000,NULL,{},11440
2024-08-31,10155,实时平均出清均价,384.500000,NULL,{},11441
2024-09-01,10150,实时/日前申报均价,159.526700,NULL,{},11451
2024-09-01,10152,日前平均出清均价,370.620000,NULL,{},11449
2024-09-01,10155,实时平均出清均价,440.410000,NULL,{},11450
2024-09-02,10150,实时/日前申报均价,159.526700,NULL,{},11460
2024-09-02,10152,日前平均出清均价,179.720000,NULL,{},11458
2024-09-02,10155,实时平均出清均价,279.980000,NULL,{},11459
2024-09-03,10150,实时/日前申报均价,159.526700,NULL,{},11469
2024-09-03,10152,日前平均出清均价,217.920000,NULL,{},11467
2024-09-03,10155,实时平均出清均价,267.450000,NULL,{},11468
2024-09-04,10150,实时/日前申报均价,159.526700,NULL,{},11478
2024-09-04,10152,日前平均出清均价,148.230000,NULL,{},11476
2024-09-04,10155,实时平均出清均价,150.870000,NULL,{},11477
2024-09-05,10150,实时/日前申报均价,159.526700,NULL,{},11487
2024-09-05,10152,日前平均出清均价,413.740000,NULL,{},11485
2024-09-05,10155,实时平均出清均价,338.500000,NULL,{},11486
2024-09-06,10150,实时/日前申报均价,159.526700,NULL,{},11496
2024-09-06,10152,日前平均出清均价,398.180000,NULL,{},11494
2024-09-06,10155,实时平均出清均价,366.440000,NULL,{},11495
2024-09-07,10150,实时/日前申报均价,159.526700,NULL,{},11505
2024-09-07,10152,日前平均出清均价,211.590000,NULL,{},11503
2024-09-07,10155,实时平均出清均价,258.210000,NULL,{},11504
2024-09-08,10150,实时/日前申报均价,159.526700,NULL,{},11514
2024-09-08,10152,日前平均出清均价,141.300000,NULL,{},11512
2024-09-08,10155,实时平均出清均价,290.630000,NULL,{},11513
2024-09-09,10150,实时/日前申报均价,159.526700,NULL,{},11523
2024-09-09,10152,日前平均出清均价,300.700000,NULL,{},11521
2024-09-09,10155,实时平均出清均价,391.260000,NULL,{},11522
2024-09-10,10150,实时/日前申报均价,159.526700,NULL,{},11532
2024-09-10,10152,日前平均出清均价,399.110000,NULL,{},11530
2024-09-10,10155,实时平均出清均价,448.570000,NULL,{},11531
2024-09-11,10150,实时/日前申报均价,159.526700,NULL,{},11541
2024-09-11,10152,日前平均出清均价,143.070000,NULL,{},11539
2024-09-11,10155,实时平均出清均价,241.170000,NULL,{},11540
2024-09-12,10150,实时/日前申报均价,159.526700,NULL,{},11550
2024-09-12,10152,日前平均出清均价,68.820000,NULL,{},11548
2024-09-12,10155,实时平均出清均价,129.020000,NULL,{},11549
2024-09-13,10150,实时/日前申报均价,159.526700,NULL,{},11559
2024-09-13,10152,日前平均出清均价,240.020000,NULL,{},11557
2024-09-13,10155,实时平均出清均价,220.310000,NULL,{},11558
2024-09-14,10150,实时/日前申报均价,159.526700,NULL,{},11568
2024-09-14,10152,日前平均出清均价,317.340000,NULL,{},11566
2024-09-14,10155,实时平均出清均价,416.760000,NULL,{},11567
2024-09-15,10150,实时/日前申报均价,159.526700,NULL,{},11577
2024-09-15,10152,日前平均出清均价,350.680000,NULL,{},11575
2024-09-15,10155,实时平均出清均价,468.890000,NULL,{},11576
2024-09-16,10150,实时/日前申报均价,159.526700,NULL,{},11586
2024-09-16,10152,日前平均出清均价,397.290000,NULL,{},11584
2024-09-16,10155,实时平均出清均价,457.910000,NULL,{},11585
2024-09-17,10150,实时/日前申报均价,159.526700,NULL,{},11595
2024-09-17,10152,日前平均出清均价,209.480000,NULL,{},11593
2024-09-17,10155,实时平均出清均价,303.800000,NULL,{},11594
2024-09-18,10150,实时/日前申报均价,159.526700,NULL,{},11604
2024-09-18,10152,日前平均出清均价,111.410000,NULL,{},11602
2024-09-18,10155,实时平均出清均价,280.730000,NULL,{},11603
2024-09-19,10150,实时/日前申报均价,159.526700,NULL,{},11613
2024-09-19,10152,日前平均出清均价,236.980000,NULL,{},11611
2024-09-19,10155,实时平均出清均价,310.900000,NULL,{},11612
2024-09-20,10150,实时/日前申报均价,159.526700,NULL,{},11622
2024-09-20,10152,日前平均出清均价,207.420000,NULL,{},11620
2024-09-20,10155,实时平均出清均价,293.370000,NULL,{},11621
2024-09-21,10150,实时/日前申报均价,159.526700,NULL,{},11631
2024-09-21,10152,日前平均出清均价,296.150000,NULL,{},11629
2024-09-21,10155,实时平均出清均价,323.130000,NULL,{},11630
2024-09-22,10150,实时/日前申报均价,159.526700,NULL,{},11640
2024-09-22,10152,日前平均出清均价,278.330000,NULL,{},11638
2024-09-22,10155,实时平均出清均价,298.310000,NULL,{},11639
2024-09-23,10150,实时/日前申报均价,159.526700,NULL,{},11649
2024-09-23,10152,日前平均出清均价,231.830000,NULL,{},11647
2024-09-23,10155,实时平均出清均价,264.140000,NULL,{},11648
2024-09-24,10150,实时/日前申报均价,159.526700,NULL,{},11658
2024-09-24,10152,日前平均出清均价,230.090000,NULL,{},11656
2024-09-24,10155,实时平均出清均价,276.070000,NULL,{},11657
2024-09-25,10150,实时/日前申报均价,159.526700,NULL,{},11667
2024-09-25,10152,日前平均出清均价,326.900000,NULL,{},11665
2024-09-25,10155,实时平均出清均价,319.680000,NULL,{},11666
2024-09-26,10150,实时/日前申报均价,159.526700,NULL,{},11676
2024-09-26,10152,日前平均出清均价,147.970000,NULL,{},11674
2024-09-26,10155,实时平均出清均价,227.370000,NULL,{},11675
2024-09-27,10150,实时/日前申报均价,159.526700,NULL,{},11685
2024-09-27,10152,日前平均出清均价,40.000000,NULL,{},11683
2024-09-27,10155,实时平均出清均价,53.240000,NULL,{},11684
2024-09-28,10150,实时/日前申报均价,159.526700,NULL,{},11694
2024-09-28,10152,日前平均出清均价,40.050000,NULL,{},11692
2024-09-28,10155,实时平均出清均价,81.970000,NULL,{},11693
2024-09-29,10150,实时/日前申报均价,158.990000,NULL,{},11703
2024-09-29,10152,日前平均出清均价,51.350000,NULL,{},11701
2024-09-29,10155,实时平均出清均价,45.570000,NULL,{},11702
2024-09-30,10150,实时/日前申报均价,158.990000,NULL,{},11712
2024-09-30,10152,日前平均出清均价,155.220000,NULL,{},11710
2024-09-30,10155,实时平均出清均价,162.950000,NULL,{},11711
2024-10-01,10150,实时/日前申报均价,158.990000,NULL,{},11721
2024-10-01,10152,日前平均出清均价,159.630000,NULL,{},11719
2024-10-01,10155,实时平均出清均价,323.510000,NULL,{},11720
2024-10-02,10150,实时/日前申报均价,158.990000,NULL,{},11730
2024-10-02,10152,日前平均出清均价,256.870000,NULL,{},11728
2024-10-02,10155,实时平均出清均价,361.930000,NULL,{},11729
2024-10-03,10150,实时/日前申报均价,158.990000,NULL,{},11739
2024-10-03,10152,日前平均出清均价,40.090000,NULL,{},11737
2024-10-03,10155,实时平均出清均价,176.750000,NULL,{},11738
2024-10-04,10150,实时/日前申报均价,158.990000,NULL,{},11748
2024-10-04,10152,日前平均出清均价,100.890000,NULL,{},11746
2024-10-04,10155,实时平均出清均价,245.380000,NULL,{},11747
2024-10-05,10150,实时/日前申报均价,158.990000,NULL,{},11757
2024-10-05,10152,日前平均出清均价,421.900000,NULL,{},11755
2024-10-05,10155,实时平均出清均价,542.260000,NULL,{},11756
2024-10-06,10150,实时/日前申报均价,158.990000,NULL,{},11766
2024-10-06,10152,日前平均出清均价,501.290000,NULL,{},11764
2024-10-06,10155,实时平均出清均价,490.080000,NULL,{},11765
2024-10-07,10150,实时/日前申报均价,158.990000,NULL,{},11775
2024-10-07,10152,日前平均出清均价,333.540000,NULL,{},11773
2024-10-07,10155,实时平均出清均价,352.710000,NULL,{},11774
2024-10-08,10150,实时/日前申报均价,158.990000,NULL,{},11784
2024-10-08,10152,日前平均出清均价,414.090000,NULL,{},11782
2024-10-08,10155,实时平均出清均价,572.020000,NULL,{},11783
2024-10-09,10150,实时/日前申报均价,158.990000,NULL,{},11793
2024-10-09,10152,日前平均出清均价,209.370000,NULL,{},11791
2024-10-09,10155,实时平均出清均价,297.330000,NULL,{},11792
2024-10-10,10150,实时/日前申报均价,158.990000,NULL,{},11802
2024-10-10,10155,实时平均出清均价,337.640000,NULL,{},11801
2024-10-11,10150,实时/日前申报均价,158.973300,NULL,{},11811
2024-10-11,10152,日前平均出清均价,251.420000,NULL,{},11809
2024-10-11,10155,实时平均出清均价,260.150000,NULL,{},11810
2024-10-12,10150,实时/日前申报均价,158.973300,NULL,{},11820
2024-10-12,10152,日前平均出清均价,344.530000,NULL,{},11818
2024-10-12,10155,实时平均出清均价,218.000000,NULL,{},11819
2024-10-13,10150,实时/日前申报均价,159.013300,NULL,{},11829
2024-10-13,10152,日前平均出清均价,271.770000,NULL,{},11827
2024-10-13,10155,实时平均出清均价,274.530000,NULL,{},11828
2024-10-14,10150,实时/日前申报均价,159.013300,NULL,{},11838
2024-10-14,10152,日前平均出清均价,272.810000,NULL,{},11836
2024-10-14,10155,实时平均出清均价,345.510000,NULL,{},11837
2024-10-15,10150,实时/日前申报均价,159.013300,NULL,{},11847
2024-10-15,10152,日前平均出清均价,279.690000,NULL,{},11845
2024-10-15,10155,实时平均出清均价,262.530000,NULL,{},11846
2024-10-16,10150,实时/日前申报均价,159.013300,NULL,{},11856
2024-10-16,10152,日前平均出清均价,352.360000,NULL,{},11854
2024-10-16,10155,实时平均出清均价,319.080000,NULL,{},11855
2024-10-17,10150,实时/日前申报均价,159.013300,NULL,{},11865
2024-10-17,10152,日前平均出清均价,392.190000,NULL,{},11863
2024-10-17,10155,实时平均出清均价,289.650000,NULL,{},11864
2024-10-18,10150,实时/日前申报均价,159.013300,NULL,{},11874
2024-10-18,10152,日前平均出清均价,395.750000,NULL,{},11872
2024-10-18,10155,实时平均出清均价,382.820000,NULL,{},11873
2024-10-19,10150,实时/日前申报均价,159.013300,NULL,{},11883
2024-10-19,10152,日前平均出清均价,136.150000,NULL,{},11881
2024-10-19,10155,实时平均出清均价,166.890000,NULL,{},11882
2024-10-20,10150,实时/日前申报均价,159.013300,NULL,{},11892
2024-10-20,10152,日前平均出清均价,91.980000,NULL,{},11890
2024-10-20,10155,实时平均出清均价,166.890000,NULL,{},11891
2024-10-21,10150,实时/日前申报均价,159.013300,NULL,{},11901
2024-10-21,10152,日前平均出清均价,191.930000,NULL,{},11899
2024-10-21,10155,实时平均出清均价,181.680000,NULL,{},11900
2024-10-22,10150,实时/日前申报均价,159.013300,NULL,{},11910
2024-10-22,10152,日前平均出清均价,283.330000,NULL,{},11908
2024-10-22,10155,实时平均出清均价,287.810000,NULL,{},11909
2024-10-23,10150,实时/日前申报均价,159.013300,NULL,{},11919
2024-10-23,10152,日前平均出清均价,415.720000,NULL,{},11917
2024-10-23,10155,实时平均出清均价,203.790000,NULL,{},11918
2024-10-24,10150,实时/日前申报均价,159.013300,NULL,{},11928
2024-10-24,10152,日前平均出清均价,162.500000,NULL,{},11926
2024-10-24,10155,实时平均出清均价,164.110000,NULL,{},11927
2024-10-25,10150,实时/日前申报均价,159.040000,NULL,{},11937
2024-10-25,10152,日前平均出清均价,247.030000,NULL,{},11935
2024-10-25,10155,实时平均出清均价,170.000000,NULL,{},11936
2024-10-26,10150,实时/日前申报均价,159.040000,NULL,{},11946
2024-10-26,10152,日前平均出清均价,327.050000,NULL,{},11944
2024-10-26,10155,实时平均出清均价,170.000000,NULL,{},11945
2024-10-27,10150,实时/日前申报均价,159.040000,NULL,{},11955
2024-10-27,10152,日前平均出清均价,360.030000,NULL,{},11953
2024-10-27,10155,实时平均出清均价,170.000000,NULL,{},11954
2024-10-28,10150,实时/日前申报均价,159.040000,NULL,{},11964
2024-10-28,10152,日前平均出清均价,288.450000,NULL,{},11962
2024-10-28,10155,实时平均出清均价,133.670000,NULL,{},11963
2024-10-29,10150,实时/日前申报均价,159.040000,NULL,{},11973
2024-10-29,10152,日前平均出清均价,334.190000,NULL,{},11971
2024-10-29,10155,实时平均出清均价,251.680000,NULL,{},11972
2024-10-30,10150,实时/日前申报均价,159.040000,NULL,{},11982
2024-10-30,10152,日前平均出清均价,356.860000,NULL,{},11980
2024-10-30,10155,实时平均出清均价,307.050000,NULL,{},11981
2024-10-31,10150,实时/日前申报均价,159.013300,NULL,{},11991
2024-10-31,10152,日前平均出清均价,40.610000,NULL,{},11989
2024-10-31,10155,实时平均出清均价,300.660000,NULL,{},11990
2024-11-01,10150,实时/日前申报均价,128.733300,NULL,{},12000
2024-11-01,10152,日前平均出清均价,192.840000,NULL,{},11998
2024-11-01,10155,实时平均出清均价,119.400000,NULL,{},11999
2024-11-02,10150,实时/日前申报均价,126.700000,NULL,{},12009
2024-11-02,10152,日前平均出清均价,74.370000,NULL,{},12007
2024-11-02,10155,实时平均出清均价,68.420000,NULL,{},12008
2024-11-03,10150,实时/日前申报均价,104.000000,NULL,{},12018
2024-11-03,10152,日前平均出清均价,85.860000,NULL,{},12016
2024-11-03,10155,实时平均出清均价,63.960000,NULL,{},12017
2024-11-04,10150,实时/日前申报均价,99.493300,NULL,{},12027
2024-11-04,10152,日前平均出清均价,105.920000,NULL,{},12025
2024-11-04,10155,实时平均出清均价,111.530000,NULL,{},12026
2024-11-05,10150,实时/日前申报均价,83.070000,NULL,{},12036
2024-11-05,10152,日前平均出清均价,119.920000,NULL,{},12034
2024-11-05,10155,实时平均出清均价,96.800000,NULL,{},12035
2024-11-06,10150,实时/日前申报均价,88.963300,NULL,{},12045
2024-11-06,10152,日前平均出清均价,93.910000,NULL,{},12043
2024-11-06,10155,实时平均出清均价,110.530000,NULL,{},12044
2024-11-07,10150,实时/日前申报均价,66.453300,NULL,{},12054
2024-11-07,10152,日前平均出清均价,69.670000,NULL,{},12052
2024-11-07,10155,实时平均出清均价,40.100000,NULL,{},12053
2024-11-08,10150,实时/日前申报均价,70.880000,NULL,{},12063
2024-11-08,10152,日前平均出清均价,40.000000,NULL,{},12061
2024-11-08,10155,实时平均出清均价,40.000000,NULL,{},12062
2024-11-09,10150,实时/日前申报均价,61.850000,NULL,{},12072
2024-11-09,10152,日前平均出清均价,40.000000,NULL,{},12070
2024-11-09,10155,实时平均出清均价,44.790000,NULL,{},12071
2024-11-10,10150,实时/日前申报均价,64.313300,NULL,{},12081
2024-11-10,10152,日前平均出清均价,40.000000,NULL,{},12079
2024-11-10,10155,实时平均出清均价,40.730000,NULL,{},12080
2024-11-11,10150,实时/日前申报均价,123.420000,NULL,{},12090
2024-11-11,10152,日前平均出清均价,272.890000,NULL,{},12088
2024-11-11,10155,实时平均出清均价,295.220000,NULL,{},12089
2024-11-12,10150,实时/日前申报均价,138.283300,NULL,{},12099
2024-11-12,10152,日前平均出清均价,242.680000,NULL,{},12097
2024-11-12,10155,实时平均出清均价,310.120000,NULL,{},12098
2024-11-13,10150,实时/日前申报均价,137.980000,NULL,{},12108
2024-11-13,10152,日前平均出清均价,349.930000,NULL,{},12106
2024-11-13,10155,实时平均出清均价,357.760000,NULL,{},12107
2024-11-14,10150,实时/日前申报均价,137.800000,NULL,{},12117
2024-11-14,10152,日前平均出清均价,236.610000,NULL,{},12115
2024-11-14,10155,实时平均出清均价,192.640000,NULL,{},12116
2024-11-15,10150,实时/日前申报均价,118.490000,NULL,{},12126
2024-11-15,10152,日前平均出清均价,115.690000,NULL,{},12124
2024-11-15,10155,实时平均出清均价,133.640000,NULL,{},12125
2024-11-16,10150,实时/日前申报均价,130.846700,NULL,{},12135
2024-11-16,10152,日前平均出清均价,252.560000,NULL,{},12133
2024-11-16,10155,实时平均出清均价,250.320000,NULL,{},12134
2024-11-17,10150,实时/日前申报均价,130.783300,NULL,{},12144
2024-11-17,10152,日前平均出清均价,233.260000,NULL,{},12142
2024-11-17,10155,实时平均出清均价,269.270000,NULL,{},12143
2024-11-18,10150,实时/日前申报均价,65.143300,NULL,{},12153
2024-11-18,10152,日前平均出清均价,40.000000,NULL,{},12151
2024-11-18,10155,实时平均出清均价,40.000000,NULL,{},12152
2024-11-19,10150,实时/日前申报均价,54.853300,NULL,{},12162
2024-11-19,10152,日前平均出清均价,40.000000,NULL,{},12160
2024-11-19,10155,实时平均出清均价,60.570000,NULL,{},12161
2024-11-20,10150,实时/日前申报均价,59.246700,NULL,{},12171
2024-11-20,10152,日前平均出清均价,40.000000,NULL,{},12169
2024-11-20,10155,实时平均出清均价,58.430000,NULL,{},12170
2024-11-21,10150,实时/日前申报均价,64.313300,NULL,{},12180
2024-11-21,10152,日前平均出清均价,40.000000,NULL,{},12178
2024-11-21,10155,实时平均出清均价,84.790000,NULL,{},12179
2024-11-22,10150,实时/日前申报均价,57.266700,NULL,{},12189
2024-11-22,10152,日前平均出清均价,43.440000,NULL,{},12187
2024-11-22,10155,实时平均出清均价,47.510000,NULL,{},12188
2024-11-23,10150,实时/日前申报均价,56.093300,NULL,{},12198
2024-11-23,10152,日前平均出清均价,40.000000,NULL,{},12196
2024-11-23,10155,实时平均出清均价,43.440000,NULL,{},12197
2024-11-24,10150,实时/日前申报均价,60.790000,NULL,{},12207
2024-11-24,10152,日前平均出清均价,40.000000,NULL,{},12205
2024-11-24,10155,实时平均出清均价,40.000000,NULL,{},12206
2024-11-25,10150,实时/日前申报均价,52.550000,NULL,{},12216
2024-11-25,10152,日前平均出清均价,40.000000,NULL,{},12214
2024-11-25,10155,实时平均出清均价,49.070000,NULL,{},12215
2024-11-26,10150,实时/日前申报均价,52.543300,NULL,{},12225
2024-11-26,10152,日前平均出清均价,40.000000,NULL,{},12223
2024-11-26,10155,实时平均出清均价,54.370000,NULL,{},12224
2024-11-27,10150,实时/日前申报均价,52.543300,NULL,{},12234
2024-11-27,10152,日前平均出清均价,40.000000,NULL,{},12232
2024-11-27,10155,实时平均出清均价,40.000000,NULL,{},12233
2024-11-28,10150,实时/日前申报均价,52.543300,NULL,{},12243
2024-11-28,10152,日前平均出清均价,40.000000,NULL,{},12241
2024-11-28,10155,实时平均出清均价,40.000000,NULL,{},12242
2024-11-29,10150,实时/日前申报均价,52.543300,NULL,{},12252
2024-11-29,10152,日前平均出清均价,40.000000,NULL,{},12250
2024-11-29,10155,实时平均出清均价,40.000000,NULL,{},12251
2024-11-30,10150,实时/日前申报均价,52.543300,NULL,{},12261
2024-11-30,10152,日前平均出清均价,40.000000,NULL,{},12259
2024-11-30,10155,实时平均出清均价,40.330000,NULL,{},12260
2024-12-01,10150,实时/日前申报均价,65.730000,NULL,{},12270
2024-12-01,10152,日前平均出清均价,95.440000,NULL,{},12268
2024-12-01,10155,实时平均出清均价,21.930000,NULL,{},12269
2024-12-02,10150,实时/日前申报均价,115.500000,NULL,{},12279
2024-12-02,10152,日前平均出清均价,331.980000,NULL,{},12277
2024-12-02,10155,实时平均出清均价,232.350000,NULL,{},12278
2024-12-03,10150,实时/日前申报均价,65.230000,NULL,{},12288
2024-12-03,10152,日前平均出清均价,179.930000,NULL,{},12286
2024-12-03,10155,实时平均出清均价,26.240000,NULL,{},12287
2024-12-04,10150,实时/日前申报均价,115.536700,NULL,{},12297
2024-12-04,10152,日前平均出清均价,178.600000,NULL,{},12295
2024-12-04,10155,实时平均出清均价,47.650000,NULL,{},12296
2024-12-05,10150,实时/日前申报均价,115.533300,NULL,{},12306
2024-12-05,10152,日前平均出清均价,159.670000,NULL,{},12304
2024-12-05,10155,实时平均出清均价,67.540000,NULL,{},12305
2024-12-06,10150,实时/日前申报均价,114.923300,NULL,{},12315
2024-12-06,10152,日前平均出清均价,140.470000,NULL,{},12313
2024-12-06,10155,实时平均出清均价,78.210000,NULL,{},12314
2024-12-07,10150,实时/日前申报均价,114.923300,NULL,{},12324
2024-12-07,10152,日前平均出清均价,258.330000,NULL,{},12322
2024-12-07,10155,实时平均出清均价,78.210000,NULL,{},12323
2024-12-08,10150,实时/日前申报均价,114.923300,NULL,{},12333
2024-12-08,10152,日前平均出清均价,227.010000,NULL,{},12331
2024-12-08,10155,实时平均出清均价,78.210000,NULL,{},12332
2024-12-09,10150,实时/日前申报均价,114.923300,NULL,{},12342
2024-12-09,10152,日前平均出清均价,276.850000,NULL,{},12340
2024-12-09,10155,实时平均出清均价,148.840000,NULL,{},12341
2024-12-10,10150,实时/日前申报均价,137.800000,NULL,{},12351
2024-12-10,10152,日前平均出清均价,332.810000,NULL,{},12349
2024-12-10,10155,实时平均出清均价,339.820000,NULL,{},12350
2024-12-11,10150,实时/日前申报均价,137.800000,NULL,{},12360
2024-12-11,10152,日前平均出清均价,299.620000,NULL,{},12358
2024-12-11,10155,实时平均出清均价,258.850000,NULL,{},12359
2024-12-12,10150,实时/日前申报均价,137.800000,NULL,{},12369
2024-12-12,10152,日前平均出清均价,222.290000,NULL,{},12367
2024-12-12,10155,实时平均出清均价,134.500000,NULL,{},12368
2024-12-13,10150,实时/日前申报均价,137.800000,NULL,{},12378
2024-12-13,10152,日前平均出清均价,262.140000,NULL,{},12376
2024-12-13,10155,实时平均出清均价,238.610000,NULL,{},12377
2024-12-14,10150,实时/日前申报均价,137.800000,NULL,{},12387
2024-12-14,10152,日前平均出清均价,204.670000,NULL,{},12385
2024-12-14,10155,实时平均出清均价,210.060000,NULL,{},12386
2024-12-15,10150,实时/日前申报均价,137.800000,NULL,{},12396
2024-12-15,10152,日前平均出清均价,238.900000,NULL,{},12394
2024-12-15,10155,实时平均出清均价,271.510000,NULL,{},12395
2024-12-16,10150,实时/日前申报均价,137.800000,NULL,{},12405
2024-12-16,10152,日前平均出清均价,270.660000,NULL,{},12403
2024-12-16,10155,实时平均出清均价,308.400000,NULL,{},12404
2024-12-17,10150,实时/日前申报均价,137.800000,NULL,{},12414
2024-12-17,10152,日前平均出清均价,261.700000,NULL,{},12412
2024-12-17,10155,实时平均出清均价,238.440000,NULL,{},12413
2024-12-18,10150,实时/日前申报均价,137.800000,NULL,{},12423
2024-12-18,10152,日前平均出清均价,206.700000,NULL,{},12421
2024-12-18,10155,实时平均出清均价,222.140000,NULL,{},12422
2024-12-19,10150,实时/日前申报均价,137.800000,NULL,{},12432
2024-12-19,10152,日前平均出清均价,229.740000,NULL,{},12430
2024-12-19,10155,实时平均出清均价,190.480000,NULL,{},12431
2024-12-20,10150,实时/日前申报均价,137.800000,NULL,{},12441
2024-12-20,10152,日前平均出清均价,252.940000,NULL,{},12439
2024-12-20,10155,实时平均出清均价,232.740000,NULL,{},12440
2024-12-21,10150,实时/日前申报均价,137.800000,NULL,{},12450
2024-12-21,10152,日前平均出清均价,242.930000,NULL,{},12448
2024-12-21,10155,实时平均出清均价,205.770000,NULL,{},12449
2024-12-22,10150,实时/日前申报均价,137.800000,NULL,{},12459
2024-12-22,10152,日前平均出清均价,233.260000,NULL,{},12457
2024-12-22,10155,实时平均出清均价,219.530000,NULL,{},12458
2024-12-23,10150,实时/日前申报均价,137.800000,NULL,{},12468
2024-12-23,10152,日前平均出清均价,252.020000,NULL,{},12466
2024-12-23,10155,实时平均出清均价,261.460000,NULL,{},12467
2024-12-24,10150,实时/日前申报均价,137.800000,NULL,{},12477
2024-12-24,10152,日前平均出清均价,263.980000,NULL,{},12475
2024-12-24,10155,实时平均出清均价,275.870000,NULL,{},12476
2024-12-25,10150,实时/日前申报均价,137.800000,NULL,{},12486
2024-12-25,10152,日前平均出清均价,268.350000,NULL,{},12484
2024-12-25,10155,实时平均出清均价,278.110000,NULL,{},12485
2024-12-26,10150,实时/日前申报均价,137.800000,NULL,{},12495
2024-12-26,10152,日前平均出清均价,265.190000,NULL,{},12493
2024-12-26,10155,实时平均出清均价,276.770000,NULL,{},12494
2024-12-27,10150,实时/日前申报均价,137.800000,NULL,{},12504
2024-12-27,10152,日前平均出清均价,190.810000,NULL,{},12502
2024-12-27,10155,实时平均出清均价,226.670000,NULL,{},12503
2024-12-28,10150,实时/日前申报均价,137.800000,NULL,{},12513
2024-12-28,10152,日前平均出清均价,244.940000,NULL,{},12511
2024-12-28,10155,实时平均出清均价,245.930000,NULL,{},12512
2024-12-29,10150,实时/日前申报均价,137.800000,NULL,{},12522
2024-12-29,10152,日前平均出清均价,109.270000,NULL,{},12520
2024-12-29,10155,实时平均出清均价,181.680000,NULL,{},12521
2024-12-30,10150,实时/日前申报均价,137.800000,NULL,{},12531
2024-12-30,10152,日前平均出清均价,244.070000,NULL,{},12529
2024-12-30,10155,实时平均出清均价,253.330000,NULL,{},12530
2024-12-31,10150,实时/日前申报均价,137.800000,NULL,{},12540
2024-12-31,10152,日前平均出清均价,236.960000,NULL,{},12538
2024-12-31,10155,实时平均出清均价,211.730000,NULL,{},12539
2025-01-01,10150,实时/日前申报均价,137.800000,NULL,{},12549
2025-01-01,10152,日前平均出清均价,263.400000,NULL,{},12547
2025-01-01,10155,实时平均出清均价,251.380000,NULL,{},12548
2025-01-02,10150,实时/日前申报均价,217.800000,NULL,{},12558
2025-01-02,10152,日前平均出清均价,279.840000,NULL,{},12556
2025-01-02,10155,实时平均出清均价,145.650000,NULL,{},12557
2025-01-03,10150,实时/日前申报均价,137.800000,NULL,{},12567
2025-01-03,10152,日前平均出清均价,316.480000,NULL,{},12565
2025-01-03,10155,实时平均出清均价,275.600000,NULL,{},12566
2025-01-04,10150,实时/日前申报均价,137.800000,NULL,{},12576
2025-01-04,10152,日前平均出清均价,167.740000,NULL,{},12574
2025-01-04,10155,实时平均出清均价,200.190000,NULL,{},12575
2025-01-05,10150,实时/日前申报均价,137.800000,NULL,{},12585
2025-01-05,10152,日前平均出清均价,243.420000,NULL,{},12583
2025-01-05,10155,实时平均出清均价,275.600000,NULL,{},12584
2025-01-06,10150,实时/日前申报均价,137.800000,NULL,{},12594
2025-01-06,10152,日前平均出清均价,272.160000,NULL,{},12592
2025-01-06,10155,实时平均出清均价,154.350000,NULL,{},12593
2025-01-07,10150,实时/日前申报均价,137.800000,NULL,{},12603
2025-01-07,10152,日前平均出清均价,295.680000,NULL,{},12601
2025-01-07,10155,实时平均出清均价,279.250000,NULL,{},12602
2025-01-08,10150,实时/日前申报均价,137.800000,NULL,{},12612
2025-01-08,10152,日前平均出清均价,323.240000,NULL,{},12610
2025-01-08,10155,实时平均出清均价,287.700000,NULL,{},12611
2025-01-09,10150,实时/日前申报均价,137.800000,NULL,{},12621
2025-01-09,10152,日前平均出清均价,294.140000,NULL,{},12619
2025-01-09,10155,实时平均出清均价,297.980000,NULL,{},12620
2025-01-10,10150,实时/日前申报均价,137.800000,NULL,{},12630
2025-01-10,10152,日前平均出清均价,98.160000,NULL,{},12628
2025-01-10,10155,实时平均出清均价,182.010000,NULL,{},12629
2025-01-11,10150,实时/日前申报均价,137.800000,NULL,{},12639
2025-01-11,10152,日前平均出清均价,144.420000,NULL,{},12637
2025-01-11,10155,实时平均出清均价,155.060000,NULL,{},12638
2025-01-12,10150,实时/日前申报均价,137.800000,NULL,{},12648
2025-01-12,10155,实时平均出清均价,173.030000,NULL,{},12647
2025-01-13,10150,实时/日前申报均价,137.800000,NULL,{},12657
2025-01-13,10155,实时平均出清均价,217.640000,NULL,{},12656
2025-01-14,10150,实时/日前申报均价,137.800000,NULL,{},12666
2025-01-14,10155,实时平均出清均价,302.580000,NULL,{},12665
2025-01-15,10150,实时/日前申报均价,138.283300,NULL,{},12675
2025-01-15,10152,日前平均出清均价,285.560000,NULL,{},12673
2025-01-15,10155,实时平均出清均价,235.260000,NULL,{},12674
2025-01-16,10150,实时/日前申报均价,137.800000,NULL,{},12684
2025-01-17,10155,实时平均出清均价,8548.850000,NULL,{},12692
2025-01-18,10150,实时/日前申报均价,80.340000,NULL,{},12702
2025-01-18,10155,实时平均出清均价,47.310000,NULL,{},12701
2025-01-19,10150,实时/日前申报均价,80.340000,NULL,{},12711
2025-01-19,10155,实时平均出清均价,46.620000,NULL,{},12710
2025-02-08,10155,实时平均出清均价,362.740000,NULL,{},12890
2025-02-09,10150,实时/日前申报均价,137.980000,NULL,{},12900
2025-02-09,10152,日前平均出清均价,305.710000,NULL,{},12898
2025-02-09,10155,实时平均出清均价,321.110000,NULL,{},12899
2025-02-10,10150,实时/日前申报均价,137.980000,NULL,{},12909
2025-02-10,10155,实时平均出清均价,305.850000,NULL,{},12908
2025-02-11,10150,实时/日前申报均价,137.980000,NULL,{},12918
2025-02-11,10155,实时平均出清均价,217.570000,NULL,{},12917
2025-02-12,10150,实时/日前申报均价,137.980000,NULL,{},12927
2025-02-12,10155,实时平均出清均价,219.910000,NULL,{},12926
2025-02-13,10150,实时/日前申报均价,137.980000,NULL,{},12936
2025-02-13,10155,实时平均出清均价,221.740000,NULL,{},12935
2025-02-14,10150,实时/日前申报均价,137.980000,NULL,{},12945
2025-02-14,10155,实时平均出清均价,236.100000,NULL,{},12944
2025-02-15,10150,实时/日前申报均价,137.980000,NULL,{},12954
2025-02-15,10155,实时平均出清均价,202.530000,NULL,{},12953
2025-02-16,10150,实时/日前申报均价,137.980000,NULL,{},12963
2025-02-16,10155,实时平均出清均价,290.980000,NULL,{},12962
2025-02-17,10150,实时/日前申报均价,137.800000,NULL,{},12972
2025-02-17,10155,实时平均出清均价,244.590000,NULL,{},12971
2025-02-18,10150,实时/日前申报均价,137.800000,NULL,{},12981
2025-02-18,10155,实时平均出清均价,252.190000,NULL,{},12980
2025-02-19,10150,实时/日前申报均价,137.800000,NULL,{},12990
2025-02-19,10155,实时平均出清均价,278.920000,NULL,{},12989
2025-02-20,10150,实时/日前申报均价,65.050000,NULL,{},12999
2025-02-20,10155,实时平均出清均价,64.960000,NULL,{},12998
2025-02-21,10150,实时/日前申报均价,65.050000,NULL,{},13008
2025-02-21,10155,实时平均出清均价,40.590000,NULL,{},13007
2025-02-22,10150,实时/日前申报均价,137.800000,NULL,{},13017
2025-02-22,10155,实时平均出清均价,281.340000,NULL,{},13016
2025-02-23,10150,实时/日前申报均价,137.800000,NULL,{},13026
2025-02-23,10155,实时平均出清均价,292.550000,NULL,{},13025
2025-02-24,10150,实时/日前申报均价,137.800000,NULL,{},13035
2025-02-24,10155,实时平均出清均价,280.820000,NULL,{},13034
2025-02-25,10150,实时/日前申报均价,137.800000,NULL,{},13044
2025-02-25,10155,实时平均出清均价,364.430000,NULL,{},13043
2025-02-26,10150,实时/日前申报均价,137.800000,NULL,{},13053
2025-02-26,10155,实时平均出清均价,310.100000,NULL,{},13052
2025-02-27,10150,实时/日前申报均价,137.800000,NULL,{},13062
2025-02-27,10155,实时平均出清均价,279.370000,NULL,{},13061
2025-02-28,10150,实时/日前申报均价,137.800000,NULL,{},13071
2025-02-28,10155,实时平均出清均价,231.110000,NULL,{},13070
2025-03-26,10155,实时平均出清均价,40.480000,NULL,{},13304
2025-03-27,10150,实时/日前申报均价,60.930000,NULL,{},13314
2025-03-27,10152,日前平均出清均价,40.000000,NULL,{},13312
2025-03-27,10155,实时平均出清均价,40.000000,NULL,{},13313
2025-03-28,10150,实时/日前申报均价,61.866700,NULL,{},13323
2025-03-28,10152,日前平均出清均价,40.000000,NULL,{},13321
2025-03-28,10155,实时平均出清均价,40.000000,NULL,{},13322
2025-03-29,10150,实时/日前申报均价,62.156700,NULL,{},13332
2025-03-29,10152,日前平均出清均价,40.000000,NULL,{},13330
2025-03-29,10155,实时平均出清均价,40.000000,NULL,{},13331
2025-03-30,10150,实时/日前申报均价,62.343300,NULL,{},13341
2025-03-30,10152,日前平均出清均价,40.000000,NULL,{},13339
2025-03-30,10155,实时平均出清均价,49.690000,NULL,{},13340
2025-03-31,10150,实时/日前申报均价,62.726700,NULL,{},13350
2025-03-31,10152,日前平均出清均价,40.000000,NULL,{},13348
2025-03-31,10155,实时平均出清均价,40.000000,NULL,{},13349
2025-04-01,10150,实时/日前申报均价,146.140000,NULL,{},13359
2025-04-01,10152,日前平均出清均价,229.530000,NULL,{},13357
2025-04-01,10155,实时平均出清均价,272.050000,NULL,{},13358
2025-04-02,10150,实时/日前申报均价,139.740000,NULL,{},13368
2025-04-02,10152,日前平均出清均价,246.920000,NULL,{},13366
2025-04-02,10155,实时平均出清均价,353.950000,NULL,{},13367
2025-04-03,10150,实时/日前申报均价,147.530000,NULL,{},13377
2025-04-03,10152,日前平均出清均价,304.060000,NULL,{},13375
2025-04-03,10155,实时平均出清均价,323.390000,NULL,{},13376
2025-04-04,10150,实时/日前申报均价,145.840000,NULL,{},13386
2025-04-04,10152,日前平均出清均价,230.990000,NULL,{},13384
2025-04-04,10155,实时平均出清均价,245.480000,NULL,{},13385
2025-04-05,10150,实时/日前申报均价,144.303300,NULL,{},13395
2025-04-05,10152,日前平均出清均价,217.010000,NULL,{},13393
2025-04-05,10155,实时平均出清均价,297.690000,NULL,{},13394
2025-04-06,10150,实时/日前申报均价,144.476700,NULL,{},13404
2025-04-06,10152,日前平均出清均价,255.180000,NULL,{},13402
2025-04-06,10155,实时平均出清均价,307.730000,NULL,{},13403
2025-04-07,10150,实时/日前申报均价,143.390000,NULL,{},13413
2025-04-07,10152,日前平均出清均价,286.600000,NULL,{},13411
2025-04-07,10155,实时平均出清均价,327.290000,NULL,{},13412
2025-04-08,10150,实时/日前申报均价,139.703300,NULL,{},13422
2025-04-08,10152,日前平均出清均价,154.900000,NULL,{},13420
2025-04-08,10155,实时平均出清均价,219.690000,NULL,{},13421
2025-04-09,10150,实时/日前申报均价,129.233300,NULL,{},13431
2025-04-09,10152,日前平均出清均价,204.990000,NULL,{},13429
2025-04-09,10155,实时平均出清均价,181.370000,NULL,{},13430
2025-04-10,10150,实时/日前申报均价,113.283300,NULL,{},13440
2025-04-10,10152,日前平均出清均价,188.060000,NULL,{},13438
2025-04-10,10155,实时平均出清均价,206.500000,NULL,{},13439
2025-04-11,10150,实时/日前申报均价,134.656700,NULL,{},13449
2025-04-11,10152,日前平均出清均价,119.960000,NULL,{},13447
2025-04-11,10155,实时平均出清均价,75.250000,NULL,{},13448
2025-04-12,10150,实时/日前申报均价,141.156700,NULL,{},13458
2025-04-12,10152,日前平均出清均价,106.090000,NULL,{},13456
2025-04-12,10155,实时平均出清均价,243.040000,NULL,{},13457
2025-04-13,10150,实时/日前申报均价,147.036700,NULL,{},13467
2025-04-13,10152,日前平均出清均价,66.150000,NULL,{},13465
2025-04-13,10155,实时平均出清均价,89.180000,NULL,{},13466
2025-04-14,10150,实时/日前申报均价,148.296700,NULL,{},13476
2025-04-14,10152,日前平均出清均价,291.270000,NULL,{},13474
2025-04-14,10155,实时平均出清均价,280.220000,NULL,{},13475
2025-04-15,10150,实时/日前申报均价,146.453300,NULL,{},13485
2025-04-15,10152,日前平均出清均价,200.920000,NULL,{},13483
2025-04-15,10155,实时平均出清均价,184.590000,NULL,{},13484
2025-04-16,10150,实时/日前申报均价,147.273300,NULL,{},13494
2025-04-16,10152,日前平均出清均价,202.570000,NULL,{},13492
2025-04-16,10155,实时平均出清均价,209.910000,NULL,{},13493
2025-04-17,10150,实时/日前申报均价,151.820000,NULL,{},13503
2025-04-17,10152,日前平均出清均价,196.410000,NULL,{},13501
2025-04-17,10155,实时平均出清均价,220.560000,NULL,{},13502
2025-04-18,10150,实时/日前申报均价,143.103300,NULL,{},13512
2025-04-18,10152,日前平均出清均价,181.330000,NULL,{},13510
2025-04-18,10155,实时平均出清均价,132.570000,NULL,{},13511
2025-04-19,10150,实时/日前申报均价,147.320000,NULL,{},13521
2025-04-19,10152,日前平均出清均价,152.250000,NULL,{},13519
2025-04-19,10155,实时平均出清均价,193.250000,NULL,{},13520
2025-04-20,10150,实时/日前申报均价,132.226700,NULL,{},13530
2025-04-20,10152,日前平均出清均价,73.990000,NULL,{},13528
2025-04-20,10155,实时平均出清均价,91.670000,NULL,{},13529
2025-04-21,10150,实时/日前申报均价,137.050000,NULL,{},13539
2025-04-21,10152,日前平均出清均价,179.250000,NULL,{},13537
2025-04-21,10155,实时平均出清均价,172.000000,NULL,{},13538
2025-04-22,10150,实时/日前申报均价,148.293300,NULL,{},13548
2025-04-22,10152,日前平均出清均价,322.510000,NULL,{},13546
2025-04-22,10155,实时平均出清均价,341.760000,NULL,{},13547
2025-04-23,10150,实时/日前申报均价,138.393300,NULL,{},13557
2025-04-23,10152,日前平均出清均价,198.230000,NULL,{},13555
2025-04-23,10155,实时平均出清均价,199.630000,NULL,{},13556
2025-04-24,10150,实时/日前申报均价,138.263300,NULL,{},13566
2025-04-24,10152,日前平均出清均价,209.400000,NULL,{},13564
2025-04-24,10155,实时平均出清均价,228.400000,NULL,{},13565
2025-04-25,10150,实时/日前申报均价,91.520000,NULL,{},13575
2025-04-25,10152,日前平均出清均价,98.850000,NULL,{},13573
2025-04-25,10155,实时平均出清均价,100.750000,NULL,{},13574
2025-04-26,10150,实时/日前申报均价,91.780000,NULL,{},13584
2025-04-26,10152,日前平均出清均价,134.560000,NULL,{},13582
2025-04-26,10155,实时平均出清均价,146.200000,NULL,{},13583
2025-04-27,10150,实时/日前申报均价,89.323300,NULL,{},13593
2025-04-27,10152,日前平均出清均价,116.530000,NULL,{},13591
2025-04-27,10155,实时平均出清均价,99.650000,NULL,{},13592
2025-04-28,10150,实时/日前申报均价,92.580000,NULL,{},13602
2025-04-28,10152,日前平均出清均价,118.420000,NULL,{},13600
2025-04-28,10155,实时平均出清均价,130.040000,NULL,{},13601
2025-04-29,10150,实时/日前申报均价,152.060000,NULL,{},13611
2025-04-29,10152,日前平均出清均价,182.760000,NULL,{},13609
2025-04-29,10155,实时平均出清均价,186.080000,NULL,{},13610
2025-04-30,10150,实时/日前申报均价,137.813300,NULL,{},13620
2025-04-30,10152,日前平均出清均价,122.670000,NULL,{},13618
2025-04-30,10155,实时平均出清均价,161.200000,NULL,{},13619
2025-05-01,10150,实时/日前申报均价,113.353300,NULL,{},13629
2025-05-01,10155,实时平均出清均价,51.290000,NULL,{},13628
2025-05-02,10150,实时/日前申报均价,111.936700,NULL,{},13638
2025-05-02,10155,实时平均出清均价,133.330000,NULL,{},13637
2025-05-03,10150,实时/日前申报均价,113.293300,NULL,{},13647
2025-05-03,10155,实时平均出清均价,246.560000,NULL,{},13646
2025-05-04,10150,实时/日前申报均价,113.340000,NULL,{},13656
2025-05-04,10155,实时平均出清均价,215.060000,NULL,{},13655
2025-05-05,10150,实时/日前申报均价,113.360000,NULL,{},13665
2025-05-05,10155,实时平均出清均价,76.540000,NULL,{},13664
2025-05-06,10150,实时/日前申报均价,112.383300,NULL,{},13674
2025-05-06,10155,实时平均出清均价,128.830000,NULL,{},13673
2025-05-07,10150,实时/日前申报均价,112.383300,NULL,{},13683
2025-05-07,10155,实时平均出清均价,193.610000,NULL,{},13682
2025-05-08,10150,实时/日前申报均价,113.413300,NULL,{},13692
2025-05-08,10155,实时平均出清均价,137.130000,NULL,{},13691
2025-05-09,10150,实时/日前申报均价,112.033300,NULL,{},13701
2025-05-09,10155,实时平均出清均价,130.060000,NULL,{},13700
2025-05-10,10150,实时/日前申报均价,112.416700,NULL,{},13710
2025-05-10,10155,实时平均出清均价,245.290000,NULL,{},13709
2025-05-11,10150,实时/日前申报均价,112.440000,NULL,{},13719
2025-05-11,10155,实时平均出清均价,144.760000,NULL,{},13718
2025-05-13,10150,实时/日前申报均价,112.440000,NULL,{},13737
2025-05-13,10155,实时平均出清均价,291.680000,NULL,{},13736
2025-05-14,10150,实时/日前申报均价,112.440000,NULL,{},13746
2025-05-14,10155,实时平均出清均价,245.000000,NULL,{},13745
2025-05-15,10150,实时/日前申报均价,112.543300,NULL,{},13755
2025-05-15,10155,实时平均出清均价,139.880000,NULL,{},13754
2025-05-16,10150,实时/日前申报均价,112.513300,NULL,{},13764
2025-05-16,10155,实时平均出清均价,73.740000,NULL,{},13763
2025-05-17,10150,实时/日前申报均价,113.443300,NULL,{},13773
2025-05-17,10155,实时平均出清均价,289.020000,NULL,{},13772
2025-05-18,10150,实时/日前申报均价,113.390000,NULL,{},13782
2025-05-18,10155,实时平均出清均价,214.200000,NULL,{},13781
2025-05-19,10150,实时/日前申报均价,113.390000,NULL,{},13791
2025-05-19,10155,实时平均出清均价,90.300000,NULL,{},13790
2025-05-20,10150,实时/日前申报均价,113.390000,NULL,{},13800
2025-05-20,10155,实时平均出清均价,109.640000,NULL,{},13799
2025-05-21,10150,实时/日前申报均价,113.390000,NULL,{},13809
2025-05-21,10155,实时平均出清均价,141.600000,NULL,{},13808
2025-05-22,10150,实时/日前申报均价,113.390000,NULL,{},13818
2025-05-22,10155,实时平均出清均价,54.280000,NULL,{},13817
2025-05-23,10150,实时/日前申报均价,113.390000,NULL,{},13827
2025-05-23,10155,实时平均出清均价,257.090000,NULL,{},13826
2025-05-24,10150,实时/日前申报均价,108.010000,NULL,{},13836
2025-05-24,10155,实时平均出清均价,191.200000,NULL,{},13835
2025-05-25,10150,实时/日前申报均价,107.993300,NULL,{},13845
2025-05-25,10155,实时平均出清均价,72.840000,NULL,{},13844
2025-05-26,10150,实时/日前申报均价,107.046700,NULL,{},13854
2025-05-26,10155,实时平均出清均价,136.260000,NULL,{},13853
2025-05-27,10155,实时平均出清均价,64.460000,NULL,{},13862
2025-05-28,10150,实时/日前申报均价,107.020000,NULL,{},13872
2025-05-28,10155,实时平均出清均价,66.700000,NULL,{},13871
2025-05-29,10150,实时/日前申报均价,54.560000,NULL,{},13881
2025-05-29,10152,日前平均出清均价,40.000000,NULL,{},13879
2025-05-29,10155,实时平均出清均价,40.490000,NULL,{},13880
2025-05-30,10150,实时/日前申报均价,49.676700,NULL,{},13890
2025-05-30,10152,日前平均出清均价,40.000000,NULL,{},13888
2025-05-30,10155,实时平均出清均价,42.920000,NULL,{},13889
2025-05-31,10150,实时/日前申报均价,53.716700,NULL,{},13899
2025-05-31,10152,日前平均出清均价,40.000000,NULL,{},13897
2025-05-31,10155,实时平均出清均价,43.010000,NULL,{},13898
2025-06-01,10150,实时/日前申报均价,134.053300,NULL,{},13908
2025-06-01,10152,日前平均出清均价,424.120000,NULL,{},13906
2025-06-01,10155,实时平均出清均价,409.440000,NULL,{},13907
2025-06-02,10150,实时/日前申报均价,133.516700,NULL,{},13917
2025-06-02,10152,日前平均出清均价,289.680000,NULL,{},13915
2025-06-02,10155,实时平均出清均价,257.690000,NULL,{},13916
2025-06-03,10150,实时/日前申报均价,133.106700,NULL,{},13926
2025-06-03,10152,日前平均出清均价,284.210000,NULL,{},13924
2025-06-03,10155,实时平均出清均价,257.220000,NULL,{},13925
2025-06-04,10150,实时/日前申报均价,117.066700,NULL,{},13935
2025-06-04,10152,日前平均出清均价,166.800000,NULL,{},13933
2025-06-04,10155,实时平均出清均价,117.240000,NULL,{},13934
2025-06-05,10150,实时/日前申报均价,121.740000,NULL,{},13944
2025-06-05,10152,日前平均出清均价,150.980000,NULL,{},13942
2025-06-05,10155,实时平均出清均价,230.380000,NULL,{},13943
2025-06-06,10150,实时/日前申报均价,127.083300,NULL,{},13953
2025-06-06,10152,日前平均出清均价,279.640000,NULL,{},13951
2025-06-06,10155,实时平均出清均价,324.820000,NULL,{},13952
2025-06-07,10150,实时/日前申报均价,126.736700,NULL,{},13962
2025-06-07,10152,日前平均出清均价,323.480000,NULL,{},13960
2025-06-07,10155,实时平均出清均价,371.630000,NULL,{},13961
2025-06-08,10150,实时/日前申报均价,127.313300,NULL,{},13971
2025-06-08,10152,日前平均出清均价,287.150000,NULL,{},13969
2025-06-08,10155,实时平均出清均价,309.880000,NULL,{},13970
2025-06-09,10150,实时/日前申报均价,125.806700,NULL,{},13980
2025-06-09,10152,日前平均出清均价,215.820000,NULL,{},13978
2025-06-09,10155,实时平均出清均价,227.560000,NULL,{},13979
2025-06-10,10150,实时/日前申报均价,126.756700,NULL,{},13989
2025-06-10,10152,日前平均出清均价,243.360000,NULL,{},13987
2025-06-10,10155,实时平均出清均价,250.640000,NULL,{},13988
2025-06-11,10150,实时/日前申报均价,121.690000,NULL,{},13998
2025-06-11,10152,日前平均出清均价,188.740000,NULL,{},13996
2025-06-11,10155,实时平均出清均价,179.330000,NULL,{},13997
2025-06-12,10150,实时/日前申报均价,122.030000,NULL,{},14007
2025-06-12,10152,日前平均出清均价,129.990000,NULL,{},14005
2025-06-12,10155,实时平均出清均价,195.640000,NULL,{},14006
2025-06-13,10150,实时/日前申报均价,121.236700,NULL,{},14016
2025-06-13,10152,日前平均出清均价,246.650000,NULL,{},14014
2025-06-13,10155,实时平均出清均价,176.870000,NULL,{},14015
2025-06-14,10150,实时/日前申报均价,108.376700,NULL,{},14025
2025-06-14,10152,日前平均出清均价,146.960000,NULL,{},14023
2025-06-14,10155,实时平均出清均价,129.020000,NULL,{},14024
2025-06-15,10150,实时/日前申报均价,109.996700,NULL,{},14034
2025-06-15,10152,日前平均出清均价,164.950000,NULL,{},14032
2025-06-15,10155,实时平均出清均价,152.540000,NULL,{},14033
2025-06-16,10150,实时/日前申报均价,116.840000,NULL,{},14043
2025-06-16,10152,日前平均出清均价,209.930000,NULL,{},14041
2025-06-16,10155,实时平均出清均价,225.670000,NULL,{},14042
2025-06-17,10150,实时/日前申报均价,114.690000,NULL,{},14052
2025-06-17,10152,日前平均出清均价,183.760000,NULL,{},14050
2025-06-17,10155,实时平均出清均价,186.220000,NULL,{},14051
2025-06-18,10150,实时/日前申报均价,124.003300,NULL,{},14061
2025-06-18,10152,日前平均出清均价,300.870000,NULL,{},14059
2025-06-18,10155,实时平均出清均价,297.840000,NULL,{},14060
2025-06-19,10150,实时/日前申报均价,126.746700,NULL,{},14070
2025-06-19,10152,日前平均出清均价,303.640000,NULL,{},14068
2025-06-19,10155,实时平均出清均价,272.760000,NULL,{},14069
2025-06-20,10150,实时/日前申报均价,131.323300,NULL,{},14079
2025-06-20,10152,日前平均出清均价,250.230000,NULL,{},14077
2025-06-20,10155,实时平均出清均价,253.430000,NULL,{},14078
2025-06-21,10150,实时/日前申报均价,139.966700,NULL,{},14088
2025-06-21,10152,日前平均出清均价,214.720000,NULL,{},14086
2025-06-21,10155,实时平均出清均价,242.580000,NULL,{},14087
2025-06-22,10150,实时/日前申报均价,137.380000,NULL,{},14097
2025-06-22,10152,日前平均出清均价,343.510000,NULL,{},14095
2025-06-22,10155,实时平均出清均价,286.830000,NULL,{},14096
2025-06-23,10150,实时/日前申报均价,128.533300,NULL,{},14106
2025-06-23,10152,日前平均出清均价,216.620000,NULL,{},14104
2025-06-23,10155,实时平均出清均价,210.720000,NULL,{},14105
2025-06-24,10150,实时/日前申报均价,128.413300,NULL,{},14115
2025-06-24,10152,日前平均出清均价,276.920000,NULL,{},14113
2025-06-24,10155,实时平均出清均价,325.230000,NULL,{},14114
2025-06-25,10150,实时/日前申报均价,107.343300,NULL,{},14124
2025-06-25,10152,日前平均出清均价,322.090000,NULL,{},14122
2025-06-25,10155,实时平均出清均价,179.720000,NULL,{},14123
2025-06-26,10150,实时/日前申报均价,131.720000,NULL,{},14133
2025-06-26,10152,日前平均出清均价,257.290000,NULL,{},14131
2025-06-26,10155,实时平均出清均价,251.060000,NULL,{},14132
2025-06-27,10150,实时/日前申报均价,129.566700,NULL,{},14142
2025-06-27,10152,日前平均出清均价,234.070000,NULL,{},14140
2025-06-27,10155,实时平均出清均价,196.150000,NULL,{},14141
2025-06-28,10150,实时/日前申报均价,133.123300,NULL,{},14151
2025-06-28,10152,日前平均出清均价,232.830000,NULL,{},14149
2025-06-28,10155,实时平均出清均价,236.330000,NULL,{},14150
2025-06-29,10150,实时/日前申报均价,130.620000,NULL,{},14160
2025-06-29,10152,日前平均出清均价,203.100000,NULL,{},14158
2025-06-29,10155,实时平均出清均价,139.560000,NULL,{},14159
2025-06-30,10150,实时/日前申报均价,119.840000,NULL,{},14169
2025-06-30,10152,日前平均出清均价,224.110000,NULL,{},14167
2025-06-30,10155,实时平均出清均价,254.210000,NULL,{},14168
2025-07-01,10150,实时/日前申报均价,123.186700,NULL,{},14178
2025-07-01,10152,日前平均出清均价,235.510000,NULL,{},14176
2025-07-01,10155,实时平均出清均价,268.960000,NULL,{},14177
2025-07-02,10150,实时/日前申报均价,125.613300,NULL,{},14187
2025-07-02,10152,日前平均出清均价,213.200000,NULL,{},14185
2025-07-02,10155,实时平均出清均价,211.710000,NULL,{},14186
2025-07-03,10150,实时/日前申报均价,134.066700,NULL,{},14196
2025-07-03,10152,日前平均出清均价,241.070000,NULL,{},14194
2025-07-03,10155,实时平均出清均价,306.050000,NULL,{},14195
2025-07-04,10150,实时/日前申报均价,132.710000,NULL,{},14205
2025-07-04,10152,日前平均出清均价,317.220000,NULL,{},14203
2025-07-04,10155,实时平均出清均价,208.270000,NULL,{},14204
2025-07-05,10150,实时/日前申报均价,132.793300,NULL,{},14214
2025-07-05,10152,日前平均出清均价,313.270000,NULL,{},14212
2025-07-05,10155,实时平均出清均价,199.020000,NULL,{},14213
2025-07-06,10150,实时/日前申报均价,131.293300,NULL,{},14223
2025-07-06,10152,日前平均出清均价,364.950000,NULL,{},14221
2025-07-06,10155,实时平均出清均价,283.090000,NULL,{},14222
2025-07-07,10150,实时/日前申报均价,128.816700,NULL,{},14232
2025-07-07,10152,日前平均出清均价,183.480000,NULL,{},14230
2025-07-07,10155,实时平均出清均价,189.130000,NULL,{},14231
2025-07-08,10150,实时/日前申报均价,131.093300,NULL,{},14241
2025-07-08,10152,日前平均出清均价,228.390000,NULL,{},14239
2025-07-08,10155,实时平均出清均价,258.420000,NULL,{},14240
2025-07-09,10150,实时/日前申报均价,123.096700,NULL,{},14250
2025-07-09,10152,日前平均出清均价,252.470000,NULL,{},14248
2025-07-09,10155,实时平均出清均价,265.450000,NULL,{},14249
2025-07-10,10150,实时/日前申报均价,133.036700,NULL,{},14273
2025-07-10,10152,日前平均出清均价,168.220000,NULL,{},14271
2025-07-10,10155,实时平均出清均价,110.460000,NULL,{},14272
2025-07-11,10150,实时/日前申报均价,118.280000,NULL,{},14282
2025-07-11,10152,日前平均出清均价,44.200000,NULL,{},14280
2025-07-11,10155,实时平均出清均价,66.700000,NULL,{},14281
2025-07-12,10150,实时/日前申报均价,107.963300,NULL,{},14291
2025-07-12,10152,日前平均出清均价,65.700000,NULL,{},14289
2025-07-12,10155,实时平均出清均价,93.670000,NULL,{},14290
2025-07-13,10150,实时/日前申报均价,104.400000,NULL,{},14300
2025-07-13,10152,日前平均出清均价,110.110000,NULL,{},14298
2025-07-13,10155,实时平均出清均价,102.600000,NULL,{},14299
2025-07-14,10150,实时/日前申报均价,120.306700,NULL,{},14309
2025-07-14,10152,日前平均出清均价,169.210000,NULL,{},14307
2025-07-14,10155,实时平均出清均价,209.520000,NULL,{},14308
2025-07-15,10150,实时/日前申报均价,128.496700,NULL,{},14318
2025-07-15,10152,日前平均出清均价,237.890000,NULL,{},14316
2025-07-15,10155,实时平均出清均价,323.910000,NULL,{},14317
2025-07-16,10150,实时/日前申报均价,133.286700,NULL,{},14327
2025-07-16,10152,日前平均出清均价,263.100000,NULL,{},14325
2025-07-16,10155,实时平均出清均价,233.410000,NULL,{},14326
2025-07-17,10150,实时/日前申报均价,134.966700,NULL,{},14336
2025-07-17,10152,日前平均出清均价,242.710000,NULL,{},14334
2025-07-17,10155,实时平均出清均价,207.790000,NULL,{},14335
2025-07-18,10150,实时/日前申报均价,132.266700,NULL,{},14345
2025-07-18,10152,日前平均出清均价,302.770000,NULL,{},14343
2025-07-18,10155,实时平均出清均价,206.800000,NULL,{},14344
2025-07-19,10150,实时/日前申报均价,129.320000,NULL,{},14354
2025-07-19,10152,日前平均出清均价,342.590000,NULL,{},14352
2025-07-19,10155,实时平均出清均价,286.220000,NULL,{},14353
2025-07-20,10150,实时/日前申报均价,130.623300,NULL,{},14363
2025-07-20,10152,日前平均出清均价,223.230000,NULL,{},14361
2025-07-20,10155,实时平均出清均价,206.470000,NULL,{},14362
2025-07-21,10150,实时/日前申报均价,132.126700,NULL,{},14372
2025-07-21,10152,日前平均出清均价,213.760000,NULL,{},14370
2025-07-21,10155,实时平均出清均价,179.990000,NULL,{},14371
2025-07-22,10150,实时/日前申报均价,114.850000,NULL,{},14381
2025-07-22,10152,日前平均出清均价,57.570000,NULL,{},14379
2025-07-22,10155,实时平均出清均价,57.570000,NULL,{},14380
2025-07-23,10150,实时/日前申报均价,110.020000,NULL,{},14390
2025-07-23,10152,日前平均出清均价,135.650000,NULL,{},14388
2025-07-23,10155,实时平均出清均价,164.310000,NULL,{},14389
2025-07-24,10150,实时/日前申报均价,128.940000,NULL,{},14399
2025-07-24,10152,日前平均出清均价,310.810000,NULL,{},14397
2025-07-24,10155,实时平均出清均价,325.530000,NULL,{},14398
2025-07-25,10150,实时/日前申报均价,133.623300,NULL,{},14408
2025-07-25,10152,日前平均出清均价,315.990000,NULL,{},14406
2025-07-25,10155,实时平均出清均价,314.890000,NULL,{},14407
2025-07-26,10150,实时/日前申报均价,129.540000,NULL,{},14417
2025-07-26,10152,日前平均出清均价,216.390000,NULL,{},14415
2025-07-26,10155,实时平均出清均价,249.680000,NULL,{},14416
2025-07-27,10150,实时/日前申报均价,130.086700,NULL,{},14426
2025-07-27,10152,日前平均出清均价,232.670000,NULL,{},14424
2025-07-27,10155,实时平均出清均价,239.310000,NULL,{},14425
2025-07-28,10150,实时/日前申报均价,132.006700,NULL,{},14435
2025-07-28,10152,日前平均出清均价,219.170000,NULL,{},14433
2025-07-28,10155,实时平均出清均价,283.760000,NULL,{},14434
2025-07-29,10150,实时/日前申报均价,127.250000,NULL,{},14444
2025-07-29,10152,日前平均出清均价,225.500000,NULL,{},14442
2025-07-29,10155,实时平均出清均价,262.330000,NULL,{},14443
2025-07-30,10150,实时/日前申报均价,128.316700,NULL,{},14453
2025-07-30,10152,日前平均出清均价,178.000000,NULL,{},14451
2025-07-30,10155,实时平均出清均价,119.660000,NULL,{},14452
2025-07-31,10150,实时/日前申报均价,131.043300,NULL,{},14462
2025-07-31,10152,日前平均出清均价,224.920000,NULL,{},14460
2025-07-31,10155,实时平均出清均价,266.870000,NULL,{},14461
2025-08-01,10150,实时/日前申报均价,118.896700,NULL,{},14471
2025-08-01,10152,日前平均出清均价,259.500000,NULL,{},14469
2025-08-02,10152,日前平均出清均价,245.100000,NULL,{},14478
2025-08-03,10152,日前平均出清均价,208.660000,NULL,{},14487
2025-08-04,10152,日前平均出清均价,201.400000,NULL,{},14496
2025-08-05,10152,日前平均出清均价,401.280000,NULL,{},14505
2025-08-06,10152,日前平均出清均价,164.910000,NULL,{},14514
2025-08-07,10152,日前平均出清均价,261.100000,NULL,{},14523
2025-08-09,10152,日前平均出清均价,407.170000,NULL,{},14541
2025-08-12,10152,日前平均出清均价,230.450000,NULL,{},14568
2025-08-13,10152,日前平均出清均价,225.750000,NULL,{},14577
2025-08-14,10152,日前平均出清均价,43.040000,NULL,{},14586
2025-08-15,10152,日前平均出清均价,61.530000,NULL,{},14595
2025-08-16,10152,日前平均出清均价,51.800000,NULL,{},14604
2025-08-17,10152,日前平均出清均价,207.900000,NULL,{},14613
2025-08-18,10152,日前平均出清均价,109.870000,NULL,{},14622
2025-08-19,10152,日前平均出清均价,133.620000,NULL,{},14631
2025-08-20,10152,日前平均出清均价,92.730000,NULL,{},14640
2025-08-23,10152,日前平均出清均价,437.790000,NULL,{},14667
2025-08-24,10152,日前平均出清均价,267.500000,NULL,{},14676
2025-08-25,10152,日前平均出清均价,179.180000,NULL,{},14685
2025-08-26,10152,日前平均出清均价,204.950000,NULL,{},14694
2025-08-27,10152,日前平均出清均价,384.820000,NULL,{},14703
2025-08-28,10152,日前平均出清均价,449.760000,NULL,{},14712
2025-08-29,10152,日前平均出清均价,232.530000,NULL,{},14721
2025-08-30,10152,日前平均出清均价,278.650000,NULL,{},14730
2025-08-31,10152,日前平均出清均价,216.560000,NULL,{},14739
2025-09-01,10152,日前平均出清均价,31.250000,NULL,{},14748
2025-09-02,10152,日前平均出清均价,350.140000,NULL,{},14757
2025-09-03,10152,日前平均出清均价,253.950000,NULL,{},14766
2025-09-04,10152,日前平均出清均价,196.360000,NULL,{},14775
2025-09-05,10152,日前平均出清均价,261.740000,NULL,{},14784
2025-09-06,10152,日前平均出清均价,292.390000,NULL,{},14793
2025-09-07,10152,日前平均出清均价,413.630000,NULL,{},14802
2025-09-08,10152,日前平均出清均价,257.360000,NULL,{},14811
2025-09-09,10152,日前平均出清均价,162.060000,NULL,{},14820
2025-09-10,10152,日前平均出清均价,135.530000,NULL,{},14829
2025-09-11,10152,日前平均出清均价,275.200000,NULL,{},14838
2025-09-12,10152,日前平均出清均价,264.650000,NULL,{},14847
2025-09-13,10152,日前平均出清均价,260.510000,NULL,{},14856
2025-09-14,10152,日前平均出清均价,228.980000,NULL,{},14865
2025-09-15,10152,日前平均出清均价,142.890000,NULL,{},14874
2025-09-16,10152,日前平均出清均价,320.610000,NULL,{},14883
2025-09-17,10152,日前平均出清均价,342.950000,NULL,{},14892
2025-09-19,10152,日前平均出清均价,167.790000,NULL,{},14910
2025-09-20,10152,日前平均出清均价,131.030000,NULL,{},14919
2025-09-21,10152,日前平均出清均价,337.850000,NULL,{},14928
2025-09-22,10152,日前平均出清均价,264.310000,NULL,{},14937
2025-09-26,10152,日前平均出清均价,306.890000,NULL,{},14973
2025-09-27,10152,日前平均出清均价,448.120000,NULL,{},14982
2025-09-29,10152,日前平均出清均价,54.420000,NULL,{},15000
2025-09-29,10155,实时平均出清均价,40.000000,NULL,{},15001
2025-09-30,10152,日前平均出清均价,46.540000,NULL,{},15009
2025-09-30,10155,实时平均出清均价,208.580000,NULL,{},15010
2025-10-01,10150,实时/日前申报均价,124.453300,NULL,{},15020
2025-10-01,10152,日前平均出清均价,337.000000,NULL,{},15018
2025-10-01,10155,实时平均出清均价,353.990000,NULL,{},15019
2025-10-02,10150,实时/日前申报均价,116.393300,NULL,{},15029
2025-10-02,10152,日前平均出清均价,169.130000,NULL,{},15027
2025-10-02,10155,实时平均出清均价,224.000000,NULL,{},15028
2025-10-03,10150,实时/日前申报均价,87.180000,NULL,{},15038
2025-10-03,10152,日前平均出清均价,140.000000,NULL,{},15036
2025-10-03,10155,实时平均出清均价,208.000000,NULL,{},15037
2025-10-04,10150,实时/日前申报均价,77.630000,NULL,{},15047
2025-10-04,10152,日前平均出清均价,218.000000,NULL,{},15045
2025-10-04,10155,实时平均出清均价,218.000000,NULL,{},15046
2025-10-05,10150,实时/日前申报均价,92.930000,NULL,{},15056
2025-10-05,10152,日前平均出清均价,337.000000,NULL,{},15054
2025-10-05,10155,实时平均出清均价,337.000000,NULL,{},15055
2025-10-06,10150,实时/日前申报均价,85.740000,NULL,{},15065
2025-10-06,10152,日前平均出清均价,257.000000,NULL,{},15063
2025-10-06,10155,实时平均出清均价,256.000000,NULL,{},15064
2025-10-07,10150,实时/日前申报均价,86.850000,NULL,{},15074
2025-10-07,10152,日前平均出清均价,329.000000,NULL,{},15072
2025-10-07,10155,实时平均出清均价,313.000000,NULL,{},15073
2025-10-08,10150,实时/日前申报均价,91.480000,NULL,{},15083
2025-10-08,10152,日前平均出清均价,336.000000,NULL,{},15081
2025-10-08,10155,实时平均出清均价,322.000000,NULL,{},15082
2025-10-09,10150,实时/日前申报均价,114.120000,NULL,{},15092
2025-10-09,10152,日前平均出清均价,337.000000,NULL,{},15090
2025-10-09,10155,实时平均出清均价,337.000000,NULL,{},15091
2025-10-10,10150,实时/日前申报均价,113.690000,NULL,{},15101
2025-10-10,10152,日前平均出清均价,337.000000,NULL,{},15099
2025-10-10,10155,实时平均出清均价,337.000000,NULL,{},15100
2025-10-11,10150,实时/日前申报均价,106.820000,NULL,{},15110
2025-10-11,10152,日前平均出清均价,337.000000,NULL,{},15108
2025-10-11,10155,实时平均出清均价,337.000000,NULL,{},15109
2025-10-12,10150,实时/日前申报均价,112.650000,NULL,{},15119
2025-10-12,10152,日前平均出清均价,302.000000,NULL,{},15117
2025-10-12,10155,实时平均出清均价,323.000000,NULL,{},15118
2025-10-13,10150,实时/日前申报均价,114.780000,NULL,{},15128
2025-10-13,10152,日前平均出清均价,211.000000,NULL,{},15126
2025-10-13,10155,实时平均出清均价,225.000000,NULL,{},15127
2025-10-14,10150,实时/日前申报均价,107.210000,NULL,{},15137
2025-10-14,10152,日前平均出清均价,192.000000,NULL,{},15135
2025-10-14,10155,实时平均出清均价,182.000000,NULL,{},15136
2025-10-15,10150,实时/日前申报均价,113.480000,NULL,{},15146
2025-10-15,10152,日前平均出清均价,250.000000,NULL,{},15144
2025-10-15,10155,实时平均出清均价,246.000000,NULL,{},15145
2025-10-16,10150,实时/日前申报均价,104.780000,NULL,{},15155
2025-10-16,10152,日前平均出清均价,260.000000,NULL,{},15153
2025-10-16,10155,实时平均出清均价,244.000000,NULL,{},15154
2025-10-17,10150,实时/日前申报均价,109.410000,NULL,{},15164
2025-10-17,10152,日前平均出清均价,246.000000,NULL,{},15162
2025-10-17,10155,实时平均出清均价,242.000000,NULL,{},15163
2025-10-18,10150,实时/日前申报均价,108.190000,NULL,{},15173
2025-10-18,10152,日前平均出清均价,289.000000,NULL,{},15171
2025-10-18,10155,实时平均出清均价,265.000000,NULL,{},15172
2025-10-19,10150,实时/日前申报均价,109.900000,NULL,{},15182
2025-10-19,10152,日前平均出清均价,268.000000,NULL,{},15180
2025-10-19,10155,实时平均出清均价,247.000000,NULL,{},15181
2025-10-20,10150,实时/日前申报均价,107.350000,NULL,{},15191
2025-10-20,10152,日前平均出清均价,337.000000,NULL,{},15189
2025-10-20,10155,实时平均出清均价,337.000000,NULL,{},15190
2025-10-21,10150,实时/日前申报均价,115.520000,NULL,{},15200
2025-10-21,10152,日前平均出清均价,337.000000,NULL,{},15198
2025-10-21,10155,实时平均出清均价,299.000000,NULL,{},15199
2025-10-22,10150,实时/日前申报均价,113.390000,NULL,{},15209
2025-10-22,10152,日前平均出清均价,337.000000,NULL,{},15207
2025-10-22,10155,实时平均出清均价,337.000000,NULL,{},15208
2025-10-23,10150,实时/日前申报均价,115.380000,NULL,{},15218
2025-10-23,10152,日前平均出清均价,296.000000,NULL,{},15216
2025-10-23,10155,实时平均出清均价,258.000000,NULL,{},15217
2025-10-24,10150,实时/日前申报均价,117.290000,NULL,{},15227
2025-10-24,10152,日前平均出清均价,337.000000,NULL,{},15225
2025-10-24,10155,实时平均出清均价,290.000000,NULL,{},15226
2025-10-25,10150,实时/日前申报均价,116.170000,NULL,{},15236
2025-10-25,10152,日前平均出清均价,337.000000,NULL,{},15234
2025-10-25,10155,实时平均出清均价,286.000000,NULL,{},15235
2025-10-26,10150,实时/日前申报均价,109.930000,NULL,{},15245
2025-10-26,10152,日前平均出清均价,295.000000,NULL,{},15243
2025-10-26,10155,实时平均出清均价,268.000000,NULL,{},15244
2025-10-27,10150,实时/日前申报均价,110.420000,NULL,{},15254
2025-10-27,10152,日前平均出清均价,265.000000,NULL,{},15252
2025-10-27,10155,实时平均出清均价,230.000000,NULL,{},15253
2025-10-28,10150,实时/日前申报均价,111.580000,NULL,{},15263
2025-10-28,10152,日前平均出清均价,282.000000,NULL,{},15261
2025-10-28,10155,实时平均出清均价,284.000000,NULL,{},15262
2025-10-29,10150,实时/日前申报均价,110.830000,NULL,{},15272
2025-10-29,10152,日前平均出清均价,286.000000,NULL,{},15270
2025-10-29,10155,实时平均出清均价,252.000000,NULL,{},15271
2025-10-30,10150,实时/日前申报均价,111.010000,NULL,{},15281
2025-10-30,10152,日前平均出清均价,293.000000,NULL,{},15279
2025-10-30,10155,实时平均出清均价,314.000000,NULL,{},15280
2025-10-31,10150,实时/日前申报均价,111.060000,NULL,{},15290
2025-10-31,10152,日前平均出清均价,282.000000,NULL,{},15288
2025-10-31,10155,实时平均出清均价,266.000000,NULL,{},15289
2025-11-01,10150,实时/日前申报均价,112.190000,NULL,{},15299
2025-11-01,10152,日前平均出清均价,282.000000,NULL,{},15297
2025-11-01,10155,实时平均出清均价,257.000000,NULL,{},15298
2025-11-02,10150,实时/日前申报均价,113.860000,NULL,{},15308
2025-11-02,10152,日前平均出清均价,279.000000,NULL,{},15306
2025-11-02,10155,实时平均出清均价,290.000000,NULL,{},15307
2025-11-03,10150,实时/日前申报均价,98.610000,NULL,{},15317
2025-11-03,10152,日前平均出清均价,233.000000,NULL,{},15315
2025-11-03,10155,实时平均出清均价,226.000000,NULL,{},15316
2025-11-04,10150,实时/日前申报均价,96.180000,NULL,{},15326
2025-11-04,10152,日前平均出清均价,174.000000,NULL,{},15324
2025-11-04,10155,实时平均出清均价,109.000000,NULL,{},15325
2025-11-05,10150,实时/日前申报均价,97.230000,NULL,{},15335
2025-11-05,10152,日前平均出清均价,95.000000,NULL,{},15333
2025-11-05,10155,实时平均出清均价,127.000000,NULL,{},15334
2025-11-06,10150,实时/日前申报均价,96.770000,NULL,{},15344
2025-11-06,10152,日前平均出清均价,168.000000,NULL,{},15342
2025-11-06,10155,实时平均出清均价,71.000000,NULL,{},15343
2025-11-07,10150,实时/日前申报均价,93.040000,NULL,{},15353
2025-11-07,10152,日前平均出清均价,145.000000,NULL,{},15351
2025-11-07,10155,实时平均出清均价,143.000000,NULL,{},15352
2025-11-08,10150,实时/日前申报均价,94.890000,NULL,{},15362
2025-11-08,10152,日前平均出清均价,235.000000,NULL,{},15360
2025-11-08,10155,实时平均出清均价,261.000000,NULL,{},15361
2025-11-09,10150,实时/日前申报均价,95.010000,NULL,{},15371
2025-11-09,10152,日前平均出清均价,257.000000,NULL,{},15369
2025-11-09,10155,实时平均出清均价,244.000000,NULL,{},15370
2025-11-10,10150,实时/日前申报均价,94.940000,NULL,{},15380
2025-11-10,10152,日前平均出清均价,299.000000,NULL,{},15378
2025-11-10,10155,实时平均出清均价,246.000000,NULL,{},15379
2025-11-11,10150,实时/日前申报均价,100.750000,NULL,{},15389
2025-11-11,10152,日前平均出清均价,297.000000,NULL,{},15387
2025-11-11,10155,实时平均出清均价,257.000000,NULL,{},15388
2025-11-12,10150,实时/日前申报均价,99.960000,NULL,{},15398
2025-11-12,10152,日前平均出清均价,245.000000,NULL,{},15396
2025-11-12,10155,实时平均出清均价,239.000000,NULL,{},15397
2025-11-13,10150,实时/日前申报均价,99.810000,NULL,{},15407
2025-11-13,10152,日前平均出清均价,255.000000,NULL,{},15405
2025-11-13,10155,实时平均出清均价,234.000000,NULL,{},15406
2025-11-14,10150,实时/日前申报均价,98.530000,NULL,{},15416
2025-11-14,10152,日前平均出清均价,241.000000,NULL,{},15414
2025-11-14,10155,实时平均出清均价,238.000000,NULL,{},15415
2025-11-15,10150,实时/日前申报均价,96.750000,NULL,{},15425
2025-11-15,10152,日前平均出清均价,223.000000,NULL,{},15423
2025-11-15,10155,实时平均出清均价,194.000000,NULL,{},15424
2025-11-16,10150,实时/日前申报均价,99.140000,NULL,{},15434
2025-11-16,10152,日前平均出清均价,247.000000,NULL,{},15432
2025-11-16,10155,实时平均出清均价,229.000000,NULL,{},15433
2025-11-17,10150,实时/日前申报均价,99.820000,NULL,{},15443
2025-11-17,10152,日前平均出清均价,269.000000,NULL,{},15441
2025-11-17,10155,实时平均出清均价,230.000000,NULL,{},15442
2025-11-18,10150,实时/日前申报均价,97.920000,NULL,{},15452
2025-11-18,10152,日前平均出清均价,221.000000,NULL,{},15450
2025-11-18,10155,实时平均出清均价,208.000000,NULL,{},15451
2025-11-19,10150,实时/日前申报均价,98.380000,NULL,{},15461
2025-11-19,10152,日前平均出清均价,244.000000,NULL,{},15459
2025-11-19,10155,实时平均出清均价,242.000000,NULL,{},15460
2025-11-20,10150,实时/日前申报均价,98.530000,NULL,{},15470
2025-11-20,10152,日前平均出清均价,236.000000,NULL,{},15468
2025-11-20,10155,实时平均出清均价,212.000000,NULL,{},15469
2025-11-21,10150,实时/日前申报均价,98.610000,NULL,{},15479
2025-11-21,10152,日前平均出清均价,261.000000,NULL,{},15477
2025-11-21,10155,实时平均出清均价,246.000000,NULL,{},15478
2025-11-22,10150,实时/日前申报均价,87.480000,NULL,{},15488
2025-11-22,10152,日前平均出清均价,147.000000,NULL,{},15486
2025-11-22,10155,实时平均出清均价,150.000000,NULL,{},15487
2025-11-23,10150,实时/日前申报均价,86.940000,NULL,{},15497
2025-11-23,10152,日前平均出清均价,49.000000,NULL,{},15495
2025-11-23,10155,实时平均出清均价,116.000000,NULL,{},15496
2025-11-24,10150,实时/日前申报均价,88.800000,NULL,{},15506
2025-11-24,10152,日前平均出清均价,117.000000,NULL,{},15504
2025-11-24,10155,实时平均出清均价,140.000000,NULL,{},15505
2025-11-25,10150,实时/日前申报均价,96.660000,NULL,{},15515
2025-11-25,10152,日前平均出清均价,214.000000,NULL,{},15513
2025-11-25,10155,实时平均出清均价,202.000000,NULL,{},15514
2025-11-26,10150,实时/日前申报均价,89.980000,NULL,{},15524
2025-11-26,10152,日前平均出清均价,72.000000,NULL,{},15522
2025-11-26,10155,实时平均出清均价,158.000000,NULL,{},15523
2025-11-27,10150,实时/日前申报均价,90.390000,NULL,{},15533
2025-11-27,10152,日前平均出清均价,111.000000,NULL,{},15531
2025-11-27,10155,实时平均出清均价,141.000000,NULL,{},15532
2025-11-28,10150,实时/日前申报均价,95.360000,NULL,{},15542
2025-11-28,10152,日前平均出清均价,179.000000,NULL,{},15540
2025-11-28,10155,实时平均出清均价,203.000000,NULL,{},15541
2025-11-29,10150,实时/日前申报均价,98.390000,NULL,{},15551
2025-11-29,10152,日前平均出清均价,183.000000,NULL,{},15549
2025-11-29,10155,实时平均出清均价,227.000000,NULL,{},15550
2025-11-30,10150,实时/日前申报均价,103.750000,NULL,{},15560
2025-11-30,10152,日前平均出清均价,149.000000,NULL,{},15558
2025-11-30,10155,实时平均出清均价,230.000000,NULL,{},15559
2025-12-01,10150,实时/日前申报均价,104.250000,NULL,{},15569
2025-12-01,10152,日前平均出清均价,204.000000,NULL,{},15567
2025-12-01,10155,实时平均出清均价,196.000000,NULL,{},15568
2025-12-02,10150,实时/日前申报均价,94.050000,NULL,{},15578
2025-12-02,10152,日前平均出清均价,209.000000,NULL,{},15576
2025-12-02,10155,实时平均出清均价,216.000000,NULL,{},15577
2025-12-03,10150,实时/日前申报均价,89.450000,NULL,{},15587
2025-12-03,10152,日前平均出清均价,221.000000,NULL,{},15585
2025-12-03,10155,实时平均出清均价,225.000000,NULL,{},15586
2025-12-04,10150,实时/日前申报均价,104.850000,NULL,{},15596
2025-12-04,10152,日前平均出清均价,257.000000,NULL,{},15594
2025-12-04,10155,实时平均出清均价,268.000000,NULL,{},15595
2025-12-05,10150,实时/日前申报均价,91.400000,NULL,{},15605
2025-12-05,10152,日前平均出清均价,151.000000,NULL,{},15603
2025-12-05,10155,实时平均出清均价,147.000000,NULL,{},15604
2025-12-06,10150,实时/日前申报均价,91.020000,NULL,{},15614
2025-12-06,10152,日前平均出清均价,107.000000,NULL,{},15612
2025-12-06,10155,实时平均出清均价,104.000000,NULL,{},15613
2025-12-07,10150,实时/日前申报均价,96.040000,NULL,{},15623
2025-12-07,10152,日前平均出清均价,195.000000,NULL,{},15621
2025-12-07,10155,实时平均出清均价,166.000000,NULL,{},15622
2025-12-08,10150,实时/日前申报均价,105.330000,NULL,{},15632
2025-12-08,10152,日前平均出清均价,298.000000,NULL,{},15630
2025-12-08,10155,实时平均出清均价,278.000000,NULL,{},15631
2025-12-09,10150,实时/日前申报均价,93.890000,NULL,{},15641
2025-12-09,10152,日前平均出清均价,257.000000,NULL,{},15639
2025-12-09,10155,实时平均出清均价,249.000000,NULL,{},15640
2025-12-10,10150,实时/日前申报均价,98.720000,NULL,{},15650
2025-12-10,10152,日前平均出清均价,189.000000,NULL,{},15648
2025-12-10,10155,实时平均出清均价,218.000000,NULL,{},15649
2025-12-11,10150,实时/日前申报均价,82.770000,NULL,{},15659
2025-12-11,10152,日前平均出清均价,71.000000,NULL,{},15657
2025-12-11,10155,实时平均出清均价,140.000000,NULL,{},15658
2025-12-12,10150,实时/日前申报均价,82.430000,NULL,{},15668
2025-12-12,10152,日前平均出清均价,40.000000,NULL,{},15666
2025-12-12,10155,实时平均出清均价,56.000000,NULL,{},15667
2025-12-13,10150,实时/日前申报均价,98.170000,NULL,{},15677
2025-12-13,10152,日前平均出清均价,180.000000,NULL,{},15675
2025-12-13,10155,实时平均出清均价,215.000000,NULL,{},15676
2025-12-14,10150,实时/日前申报均价,98.700000,NULL,{},15686
2025-12-14,10152,日前平均出清均价,225.000000,NULL,{},15684
2025-12-14,10155,实时平均出清均价,234.000000,NULL,{},15685
2025-12-15,10150,实时/日前申报均价,96.430000,NULL,{},15695
2025-12-15,10152,日前平均出清均价,236.000000,NULL,{},15693
2025-12-15,10155,实时平均出清均价,257.000000,NULL,{},15694
2025-12-16,10150,实时/日前申报均价,96.750000,NULL,{},15704
2025-12-16,10152,日前平均出清均价,192.000000,NULL,{},15702
2025-12-16,10155,实时平均出清均价,221.000000,NULL,{},15703
2025-12-17,10150,实时/日前申报均价,97.000000,NULL,{},15713
2025-12-17,10152,日前平均出清均价,216.000000,NULL,{},15711
2025-12-17,10155,实时平均出清均价,203.000000,NULL,{},15712
2025-12-18,10150,实时/日前申报均价,97.320000,NULL,{},15722
2025-12-18,10152,日前平均出清均价,94.000000,NULL,{},15720
2025-12-18,10155,实时平均出清均价,241.000000,NULL,{},15721
2025-12-19,10150,实时/日前申报均价,99.150000,NULL,{},15731
2025-12-19,10152,日前平均出清均价,160.000000,NULL,{},15729
2025-12-19,10155,实时平均出清均价,241.000000,NULL,{},15730
2025-12-20,10150,实时/日前申报均价,97.600000,NULL,{},15740
2025-12-20,10152,日前平均出清均价,141.000000,NULL,{},15738
2025-12-20,10155,实时平均出清均价,234.000000,NULL,{},15739
2025-12-21,10150,实时/日前申报均价,98.770000,NULL,{},15749
2025-12-21,10152,日前平均出清均价,107.000000,NULL,{},15747
2025-12-21,10155,实时平均出清均价,239.000000,NULL,{},15748
2025-12-22,10150,实时/日前申报均价,101.160000,NULL,{},15758
2025-12-22,10152,日前平均出清均价,136.000000,NULL,{},15756
2025-12-22,10155,实时平均出清均价,187.000000,NULL,{},15757
2025-12-23,10150,实时/日前申报均价,103.460000,NULL,{},15767
2025-12-23,10152,日前平均出清均价,199.000000,NULL,{},15765
2025-12-23,10155,实时平均出清均价,259.000000,NULL,{},15766
2025-12-24,10150,实时/日前申报均价,103.770000,NULL,{},15776
2025-12-24,10152,日前平均出清均价,269.000000,NULL,{},15774
2025-12-24,10155,实时平均出清均价,234.000000,NULL,{},15775
2025-12-25,10150,实时/日前申报均价,106.090000,NULL,{},15785
2025-12-25,10152,日前平均出清均价,295.000000,NULL,{},15783
2025-12-25,10155,实时平均出清均价,298.000000,NULL,{},15784
2025-12-26,10150,实时/日前申报均价,91.970000,NULL,{},15794
2025-12-26,10152,日前平均出清均价,209.000000,NULL,{},15792
2025-12-26,10155,实时平均出清均价,231.000000,NULL,{},15793
2025-12-27,10150,实时/日前申报均价,105.730000,NULL,{},15803
2025-12-27,10152,日前平均出清均价,282.000000,NULL,{},15801
2025-12-27,10155,实时平均出清均价,285.000000,NULL,{},15802
2025-12-28,10150,实时/日前申报均价,105.270000,NULL,{},15812
2025-12-28,10152,日前平均出清均价,178.000000,NULL,{},15810
2025-12-28,10155,实时平均出清均价,231.000000,NULL,{},15811
2025-12-29,10150,实时/日前申报均价,105.360000,NULL,{},15821
2025-12-29,10152,日前平均出清均价,283.000000,NULL,{},15819
2025-12-29,10155,实时平均出清均价,287.000000,NULL,{},15820
2025-12-30,10150,实时/日前申报均价,106.480000,NULL,{},15830
2025-12-30,10152,日前平均出清均价,317.000000,NULL,{},15828
2025-12-30,10155,实时平均出清均价,298.000000,NULL,{},15829
2025-12-31,10150,实时/日前申报均价,105.930000,NULL,{},15839
2025-12-31,10152,日前平均出清均价,337.000000,NULL,{},15837
2025-12-31,10155,实时平均出清均价,337.000000,NULL,{},15838
2026-01-01,10150,实时/日前申报均价,158.630000,NULL,{},615
2026-01-01,10152,日前平均出清均价,325.000000,NULL,{},613
2026-01-01,10155,实时平均出清均价,338.000000,NULL,{},614
2026-01-02,10150,实时/日前申报均价,127.890000,NULL,{},624
2026-01-02,10152,日前平均出清均价,318.000000,NULL,{},622
2026-01-02,10155,实时平均出清均价,337.000000,NULL,{},623
2026-01-03,10150,实时/日前申报均价,122.990000,NULL,{},633
2026-01-03,10152,日前平均出清均价,288.000000,NULL,{},631
2026-01-03,10155,实时平均出清均价,300.000000,NULL,{},632
2026-01-04,10150,实时/日前申报均价,104.050000,NULL,{},642
2026-01-04,10152,日前平均出清均价,211.000000,NULL,{},640
2026-01-04,10155,实时平均出清均价,227.000000,NULL,{},641
2026-01-05,10150,实时/日前申报均价,125.110000,NULL,{},651
2026-01-05,10152,日前平均出清均价,248.000000,NULL,{},649
2026-01-05,10155,实时平均出清均价,229.000000,NULL,{},650
2026-01-06,10150,实时/日前申报均价,117.520000,NULL,{},660
2026-01-06,10152,日前平均出清均价,67.000000,NULL,{},658
2026-01-06,10155,实时平均出清均价,185.000000,NULL,{},659
2026-01-07,10150,实时/日前申报均价,115.640000,NULL,{},669
2026-01-07,10152,日前平均出清均价,100.000000,NULL,{},667
2026-01-07,10155,实时平均出清均价,109.000000,NULL,{},668
2026-01-08,10150,实时/日前申报均价,114.890000,NULL,{},678
2026-01-08,10152,日前平均出清均价,177.000000,NULL,{},676
2026-01-08,10155,实时平均出清均价,140.000000,NULL,{},677
2026-01-09,10150,实时/日前申报均价,113.090000,NULL,{},687
2026-01-09,10152,日前平均出清均价,96.000000,NULL,{},685
2026-01-09,10155,实时平均出清均价,133.000000,NULL,{},686
2026-01-10,10150,实时/日前申报均价,111.620000,NULL,{},696
2026-01-10,10152,日前平均出清均价,148.000000,NULL,{},694
2026-01-10,10155,实时平均出清均价,196.000000,NULL,{},695
2026-01-11,10150,实时/日前申报均价,102.870000,NULL,{},705
2026-01-11,10152,日前平均出清均价,153.000000,NULL,{},703
2026-01-11,10155,实时平均出清均价,188.000000,NULL,{},704
2026-01-12,10150,实时/日前申报均价,103.180000,NULL,{},714
2026-01-12,10152,日前平均出清均价,100.000000,NULL,{},712
2026-01-12,10155,实时平均出清均价,144.000000,NULL,{},713
2026-01-13,10150,实时/日前申报均价,103.300000,NULL,{},723
2026-01-13,10152,日前平均出清均价,235.000000,NULL,{},721
2026-01-13,10155,实时平均出清均价,220.000000,NULL,{},722
2026-01-14,10150,实时/日前申报均价,103.820000,NULL,{},732
2026-01-14,10152,日前平均出清均价,107.000000,NULL,{},730
2026-01-14,10155,实时平均出清均价,113.000000,NULL,{},731
2026-01-15,10150,实时/日前申报均价,102.680000,NULL,{},741
2026-01-15,10152,日前平均出清均价,186.000000,NULL,{},739
2026-01-15,10155,实时平均出清均价,230.000000,NULL,{},740
2026-01-16,10150,实时/日前申报均价,95.380000,NULL,{},750
2026-01-16,10152,日前平均出清均价,210.000000,NULL,{},748
2026-01-16,10155,实时平均出清均价,205.000000,NULL,{},749
2026-01-17,10150,实时/日前申报均价,102.850000,NULL,{},759
2026-01-17,10152,日前平均出清均价,42.000000,NULL,{},757
2026-01-17,10155,实时平均出清均价,206.000000,NULL,{},758
2026-01-18,10150,实时/日前申报均价,112.400000,NULL,{},768
2026-01-18,10152,日前平均出清均价,205.000000,NULL,{},766
2026-01-18,10155,实时平均出清均价,337.000000,NULL,{},767
2026-01-19,10150,实时/日前申报均价,113.500000,NULL,{},777
2026-01-19,10152,日前平均出清均价,275.000000,NULL,{},775
2026-01-19,10155,实时平均出清均价,327.000000,NULL,{},776
2026-01-20,10150,实时/日前申报均价,115.970000,NULL,{},786
2026-01-20,10152,日前平均出清均价,258.000000,NULL,{},784
2026-01-20,10155,实时平均出清均价,337.000000,NULL,{},785
2026-01-21,10150,实时/日前申报均价,116.190000,NULL,{},795
2026-01-21,10152,日前平均出清均价,257.000000,NULL,{},793
2026-01-21,10155,实时平均出清均价,245.000000,NULL,{},794
2026-01-22,10150,实时/日前申报均价,115.130000,NULL,{},804
2026-01-22,10152,日前平均出清均价,237.000000,NULL,{},802
2026-01-22,10155,实时平均出清均价,202.000000,NULL,{},803
2026-01-23,10150,实时/日前申报均价,114.670000,NULL,{},813
2026-01-23,10152,日前平均出清均价,226.000000,NULL,{},811
2026-01-23,10155,实时平均出清均价,252.000000,NULL,{},812
2026-01-24,10150,实时/日前申报均价,104.300000,NULL,{},822
2026-01-24,10152,日前平均出清均价,149.000000,NULL,{},820
2026-01-24,10155,实时平均出清均价,140.000000,NULL,{},821
2026-01-25,10150,实时/日前申报均价,102.170000,NULL,{},831
2026-01-25,10152,日前平均出清均价,70.000000,NULL,{},829
2026-01-25,10155,实时平均出清均价,156.000000,NULL,{},830
2026-01-26,10150,实时/日前申报均价,113.270000,NULL,{},840
2026-01-26,10152,日前平均出清均价,253.000000,NULL,{},838
2026-01-26,10155,实时平均出清均价,231.000000,NULL,{},839
2026-01-27,10150,实时/日前申报均价,112.870000,NULL,{},849
2026-01-27,10152,日前平均出清均价,257.000000,NULL,{},847
2026-01-27,10155,实时平均出清均价,261.000000,NULL,{},848
2026-01-28,10150,实时/日前申报均价,121.890000,NULL,{},858
2026-01-28,10152,日前平均出清均价,200.000000,NULL,{},856
2026-01-28,10155,实时平均出清均价,225.000000,NULL,{},857
2026-01-29,10150,实时/日前申报均价,120.140000,NULL,{},867
2026-01-29,10152,日前平均出清均价,209.000000,NULL,{},865
2026-01-29,10155,实时平均出清均价,291.000000,NULL,{},866
2026-01-30,10150,实时/日前申报均价,116.090000,NULL,{},876
2026-01-30,10152,日前平均出清均价,225.000000,NULL,{},874
2026-01-30,10155,实时平均出清均价,212.000000,NULL,{},875
2026-01-31,10150,实时/日前申报均价,117.510000,NULL,{},885
2026-01-31,10152,日前平均出清均价,337.000000,NULL,{},883
2026-01-31,10155,实时平均出清均价,287.000000,NULL,{},884
2026-02-01,10150,实时/日前申报均价,97.340000,NULL,{},894
2026-02-01,10152,日前平均出清均价,211.000000,NULL,{},892
2026-02-01,10155,实时平均出清均价,209.000000,NULL,{},893
2026-02-02,10150,实时/日前申报均价,112.230000,NULL,{},903
2026-02-02,10152,日前平均出清均价,200.000000,NULL,{},901
2026-02-02,10155,实时平均出清均价,226.000000,NULL,{},902
2026-02-03,10150,实时/日前申报均价,103.000000,NULL,{},912
2026-02-03,10152,日前平均出清均价,197.000000,NULL,{},910
2026-02-03,10155,实时平均出清均价,206.000000,NULL,{},911
2026-02-04,10150,实时/日前申报均价,103.100000,NULL,{},921
2026-02-04,10152,日前平均出清均价,228.000000,NULL,{},919
2026-02-04,10155,实时平均出清均价,210.000000,NULL,{},920
2026-02-05,10150,实时/日前申报均价,111.340000,NULL,{},930
2026-02-05,10152,日前平均出清均价,273.000000,NULL,{},928
2026-02-05,10155,实时平均出清均价,302.000000,NULL,{},929
2026-02-06,10150,实时/日前申报均价,99.060000,NULL,{},939
2026-02-06,10152,日前平均出清均价,134.000000,NULL,{},937
2026-02-06,10155,实时平均出清均价,170.000000,NULL,{},938
2026-02-07,10150,实时/日前申报均价,107.420000,NULL,{},948
2026-02-07,10152,日前平均出清均价,235.000000,NULL,{},946
2026-02-07,10155,实时平均出清均价,224.000000,NULL,{},947
2026-02-08,10150,实时/日前申报均价,86.690000,NULL,{},957
2026-02-08,10152,日前平均出清均价,84.000000,NULL,{},955
2026-02-08,10155,实时平均出清均价,101.000000,NULL,{},956
2026-02-09,10150,实时/日前申报均价,79.200000,NULL,{},966
2026-02-09,10152,日前平均出清均价,50.000000,NULL,{},964
2026-02-09,10155,实时平均出清均价,54.000000,NULL,{},965
2026-02-10,10150,实时/日前申报均价,91.900000,NULL,{},975
2026-02-10,10152,日前平均出清均价,125.000000,NULL,{},973
2026-02-10,10155,实时平均出清均价,154.000000,NULL,{},974
2026-02-11,10150,实时/日前申报均价,86.780000,NULL,{},984
2026-02-11,10152,日前平均出清均价,133.000000,NULL,{},982
2026-02-11,10155,实时平均出清均价,108.000000,NULL,{},983
2026-02-12,10150,实时/日前申报均价,85.730000,NULL,{},993
2026-02-12,10152,日前平均出清均价,150.000000,NULL,{},991
2026-02-12,10155,实时平均出清均价,122.000000,NULL,{},992
2026-02-13,10150,实时/日前申报均价,87.790000,NULL,{},1002
2026-02-13,10152,日前平均出清均价,200.000000,NULL,{},1000
2026-02-13,10155,实时平均出清均价,183.000000,NULL,{},1001
2026-02-14,10150,实时/日前申报均价,85.810000,NULL,{},1011
2026-02-14,10152,日前平均出清均价,89.000000,NULL,{},1009
2026-02-14,10155,实时平均出清均价,59.000000,NULL,{},1010
2026-02-15,10150,实时/日前申报均价,84.920000,NULL,{},1020
2026-02-15,10152,日前平均出清均价,151.000000,NULL,{},1018
2026-02-15,10155,实时平均出清均价,155.000000,NULL,{},1019
2026-02-16,10150,实时/日前申报均价,84.780000,NULL,{},1029
2026-02-16,10152,日前平均出清均价,208.000000,NULL,{},1027
2026-02-16,10155,实时平均出清均价,183.000000,NULL,{},1028
2026-02-17,10150,实时/日前申报均价,84.880000,NULL,{},1038
2026-02-17,10152,日前平均出清均价,203.000000,NULL,{},1036
2026-02-17,10155,实时平均出清均价,169.000000,NULL,{},1037
2026-02-18,10150,实时/日前申报均价,85.320000,NULL,{},1047
2026-02-18,10152,日前平均出清均价,154.000000,NULL,{},1045
2026-02-18,10155,实时平均出清均价,165.000000,NULL,{},1046
2026-02-19,10150,实时/日前申报均价,86.170000,NULL,{},1056
2026-02-19,10152,日前平均出清均价,40.000000,NULL,{},1054
2026-02-19,10155,实时平均出清均价,48.000000,NULL,{},1055
2026-02-20,10150,实时/日前申报均价,84.950000,NULL,{},1065
2026-02-20,10152,日前平均出清均价,40.000000,NULL,{},1063
2026-02-20,10155,实时平均出清均价,47.000000,NULL,{},1064
2026-02-21,10150,实时/日前申报均价,84.070000,NULL,{},1074
2026-02-21,10152,日前平均出清均价,40.000000,NULL,{},1072
2026-02-21,10155,实时平均出清均价,43.000000,NULL,{},1073
2026-02-22,10150,实时/日前申报均价,80.640000,NULL,{},1083
2026-02-22,10152,日前平均出清均价,109.000000,NULL,{},1081
2026-02-22,10155,实时平均出清均价,131.000000,NULL,{},1082
2026-02-23,10150,实时/日前申报均价,79.420000,NULL,{},1092
2026-02-23,10152,日前平均出清均价,224.000000,NULL,{},1090
2026-02-23,10155,实时平均出清均价,165.000000,NULL,{},1091
2026-02-24,10150,实时/日前申报均价,78.950000,NULL,{},1101
2026-02-24,10152,日前平均出清均价,68.000000,NULL,{},1099
2026-02-24,10155,实时平均出清均价,114.000000,NULL,{},1100
2026-02-25,10150,实时/日前申报均价,79.790000,NULL,{},1110
2026-02-25,10152,日前平均出清均价,89.000000,NULL,{},1108
2026-02-25,10155,实时平均出清均价,137.000000,NULL,{},1109
2026-02-26,10150,实时/日前申报均价,94.800000,NULL,{},1119
2026-02-26,10152,日前平均出清均价,190.000000,NULL,{},1117
2026-02-26,10155,实时平均出清均价,164.000000,NULL,{},1118
2026-02-27,10150,实时/日前申报均价,79.440000,NULL,{},1128
2026-02-27,10152,日前平均出清均价,92.000000,NULL,{},1126
2026-02-27,10155,实时平均出清均价,132.000000,NULL,{},1127
2026-02-28,10150,实时/日前申报均价,83.190000,NULL,{},1137
2026-02-28,10152,日前平均出清均价,138.000000,NULL,{},1135
2026-02-28,10155,实时平均出清均价,152.000000,NULL,{},1136
2026-03-01,10150,实时/日前申报均价,97.780000,NULL,{},1146
2026-03-01,10152,日前平均出清均价,254.000000,NULL,{},1144
2026-03-01,10155,实时平均出清均价,255.000000,NULL,{},1145
2026-03-02,10150,实时/日前申报均价,105.430000,NULL,{},1155
2026-03-02,10152,日前平均出清均价,232.000000,NULL,{},1153
2026-03-02,10155,实时平均出清均价,186.000000,NULL,{},1154
2026-03-03,10150,实时/日前申报均价,110.700000,NULL,{},1164
2026-03-03,10152,日前平均出清均价,221.000000,NULL,{},1162
2026-03-03,10155,实时平均出清均价,212.000000,NULL,{},1163
2026-03-04,10150,实时/日前申报均价,106.870000,NULL,{},1173
2026-03-04,10152,日前平均出清均价,100.000000,NULL,{},1171
2026-03-04,10155,实时平均出清均价,102.000000,NULL,{},1172
2026-03-05,10150,实时/日前申报均价,81.290000,NULL,{},1182
2026-03-05,10152,日前平均出清均价,100.000000,NULL,{},1180
2026-03-05,10155,实时平均出清均价,84.000000,NULL,{},1181
2026-03-06,10150,实时/日前申报均价,103.560000,NULL,{},1191
2026-03-06,10152,日前平均出清均价,198.000000,NULL,{},1189
2026-03-06,10155,实时平均出清均价,185.000000,NULL,{},1190
2026-03-07,10150,实时/日前申报均价,111.160000,NULL,{},1200
2026-03-07,10152,日前平均出清均价,264.000000,NULL,{},1198
2026-03-07,10155,实时平均出清均价,288.000000,NULL,{},1199
2026-03-08,10150,实时/日前申报均价,113.410000,NULL,{},1209
2026-03-08,10152,日前平均出清均价,329.000000,NULL,{},1207
2026-03-08,10155,实时平均出清均价,337.000000,NULL,{},1208
2026-03-09,10150,实时/日前申报均价,105.830000,NULL,{},1218
2026-03-09,10152,日前平均出清均价,224.000000,NULL,{},1216
2026-03-09,10155,实时平均出清均价,228.000000,NULL,{},1217
2026-03-10,10150,实时/日前申报均价,108.810000,NULL,{},1227
2026-03-10,10152,日前平均出清均价,229.000000,NULL,{},1225
2026-03-10,10155,实时平均出清均价,197.000000,NULL,{},1226
2026-03-11,10150,实时/日前申报均价,109.690000,NULL,{},1236
2026-03-11,10152,日前平均出清均价,162.000000,NULL,{},1234
2026-03-11,10155,实时平均出清均价,165.000000,NULL,{},1235
2026-03-12,10150,实时/日前申报均价,97.100000,NULL,{},1245
2026-03-12,10152,日前平均出清均价,53.000000,NULL,{},1243
2026-03-12,10155,实时平均出清均价,102.000000,NULL,{},1244
2026-03-13,10150,实时/日前申报均价,102.720000,NULL,{},1254
2026-03-13,10152,日前平均出清均价,105.000000,NULL,{},1252
2026-03-13,10155,实时平均出清均价,127.000000,NULL,{},1253
2026-03-14,10150,实时/日前申报均价,115.820000,NULL,{},1263
2026-03-14,10152,日前平均出清均价,288.000000,NULL,{},1261
2026-03-14,10155,实时平均出清均价,323.000000,NULL,{},1262
2026-03-15,10150,实时/日前申报均价,95.960000,NULL,{},1272
2026-03-15,10152,日前平均出清均价,220.000000,NULL,{},1270
2026-03-15,10155,实时平均出清均价,235.000000,NULL,{},1271
2026-03-16,10150,实时/日前申报均价,112.620000,NULL,{},1281
2026-03-16,10152,日前平均出清均价,206.000000,NULL,{},1279
2026-03-16,10155,实时平均出清均价,235.000000,NULL,{},1280
2026-03-17,10150,实时/日前申报均价,110.700000,NULL,{},1290
2026-03-17,10152,日前平均出清均价,167.000000,NULL,{},1288
2026-03-17,10155,实时平均出清均价,193.000000,NULL,{},1289
2026-03-18,10150,实时/日前申报均价,113.260000,NULL,{},1299
2026-03-18,10152,日前平均出清均价,202.000000,NULL,{},1297
2026-03-18,10155,实时平均出清均价,255.000000,NULL,{},1298
2026-03-19,10150,实时/日前申报均价,113.670000,NULL,{},1308
2026-03-19,10152,日前平均出清均价,252.000000,NULL,{},1306
2026-03-19,10155,实时平均出清均价,260.000000,NULL,{},1307
2026-03-20,10150,实时/日前申报均价,112.380000,NULL,{},1317
2026-03-20,10152,日前平均出清均价,230.000000,NULL,{},1315
2026-03-20,10155,实时平均出清均价,256.000000,NULL,{},1316
2026-03-21,10150,实时/日前申报均价,99.560000,NULL,{},1326
2026-03-21,10152,日前平均出清均价,151.000000,NULL,{},1324
2026-03-21,10155,实时平均出清均价,123.000000,NULL,{},1325
2026-03-22,10150,实时/日前申报均价,105.580000,NULL,{},1335
2026-03-22,10152,日前平均出清均价,254.000000,NULL,{},1333
2026-03-22,10155,实时平均出清均价,269.000000,NULL,{},1334
2026-03-23,10150,实时/日前申报均价,114.210000,NULL,{},1344
2026-03-23,10152,日前平均出清均价,257.000000,NULL,{},1342
2026-03-23,10155,实时平均出清均价,242.000000,NULL,{},1343
2026-03-24,10150,实时/日前申报均价,113.980000,NULL,{},1353
2026-03-24,10152,日前平均出清均价,264.000000,NULL,{},1351
2026-03-24,10155,实时平均出清均价,274.000000,NULL,{},1352
2026-03-25,10150,实时/日前申报均价,118.760000,NULL,{},1362
2026-03-25,10152,日前平均出清均价,288.000000,NULL,{},1360
2026-03-25,10155,实时平均出清均价,333.000000,NULL,{},1361
2026-03-26,10150,实时/日前申报均价,120.140000,NULL,{},1371
2026-03-26,10152,日前平均出清均价,264.000000,NULL,{},1369
2026-03-26,10155,实时平均出清均价,280.000000,NULL,{},1370
2026-03-27,10150,实时/日前申报均价,101.300000,NULL,{},1380
2026-03-27,10152,日前平均出清均价,180.000000,NULL,{},1378
2026-03-27,10155,实时平均出清均价,177.000000,NULL,{},1379
2026-03-28,10150,实时/日前申报均价,101.270000,NULL,{},1389
2026-03-28,10152,日前平均出清均价,149.000000,NULL,{},1387
2026-03-28,10155,实时平均出清均价,149.000000,NULL,{},1388
2026-03-29,10150,实时/日前申报均价,110.900000,NULL,{},1398
2026-03-29,10152,日前平均出清均价,285.000000,NULL,{},1396
2026-03-29,10155,实时平均出清均价,324.000000,NULL,{},1397
2026-03-30,10150,实时/日前申报均价,113.350000,NULL,{},1407
2026-03-30,10152,日前平均出清均价,333.000000,NULL,{},1405
2026-03-30,10155,实时平均出清均价,337.000000,NULL,{},1406
2026-03-31,10150,实时/日前申报均价,110.260000,NULL,{},1416
2026-03-31,10152,日前平均出清均价,261.000000,NULL,{},1414
2026-03-31,10155,实时平均出清均价,260.000000,NULL,{},1415
2026-04-01,10150,实时/日前申报均价,113.910000,NULL,{},1425
2026-04-01,10152,日前平均出清均价,253.000000,NULL,{},1423
2026-04-01,10155,实时平均出清均价,228.000000,NULL,{},1424
2026-04-02,10150,实时/日前申报均价,113.960000,NULL,{},1434
2026-04-02,10152,日前平均出清均价,255.000000,NULL,{},1432
2026-04-02,10155,实时平均出清均价,208.000000,NULL,{},1433
2026-04-03,10150,实时/日前申报均价,109.570000,NULL,{},1443
2026-04-03,10152,日前平均出清均价,163.000000,NULL,{},1441
2026-04-03,10155,实时平均出清均价,193.000000,NULL,{},1442
2026-04-04,10150,实时/日前申报均价,112.460000,NULL,{},1452
2026-04-04,10152,日前平均出清均价,210.000000,NULL,{},1450
2026-04-04,10155,实时平均出清均价,211.000000,NULL,{},1451
2026-04-05,10150,实时/日前申报均价,75.960000,NULL,{},1461
2026-04-05,10152,日前平均出清均价,92.000000,NULL,{},1459
2026-04-05,10155,实时平均出清均价,122.000000,NULL,{},1460
2026-04-06,10150,实时/日前申报均价,77.270000,NULL,{},1470
2026-04-06,10152,日前平均出清均价,141.000000,NULL,{},1468
2026-04-06,10155,实时平均出清均价,169.000000,NULL,{},1469
2026-04-07,10150,实时/日前申报均价,84.690000,NULL,{},1479
2026-04-07,10152,日前平均出清均价,52.000000,NULL,{},1477
2026-04-07,10155,实时平均出清均价,84.000000,NULL,{},1478
2026-04-08,10150,实时/日前申报均价,83.910000,NULL,{},1488
2026-04-08,10152,日前平均出清均价,85.000000,NULL,{},1486
2026-04-08,10155,实时平均出清均价,93.000000,NULL,{},1487
2026-04-09,10150,实时/日前申报均价,103.690000,NULL,{},1497
2026-04-09,10152,日前平均出清均价,165.000000,NULL,{},1495
2026-04-09,10155,实时平均出清均价,180.000000,NULL,{},1496
2026-04-10,10150,实时/日前申报均价,112.270000,NULL,{},1506
2026-04-10,10152,日前平均出清均价,217.000000,NULL,{},1504
2026-04-10,10155,实时平均出清均价,191.000000,NULL,{},1505
2026-04-11,10150,实时/日前申报均价,87.020000,NULL,{},1515
2026-04-11,10152,日前平均出清均价,100.000000,NULL,{},1513
2026-04-11,10155,实时平均出清均价,127.000000,NULL,{},1514
2026-04-12,10150,实时/日前申报均价,93.710000,NULL,{},1524
2026-04-12,10152,日前平均出清均价,161.000000,NULL,{},1522
2026-04-12,10155,实时平均出清均价,173.000000,NULL,{},1523
2026-04-13,10150,实时/日前申报均价,96.500000,NULL,{},1533
2026-04-13,10152,日前平均出清均价,200.000000,NULL,{},1531
2026-04-13,10155,实时平均出清均价,193.000000,NULL,{},1532
2026-04-14,10150,实时/日前申报均价,91.180000,NULL,{},1542
2026-04-14,10152,日前平均出清均价,101.000000,NULL,{},1540
2026-04-14,10155,实时平均出清均价,99.000000,NULL,{},1541
2026-04-15,10150,实时/日前申报均价,108.780000,NULL,{},1551
2026-04-15,10152,日前平均出清均价,183.000000,NULL,{},1549
2026-04-15,10155,实时平均出清均价,130.000000,NULL,{},1550
2026-04-16,10150,实时/日前申报均价,102.790000,NULL,{},1560
2026-04-16,10152,日前平均出清均价,130.000000,NULL,{},1558
2026-04-16,10155,实时平均出清均价,166.000000,NULL,{},1559
2026-04-17,10150,实时/日前申报均价,85.870000,NULL,{},1569
2026-04-17,10152,日前平均出清均价,69.000000,NULL,{},1567
2026-04-17,10155,实时平均出清均价,92.000000,NULL,{},1568
2026-04-18,10150,实时/日前申报均价,76.890000,NULL,{},1578
2026-04-18,10152,日前平均出清均价,47.000000,NULL,{},1576
2026-04-18,10155,实时平均出清均价,40.000000,NULL,{},1577
2026-04-19,10150,实时/日前申报均价,75.760000,NULL,{},1587
2026-04-19,10152,日前平均出清均价,62.000000,NULL,{},1585
2026-04-19,10155,实时平均出清均价,81.000000,NULL,{},1586
2026-04-20,10150,实时/日前申报均价,83.390000,NULL,{},1596
2026-04-20,10152,日前平均出清均价,97.000000,NULL,{},1594
2026-04-20,10155,实时平均出清均价,163.000000,NULL,{},1595
2026-04-21,10150,实时/日前申报均价,113.980000,NULL,{},1605
2026-04-21,10152,日前平均出清均价,337.000000,NULL,{},1603
2026-04-21,10155,实时平均出清均价,239.000000,NULL,{},1604
2026-04-22,10150,实时/日前申报均价,116.110000,NULL,{},1614
2026-04-22,10152,日前平均出清均价,293.000000,NULL,{},1612
2026-04-22,10155,实时平均出清均价,261.000000,NULL,{},1613
2026-04-23,10150,实时/日前申报均价,114.780000,NULL,{},1623
2026-04-23,10152,日前平均出清均价,236.000000,NULL,{},1621
2026-04-23,10155,实时平均出清均价,255.000000,NULL,{},1622
2026-04-24,10150,实时/日前申报均价,92.700000,NULL,{},1632
2026-04-24,10152,日前平均出清均价,119.000000,NULL,{},1630
2026-04-24,10155,实时平均出清均价,157.000000,NULL,{},1631
2026-04-25,10150,实时/日前申报均价,107.690000,NULL,{},1641
2026-04-25,10152,日前平均出清均价,217.000000,NULL,{},1639
2026-04-25,10155,实时平均出清均价,195.000000,NULL,{},1640
2026-04-26,10150,实时/日前申报均价,81.320000,NULL,{},1650
2026-04-26,10152,日前平均出清均价,136.000000,NULL,{},1648
2026-04-26,10155,实时平均出清均价,78.000000,NULL,{},1649
2026-04-27,10150,实时/日前申报均价,88.200000,NULL,{},1659
2026-04-27,10152,日前平均出清均价,167.000000,NULL,{},1657
2026-04-27,10155,实时平均出清均价,152.000000,NULL,{},1658
2026-04-28,10150,实时/日前申报均价,113.180000,NULL,{},1668
2026-04-28,10152,日前平均出清均价,253.000000,NULL,{},1666
2026-04-28,10155,实时平均出清均价,172.000000,NULL,{},1667
2026-04-29,10150,实时/日前申报均价,88.410000,NULL,{},1677
2026-04-29,10152,日前平均出清均价,54.000000,NULL,{},1675
2026-04-29,10155,实时平均出清均价,165.000000,NULL,{},1676
2026-04-30,10150,实时/日前申报均价,79.680000,NULL,{},1686
2026-04-30,10152,日前平均出清均价,43.000000,NULL,{},1684
2026-04-30,10155,实时平均出清均价,42.000000,NULL,{},1685
2026-05-01,10150,实时/日前申报均价,102.670000,NULL,{},1695
2026-05-01,10152,日前平均出清均价,247.000000,NULL,{},1693
2026-05-01,10155,实时平均出清均价,270.000000,NULL,{},1694
2026-05-02,10150,实时/日前申报均价,81.740000,NULL,{},1704
2026-05-02,10152,日前平均出清均价,73.000000,NULL,{},1702
2026-05-02,10155,实时平均出清均价,68.000000,NULL,{},1703
2026-05-03,10150,实时/日前申报均价,88.600000,NULL,{},1713
2026-05-03,10152,日前平均出清均价,105.000000,NULL,{},1711
2026-05-03,10155,实时平均出清均价,94.000000,NULL,{},1712
2026-05-04,10150,实时/日前申报均价,86.020000,NULL,{},1722
2026-05-04,10152,日前平均出清均价,51.000000,NULL,{},1720
2026-05-04,10155,实时平均出清均价,73.000000,NULL,{},1721
2026-05-05,10150,实时/日前申报均价,86.500000,NULL,{},1731
2026-05-05,10152,日前平均出清均价,60.000000,NULL,{},1729
2026-05-05,10155,实时平均出清均价,57.000000,NULL,{},1730
2026-05-06,10150,实时/日前申报均价,81.060000,NULL,{},1740
2026-05-06,10152,日前平均出清均价,57.000000,NULL,{},1738
2026-05-06,10155,实时平均出清均价,54.000000,NULL,{},1739
2026-05-07,10150,实时/日前申报均价,102.900000,NULL,{},1749
2026-05-07,10152,日前平均出清均价,198.000000,NULL,{},1747
2026-05-07,10155,实时平均出清均价,147.000000,NULL,{},1748
2026-05-08,10150,实时/日前申报均价,107.430000,NULL,{},1758
2026-05-08,10152,日前平均出清均价,196.000000,NULL,{},1756
2026-05-08,10155,实时平均出清均价,195.000000,NULL,{},1757
2026-05-09,10150,实时/日前申报均价,108.390000,NULL,{},1767
2026-05-09,10152,日前平均出清均价,190.000000,NULL,{},1765
2026-05-09,10155,实时平均出清均价,189.000000,NULL,{},1766
2026-05-10,10150,实时/日前申报均价,95.220000,NULL,{},1776
2026-05-10,10152,日前平均出清均价,184.000000,NULL,{},1774
2026-05-10,10155,实时平均出清均价,154.000000,NULL,{},1775
2026-05-11,10150,实时/日前申报均价,96.830000,NULL,{},1785
2026-05-11,10152,日前平均出清均价,220.000000,NULL,{},1783
2026-05-11,10155,实时平均出清均价,151.000000,NULL,{},1784
2026-05-12,10150,实时/日前申报均价,88.570000,NULL,{},1794
2026-05-12,10152,日前平均出清均价,59.000000,NULL,{},1792
2026-05-12,10155,实时平均出清均价,66.000000,NULL,{},1793
2026-05-13,10150,实时/日前申报均价,82.870000,NULL,{},1803
2026-05-13,10152,日前平均出清均价,73.000000,NULL,{},1801
2026-05-13,10155,实时平均出清均价,91.000000,NULL,{},1802
2026-05-14,10150,实时/日前申报均价,95.950000,NULL,{},1812
2026-05-14,10152,日前平均出清均价,153.000000,NULL,{},1810
2026-05-14,10155,实时平均出清均价,183.000000,NULL,{},1811
2026-05-15,10150,实时/日前申报均价,87.570000,NULL,{},1821
2026-05-15,10152,日前平均出清均价,249.000000,NULL,{},1819
2026-05-15,10155,实时平均出清均价,216.000000,NULL,{},1820
2026-05-16,10150,实时/日前申报均价,99.120000,NULL,{},1830
2026-05-16,10152,日前平均出清均价,220.000000,NULL,{},1828
2026-05-16,10155,实时平均出清均价,190.000000,NULL,{},1829
2026-05-17,10150,实时/日前申报均价,99.460000,NULL,{},1839
2026-05-17,10152,日前平均出清均价,243.000000,NULL,{},1837
2026-05-17,10155,实时平均出清均价,319.000000,NULL,{},1838
2026-05-18,10150,实时/日前申报均价,78.260000,NULL,{},1848
2026-05-18,10152,日前平均出清均价,167.000000,NULL,{},1846
2026-05-18,10155,实时平均出清均价,142.000000,NULL,{},1847
2026-05-19,10150,实时/日前申报均价,83.730000,NULL,{},1857
2026-05-19,10152,日前平均出清均价,41.000000,NULL,{},1855
2026-05-19,10155,实时平均出清均价,97.000000,NULL,{},1856
2026-05-20,10150,实时/日前申报均价,83.310000,NULL,{},1866
2026-05-20,10152,日前平均出清均价,51.000000,NULL,{},1864
2026-05-20,10155,实时平均出清均价,73.000000,NULL,{},1865
2026-05-21,10150,实时/日前申报均价,93.740000,NULL,{},1875
2026-05-21,10152,日前平均出清均价,112.000000,NULL,{},1873
2026-05-21,10155,实时平均出清均价,201.000000,NULL,{},1874
2026-05-22,10150,实时/日前申报均价,93.420000,NULL,{},1884
2026-05-22,10152,日前平均出清均价,199.000000,NULL,{},1882
2026-05-22,10155,实时平均出清均价,149.000000,NULL,{},1883
2026-05-23,10150,实时/日前申报均价,78.670000,NULL,{},1893
2026-05-23,10152,日前平均出清均价,46.000000,NULL,{},1891
2026-05-23,10155,实时平均出清均价,43.000000,NULL,{},1892
2026-05-24,10150,实时/日前申报均价,108.180000,NULL,{},1902
2026-05-24,10152,日前平均出清均价,174.000000,NULL,{},1900
2026-05-24,10155,实时平均出清均价,196.000000,NULL,{},1901
2026-05-25,10150,实时/日前申报均价,96.110000,NULL,{},1911
2026-05-25,10152,日前平均出清均价,118.000000,NULL,{},1909
2026-05-25,10155,实时平均出清均价,172.000000,NULL,{},1910
2026-05-26,10150,实时/日前申报均价,93.080000,NULL,{},1920
2026-05-26,10152,日前平均出清均价,169.000000,NULL,{},1918
2026-05-26,10155,实时平均出清均价,143.000000,NULL,{},1919
2026-05-27,10150,实时/日前申报均价,92.670000,NULL,{},1929
2026-05-27,10152,日前平均出清均价,148.000000,NULL,{},1927
2026-05-27,10155,实时平均出清均价,177.000000,NULL,{},1928
2026-05-28,10150,实时/日前申报均价,101.910000,NULL,{},1938
2026-05-28,10152,日前平均出清均价,242.000000,NULL,{},1936
2026-05-28,10155,实时平均出清均价,241.000000,NULL,{},1937
2026-05-29,10150,实时/日前申报均价,100.490000,NULL,{},1947
2026-05-29,10152,日前平均出清均价,196.000000,NULL,{},1945
2026-05-29,10155,实时平均出清均价,240.000000,NULL,{},1946
2026-05-30,10150,实时/日前申报均价,94.350000,NULL,{},1956
2026-05-30,10152,日前平均出清均价,182.000000,NULL,{},1954
2026-05-30,10155,实时平均出清均价,121.000000,NULL,{},1955
2026-05-31,10150,实时/日前申报均价,94.800000,NULL,{},1965
2026-05-31,10152,日前平均出清均价,113.000000,NULL,{},1963
2026-05-31,10155,实时平均出清均价,103.000000,NULL,{},1964
2026-06-01,10150,实时/日前申报均价,81.390000,NULL,{},1974
2026-06-01,10152,日前平均出清均价,211.000000,NULL,{},1972
2026-06-01,10155,实时平均出清均价,114.000000,NULL,{},1973
2026-06-02,10150,实时/日前申报均价,89.440000,NULL,{},1983
2026-06-02,10152,日前平均出清均价,162.000000,NULL,{},1981
2026-06-02,10155,实时平均出清均价,104.000000,NULL,{},1982
2026-06-03,10150,实时/日前申报均价,86.440000,NULL,{},1992
2026-06-03,10152,日前平均出清均价,102.000000,NULL,{},1990
2026-06-03,10155,实时平均出清均价,199.000000,NULL,{},1991
2026-06-04,10150,实时/日前申报均价,92.000000,NULL,{},2001
2026-06-04,10152,日前平均出清均价,284.000000,NULL,{},1999
2026-06-04,10155,实时平均出清均价,250.000000,NULL,{},2000
2026-06-05,10150,实时/日前申报均价,86.610000,NULL,{},2010
2026-06-05,10152,日前平均出清均价,181.000000,NULL,{},2008
2026-06-05,10155,实时平均出清均价,175.000000,NULL,{},2009
2026-06-06,10150,实时/日前申报均价,88.270000,NULL,{},2019
2026-06-06,10152,日前平均出清均价,120.000000,NULL,{},2017
2026-06-06,10155,实时平均出清均价,138.000000,NULL,{},2018
2026-06-07,10150,实时/日前申报均价,94.400000,NULL,{},2028
2026-06-07,10152,日前平均出清均价,219.000000,NULL,{},2026
2026-06-07,10155,实时平均出清均价,214.000000,NULL,{},2027
2026-06-08,10150,实时/日前申报均价,93.310000,NULL,{},2037
2026-06-08,10152,日前平均出清均价,189.000000,NULL,{},2035
2026-06-08,10155,实时平均出清均价,176.000000,NULL,{},2036
2026-06-09,10150,实时/日前申报均价,104.040000,NULL,{},2046
2026-06-09,10152,日前平均出清均价,211.000000,NULL,{},2044
2026-06-09,10155,实时平均出清均价,139.000000,NULL,{},2045
2026-06-10,10150,实时/日前申报均价,100.690000,NULL,{},2055
2026-06-10,10152,日前平均出清均价,222.000000,NULL,{},2053
2026-06-10,10155,实时平均出清均价,159.000000,NULL,{},2054
2026-06-11,10150,实时/日前申报均价,81.910000,NULL,{},2064
2026-06-11,10152,日前平均出清均价,47.000000,NULL,{},2062
2026-06-11,10155,实时平均出清均价,94.000000,NULL,{},2063
2026-06-12,10150,实时/日前申报均价,87.110000,NULL,{},2073
2026-06-12,10152,日前平均出清均价,111.000000,NULL,{},2071
2026-06-12,10155,实时平均出清均价,92.000000,NULL,{},2072
2026-06-13,10150,实时/日前申报均价,82.270000,NULL,{},2082
2026-06-13,10152,日前平均出清均价,185.000000,NULL,{},2080
2026-06-13,10155,实时平均出清均价,196.000000,NULL,{},2081
2026-06-14,10150,实时/日前申报均价,86.770000,NULL,{},2091
2026-06-14,10152,日前平均出清均价,125.000000,NULL,{},2089
2026-06-14,10155,实时平均出清均价,70.000000,NULL,{},2090
2026-06-15,10150,实时/日前申报均价,78.300000,NULL,{},2100
2026-06-15,10152,日前平均出清均价,90.000000,NULL,{},2098
2026-06-15,10155,实时平均出清均价,52.000000,NULL,{},2099
2026-06-16,10150,实时/日前申报均价,76.270000,NULL,{},2109
2026-06-16,10152,日前平均出清均价,74.000000,NULL,{},2107
2026-06-16,10155,实时平均出清均价,90.000000,NULL,{},2108
2026-06-17,10150,实时/日前申报均价,91.250000,NULL,{},2118
2026-06-17,10152,日前平均出清均价,203.000000,NULL,{},2116
2026-06-17,10155,实时平均出清均价,205.000000,NULL,{},2117
2026-06-18,10150,实时/日前申报均价,99.900000,NULL,{},2127
2026-06-18,10152,日前平均出清均价,263.000000,NULL,{},2125
2026-06-18,10155,实时平均出清均价,301.000000,NULL,{},2126
2026-06-19,10150,实时/日前申报均价,87.220000,NULL,{},2136
2026-06-19,10152,日前平均出清均价,167.000000,NULL,{},2134
2026-06-19,10155,实时平均出清均价,149.000000,NULL,{},2135
2026-06-20,10150,实时/日前申报均价,85.440000,NULL,{},2145
2026-06-20,10152,日前平均出清均价,216.000000,NULL,{},2143
2026-06-20,10155,实时平均出清均价,153.000000,NULL,{},2144
2026-06-21,10150,实时/日前申报均价,91.940000,NULL,{},2154
2026-06-21,10152,日前平均出清均价,234.000000,NULL,{},2152
2026-06-21,10155,实时平均出清均价,117.000000,NULL,{},2153
2026-06-22,10150,实时/日前申报均价,84.670000,NULL,{},2163
2026-06-22,10152,日前平均出清均价,166.000000,NULL,{},2161
2026-06-22,10155,实时平均出清均价,96.000000,NULL,{},2162
2026-06-23,10150,实时/日前申报均价,99.550000,NULL,{},2172
2026-06-23,10152,日前平均出清均价,180.000000,NULL,{},2170
2026-06-23,10155,实时平均出清均价,177.000000,NULL,{},2171
2026-06-24,10150,实时/日前申报均价,102.610000,NULL,{},2181
2026-06-24,10152,日前平均出清均价,195.000000,NULL,{},2179
2026-06-24,10155,实时平均出清均价,233.000000,NULL,{},2180
2026-06-25,10150,实时/日前申报均价,120.070000,NULL,{},2190
2026-06-25,10152,日前平均出清均价,337.000000,NULL,{},2188
2026-06-25,10155,实时平均出清均价,337.000000,NULL,{},2189
2026-06-26,10150,实时/日前申报均价,119.040000,NULL,{},2199
2026-06-26,10152,日前平均出清均价,249.000000,NULL,{},2197
2026-06-26,10155,实时平均出清均价,227.000000,NULL,{},2198
2026-06-27,10150,实时/日前申报均价,119.520000,NULL,{},2208
2026-06-27,10152,日前平均出清均价,242.000000,NULL,{},2206
2026-06-27,10155,实时平均出清均价,229.000000,NULL,{},2207
2026-06-28,10150,实时/日前申报均价,109.660000,NULL,{},2217
2026-06-28,10152,日前平均出清均价,242.000000,NULL,{},2215
2026-06-28,10155,实时平均出清均价,223.000000,NULL,{},2216
2026-06-29,10150,实时/日前申报均价,109.720000,NULL,{},2226
2026-06-29,10152,日前平均出清均价,243.000000,NULL,{},2224
2026-06-29,10155,实时平均出清均价,211.000000,NULL,{},2225
2026-06-30,10150,实时/日前申报均价,107.100000,NULL,{},2235
2026-06-30,10152,日前平均出清均价,222.000000,NULL,{},2233
2026-06-30,10155,实时平均出清均价,227.000000,NULL,{},2234
2026-07-01,10150,实时/日前申报均价,109.780000,NULL,{},2244
2026-07-01,10152,日前平均出清均价,252.000000,NULL,{},2242
2026-07-01,10155,实时平均出清均价,263.000000,NULL,{},2243
2026-07-02,10150,实时/日前申报均价,83.750000,NULL,{},2253
2026-07-02,10152,日前平均出清均价,178.000000,NULL,{},2251
2026-07-02,10155,实时平均出清均价,126.000000,NULL,{},2252
2026-07-03,10150,实时/日前申报均价,76.090000,NULL,{},2262
2026-07-03,10152,日前平均出清均价,139.000000,NULL,{},2260
2026-07-03,10155,实时平均出清均价,117.000000,NULL,{},2261
2026-07-04,10150,实时/日前申报均价,67.320000,NULL,{},2271
2026-07-04,10152,日前平均出清均价,71.000000,NULL,{},2269
2026-07-04,10155,实时平均出清均价,51.000000,NULL,{},2270
2026-07-05,10150,实时/日前申报均价,72.910000,NULL,{},2280
2026-07-05,10152,日前平均出清均价,105.000000,NULL,{},2278
2026-07-05,10155,实时平均出清均价,77.000000,NULL,{},2279
2026-07-06,10150,实时/日前申报均价,97.360000,NULL,{},2289
2026-07-06,10152,日前平均出清均价,196.000000,NULL,{},2287
2026-07-06,10155,实时平均出清均价,204.000000,NULL,{},2288
2026-07-07,10150,实时/日前申报均价,108.370000,NULL,{},2298
2026-07-07,10152,日前平均出清均价,251.000000,NULL,{},2296
2026-07-07,10155,实时平均出清均价,253.000000,NULL,{},2297
2026-07-08,10150,实时/日前申报均价,79.850000,NULL,{},2307
2026-07-08,10152,日前平均出清均价,202.000000,NULL,{},2305
2026-07-08,10155,实时平均出清均价,188.000000,NULL,{},2306
2026-07-09,10150,实时/日前申报均价,91.340000,NULL,{},2316
2026-07-09,10152,日前平均出清均价,234.000000,NULL,{},2314
2026-07-09,10155,实时平均出清均价,182.000000,NULL,{},2315
2026-07-10,10150,实时/日前申报均价,103.340000,NULL,{},2325
2026-07-10,10152,日前平均出清均价,315.000000,NULL,{},2323
2026-07-10,10155,实时平均出清均价,314.000000,NULL,{},2324
2026-07-11,10150,实时/日前申报均价,106.580000,NULL,{},2334
2026-07-11,10152,日前平均出清均价,337.000000,NULL,{},2332
2026-07-11,10155,实时平均出清均价,315.000000,NULL,{},2333
2026-07-12,10150,实时/日前申报均价,107.050000,NULL,{},2343
2026-07-12,10152,日前平均出清均价,305.000000,NULL,{},2341
2026-07-12,10155,实时平均出清均价,212.000000,NULL,{},2342
2026-07-13,10150,实时/日前申报均价,104.670000,NULL,{},2352
2026-07-13,10152,日前平均出清均价,215.000000,NULL,{},2350
2026-07-13,10155,实时平均出清均价,227.000000,NULL,{},2351
2026-07-14,10150,实时/日前申报均价,108.950000,NULL,{},2361
2026-07-14,10152,日前平均出清均价,333.000000,NULL,{},2359
2026-07-14,10155,实时平均出清均价,276.000000,NULL,{},2360
2026-07-15,10150,实时/日前申报均价,104.560000,NULL,{},327
2026-07-15,10152,日前平均出清均价,261.000000,NULL,{},325
2026-07-15,10155,实时平均出清均价,296.000000,NULL,{},326
2026-07-16,10150,实时/日前申报均价,109.960000,NULL,{},336
2026-07-16,10152,日前平均出清均价,337.000000,NULL,{},334
2026-07-16,10155,实时平均出清均价,337.000000,NULL,{},335
2026-07-17,10150,实时/日前申报均价,84.830000,NULL,{},345
2026-07-17,10152,日前平均出清均价,187.000000,NULL,{},343
2026-07-17,10155,实时平均出清均价,158.000000,NULL,{},344
2026-07-18,10150,实时/日前申报均价,88.600000,NULL,{},354
2026-07-18,10152,日前平均出清均价,161.000000,NULL,{},352
2026-07-18,10155,实时平均出清均价,117.000000,NULL,{},353
2026-07-19,10150,实时/日前申报均价,106.400000,NULL,{},363
2026-07-19,10152,日前平均出清均价,212.000000,NULL,{},361
2026-07-19,10155,实时平均出清均价,248.000000,NULL,{},362
2026-07-20,10150,实时/日前申报均价,102.750000,NULL,{},372
2026-07-20,10152,日前平均出清均价,203.000000,NULL,{},370
2026-07-20,10155,实时平均出清均价,213.000000,NULL,{},371
2026-07-21,10150,实时/日前申报均价,88.500000,NULL,{},381
2026-07-21,10152,日前平均出清均价,199.000000,NULL,{},379
2026-07-21,10155,实时平均出清均价,148.000000,NULL,{},380
2026-07-22,10150,实时/日前申报均价,75.410000,NULL,{},390
2026-07-22,10152,日前平均出清均价,83.000000,NULL,{},388
2026-07-22,10155,实时平均出清均价,99.000000,NULL,{},389
2026-07-23,10150,实时/日前申报均价,69.040000,NULL,{},399
2026-07-23,10152,日前平均出清均价,66.000000,NULL,{},397
2026-07-23,10155,实时平均出清均价,89.000000,NULL,{},398
2026-07-24,10150,实时/日前申报均价,71.280000,NULL,{},408
2026-07-24,10152,日前平均出清均价,59.000000,NULL,{},406
2026-07-24,10155,实时平均出清均价,190.000000,NULL,{},407
2026-07-25,10150,实时/日前申报均价,72.770000,NULL,{},417
2026-07-25,10152,日前平均出清均价,61.000000,NULL,{},415
2026-07-25,10155,实时平均出清均价,121.000000,NULL,{},416
2026-07-26,10150,实时/日前申报均价,65.920000,NULL,{},426
2026-07-26,10152,日前平均出清均价,60.000000,NULL,{},424
2026-07-26,10155,实时平均出清均价,54.000000,NULL,{},425
2026-07-27,10150,实时/日前申报均价,67.980000,NULL,{},435
2026-07-27,10152,日前平均出清均价,64.000000,NULL,{},433
2026-07-27,10155,实时平均出清均价,79.000000,NULL,{},434
2026-07-28,10150,实时/日前申报均价,71.880000,NULL,{},444
2026-07-28,10152,日前平均出清均价,58.000000,NULL,{},442
2026-07-28,10155,实时平均出清均价,59.000000,NULL,{},443
2026-07-29,10150,实时/日前申报均价,72.130000,NULL,{},453
2026-07-29,10152,日前平均出清均价,57.000000,NULL,{},451
2026-07-29,10155,实时平均出清均价,49.000000,NULL,{},452
2026-07-30,10150,实时/日前申报均价,75.190000,NULL,{},462
2026-07-30,10152,日前平均出清均价,98.000000,NULL,{},460
2026-07-30,10155,实时平均出清均价,107.000000,NULL,{},461
2026-07-31,10150,实时/日前申报均价,111.210000,NULL,{},471
2026-07-31,10152,日前平均出清均价,324.000000,NULL,{},469
2026-07-31,10155,实时平均出清均价,337.000000,NULL,{},470
2026-08-01,10150,实时/日前申报均价,111.670000,NULL,{},480
2026-08-01,10152,日前平均出清均价,337.000000,NULL,{},478
2026-08-01,10155,实时平均出清均价,309.000000,NULL,{},479
2026-08-02,10150,实时/日前申报均价,110.920000,NULL,{},489
2026-08-02,10152,日前平均出清均价,337.000000,NULL,{},487
2026-08-02,10155,实时平均出清均价,297.000000,NULL,{},488
2026-08-03,10150,实时/日前申报均价,101.850000,NULL,{},498
2026-08-03,10152,日前平均出清均价,251.000000,NULL,{},496
2026-08-03,10155,实时平均出清均价,201.000000,NULL,{},497
2026-08-04,10150,实时/日前申报均价,101.190000,NULL,{},507
2026-08-04,10152,日前平均出清均价,226.000000,NULL,{},505
2026-08-04,10155,实时平均出清均价,208.000000,NULL,{},506
2026-08-05,10150,实时/日前申报均价,100.800000,NULL,{},516
2026-08-05,10152,日前平均出清均价,212.000000,NULL,{},514
2026-08-05,10155,实时平均出清均价,241.000000,NULL,{},515
2026-08-06,10150,实时/日前申报均价,85.440000,NULL,{},525
2026-08-06,10152,日前平均出清均价,201.000000,NULL,{},523
2026-08-06,10155,实时平均出清均价,199.000000,NULL,{},524
2026-08-07,10150,实时/日前申报均价,75.220000,NULL,{},534
2026-08-07,10152,日前平均出清均价,97.000000,NULL,{},532
2026-08-07,10155,实时平均出清均价,124.000000,NULL,{},533
2026-08-08,10150,实时/日前申报均价,74.100000,NULL,{},543
2026-08-08,10152,日前平均出清均价,54.000000,NULL,{},541
2026-08-08,10155,实时平均出清均价,81.000000,NULL,{},542
2026-08-09,10150,实时/日前申报均价,72.080000,NULL,{},552
2026-08-09,10152,日前平均出清均价,61.000000,NULL,{},550
2026-08-09,10155,实时平均出清均价,75.000000,NULL,{},551
2026-08-10,10150,实时/日前申报均价,86.580000,NULL,{},561
2026-08-10,10152,日前平均出清均价,175.000000,NULL,{},559
2026-08-10,10155,实时平均出清均价,196.000000,NULL,{},560
2026-08-11,10150,实时/日前申报均价,103.830000,NULL,{},570
2026-08-11,10152,日前平均出清均价,222.000000,NULL,{},568
2026-08-11,10155,实时平均出清均价,232.000000,NULL,{},569
2026-08-12,10150,实时/日前申报均价,103.920000,NULL,{},579
2026-08-12,10155,实时平均出清均价,234.000000,NULL,{},578
2026-08-13,10150,实时/日前申报均价,105.320000,NULL,{},588
2026-08-13,10152,日前平均出清均价,225.000000,NULL,{},586
2026-08-13,10155,实时平均出清均价,231.000000,NULL,{},587
2026-08-14,10150,实时/日前申报均价,104.710000,NULL,{},597
2026-08-14,10152,日前平均出清均价,226.000000,NULL,{},595
2026-08-14,10155,实时平均出清均价,229.000000,NULL,{},596
2026-08-15,10150,实时/日前申报均价,104.370000,NULL,{},98
2026-08-15,10152,日前平均出清均价,230.000000,NULL,{},99
2026-08-15,10155,实时平均出清均价,260.000000,NULL,{},101
2026-08-16,10150,实时/日前申报均价,105.100000,NULL,{},107
2026-08-16,10152,日前平均出清均价,248.000000,NULL,{},108
2026-08-16,10155,实时平均出清均价,259.000000,NULL,{},110
2026-08-17,10150,实时/日前申报均价,111.520000,NULL,{},116
2026-08-17,10152,日前平均出清均价,337.000000,NULL,{},117
2026-08-17,10155,实时平均出清均价,313.000000,NULL,{},119
2026-08-18,10150,实时/日前申报均价,105.330000,NULL,{},125
2026-08-18,10152,日前平均出清均价,280.000000,NULL,{},126
2026-08-18,10155,实时平均出清均价,274.000000,NULL,{},128
2026-08-19,10150,实时/日前申报均价,80.850000,NULL,{},134
2026-08-19,10152,日前平均出清均价,153.000000,NULL,{},135
2026-08-19,10155,实时平均出清均价,142.000000,NULL,{},137
2026-08-20,10150,实时/日前申报均价,71.880000,NULL,{},143
2026-08-20,10152,日前平均出清均价,70.000000,NULL,{},144
2026-08-20,10155,实时平均出清均价,59.000000,NULL,{},146
2026-08-21,10150,实时/日前申报均价,79.430000,NULL,{},152
2026-08-21,10152,日前平均出清均价,66.000000,NULL,{},153
2026-08-21,10155,实时平均出清均价,85.000000,NULL,{},155
2026-08-22,10150,实时/日前申报均价,87.680000,NULL,{},161
2026-08-22,10152,日前平均出清均价,199.000000,NULL,{},162
2026-08-22,10155,实时平均出清均价,213.000000,NULL,{},164
2026-08-23,10150,实时/日前申报均价,116.540000,NULL,{},170
2026-08-23,10152,日前平均出清均价,337.000000,NULL,{},171
2026-08-23,10155,实时平均出清均价,337.000000,NULL,{},173
2026-08-24,10150,实时/日前申报均价,87.920000,NULL,{},179
2026-08-24,10152,日前平均出清均价,152.000000,NULL,{},180
2026-08-24,10155,实时平均出清均价,219.000000,NULL,{},182
2026-08-25,10150,实时/日前申报均价,80.940000,NULL,{},188
2026-08-25,10152,日前平均出清均价,121.000000,NULL,{},189
2026-08-25,10155,实时平均出清均价,178.000000,NULL,{},191
2026-08-26,10150,实时/日前申报均价,113.470000,NULL,{},197
2026-08-26,10152,日前平均出清均价,335.000000,NULL,{},198
2026-08-26,10155,实时平均出清均价,337.000000,NULL,{},200
2026-08-27,10150,实时/日前申报均价,118.400000,NULL,{},206
2026-08-27,10152,日前平均出清均价,337.000000,NULL,{},207
2026-08-27,10155,实时平均出清均价,337.000000,NULL,{},209
2026-08-28,10150,实时/日前申报均价,118.400000,NULL,{},215
2026-08-28,10152,日前平均出清均价,337.000000,NULL,{},216
2026-08-28,10155,实时平均出清均价,337.000000,NULL,{},218
2026-08-29,10150,实时/日前申报均价,110.270000,NULL,{},224
2026-08-29,10152,日前平均出清均价,275.000000,NULL,{},225
2026-08-29,10155,实时平均出清均价,285.000000,NULL,{},227
2026-08-30,10150,实时/日前申报均价,104.640000,NULL,{},233
2026-08-30,10152,日前平均出清均价,283.000000,NULL,{},234
2026-08-30,10155,实时平均出清均价,265.000000,NULL,{},236
2026-08-31,10150,实时/日前申报均价,85.450000,NULL,{},242
2026-08-31,10152,日前平均出清均价,190.000000,NULL,{},243
2026-08-31,10155,实时平均出清均价,212.000000,NULL,{},245
2026-09-01,10150,实时/日前申报均价,76.260000,NULL,{},251
2026-09-01,10152,日前平均出清均价,120.000000,NULL,{},252
2026-09-01,10155,实时平均出清均价,118.000000,NULL,{},254
2026-09-02,10150,实时/日前申报均价,71.260000,NULL,{},260
2026-09-02,10152,日前平均出清均价,45.000000,NULL,{},261
2026-09-02,10155,实时平均出清均价,84.000000,NULL,{},263
2026-09-03,10150,实时/日前申报均价,72.890000,NULL,{},269
2026-09-03,10152,日前平均出清均价,42.000000,NULL,{},270
2026-09-03,10155,实时平均出清均价,80.000000,NULL,{},272
2026-09-04,10150,实时/日前申报均价,71.100000,NULL,{},278
2026-09-04,10152,日前平均出清均价,93.000000,NULL,{},279
2026-09-04,10155,实时平均出清均价,96.000000,NULL,{},281
2026-09-05,10150,实时/日前申报均价,72.110000,NULL,{},287
2026-09-05,10152,日前平均出清均价,111.000000,NULL,{},288
2026-09-05,10155,实时平均出清均价,203.000000,NULL,{},290
2026-09-06,10150,实时/日前申报均价,92.610000,NULL,{},296
2026-09-06,10152,日前平均出清均价,143.000000,NULL,{},297
2026-09-06,10155,实时平均出清均价,271.000000,NULL,{},299
2026-09-07,10155,实时平均出清均价,337.000000,NULL,{},38
2026-09-08,10150,实时/日前申报均价,111.560000,NULL,{},44
2026-09-08,10152,日前平均出清均价,337.000000,NULL,{},45
2026-09-08,10155,实时平均出清均价,337.000000,NULL,{},47
2026-09-09,10150,实时/日前申报均价,111.960000,NULL,{},53
2026-09-09,10152,日前平均出清均价,337.000000,NULL,{},54
2026-09-09,10155,实时平均出清均价,323.000000,NULL,{},56
2026-09-10,10150,实时/日前申报均价,109.740000,NULL,{},62
2026-09-10,10152,日前平均出清均价,295.000000,NULL,{},63
2026-09-10,10155,实时平均出清均价,336.000000,NULL,{},65
2026-09-11,10150,实时/日前申报均价,111.880000,NULL,{},71
2026-09-11,10152,日前平均出清均价,257.000000,NULL,{},72
2026-09-11,10155,实时平均出清均价,270.000000,NULL,{},74
2026-09-12,10150,实时/日前申报均价,114.600000,NULL,{},80
2026-09-12,10152,日前平均出清均价,337.000000,NULL,{},81
2026-09-12,10155,实时平均出清均价,332.000000,NULL,{},83
2026-09-13,10150,实时/日前申报均价,112.080000,NULL,{},89
2026-09-13,10152,日前平均出清均价,305.000000,NULL,{},90
2026-09-13,10155,实时平均出清均价,338.000000,NULL,{},92
2026-09-14,10150,实时/日前申报均价,112.250000,NULL,{},606
2026-09-14,10152,日前平均出清均价,210.000000,NULL,{},604
2026-09-14,10155,实时平均出清均价,235.000000,NULL,{},605
2026-09-15,10150,实时/日前申报均价,80.150000,NULL,{},2658
2026-09-15,10152,日前平均出清均价,114.000000,NULL,{},2656
2026-09-15,10155,实时平均出清均价,156.000000,NULL,{},2657
2026-09-16,10150,实时/日前申报均价,72.520000,NULL,{},2667
2026-09-16,10152,日前平均出清均价,110.000000,NULL,{},2665
2026-09-16,10155,实时平均出清均价,67.000000,NULL,{},2666
2026-09-17,10150,实时/日前申报均价,76.060000,NULL,{},2676
2026-09-17,10152,日前平均出清均价,71.000000,NULL,{},2674
2026-09-17,10155,实时平均出清均价,104.000000,NULL,{},2675
2026-09-18,10150,实时/日前申报均价,76.300000,NULL,{},14264
2026-09-18,10152,日前平均出清均价,41.000000,NULL,{},14262
2026-09-18,10155,实时平均出清均价,94.000000,NULL,{},14263
